SLIM*MIX_oms_pat5_fn-full_extended_const-small_ints_ogens200_auxw0,f57b92b8-8099-11f1-a1ec-2c7ba0e6fa90,synthetic_prior,0,0,1.0089174509048462,0.15732192993164062,889.0,1.0061218738555908,31.252166748046875,-0.02006816864013672,1.007790446281433,2039.5506591796875,-0.020000457763671875,1.008576512336731,164.0224609375,-0.019968509674072266,1.0089842081069946,0.021311694756150246,-0.019952058792114258,1.0084069967269897,9.935168266296387,-0.01997542381286621,1.009427547454834,16.863237380981445,-0.01993417739868164,1,2,-0.019954442977905273
SLIM*MIX_oms_pat5_fn-full_extended_const-small_ints_ogens200_auxw0,f57b92b8-8099-11f1-a1ec-2c7ba0e6fa90,synthetic_prior,0,1,1.0013415813446045,0.2233717441558838,2401.0,0.9968017935752869,30.962665557861328,-0.0012569427490234375,0.9952297806739807,2014.1307373046875,0.005266785621643066,1.000643014907837,162.73223876953125,-0.003985285758972168,1.0048929452896118,0.021225277334451675,-0.01169741153717041,0.972912609577179,9.585466384887695,0.0505639910697937,1.0052566528320312,16.793556213378906,-0.011522889137268066,2,15,-0.004694461822509766
SLIM*MIX_oms_pat5_fn-full_extended_const-small_ints_ogens200_auxw0,f57b92b8-8099-11f1-a1ec-2c7ba0e6fa90,synthetic_prior,0,2,0.9989995360374451,0.1979987621307373,3003.0,0.9961758852005005,30.94322395324707,0.0,0.9978610873222351,2019.45556640625,-1.1920928955078125e-07,0.9986550211906433,162.40892028808594,0.0,0.9990666508674622,0.021102217957377434,0.0,0.9984836578369141,9.837401390075684,0.0,0.9995144605636597,16.6976318359375,0.0,2,14,0.0
SLIM*MIX_oms_pat5_fn-full_extended_const-small_ints_ogens200_auxw0,f57b92b8-8099-11f1-a1ec-2c7ba0e6fa90,synthetic_prior,0,3,0.9989995360374451,0.22363924980163574,4260.0,0.9961758852005005,30.94322395324707,0.0,0.9978610873222351,2019.45556640625,-1.1920928955078125e-07,0.9986550211906433,162.40892028808594,0.0,0.9990666508674622,0.021102217957377434,0.0,0.9984836578369141,9.837401390075684,0.0,0.9995144605636597,16.6976318359375,0.0,2,14,0.0
SLIM*MIX_oms_pat5_fn-full_extended_const-small_ints_ogens200_auxw0,f57b92b8-8099-11f1-a1ec-2c7ba0e6fa90,synthetic_prior,0,4,0.9989852905273438,0.25347185134887695,5490.0,0.9992507696151733,31.038734436035156,-0.00618290901184082,0.9980002045631409,2019.7374267578125,-0.0002790689468383789,1.0006450414657593,162.73255920410156,-0.0039893388748168945,1.0022951364517212,0.02117040939629078,-0.006473541259765625,1.0078178644180298,9.929365158081055,-0.018784165382385254,0.9987430572509766,16.684743881225586,0.0015429258346557617,5,62,2.8431415557861328e-05
SLIM*MIX_oms_pat5_fn-full_extended_const-small_ints_ogens200_auxw0,f57b92b8-8099-11f1-a1ec-2c7ba0e6fa90,synthetic_prior,0,5,0.9989380836486816,0.2673945426940918,7035.0,0.9978778958320618,30.996089935302734,-0.0034199953079223633,0.9972124695777893,2018.1431884765625,0.001299440860748291,1.0000157356262207,162.63021850585938,-0.002727031707763672,1.0004074573516846,0.021130535751581192,-0.0026859045028686523,1.0107530355453491,9.958282470703125,-0.02472686767578125,0.9988409876823425,16.686378479003906,0.001347184181213379,6,77,0.00012302398681640625
SLIM*MIX_oms_pat5_fn-full_extended_const-small_ints_ogens200_auxw0,f57b92b8-8099-11f1-a1ec-2c7ba0e6fa90,synthetic_prior,0,6,0.9988795518875122,0.2500331401824951,8329.0,0.9977033138275146,30.99066925048828,-0.0030689239501953125,0.9987598061561584,2021.274658203125,-0.001802206039428711,0.999919593334198,162.6145782470703,-0.002534151077270508,1.0021883249282837,0.02116815187036991,-0.006258845329284668,1.0080965757369995,9.932110786437988,-0.019347667694091797,0.998460054397583,16.680015563964844,0.002108752727508545,3,40,0.00024008750915527344
SLIM*MIX_oms_pat5_fn-full_extended_const-small_ints_ogens200_auxw0,f57b92b8-8099-11f1-a1ec-2c7ba0e6fa90,synthetic_prior,0,7,0.9988574385643005,0.238175630569458,10145.0,0.9973969459533691,30.981151580810547,-0.002452850341796875,0.9988742470741272,2021.5062255859375,-0.0020318031311035156,0.9994698762893677,162.54144287109375,-0.0016325712203979492,0.9999181628227234,0.02112020179629326,-0.0017052888870239258,1.0019363164901733,9.871417999267578,-0.0069277286529541016,0.9964496493339539,16.64643096923828,0.006123185157775879,4,55,0.00028443336486816406
SLIM*MIX_oms_pat5_fn-full_extended_const-small_ints_ogens200_auxw0,f57b92b8-8099-11f1-a1ec-2c7ba0e6fa90,synthetic_prior,0,8,0.998819887638092,0.23847484588623047,12949.0,0.9975154995918274,30.984834671020508,-0.0026912689208984375,0.9970625638961792,2017.83984375,0.0015996694564819336,1.000099778175354,162.64389038085938,-0.0028955936431884766,1.0003259181976318,0.021128812804818153,-0.0025223493576049805,1.0111455917358398,9.962150573730469,-0.025523066520690918,0.9995754957199097,16.698650360107422,-0.00012218952178955078,7,93,0.00035959482192993164
SLIM*MIX_oms_pat5_fn-full_extended_const-small_ints_ogens200_auxw0,f57b92b8-8099-11f1-a1ec-2c7ba0e6fa90,synthetic_prior,0,9,0.9987627863883972,0.21239542961120605,14427.0,0.9984290599822998,31.013208389282227,-0.004528641700744629,0.9973383545875549,2018.3978271484375,0.001047372817993164,0.9980326294898987,162.30770874023438,0.0012460947036743164,1.0043591260910034,0.02121400460600853,-0.010622978210449219,1.0203355550765991,10.052693367004395,-0.04424917697906494,1.0013636350631714,16.7285213470459,-0.003703474998474121,5,61,0.0004737973213195801
SLIM*MIX_oms_pat5_fn-full_extended_const-small_ints_ogens200_auxw0,f57b92b8-8099-11f1-a1ec-2c7ba0e6fa90,synthetic_prior,0,10,0.9987627863883972,0.17689275741577148,14727.0,0.9984290599822998,31.013208389282227,-0.004528641700744629,0.9973383545875549,2018.3978271484375,0.001047372817993164,0.9980326294898987,162.30770874023438,0.0012460947036743164,1.0043591260910034,0.02121400460600853,-0.010622978210449219,1.0203355550765991,10.052693367004395,-0.04424917697906494,1.0013636350631714,16.7285213470459,-0.003703474998474121,5,61,0.0004737973213195801
SLIM*MIX_oms_pat5_fn-full_extended_const-small_ints_ogens200_auxw0,f57b92b8-8099-11f1-a1ec-2c7ba0e6fa90,synthetic_prior,0,11,0.9987627863883972,0.11313748359680176,15524.0,0.9984290599822998,31.013208389282227,-0.004528641700744629,0.9973383545875549,2018.3978271484375,0.001047372817993164,0.9980326294898987,162.30770874023438,0.0012460947036743164,1.0043591260910034,0.02121400460600853,-0.010622978210449219,1.0203355550765991,10.052693367004395,-0.04424917697906494,1.0013636350631714,16.7285213470459,-0.003703474998474121,5,61,0.0004737973213195801
SLIM*MIX_oms_pat5_fn-full_extended_const-small_ints_ogens200_auxw0,f57b92b8-8099-11f1-a1ec-2c7ba0e6fa90,synthetic_prior,0,12,0.998729407787323,0.11085653305053711,16443.0,0.998507022857666,31.01563262939453,-0.004685640335083008,0.9974204897880554,2018.564208984375,0.0008828043937683105,0.9982044100761414,162.33563232421875,0.0009021759033203125,1.0060967206954956,0.021250704303383827,-0.014122843742370605,1.0264588594436646,10.113022804260254,-0.05682039260864258,1.0024420022964478,16.746538162231445,-0.005866527557373047,6,76,0.000540614128112793
SLIM*MIX_oms_pat5_fn-full_extended_const-small_ints_ogens200_auxw0,f57b92b8-8099-11f1-a1ec-2c7ba0e6fa90,synthetic_prior,0,13,0.9986630082130432,0.14223170280456543,19254.0,0.9976697564125061,30.989625930786133,-0.003001570701599121,0.9974664449691772,2018.6571044921875,0.0007906556129455566,0.9980943202972412,162.31773376464844,0.001122593879699707,1.0056490898132324,0.02124124765396118,-0.013220429420471191,1.0225781202316284,10.074788093566895,-0.048844337463378906,1.0020164251327515,16.73942756652832,-0.005012631416320801,7,89,0.0006735920906066895
SLIM*MIX_oms_pat5_fn-full_extended_const-small_ints_ogens200_auxw0,f57b92b8-8099-11f1-a1ec-2c7ba0e6fa90,synthetic_prior,0,14,0.9986630082130432,0.24496960639953613,20339.0,0.9976697564125061,30.989625930786133,-0.003001570701599121,0.9974664449691772,2018.6571044921875,0.0007906556129455566,0.9980943202972412,162.31773376464844,0.001122593879699707,1.0056490898132324,0.02124124765396118,-0.013220429420471191,1.0225781202316284,10.074788093566895,-0.048844337463378906,1.0020164251327515,16.73942756652832,-0.005012631416320801,7,89,0.0006735920906066895
SLIM*MIX_oms_pat5_fn-full_extended_const-small_ints_ogens200_auxw0,f57b92b8-8099-11f1-a1ec-2c7ba0e6fa90,synthetic_prior,0,15,0.9986469745635986,0.2706434726715088,21646.0,0.9964509606361389,30.951766967773438,-0.0005524158477783203,0.9975942373275757,2018.9158935546875,0.0005345940589904785,0.9978040456771851,162.27053833007812,0.0017035603523254395,1.0065829753875732,0.021260976791381836,-0.015103340148925781,1.0216938257217407,10.066075325012207,-0.04703104496002197,1.004501461982727,16.780941009521484,-0.01000368595123291,8,107,0.0007055997848510742
SLIM*MIX_oms_pat5_fn-full_extended_const-small_ints_ogens200_auxw0,f57b92b8-8099-11f1-a1ec-2c7ba0e6fa90,synthetic_prior,0,16,0.9986129999160767,0.25063657760620117,22333.0,0.9955599308013916,30.924091339111328,0.0012363195419311523,0.9970056414604187,2017.724609375,0.0017136335372924805,0.9975490570068359,162.22906494140625,0.002213716506958008,1.0085440874099731,0.021302396431565285,-0.019062519073486328,1.0285435914993286,10.133562088012695,-0.06111741065979004,1.0065830945968628,16.815717697143555,-0.014194130897521973,9,118,0.0007736086845397949
SLIM*MIX_oms_pat5_fn-full_extended_const-small_ints_ogens200_auxw0,f57b92b8-8099-11f1-a1ec-2c7ba0e6fa90,synthetic_prior,0,17,0.9985514283180237,0.2512531280517578,24406.0,0.9971910119056702,30.974756240844727,-0.0020390748977661133,0.9979539513587952,2019.6439208984375,-0.0001863241195678711,0.9981851577758789,162.33250427246094,0.0009407997131347656,1.0046560764312744,0.02122027613222599,-0.011220574378967285,1.0238862037658691,10.087675094604492,-0.0515294075012207,1.0016093254089355,16.73262596130371,-0.004196047782897949,9,119,0.0008968114852905273
SLIM*MIX_oms_pat5_fn-full_extended_const-small_ints_ogens200_auxw0,f57b92b8-8099-11f1-a1ec-2c7ba0e6fa90,synthetic_prior,0,18,0.9985514283180237,0.24991679191589355,25076.0,0.9971910119056702,30.974756240844727,-0.0020390748977661133,0.9979539513587952,2019.6439208984375,-0.0001863241195678711,0.9981851577758789,162.33250427246094,0.0009407997131347656,1.0046560764312744,0.02122027613222599,-0.011220574378967285,1.0238862037658691,10.087675094604492,-0.0515294075012207,1.0016093254089355,16.73262596130371,-0.004196047782897949,9,119,0.0008968114852905273
SLIM*MIX_oms_pat5_fn-full_extended_const-small_ints_ogens200_auxw0,f57b92b8-8099-11f1-a1ec-2c7ba0e6fa90,synthetic_prior,0,19,0.9984920620918274,0.2535386085510254,24264.0,0.9963409900665283,30.94835090637207,-0.00033152103424072266,0.9975707530975342,2018.8682861328125,0.0005816817283630371,0.9979022145271301,162.2864990234375,0.001507103443145752,1.0043327808380127,0.02121344767510891,-0.01056981086730957,1.0326710939407349,10.174226760864258,-0.06965088844299316,1.0051034688949585,16.791000366210938,-0.011214852333068848,11,146,0.0010156631469726562
SLIM*MIX_oms_pat5_fn-full_extended_const-small_ints_ogens200_auxw0,f57b92b8-8099-11f1-a1ec-2c7ba0e6fa90,synthetic_prior,0,20,0.9984920620918274,0.25495171546936035,24812.0,0.9963409900665283,30.94835090637207,-0.00033152103424072266,0.9975707530975342,2018.8682861328125,0.0005816817283630371,0.9979022145271301,162.2864990234375,0.001507103443145752,1.0043327808380127,0.02121344767510891,-0.01056981086730957,1.0326710939407349,10.174226760864258,-0.06965088844299316,1.0051034688949585,16.791000366210938,-0.011214852333068848,11,146,0.0010156631469726562
SLIM*MIX_oms_pat5_fn-full_extended_const-small_ints_ogens200_auxw0,f57b92b8-8099-11f1-a1ec-2c7ba0e6fa90,synthetic_prior,0,21,0.9984920620918274,0.27364635467529297,26303.0,0.9963409900665283,30.94835090637207,-0.00033152103424072266,0.9975707530975342,2018.8682861328125,0.0005816817283630371,0.9979022145271301,162.2864990234375,0.001507103443145752,1.0043327808380127,0.02121344767510891,-0.01056981086730957,1.0326710939407349,10.174226760864258,-0.06965088844299316,1.0051034688949585,16.791000366210938,-0.011214852333068848,11,146,0.0010156631469726562
SLIM*MIX_oms_pat5_fn-full_extended_const-small_ints_ogens200_auxw0,f57b92b8-8099-11f1-a1ec-2c7ba0e6fa90,synthetic_prior,0,22,0.9984426498413086,0.23967766761779785,27609.0,0.9953170418739319,30.91654396057129,0.0017235279083251953,0.9965169429779053,2016.7354736328125,0.002692103385925293,0.9987934231758118,162.43142700195312,-0.0002771615982055664,0.9986023902893066,0.021092409268021584,0.0009292364120483398,1.020764946937561,10.056923866271973,-0.0451282262802124,1.0008456707000732,16.71986961364746,-0.002665400505065918,12,159,0.001114487648010254
SLIM*MIX_oms_pat5_fn-full_extended_const-small_ints_ogens200_auxw0,f57b92b8-8099-11f1-a1ec-2c7ba0e6fa90,synthetic_prior,0,23,0.9984426498413086,0.22087764739990234,29060.0,0.9953170418739319,30.91654396057129,0.0017235279083251953,0.9965169429779053,2016.7354736328125,0.002692103385925293,0.9987934231758118,162.43142700195312,-0.0002771615982055664,0.9986023902893066,0.021092409268021584,0.0009292364120483398,1.020764946937561,10.056923866271973,-0.0451282262802124,1.0008456707000732,16.71986961364746,-0.002665400505065918,12,159,0.001114487648010254
SLIM*MIX_oms_pat5_fn-full_extended_const-small_ints_ogens200_auxw0,f57b92b8-8099-11f1-a1ec-2c7ba0e6fa90,synthetic_prior,0,24,0.9984426498413086,0.1335136890411377,28616.0,0.9953170418739319,30.91654396057129,0.0017235279083251953,0.9965169429779053,2016.7354736328125,0.002692103385925293,0.9987934231758118,162.43142700195312,-0.0002771615982055664,0.9986023902893066,0.021092409268021584,0.0009292364120483398,1.020764946937561,10.056923866271973,-0.0451282262802124,1.0008456707000732,16.71986961364746,-0.002665400505065918,12,159,0.001114487648010254
SLIM*MIX_oms_pat5_fn-full_extended_const-small_ints_ogens200_auxw0,f57b92b8-8099-11f1-a1ec-2c7ba0e6fa90,synthetic_prior,0,25,0.9984426498413086,0.11093378067016602,29030.0,0.9953170418739319,30.91654396057129,0.0017235279083251953,0.9965169429779053,2016.7354736328125,0.002692103385925293,0.9987934231758118,162.43142700195312,-0.0002771615982055664,0.9986023902893066,0.021092409268021584,0.0009292364120483398,1.020764946937561,10.056923866271973,-0.0451282262802124,1.0008456707000732,16.71986961364746,-0.002665400505065918,12,159,0.001114487648010254
SLIM*MIX_oms_pat5_fn-full_extended_const-small_ints_ogens200_auxw0,f57b92b8-8099-11f1-a1ec-2c7ba0e6fa90,synthetic_prior,0,26,0.9984238743782043,0.09551119804382324,29629.0,0.9951334595680237,30.910844802856445,0.0020917654037475586,0.9963437914848328,2016.3851318359375,0.003038644790649414,0.9983534216880798,162.35987854003906,0.0006039142608642578,0.9983758926391602,0.02108762599527836,0.0013823509216308594,1.0236388444900513,10.085238456726074,-0.051021456718444824,1.0022841691970825,16.743900299072266,-0.005549788475036621,11,146,0.00115203857421875
SLIM*MIX_oms_pat5_fn-full_extended_const-small_ints_ogens200_auxw0,f57b92b8-8099-11f1-a1ec-2c7ba0e6fa90,synthetic_prior,0,27,0.998369574546814,0.12492060661315918,30549.0,0.994684100151062,30.89688491821289,0.0029928088188171387,0.9966917634010315,2017.08935546875,0.0023421645164489746,0.9988644123077393,162.44297790527344,-0.00041937828063964844,0.9991240501403809,0.021103428676724434,-0.00011491775512695312,1.022129774093628,10.070369720458984,-0.04792487621307373,1.0010473728179932,16.723237991333008,-0.003069639205932617,11,147,0.0012607574462890625
SLIM*MIX_oms_pat5_fn-full_extended_const-small_ints_ogens200_auxw0,f57b92b8-8099-11f1-a1ec-2c7ba0e6fa90,synthetic_prior,0,28,0.998353123664856,0.11524772644042969,31022.0,0.9953552484512329,30.917734146118164,0.001646876335144043,0.9969292283058167,2017.5699462890625,0.0018666982650756836,0.9984303712844849,162.3723907470703,0.00044989585876464844,0.9976449608802795,0.021072186529636383,0.0028440356254577637,1.0239436626434326,10.088242530822754,-0.05164766311645508,1.000649094581604,16.716585159301758,-0.0022717714309692383,11,147,0.0012935996055603027
SLIM*MIX_oms_pat5_fn-full_extended_const-small_ints_ogens200_auxw0,f57b92b8-8099-11f1-a1ec-2c7ba0e6fa90,synthetic_prior,0,29,0.998353123664856,0.10720419883728027,31263.0,0.9953552484512329,30.917734146118164,0.001646876335144043,0.9969292283058167,2017.5699462890625,0.0018666982650756836,0.9984303712844849,162.3723907470703,0.00044989585876464844,0.9976449608802795,0.021072186529636383,0.0028440356254577637,1.0239436626434326,10.088242530822754,-0.05164766311645508,1.000649094581604,16.716585159301758,-0.0022717714309692383,11,147,0.0012935996055603027
SLIM*MIX_oms_pat5_fn-full_extended_const-small_ints_ogens200_auxw0,f57b92b8-8099-11f1-a1ec-2c7ba0e6fa90,synthetic_prior,0,30,0.998353123664856,0.11148548126220703,32144.0,0.9953552484512329,30.917734146118164,0.001646876335144043,0.9969292283058167,2017.5699462890625,0.0018666982650756836,0.9984303712844849,162.3723907470703,0.00044989585876464844,0.9976449608802795,0.021072186529636383,0.0028440356254577637,1.0239436626434326,10.088242530822754,-0.05164766311645508,1.000649094581604,16.716585159301758,-0.0022717714309692383,11,147,0.0012935996055603027
SLIM*MIX_oms_pat5_fn-full_extended_const-small_ints_ogens200_auxw0,f57b92b8-8099-11f1-a1ec-2c7ba0e6fa90,synthetic_prior,0,31,0.998353123664856,0.10816240310668945,33222.0,0.9953552484512329,30.917734146118164,0.001646876335144043,0.9969292283058167,2017.5699462890625,0.0018666982650756836,0.9984303712844849,162.3723907470703,0.00044989585876464844,0.9976449608802795,0.021072186529636383,0.0028440356254577637,1.0239436626434326,10.088242530822754,-0.05164766311645508,1.000649094581604,16.716585159301758,-0.0022717714309692383,11,147,0.0012935996055603027
SLIM*MIX_oms_pat5_fn-full_extended_const-small_ints_ogens200_auxw0,f57b92b8-8099-11f1-a1ec-2c7ba0e6fa90,synthetic_prior,0,32,0.998353123664856,0.13357830047607422,32888.0,0.9953552484512329,30.917734146118164,0.001646876335144043,0.9969292283058167,2017.5699462890625,0.0018666982650756836,0.9984303712844849,162.3723907470703,0.00044989585876464844,0.9976449608802795,0.021072186529636383,0.0028440356254577637,1.0239436626434326,10.088242530822754,-0.05164766311645508,1.000649094581604,16.716585159301758,-0.0022717714309692383,11,147,0.0012935996055603027
SLIM*MIX_oms_pat5_fn-full_extended_const-small_ints_ogens200_auxw0,f57b92b8-8099-11f1-a1ec-2c7ba0e6fa90,synthetic_prior,0,33,0.9983422160148621,0.2538127899169922,33131.0,0.9950734972953796,30.908979415893555,0.002212047576904297,0.9962457418441772,2016.186767578125,0.00323486328125,0.9986253380775452,162.40411376953125,5.936622619628906e-05,1.01175057888031,0.02137012593448162,-0.025552749633789062,1.0238231420516968,10.087054252624512,-0.051399946212768555,1.0019956827163696,16.73908042907715,-0.004970908164978027,11,146,0.0013153553009033203
SLIM*MIX_oms_pat5_fn-full_extended_const-small_ints_ogens200_auxw0,f57b92b8-8099-11f1-a1ec-2c7ba0e6fa90,synthetic_prior,0,34,0.9983404278755188,0.2540256977081299,32732.0,0.9968901872634888,30.965412139892578,-0.0014345645904541016,0.9964768290519714,2016.6544189453125,0.002772390842437744,0.9987586736679077,162.42578125,-0.00020766258239746094,1.0095205307006836,0.02132302150130272,-0.021036744117736816,1.022793173789978,10.07690715789795,-0.0492856502532959,1.0013782978057861,16.72876739501953,-0.0037328004837036133,12,159,0.0013189911842346191
SLIM*MIX_oms_pat5_fn-full_extended_const-small_ints_ogens200_auxw0,f57b92b8-8099-11f1-a1ec-2c7ba0e6fa90,synthetic_prior,0,35,0.9982055425643921,0.2530372142791748,31442.0,0.9957900047302246,30.931236267089844,0.0007745623588562012,0.9971442818641663,2018.005126953125,0.0014361143112182617,0.998744547367096,162.42349243164062,-0.000179290771484375,0.9998278021812439,0.021118292585015297,-0.0015243291854858398,1.0141937732696533,9.992182731628418,-0.0317155122756958,1.000474214553833,16.71366310119629,-0.0019212961196899414,11,140,0.0015888214111328125
SLIM*MIX_oms_pat5_fn-full_extended_const-small_ints_ogens200_auxw0,f57b92b8-8099-11f1-a1ec-2c7ba0e6fa90,synthetic_prior,0,36,0.9982055425643921,0.23781180381774902,31745.0,0.9957900047302246,30.931236267089844,0.0007745623588562012,0.9971442818641663,2018.005126953125,0.0014361143112182617,0.998744547367096,162.42349243164062,-0.000179290771484375,0.9998278021812439,0.021118292585015297,-0.0015243291854858398,1.0141937732696533,9.992182731628418,-0.0317155122756958,1.000474214553833,16.71366310119629,-0.0019212961196899414,11,140,0.0015888214111328125
SLIM*MIX_oms_pat5_fn-full_extended_const-small_ints_ogens200_auxw0,f57b92b8-8099-11f1-a1ec-2c7ba0e6fa90,synthetic_prior,0,37,0.9982055425643921,0.2527954578399658,32064.0,0.9957900047302246,30.931236267089844,0.0007745623588562012,0.9971442818641663,2018.005126953125,0.0014361143112182617,0.998744547367096,162.42349243164062,-0.000179290771484375,0.9998278021812439,0.021118292585015297,-0.0015243291854858398,1.0141937732696533,9.992182731628418,-0.0317155122756958,1.000474214553833,16.71366310119629,-0.0019212961196899414,11,140,0.0015888214111328125
SLIM*MIX_oms_pat5_fn-full_extended_const-small_ints_ogens200_auxw0,f57b92b8-8099-11f1-a1ec-2c7ba0e6fa90,synthetic_prior,0,38,0.9982055425643921,0.269181489944458,32618.0,0.9957900047302246,30.931236267089844,0.0007745623588562012,0.9971442818641663,2018.005126953125,0.0014361143112182617,0.998744547367096,162.42349243164062,-0.000179290771484375,0.9998278021812439,0.021118292585015297,-0.0015243291854858398,1.0141937732696533,9.992182731628418,-0.0317155122756958,1.000474214553833,16.71366310119629,-0.0019212961196899414,11,140,0.0015888214111328125
SLIM*MIX_oms_pat5_fn-full_extended_const-small_ints_ogens200_auxw0,f57b92b8-8099-11f1-a1ec-2c7ba0e6fa90,synthetic_prior,0,39,0.9982055425643921,0.24482941627502441,31602.0,0.9957900047302246,30.931236267089844,0.0007745623588562012,0.9971442818641663,2018.005126953125,0.0014361143112182617,0.998744547367096,162.42349243164062,-0.000179290771484375,0.9998278021812439,0.021118292585015297,-0.0015243291854858398,1.0141937732696533,9.992182731628418,-0.0317155122756958,1.000474214553833,16.71366310119629,-0.0019212961196899414,11,140,0.0015888214111328125
SLIM*MIX_oms_pat5_fn-full_extended_const-small_ints_ogens200_auxw0,f57b92b8-8099-11f1-a1ec-2c7ba0e6fa90,synthetic_prior,0,40,0.9981977939605713,0.25036120414733887,31358.0,0.9961894750595093,30.943645477294922,-2.7179718017578125e-05,0.9967907667160034,2017.2896728515625,0.0021439790725708008,0.9990861415863037,162.4790496826172,-0.0008636713027954102,1.0046194791793823,0.02121950499713421,-0.011147022247314453,1.0195798873901367,10.045248031616211,-0.04270291328430176,1.002319574356079,16.744491577148438,-0.0056209564208984375,11,140,0.001604318618774414
SLIM*MIX_oms_pat5_fn-full_extended_const-small_ints_ogens200_auxw0,f57b92b8-8099-11f1-a1ec-2c7ba0e6fa90,synthetic_prior,0,41,0.9981851577758789,0.2501950263977051,30854.0,0.9958199262619019,30.932165145874023,0.0007146000862121582,0.9970083236694336,2017.7301025390625,0.0017082691192626953,0.9987807869911194,162.4293670654297,-0.0002518892288208008,1.000669240951538,0.02113606594502926,-0.0032106637954711914,1.016772985458374,10.017593383789062,-0.036969542503356934,1.001625657081604,16.732898712158203,-0.004228949546813965,11,141,0.001629650592803955
SLIM*MIX_oms_pat5_fn-full_extended_const-small_ints_ogens200_auxw0,f57b92b8-8099-11f1-a1ec-2c7ba0e6fa90,synthetic_prior,0,42,0.9981851577758789,0.25276994705200195,30777.0,0.9958199262619019,30.932165145874023,0.0007146000862121582,0.9970083236694336,2017.7301025390625,0.0017082691192626953,0.9987807869911194,162.4293670654297,-0.0002518892288208008,1.000669240951538,0.02113606594502926,-0.0032106637954711914,1.016772985458374,10.017593383789062,-0.036969542503356934,1.001625657081604,16.732898712158203,-0.004228949546813965,11,141,0.001629650592803955
SLIM*MIX_oms_pat5_fn-full_extended_const-small_ints_ogens200_auxw0,f57b92b8-8099-11f1-a1ec-2c7ba0e6fa90,synthetic_prior,0,43,0.9981851577758789,0.2502000331878662,31558.0,0.9958199262619019,30.932165145874023,0.0007146000862121582,0.9970083236694336,2017.7301025390625,0.0017082691192626953,0.9987807869911194,162.4293670654297,-0.0002518892288208008,1.000669240951538,0.02113606594502926,-0.0032106637954711914,1.016772985458374,10.017593383789062,-0.036969542503356934,1.001625657081604,16.732898712158203,-0.004228949546813965,11,141,0.001629650592803955
SLIM*MIX_oms_pat5_fn-full_extended_const-small_ints_ogens200_auxw0,f57b92b8-8099-11f1-a1ec-2c7ba0e6fa90,synthetic_prior,0,44,0.9981851577758789,0.23345351219177246,32915.0,0.9958199262619019,30.932165145874023,0.0007146000862121582,0.9970083236694336,2017.7301025390625,0.0017082691192626953,0.9987807869911194,162.4293670654297,-0.0002518892288208008,1.000669240951538,0.02113606594502926,-0.0032106637954711914,1.016772985458374,10.017593383789062,-0.036969542503356934,1.001625657081604,16.732898712158203,-0.004228949546813965,11,141,0.001629650592803955
SLIM*MIX_oms_pat5_fn-full_extended_const-small_ints_ogens200_auxw0,f57b92b8-8099-11f1-a1ec-2c7ba0e6fa90,synthetic_prior,0,45,0.9981851577758789,0.265918493270874,32521.0,0.9958199262619019,30.932165145874023,0.0007146000862121582,0.9970083236694336,2017.7301025390625,0.0017082691192626953,0.9987807869911194,162.4293670654297,-0.0002518892288208008,1.000669240951538,0.02113606594502926,-0.0032106637954711914,1.016772985458374,10.017593383789062,-0.036969542503356934,1.001625657081604,16.732898712158203,-0.004228949546813965,11,141,0.001629650592803955
SLIM*MIX_oms_pat5_fn-full_extended_const-small_ints_ogens200_auxw0,f57b92b8-8099-11f1-a1ec-2c7ba0e6fa90,synthetic_prior,0,46,0.9981833100318909,0.2534019947052002,32611.0,0.9960769414901733,30.94015121459961,0.00019860267639160156,0.9968844652175903,2017.4793701171875,0.0019564032554626465,0.9990862011909485,162.4790496826172,-0.0008636713027954102,1.0036442279815674,0.021198902279138565,-0.009184598922729492,1.0172474384307861,10.022269248962402,-0.03793776035308838,1.001198410987854,16.72576141357422,-0.0033724308013916016,8,100,0.0016334056854248047
SLIM*MIX_oms_pat5_fn-full_extended_const-small_ints_ogens200_auxw0,f57b92b8-8099-11f1-a1ec-2c7ba0e6fa90,synthetic_prior,0,47,0.9981833100318909,0.22869396209716797,32280.0,0.9960769414901733,30.94015121459961,0.00019860267639160156,0.9968844652175903,2017.4793701171875,0.0019564032554626465,0.9990862011909485,162.4790496826172,-0.0008636713027954102,1.0036442279815674,0.021198902279138565,-0.009184598922729492,1.0172474384307861,10.022269248962402,-0.03793776035308838,1.001198410987854,16.72576141357422,-0.0033724308013916016,8,100,0.0016334056854248047
SLIM*MIX_oms_pat5_fn-full_extended_const-small_ints_ogens200_auxw0,f57b92b8-8099-11f1-a1ec-2c7ba0e6fa90,synthetic_prior,0,48,0.9981833100318909,0.20329642295837402,32822.0,0.9960769414901733,30.94015121459961,0.00019860267639160156,0.9968844652175903,2017.4793701171875,0.0019564032554626465,0.9990862011909485,162.4790496826172,-0.0008636713027954102,1.0036442279815674,0.021198902279138565,-0.009184598922729492,1.0172474384307861,10.022269248962402,-0.03793776035308838,1.001198410987854,16.72576141357422,-0.0033724308013916016,8,100,0.0016334056854248047
SLIM*MIX_oms_pat5_fn-full_extended_const-small_ints_ogens200_auxw0,f57b92b8-8099-11f1-a1ec-2c7ba0e6fa90,synthetic_prior,0,49,0.9981833100318909,0.2153773307800293,32596.0,0.9960769414901733,30.94015121459961,0.00019860267639160156,0.9968844652175903,2017.4793701171875,0.0019564032554626465,0.9990862011909485,162.4790496826172,-0.0008636713027954102,1.0036442279815674,0.021198902279138565,-0.009184598922729492,1.0172474384307861,10.022269248962402,-0.03793776035308838,1.001198410987854,16.72576141357422,-0.0033724308013916016,8,100,0.0016334056854248047
SLIM*MIX_oms_pat5_fn-full_extended_const-small_ints_ogens200_auxw0,f57b92b8-8099-11f1-a1ec-2c7ba0e6fa90,synthetic_prior,0,50,0.9981805682182312,0.2541468143463135,31940.0,0.9958305358886719,30.9324951171875,0.000693202018737793,0.9970881342887878,2017.8914794921875,0.001548469066619873,0.9987393617630005,162.42263793945312,-0.00016891956329345703,1.0005935430526733,0.02113446779549122,-0.003058910369873047,1.016608715057373,10.015974998474121,-0.03663468360900879,1.0020556449890137,16.740083694458008,-0.005091309547424316,13,188,0.0016387701034545898
SLIM*MIX_oms_pat5_fn-full_extended_const-small_ints_ogens200_auxw0,f57b92b8-8099-11f1-a1ec-2c7ba0e6fa90,synthetic_prior,0,51,0.9981805682182312,0.2653992176055908,31709.0,0.9958305358886719,30.9324951171875,0.000693202018737793,0.9970881342887878,2017.8914794921875,0.001548469066619873,0.9987393617630005,162.42263793945312,-0.00016891956329345703,1.0005935430526733,0.02113446779549122,-0.003058910369873047,1.016608715057373,10.015974998474121,-0.03663468360900879,1.0020556449890137,16.740083694458008,-0.005091309547424316,13,188,0.0016387701034545898
SLIM*MIX_oms_pat5_fn-full_extended_const-small_ints_ogens200_auxw0,f57b92b8-8099-11f1-a1ec-2c7ba0e6fa90,synthetic_prior,0,52,0.9981805682182312,0.25903964042663574,30570.0,0.9958305358886719,30.9324951171875,0.000693202018737793,0.9970881342887878,2017.8914794921875,0.001548469066619873,0.9987393617630005,162.42263793945312,-0.00016891956329345703,1.0005935430526733,0.02113446779549122,-0.003058910369873047,1.016608715057373,10.015974998474121,-0.03663468360900879,1.0020556449890137,16.740083694458008,-0.005091309547424316,13,188,0.0016387701034545898
SLIM*MIX_oms_pat5_fn-full_extended_const-small_ints_ogens200_auxw0,f57b92b8-8099-11f1-a1ec-2c7ba0e6fa90,synthetic_prior,0,53,0.9981805682182312,0.25177884101867676,30250.0,0.9958305358886719,30.9324951171875,0.000693202018737793,0.9970881342887878,2017.8914794921875,0.001548469066619873,0.9987393617630005,162.42263793945312,-0.00016891956329345703,1.0005935430526733,0.02113446779549122,-0.003058910369873047,1.016608715057373,10.015974998474121,-0.03663468360900879,1.0020556449890137,16.740083694458008,-0.005091309547424316,13,188,0.0016387701034545898
SLIM*MIX_oms_pat5_fn-full_extended_const-small_ints_ogens200_auxw0,f57b92b8-8099-11f1-a1ec-2c7ba0e6fa90,synthetic_prior,0,54,0.9981805682182312,0.25005555152893066,30381.0,0.9958305358886719,30.9324951171875,0.000693202018737793,0.9970881342887878,2017.8914794921875,0.001548469066619873,0.9987393617630005,162.42263793945312,-0.00016891956329345703,1.0005935430526733,0.02113446779549122,-0.003058910369873047,1.016608715057373,10.015974998474121,-0.03663468360900879,1.0020556449890137,16.740083694458008,-0.005091309547424316,13,188,0.0016387701034545898
SLIM*MIX_oms_pat5_fn-full_extended_const-small_ints_ogens200_auxw0,f57b92b8-8099-11f1-a1ec-2c7ba0e6fa90,synthetic_prior,0,55,0.9981655478477478,0.23375487327575684,30614.0,0.9958218932151794,30.932228088378906,0.000710606575012207,0.9970115423202515,2017.736572265625,0.0017018318176269531,0.9988870620727539,162.4466552734375,-0.0004647970199584961,1.0011146068572998,0.021145472303032875,-0.004103899002075195,1.017091989517212,10.020736694335938,-0.0376204252243042,1.0018413066864014,16.73650360107422,-0.004661440849304199,12,155,0.0016689300537109375
SLIM*MIX_oms_pat5_fn-full_extended_const-small_ints_ogens200_auxw0,f57b92b8-8099-11f1-a1ec-2c7ba0e6fa90,synthetic_prior,0,56,0.9981655478477478,0.25426435470581055,32376.0,0.9958218932151794,30.932228088378906,0.000710606575012207,0.9970115423202515,2017.736572265625,0.0017018318176269531,0.9988870620727539,162.4466552734375,-0.0004647970199584961,1.0011146068572998,0.021145472303032875,-0.004103899002075195,1.017091989517212,10.020736694335938,-0.0376204252243042,1.0018413066864014,16.73650360107422,-0.004661440849304199,12,155,0.0016689300537109375
SLIM*MIX_oms_pat5_fn-full_extended_const-small_ints_ogens200_auxw0,f57b92b8-8099-11f1-a1ec-2c7ba0e6fa90,synthetic_prior,0,57,0.9981655478477478,0.2531914710998535,31234.0,0.9958218932151794,30.932228088378906,0.000710606575012207,0.9970115423202515,2017.736572265625,0.0017018318176269531,0.9988870620727539,162.4466552734375,-0.0004647970199584961,1.0011146068572998,0.021145472303032875,-0.004103899002075195,1.017091989517212,10.020736694335938,-0.0376204252243042,1.0018413066864014,16.73650360107422,-0.004661440849304199,12,155,0.0016689300537109375
SLIM*MIX_oms_pat5_fn-full_extended_const-small_ints_ogens200_auxw0,f57b92b8-8099-11f1-a1ec-2c7ba0e6fa90,synthetic_prior,0,58,0.9981655478477478,0.25522851943969727,31387.0,0.9958218932151794,30.932228088378906,0.000710606575012207,0.9970115423202515,2017.736572265625,0.0017018318176269531,0.9988870620727539,162.4466552734375,-0.0004647970199584961,1.0011146068572998,0.021145472303032875,-0.004103899002075195,1.017091989517212,10.020736694335938,-0.0376204252243042,1.0018413066864014,16.73650360107422,-0.004661440849304199,12,155,0.0016689300537109375
SLIM*MIX_oms_pat5_fn-full_extended_const-small_ints_ogens200_auxw0,f57b92b8-8099-11f1-a1ec-2c7ba0e6fa90,synthetic_prior,0,59,0.9981655478477478,0.2161111831665039,30583.0,0.9958218932151794,30.932228088378906,0.000710606575012207,0.9970115423202515,2017.736572265625,0.0017018318176269531,0.9988870620727539,162.4466552734375,-0.0004647970199584961,1.0011146068572998,0.021145472303032875,-0.004103899002075195,1.017091989517212,10.020736694335938,-0.0376204252243042,1.0018413066864014,16.73650360107422,-0.004661440849304199,12,155,0.0016689300537109375
SLIM*MIX_oms_pat5_fn-full_extended_const-small_ints_ogens200_auxw0,f57b92b8-8099-11f1-a1ec-2c7ba0e6fa90,synthetic_prior,0,60,0.9981655478477478,0.2664477825164795,16273.0,0.9958218932151794,30.932228088378906,0.000710606575012207,0.9970115423202515,2017.736572265625,0.0017018318176269531,0.9988870620727539,162.4466552734375,-0.0004647970199584961,1.0011146068572998,0.021145472303032875,-0.004103899002075195,1.017091989517212,10.020736694335938,-0.0376204252243042,1.0018413066864014,16.73650360107422,-0.004661440849304199,12,155,0.0016689300537109375
SLIM*MIX_oms_pat5_fn-full_extended_const-small_ints_ogens200_auxw0,f57b92b8-8099-11f1-a1ec-2c7ba0e6fa90,synthetic_prior,0,61,0.9981655478477478,0.11093783378601074,24627.0,0.9958218932151794,30.932228088378906,0.000710606575012207,0.9970115423202515,2017.736572265625,0.0017018318176269531,0.9988870620727539,162.4466552734375,-0.0004647970199584961,1.0011146068572998,0.021145472303032875,-0.004103899002075195,1.017091989517212,10.020736694335938,-0.0376204252243042,1.0018413066864014,16.73650360107422,-0.004661440849304199,12,155,0.0016689300537109375
SLIM*MIX_oms_pat5_fn-full_extended_const-small_ints_ogens200_auxw0,f57b92b8-8099-11f1-a1ec-2c7ba0e6fa90,synthetic_prior,0,62,0.9981655478477478,0.10011863708496094,28740.0,0.9958218932151794,30.932228088378906,0.000710606575012207,0.9970115423202515,2017.736572265625,0.0017018318176269531,0.9988870620727539,162.4466552734375,-0.0004647970199584961,1.0011146068572998,0.021145472303032875,-0.004103899002075195,1.017091989517212,10.020736694335938,-0.0376204252243042,1.0018413066864014,16.73650360107422,-0.004661440849304199,12,155,0.0016689300537109375
SLIM*MIX_oms_pat5_fn-full_extended_const-small_ints_ogens200_auxw0,f57b92b8-8099-11f1-a1ec-2c7ba0e6fa90,synthetic_prior,0,63,0.9981589913368225,0.09355640411376953,31917.0,0.9957736134529114,30.930727005004883,0.0008075237274169922,0.996963381767273,2017.6390380859375,0.001798391342163086,0.9988976716995239,162.44839477539062,-0.00048601627349853516,1.0011507272720337,0.02114623598754406,-0.004176497459411621,1.0180531740188599,10.030206680297852,-0.03958261013031006,1.001774549484253,16.735387802124023,-0.004527449607849121,12,156,0.0016820430755615234
SLIM*MIX_oms_pat5_fn-full_extended_const-small_ints_ogens200_auxw0,f57b92b8-8099-11f1-a1ec-2c7ba0e6fa90,synthetic_prior,0,64,0.9981589913368225,0.10258793830871582,31965.0,0.9957736134529114,30.930727005004883,0.0008075237274169922,0.996963381767273,2017.6390380859375,0.001798391342163086,0.9988976716995239,162.44839477539062,-0.00048601627349853516,1.0011507272720337,0.02114623598754406,-0.004176497459411621,1.0180531740188599,10.030206680297852,-0.03958261013031006,1.001774549484253,16.735387802124023,-0.004527449607849121,12,156,0.0016820430755615234
SLIM*MIX_oms_pat5_fn-full_extended_const-small_ints_ogens200_auxw0,f57b92b8-8099-11f1-a1ec-2c7ba0e6fa90,synthetic_prior,0,65,0.9981589913368225,0.11844372749328613,32798.0,0.9957736134529114,30.930727005004883,0.0008075237274169922,0.996963381767273,2017.6390380859375,0.001798391342163086,0.9988976716995239,162.44839477539062,-0.00048601627349853516,1.0011507272720337,0.02114623598754406,-0.004176497459411621,1.0180531740188599,10.030206680297852,-0.03958261013031006,1.001774549484253,16.735387802124023,-0.004527449607849121,12,156,0.0016820430755615234
SLIM*MIX_oms_pat5_fn-full_extended_const-small_ints_ogens200_auxw0,f57b92b8-8099-11f1-a1ec-2c7ba0e6fa90,synthetic_prior,0,66,0.9981589913368225,0.10372447967529297,32161.0,0.9957736134529114,30.930727005004883,0.0008075237274169922,0.996963381767273,2017.6390380859375,0.001798391342163086,0.9988976716995239,162.44839477539062,-0.00048601627349853516,1.0011507272720337,0.02114623598754406,-0.004176497459411621,1.0180531740188599,10.030206680297852,-0.03958261013031006,1.001774549484253,16.735387802124023,-0.004527449607849121,12,156,0.0016820430755615234
SLIM*MIX_oms_pat5_fn-full_extended_const-small_ints_ogens200_auxw0,f57b92b8-8099-11f1-a1ec-2c7ba0e6fa90,synthetic_prior,0,67,0.9981589913368225,0.17271924018859863,32379.0,0.9957736134529114,30.930727005004883,0.0008075237274169922,0.996963381767273,2017.6390380859375,0.001798391342163086,0.9988976716995239,162.44839477539062,-0.00048601627349853516,1.0011507272720337,0.02114623598754406,-0.004176497459411621,1.0180531740188599,10.030206680297852,-0.03958261013031006,1.001774549484253,16.735387802124023,-0.004527449607849121,12,156,0.0016820430755615234
SLIM*MIX_oms_pat5_fn-full_extended_const-small_ints_ogens200_auxw0,f57b92b8-8099-11f1-a1ec-2c7ba0e6fa90,synthetic_prior,0,68,0.998158872127533,0.2379286289215088,31199.0,0.9958104491233826,30.931873321533203,0.0007336139678955078,0.9970932602882385,2017.90185546875,0.0015382766723632812,0.9988375306129456,162.4385986328125,-0.0003654956817626953,1.0010621547698975,0.021144365891814232,-0.003998756408691406,1.0159809589385986,10.009790420532227,-0.03535473346710205,1.0012911558151245,16.727310180664062,-0.0035581588745117188,12,156,0.0016822218894958496
SLIM*MIX_oms_pat5_fn-full_extended_const-small_ints_ogens200_auxw0,f57b92b8-8099-11f1-a1ec-2c7ba0e6fa90,synthetic_prior,0,69,0.998158872127533,0.2835540771484375,31170.0,0.9958104491233826,30.931873321533203,0.0007336139678955078,0.9970932602882385,2017.90185546875,0.0015382766723632812,0.9988375306129456,162.4385986328125,-0.0003654956817626953,1.0010621547698975,0.021144365891814232,-0.003998756408691406,1.0159809589385986,10.009790420532227,-0.03535473346710205,1.0012911558151245,16.727310180664062,-0.0035581588745117188,12,156,0.0016822218894958496
SLIM*MIX_oms_pat5_fn-full_extended_const-small_ints_ogens200_auxw0,f57b92b8-8099-11f1-a1ec-2c7ba0e6fa90,synthetic_prior,0,70,0.998158872127533,0.2713453769683838,31933.0,0.9958104491233826,30.931873321533203,0.0007336139678955078,0.9970932602882385,2017.90185546875,0.0015382766723632812,0.9988375306129456,162.4385986328125,-0.0003654956817626953,1.0010621547698975,0.021144365891814232,-0.003998756408691406,1.0159809589385986,10.009790420532227,-0.03535473346710205,1.0012911558151245,16.727310180664062,-0.0035581588745117188,12,156,0.0016822218894958496
SLIM*MIX_oms_pat5_fn-full_extended_const-small_ints_ogens200_auxw0,f57b92b8-8099-11f1-a1ec-2c7ba0e6fa90,synthetic_prior,0,71,0.998158872127533,0.2662327289581299,32194.0,0.9958104491233826,30.931873321533203,0.0007336139678955078,0.9970932602882385,2017.90185546875,0.0015382766723632812,0.9988375306129456,162.4385986328125,-0.0003654956817626953,1.0010621547698975,0.021144365891814232,-0.003998756408691406,1.0159809589385986,10.009790420532227,-0.03535473346710205,1.0012911558151245,16.727310180664062,-0.0035581588745117188,12,156,0.0016822218894958496
SLIM*MIX_oms_pat5_fn-full_extended_const-small_ints_ogens200_auxw0,f57b92b8-8099-11f1-a1ec-2c7ba0e6fa90,synthetic_prior,0,72,0.9981532096862793,0.25003981590270996,31327.0,0.995839536190033,30.93277931213379,0.0006751418113708496,0.9971089959144592,2017.933837890625,0.0015066266059875488,0.9988466501235962,162.44009399414062,-0.0003838539123535156,1.001134991645813,0.021145904436707497,-0.004144787788391113,1.0158021450042725,10.008028984069824,-0.03499031066894531,1.0013604164123535,16.728471755981445,-0.0036972761154174805,13,170,0.0016935467720031738
SLIM*MIX_oms_pat5_fn-full_extended_const-small_ints_ogens200_auxw0,f57b92b8-8099-11f1-a1ec-2c7ba0e6fa90,synthetic_prior,0,73,0.9981532096862793,0.30172061920166016,32343.0,0.995839536190033,30.93277931213379,0.0006751418113708496,0.9971089959144592,2017.933837890625,0.0015066266059875488,0.9988466501235962,162.44009399414062,-0.0003838539123535156,1.001134991645813,0.021145904436707497,-0.004144787788391113,1.0158021450042725,10.008028984069824,-0.03499031066894531,1.0013604164123535,16.728471755981445,-0.0036972761154174805,13,170,0.0016935467720031738
SLIM*MIX_oms_pat5_fn-full_extended_const-small_ints_ogens200_auxw0,f57b92b8-8099-11f1-a1ec-2c7ba0e6fa90,synthetic_prior,0,74,0.9981532096862793,0.26128363609313965,32704.0,0.995839536190033,30.93277931213379,0.0006751418113708496,0.9971089959144592,2017.933837890625,0.0015066266059875488,0.9988466501235962,162.44009399414062,-0.0003838539123535156,1.001134991645813,0.021145904436707497,-0.004144787788391113,1.0158021450042725,10.008028984069824,-0.03499031066894531,1.0013604164123535,16.728471755981445,-0.0036972761154174805,13,170,0.0016935467720031738
SLIM*MIX_oms_pat5_fn-full_extended_const-small_ints_ogens200_auxw0,f57b92b8-8099-11f1-a1ec-2c7ba0e6fa90,synthetic_prior,0,75,0.9981532096862793,0.27151060104370117,32061.0,0.995839536190033,30.93277931213379,0.0006751418113708496,0.9971089959144592,2017.933837890625,0.0015066266059875488,0.9988466501235962,162.44009399414062,-0.0003838539123535156,1.001134991645813,0.021145904436707497,-0.004144787788391113,1.0158021450042725,10.008028984069824,-0.03499031066894531,1.0013604164123535,16.728471755981445,-0.0036972761154174805,13,170,0.0016935467720031738
SLIM*MIX_oms_pat5_fn-full_extended_const-small_ints_ogens200_auxw0,f57b92b8-8099-11f1-a1ec-2c7ba0e6fa90,synthetic_prior,0,76,0.9981532096862793,0.24433231353759766,32215.0,0.995839536190033,30.93277931213379,0.0006751418113708496,0.9971089959144592,2017.933837890625,0.0015066266059875488,0.9988466501235962,162.44009399414062,-0.0003838539123535156,1.001134991645813,0.021145904436707497,-0.004144787788391113,1.0158021450042725,10.008028984069824,-0.03499031066894531,1.0013604164123535,16.728471755981445,-0.0036972761154174805,13,170,0.0016935467720031738
SLIM*MIX_oms_pat5_fn-full_extended_const-small_ints_ogens200_auxw0,f57b92b8-8099-11f1-a1ec-2c7ba0e6fa90,synthetic_prior,0,77,0.9981532096862793,0.29047656059265137,16141.0,0.995839536190033,30.93277931213379,0.0006751418113708496,0.9971089959144592,2017.933837890625,0.0015066266059875488,0.9988466501235962,162.44009399414062,-0.0003838539123535156,1.001134991645813,0.021145904436707497,-0.004144787788391113,1.0158021450042725,10.008028984069824,-0.03499031066894531,1.0013604164123535,16.728471755981445,-0.0036972761154174805,13,170,0.0016935467720031738
SLIM*MIX_oms_pat5_fn-full_extended_const-small_ints_ogens200_auxw0,f57b92b8-8099-11f1-a1ec-2c7ba0e6fa90,synthetic_prior,0,78,0.9981532096862793,0.23833012580871582,24810.0,0.995839536190033,30.93277931213379,0.0006751418113708496,0.9971089959144592,2017.933837890625,0.0015066266059875488,0.9988466501235962,162.44009399414062,-0.0003838539123535156,1.001134991645813,0.021145904436707497,-0.004144787788391113,1.0158021450042725,10.008028984069824,-0.03499031066894531,1.0013604164123535,16.728471755981445,-0.0036972761154174805,13,170,0.0016935467720031738
SLIM*MIX_oms_pat5_fn-full_extended_const-small_ints_ogens200_auxw0,f57b92b8-8099-11f1-a1ec-2c7ba0e6fa90,synthetic_prior,0,79,0.9981480240821838,0.23989629745483398,30525.0,0.9955906271934509,30.9250431060791,0.0011746883392333984,0.9970031380653381,2017.719482421875,0.001718759536743164,0.9989229440689087,162.45249938964844,-0.0005366802215576172,1.0010160207748413,0.021143391728401184,-0.00390625,1.0174649953842163,10.02441120147705,-0.03838169574737549,1.0024561882019043,16.746776580810547,-0.005895137786865234,14,183,0.0017039179801940918
SLIM*MIX_oms_pat5_fn-full_extended_const-small_ints_ogens200_auxw0,f57b92b8-8099-11f1-a1ec-2c7ba0e6fa90,synthetic_prior,0,80,0.9981480240821838,0.22440242767333984,32511.0,0.9955906271934509,30.9250431060791,0.0011746883392333984,0.9970031380653381,2017.719482421875,0.001718759536743164,0.9989229440689087,162.45249938964844,-0.0005366802215576172,1.0010160207748413,0.021143391728401184,-0.00390625,1.0174649953842163,10.02441120147705,-0.03838169574737549,1.0024561882019043,16.746776580810547,-0.005895137786865234,14,183,0.0017039179801940918
SLIM*MIX_oms_pat5_fn-full_extended_const-small_ints_ogens200_auxw0,f57b92b8-8099-11f1-a1ec-2c7ba0e6fa90,synthetic_prior,0,81,0.9981480240821838,0.25361132621765137,33159.0,0.9955906271934509,30.9250431060791,0.0011746883392333984,0.9970031380653381,2017.719482421875,0.001718759536743164,0.9989229440689087,162.45249938964844,-0.0005366802215576172,1.0010160207748413,0.021143391728401184,-0.00390625,1.0174649953842163,10.02441120147705,-0.03838169574737549,1.0024561882019043,16.746776580810547,-0.005895137786865234,14,183,0.0017039179801940918
SLIM*MIX_oms_pat5_fn-full_extended_const-small_ints_ogens200_auxw0,f57b92b8-8099-11f1-a1ec-2c7ba0e6fa90,synthetic_prior,0,82,0.9981480240821838,0.13116168975830078,32821.0,0.9955906271934509,30.9250431060791,0.0011746883392333984,0.9970031380653381,2017.719482421875,0.001718759536743164,0.9989229440689087,162.45249938964844,-0.0005366802215576172,1.0010160207748413,0.021143391728401184,-0.00390625,1.0174649953842163,10.02441120147705,-0.03838169574737549,1.0024561882019043,16.746776580810547,-0.005895137786865234,14,183,0.0017039179801940918
SLIM*MIX_oms_pat5_fn-full_extended_const-small_ints_ogens200_auxw0,f57b92b8-8099-11f1-a1ec-2c7ba0e6fa90,synthetic_prior,0,83,0.9981480240821838,0.28238391876220703,32781.0,0.9955906271934509,30.9250431060791,0.0011746883392333984,0.9970031380653381,2017.719482421875,0.001718759536743164,0.9989229440689087,162.45249938964844,-0.0005366802215576172,1.0010160207748413,0.021143391728401184,-0.00390625,1.0174649953842163,10.02441120147705,-0.03838169574737549,1.0024561882019043,16.746776580810547,-0.005895137786865234,14,183,0.0017039179801940918
SLIM*MIX_oms_pat5_fn-full_extended_const-small_ints_ogens200_auxw0,f57b92b8-8099-11f1-a1ec-2c7ba0e6fa90,synthetic_prior,0,84,0.9981480240821838,0.310915470123291,17120.0,0.9955906271934509,30.9250431060791,0.0011746883392333984,0.9970031380653381,2017.719482421875,0.001718759536743164,0.9989229440689087,162.45249938964844,-0.0005366802215576172,1.0010160207748413,0.021143391728401184,-0.00390625,1.0174649953842163,10.02441120147705,-0.03838169574737549,1.0024561882019043,16.746776580810547,-0.005895137786865234,14,183,0.0017039179801940918
SLIM*MIX_oms_pat5_fn-full_extended_const-small_ints_ogens200_auxw0,f57b92b8-8099-11f1-a1ec-2c7ba0e6fa90,synthetic_prior,0,85,0.9981480240821838,0.2353208065032959,26521.0,0.9955906271934509,30.9250431060791,0.0011746883392333984,0.9970031380653381,2017.719482421875,0.001718759536743164,0.9989229440689087,162.45249938964844,-0.0005366802215576172,1.0010160207748413,0.021143391728401184,-0.00390625,1.0174649953842163,10.02441120147705,-0.03838169574737549,1.0024561882019043,16.746776580810547,-0.005895137786865234,14,183,0.0017039179801940918
SLIM*MIX_oms_pat5_fn-full_extended_const-small_ints_ogens200_auxw0,f57b92b8-8099-11f1-a1ec-2c7ba0e6fa90,synthetic_prior,0,86,0.9981480240821838,0.2547323703765869,30644.0,0.9955906271934509,30.9250431060791,0.0011746883392333984,0.9970031380653381,2017.719482421875,0.001718759536743164,0.9989229440689087,162.45249938964844,-0.0005366802215576172,1.0010160207748413,0.021143391728401184,-0.00390625,1.0174649953842163,10.02441120147705,-0.03838169574737549,1.0024561882019043,16.746776580810547,-0.005895137786865234,14,183,0.0017039179801940918
SLIM*MIX_oms_pat5_fn-full_extended_const-small_ints_ogens200_auxw0,f57b92b8-8099-11f1-a1ec-2c7ba0e6fa90,synthetic_prior,0,87,0.9981480240821838,0.3026566505432129,33577.0,0.9955906271934509,30.9250431060791,0.0011746883392333984,0.9970031380653381,2017.719482421875,0.001718759536743164,0.9989229440689087,162.45249938964844,-0.0005366802215576172,1.0010160207748413,0.021143391728401184,-0.00390625,1.0174649953842163,10.02441120147705,-0.03838169574737549,1.0024561882019043,16.746776580810547,-0.005895137786865234,14,183,0.0017039179801940918
SLIM*MIX_oms_pat5_fn-full_extended_const-small_ints_ogens200_auxw0,f57b92b8-8099-11f1-a1ec-2c7ba0e6fa90,synthetic_prior,0,88,0.9981287121772766,0.2708861827850342,34329.0,0.9957600831985474,30.930307388305664,0.0008346438407897949,0.9970044493675232,2017.72216796875,0.0017160773277282715,0.9989283680915833,162.45338439941406,-0.0005476474761962891,1.001174807548523,0.0211467444896698,-0.004224658012390137,1.017142653465271,10.021236419677734,-0.03772389888763428,1.0014724731445312,16.7303409576416,-0.003921866416931152,14,179,0.001742541790008545
SLIM*MIX_oms_pat5_fn-full_extended_const-small_ints_ogens200_auxw0,f57b92b8-8099-11f1-a1ec-2c7ba0e6fa90,synthetic_prior,0,89,0.9981287121772766,0.2367556095123291,34510.0,0.9957600831985474,30.930307388305664,0.0008346438407897949,0.9970044493675232,2017.72216796875,0.0017160773277282715,0.9989283680915833,162.45338439941406,-0.0005476474761962891,1.001174807548523,0.0211467444896698,-0.004224658012390137,1.017142653465271,10.021236419677734,-0.03772389888763428,1.0014724731445312,16.7303409576416,-0.003921866416931152,14,179,0.001742541790008545
SLIM*MIX_oms_pat5_fn-full_extended_const-small_ints_ogens200_auxw0,f57b92b8-8099-11f1-a1ec-2c7ba0e6fa90,synthetic_prior,0,90,0.9981287121772766,0.23880982398986816,35145.0,0.9957600831985474,30.930307388305664,0.0008346438407897949,0.9970044493675232,2017.72216796875,0.0017160773277282715,0.9989283680915833,162.45338439941406,-0.0005476474761962891,1.001174807548523,0.0211467444896698,-0.004224658012390137,1.017142653465271,10.021236419677734,-0.03772389888763428,1.0014724731445312,16.7303409576416,-0.003921866416931152,14,179,0.001742541790008545
SLIM*MIX_oms_pat5_fn-full_extended_const-small_ints_ogens200_auxw0,f57b92b8-8099-11f1-a1ec-2c7ba0e6fa90,synthetic_prior,0,91,0.9981287121772766,0.2014024257659912,34242.0,0.9957600831985474,30.930307388305664,0.0008346438407897949,0.9970044493675232,2017.72216796875,0.0017160773277282715,0.9989283680915833,162.45338439941406,-0.0005476474761962891,1.001174807548523,0.0211467444896698,-0.004224658012390137,1.017142653465271,10.021236419677734,-0.03772389888763428,1.0014724731445312,16.7303409576416,-0.003921866416931152,14,179,0.001742541790008545
SLIM*MIX_oms_pat5_fn-full_extended_const-small_ints_ogens200_auxw0,f57b92b8-8099-11f1-a1ec-2c7ba0e6fa90,synthetic_prior,0,92,0.9981287121772766,0.2536790370941162,34574.0,0.9957600831985474,30.930307388305664,0.0008346438407897949,0.9970044493675232,2017.72216796875,0.0017160773277282715,0.9989283680915833,162.45338439941406,-0.0005476474761962891,1.001174807548523,0.0211467444896698,-0.004224658012390137,1.017142653465271,10.021236419677734,-0.03772389888763428,1.0014724731445312,16.7303409576416,-0.003921866416931152,14,179,0.001742541790008545
SLIM*MIX_oms_pat5_fn-full_extended_const-small_ints_ogens200_auxw0,f57b92b8-8099-11f1-a1ec-2c7ba0e6fa90,synthetic_prior,0,93,0.9981287121772766,0.12636280059814453,17866.0,0.9957600831985474,30.930307388305664,0.0008346438407897949,0.9970044493675232,2017.72216796875,0.0017160773277282715,0.9989283680915833,162.45338439941406,-0.0005476474761962891,1.001174807548523,0.0211467444896698,-0.004224658012390137,1.017142653465271,10.021236419677734,-0.03772389888763428,1.0014724731445312,16.7303409576416,-0.003921866416931152,14,179,0.001742541790008545
SLIM*MIX_oms_pat5_fn-full_extended_const-small_ints_ogens200_auxw0,f57b92b8-8099-11f1-a1ec-2c7ba0e6fa90,synthetic_prior,0,94,0.9981287121772766,0.12120223045349121,26792.0,0.9957600831985474,30.930307388305664,0.0008346438407897949,0.9970044493675232,2017.72216796875,0.0017160773277282715,0.9989283680915833,162.45338439941406,-0.0005476474761962891,1.001174807548523,0.0211467444896698,-0.004224658012390137,1.017142653465271,10.021236419677734,-0.03772389888763428,1.0014724731445312,16.7303409576416,-0.003921866416931152,14,179,0.001742541790008545
SLIM*MIX_oms_pat5_fn-full_extended_const-small_ints_ogens200_auxw0,f57b92b8-8099-11f1-a1ec-2c7ba0e6fa90,synthetic_prior,0,95,0.9981287121772766,0.11879134178161621,32931.0,0.9957600831985474,30.930307388305664,0.0008346438407897949,0.9970044493675232,2017.72216796875,0.0017160773277282715,0.9989283680915833,162.45338439941406,-0.0005476474761962891,1.001174807548523,0.0211467444896698,-0.004224658012390137,1.017142653465271,10.021236419677734,-0.03772389888763428,1.0014724731445312,16.7303409576416,-0.003921866416931152,14,179,0.001742541790008545
SLIM*MIX_oms_pat5_fn-full_extended_const-small_ints_ogens200_auxw0,f57b92b8-8099-11f1-a1ec-2c7ba0e6fa90,synthetic_prior,0,96,0.9981287121772766,0.24684715270996094,35312.0,0.9957600831985474,30.930307388305664,0.0008346438407897949,0.9970044493675232,2017.72216796875,0.0017160773277282715,0.9989283680915833,162.45338439941406,-0.0005476474761962891,1.001174807548523,0.0211467444896698,-0.004224658012390137,1.017142653465271,10.021236419677734,-0.03772389888763428,1.0014724731445312,16.7303409576416,-0.003921866416931152,14,179,0.001742541790008545
SLIM*MIX_oms_pat5_fn-full_extended_const-small_ints_ogens200_auxw0,f57b92b8-8099-11f1-a1ec-2c7ba0e6fa90,synthetic_prior,0,97,0.9981287121772766,0.25183582305908203,35300.0,0.9957600831985474,30.930307388305664,0.0008346438407897949,0.9970044493675232,2017.72216796875,0.0017160773277282715,0.9989283680915833,162.45338439941406,-0.0005476474761962891,1.001174807548523,0.0211467444896698,-0.004224658012390137,1.017142653465271,10.021236419677734,-0.03772389888763428,1.0014724731445312,16.7303409576416,-0.003921866416931152,14,179,0.001742541790008545
SLIM*MIX_oms_pat5_fn-full_extended_const-small_ints_ogens200_auxw0,f57b92b8-8099-11f1-a1ec-2c7ba0e6fa90,synthetic_prior,0,98,0.998126208782196,0.23796844482421875,35031.0,0.9960760474205017,30.940122604370117,0.00020045042037963867,0.9968405961990356,2017.390625,0.002044200897216797,0.9989528059959412,162.45736694335938,-0.0005965232849121094,1.0068546533584595,0.021266713738441467,-0.015651226043701172,1.0203814506530762,10.053145408630371,-0.044342994689941406,1.0020875930786133,16.740617752075195,-0.005155444145202637,14,184,0.0017476081848144531
SLIM*MIX_oms_pat5_fn-full_extended_const-small_ints_ogens200_auxw0,f57b92b8-8099-11f1-a1ec-2c7ba0e6fa90,synthetic_prior,0,99,0.998126208782196,0.26078081130981445,35614.0,0.9960760474205017,30.940122604370117,0.00020045042037963867,0.9968405961990356,2017.390625,0.002044200897216797,0.9989528059959412,162.45736694335938,-0.0005965232849121094,1.0068546533584595,0.021266713738441467,-0.015651226043701172,1.0203814506530762,10.053145408630371,-0.044342994689941406,1.0020875930786133,16.740617752075195,-0.005155444145202637,14,184,0.0017476081848144531
SLIM*MIX_oms_pat5_fn-full_extended_const-small_ints_ogens200_auxw0,f57b92b8-8099-11f1-a1ec-2c7ba0e6fa90,synthetic_prior,0,100,0.998084545135498,0.2522757053375244,35186.0,0.9957776069641113,30.93085289001465,0.0007994174957275391,0.9975487589836121,2018.82373046875,0.0006257295608520508,0.9990338683128357,162.47052001953125,-0.0007587671279907227,1.0017670392990112,0.021159255877137184,-0.005413174629211426,1.0173633098602295,10.023409843444824,-0.03817427158355713,1.0065956115722656,16.81592559814453,-0.014219284057617188,15,191,0.0018309354782104492
SLIM*MIX_oms_pat5_fn-full_extended_const-small_ints_ogens200_auxw0,f57b92b8-8099-11f1-a1ec-2c7ba0e6fa90,synthetic_prior,0,101,0.998084545135498,0.27130842208862305,35746.0,0.9957776069641113,30.93085289001465,0.0007994174957275391,0.9975487589836121,2018.82373046875,0.0006257295608520508,0.9990338683128357,162.47052001953125,-0.0007587671279907227,1.0017670392990112,0.021159255877137184,-0.005413174629211426,1.0173633098602295,10.023409843444824,-0.03817427158355713,1.0065956115722656,16.81592559814453,-0.014219284057617188,15,191,0.0018309354782104492
SLIM*MIX_oms_pat5_fn-full_extended_const-small_ints_ogens200_auxw0,f57b92b8-8099-11f1-a1ec-2c7ba0e6fa90,synthetic_prior,0,102,0.998084545135498,0.2542612552642822,35796.0,0.9957776069641113,30.93085289001465,0.0007994174957275391,0.9975487589836121,2018.82373046875,0.0006257295608520508,0.9990338683128357,162.47052001953125,-0.0007587671279907227,1.0017670392990112,0.021159255877137184,-0.005413174629211426,1.0173633098602295,10.023409843444824,-0.03817427158355713,1.0065956115722656,16.81592559814453,-0.014219284057617188,15,191,0.0018309354782104492
SLIM*MIX_oms_pat5_fn-full_extended_const-small_ints_ogens200_auxw0,f57b92b8-8099-11f1-a1ec-2c7ba0e6fa90,synthetic_prior,0,103,0.998084545135498,0.26797938346862793,35665.0,0.9957776069641113,30.93085289001465,0.0007994174957275391,0.9975487589836121,2018.82373046875,0.0006257295608520508,0.9990338683128357,162.47052001953125,-0.0007587671279907227,1.0017670392990112,0.021159255877137184,-0.005413174629211426,1.0173633098602295,10.023409843444824,-0.03817427158355713,1.0065956115722656,16.81592559814453,-0.014219284057617188,15,191,0.0018309354782104492
SLIM*MIX_oms_pat5_fn-full_extended_const-small_ints_ogens200_auxw0,f57b92b8-8099-11f1-a1ec-2c7ba0e6fa90,synthetic_prior,0,104,0.998084545135498,0.26741790771484375,35678.0,0.9957776069641113,30.93085289001465,0.0007994174957275391,0.9975487589836121,2018.82373046875,0.0006257295608520508,0.9990338683128357,162.47052001953125,-0.0007587671279907227,1.0017670392990112,0.021159255877137184,-0.005413174629211426,1.0173633098602295,10.023409843444824,-0.03817427158355713,1.0065956115722656,16.81592559814453,-0.014219284057617188,15,191,0.0018309354782104492
SLIM*MIX_oms_pat5_fn-full_extended_const-small_ints_ogens200_auxw0,f57b92b8-8099-11f1-a1ec-2c7ba0e6fa90,synthetic_prior,0,105,0.9980496764183044,0.2370307445526123,36301.0,0.9959161877632141,30.93515396118164,0.0005213618278503418,0.9970446228981018,2017.803466796875,0.0016356110572814941,0.9991466403007507,162.4888916015625,-0.0009849071502685547,1.0049461126327515,0.02122640237212181,-0.011804580688476562,1.0159636735916138,10.00961971282959,-0.03531944751739502,1.0011214017868042,16.724475860595703,-0.00321805477142334,15,196,0.0019006729125976562
SLIM*MIX_oms_pat5_fn-full_extended_const-small_ints_ogens200_auxw0,f57b92b8-8099-11f1-a1ec-2c7ba0e6fa90,synthetic_prior,0,106,0.998048722743988,0.11831116676330566,36616.0,0.995978832244873,30.937105178833008,0.0003955364227294922,0.9968560934066772,2017.421875,0.0020132064819335938,0.9991499185562134,162.48941040039062,-0.0009913444519042969,1.0065793991088867,0.021260900422930717,-0.015096187591552734,1.0206962823867798,10.05624771118164,-0.04498755931854248,1.001783013343811,16.73552894592285,-0.004544496536254883,16,213,0.0019025802612304688
SLIM*MIX_oms_pat5_fn-full_extended_const-small_ints_ogens200_auxw0,f57b92b8-8099-11f1-a1ec-2c7ba0e6fa90,synthetic_prior,0,107,0.998048722743988,0.11082649230957031,36674.0,0.995978832244873,30.937105178833008,0.0003955364227294922,0.9968560934066772,2017.421875,0.0020132064819335938,0.9991499185562134,162.48941040039062,-0.0009913444519042969,1.0065793991088867,0.021260900422930717,-0.015096187591552734,1.0206962823867798,10.05624771118164,-0.04498755931854248,1.001783013343811,16.73552894592285,-0.004544496536254883,16,213,0.0019025802612304688
SLIM*MIX_oms_pat5_fn-full_extended_const-small_ints_ogens200_auxw0,f57b92b8-8099-11f1-a1ec-2c7ba0e6fa90,synthetic_prior,0,108,0.9980484247207642,0.09699678421020508,37033.0,0.995920717716217,30.9352970123291,0.000512242317199707,0.9970434308052063,2017.801025390625,0.0016380548477172852,0.9991481900215149,162.48912048339844,-0.0009878873825073242,1.0051782131195068,0.021231304854154587,-0.012272000312805176,1.0164058208465576,10.01397705078125,-0.03622090816497803,1.0012836456298828,16.727188110351562,-0.003543257713317871,14,183,0.0019031763076782227
SLIM*MIX_oms_pat5_fn-full_extended_const-small_ints_ogens200_auxw0,f57b92b8-8099-11f1-a1ec-2c7ba0e6fa90,synthetic_prior,0,109,0.9980484247207642,0.11104464530944824,37766.0,0.995920717716217,30.9352970123291,0.000512242317199707,0.9970434308052063,2017.801025390625,0.0016380548477172852,0.9991481900215149,162.48912048339844,-0.0009878873825073242,1.0051782131195068,0.021231304854154587,-0.012272000312805176,1.0164058208465576,10.01397705078125,-0.03622090816497803,1.0012836456298828,16.727188110351562,-0.003543257713317871,14,183,0.0019031763076782227
SLIM*MIX_oms_pat5_fn-full_extended_const-small_ints_ogens200_auxw0,f57b92b8-8099-11f1-a1ec-2c7ba0e6fa90,synthetic_prior,0,110,0.9980484247207642,0.1190028190612793,37283.0,0.995920717716217,30.9352970123291,0.000512242317199707,0.9970434308052063,2017.801025390625,0.0016380548477172852,0.9991481900215149,162.48912048339844,-0.0009878873825073242,1.0051782131195068,0.021231304854154587,-0.012272000312805176,1.0164058208465576,10.01397705078125,-0.03622090816497803,1.0012836456298828,16.727188110351562,-0.003543257713317871,14,183,0.0019031763076782227
SLIM*MIX_oms_pat5_fn-full_extended_const-small_ints_ogens200_auxw0,f57b92b8-8099-11f1-a1ec-2c7ba0e6fa90,synthetic_prior,0,111,0.9980383515357971,0.09961390495300293,37469.0,0.995954155921936,30.936336517333984,0.0004450678825378418,0.9970250725746155,2017.763916015625,0.0016747117042541504,0.9990376830101013,162.47116088867188,-0.0007665157318115234,1.0041887760162354,0.021210404112935066,-0.010280013084411621,1.0169075727462769,10.018918991088867,-0.037244200706481934,1.0002312660217285,16.709606170654297,-0.001434922218322754,16,214,0.0019233226776123047
SLIM*MIX_oms_pat5_fn-full_extended_const-small_ints_ogens200_auxw0,f57b92b8-8099-11f1-a1ec-2c7ba0e6fa90,synthetic_prior,0,112,0.9980218410491943,0.11027860641479492,37890.0,0.995709240436554,30.928730010986328,0.0009366273880004883,0.9969484210014343,2017.6087646484375,0.0018282532691955566,0.9992082118988037,162.4989013671875,-0.0011082887649536133,1.0052027702331543,0.021231822669506073,-0.01232147216796875,1.0234556198120117,10.083433151245117,-0.05064523220062256,1.0018956661224365,16.737409591674805,-0.004770398139953613,17,235,0.0019562840461730957
SLIM*MIX_oms_pat5_fn-full_extended_const-small_ints_ogens200_auxw0,f57b92b8-8099-11f1-a1ec-2c7ba0e6fa90,synthetic_prior,0,113,0.9980218410491943,0.10538363456726074,37776.0,0.995709240436554,30.928730010986328,0.0009366273880004883,0.9969484210014343,2017.6087646484375,0.0018282532691955566,0.9992082118988037,162.4989013671875,-0.0011082887649536133,1.0052027702331543,0.021231822669506073,-0.01232147216796875,1.0234556198120117,10.083433151245117,-0.05064523220062256,1.0018956661224365,16.737409591674805,-0.004770398139953613,17,235,0.0019562840461730957
SLIM*MIX_oms_pat5_fn-full_extended_const-small_ints_ogens200_auxw0,f57b92b8-8099-11f1-a1ec-2c7ba0e6fa90,synthetic_prior,0,114,0.9980218410491943,0.24580788612365723,37930.0,0.995709240436554,30.928730010986328,0.0009366273880004883,0.9969484210014343,2017.6087646484375,0.0018282532691955566,0.9992082118988037,162.4989013671875,-0.0011082887649536133,1.0052027702331543,0.021231822669506073,-0.01232147216796875,1.0234556198120117,10.083433151245117,-0.05064523220062256,1.0018956661224365,16.737409591674805,-0.004770398139953613,17,235,0.0019562840461730957
SLIM*MIX_oms_pat5_fn-full_extended_const-small_ints_ogens200_auxw0,f57b92b8-8099-11f1-a1ec-2c7ba0e6fa90,synthetic_prior,0,115,0.998013973236084,0.23705601692199707,39848.0,0.9957913756370544,30.931278228759766,0.0007718801498413086,0.997025728225708,2017.7652587890625,0.0016734004020690918,0.9991608262062073,162.49119567871094,-0.0010132789611816406,1.004750370979309,0.021222267299890518,-0.011410355567932129,1.0215411186218262,10.06457233428955,-0.04671823978424072,1.0018322467803955,16.73634910583496,-0.00464320182800293,16,220,0.001972019672393799
SLIM*MIX_oms_pat5_fn-full_extended_const-small_ints_ogens200_auxw0,f57b92b8-8099-11f1-a1ec-2c7ba0e6fa90,synthetic_prior,0,116,0.9980136752128601,0.2490694522857666,40436.0,0.9956892728805542,30.9281063079834,0.0009768009185791016,0.9971257448196411,2017.9676513671875,0.0014731884002685547,0.9992207288742065,162.5009307861328,-0.0011333227157592773,1.0038321018218994,0.021202873438596725,-0.00956261157989502,1.018478512763977,10.03439712524414,-0.0404515266418457,1.001089096069336,16.723934173583984,-0.003153204917907715,15,204,0.0019725561141967773
SLIM*MIX_oms_pat5_fn-full_extended_const-small_ints_ogens200_auxw0,f57b92b8-8099-11f1-a1ec-2c7ba0e6fa90,synthetic_prior,0,117,0.9980136752128601,0.25366997718811035,40801.0,0.9956892728805542,30.9281063079834,0.0009768009185791016,0.9971257448196411,2017.9676513671875,0.0014731884002685547,0.9992207288742065,162.5009307861328,-0.0011333227157592773,1.0038321018218994,0.021202873438596725,-0.00956261157989502,1.018478512763977,10.03439712524414,-0.0404515266418457,1.001089096069336,16.723934173583984,-0.003153204917907715,15,204,0.0019725561141967773
SLIM*MIX_oms_pat5_fn-full_extended_const-small_ints_ogens200_auxw0,f57b92b8-8099-11f1-a1ec-2c7ba0e6fa90,synthetic_prior,0,118,0.9980136752128601,0.261829137802124,40617.0,0.9956892728805542,30.9281063079834,0.0009768009185791016,0.9971257448196411,2017.9676513671875,0.0014731884002685547,0.9992207288742065,162.5009307861328,-0.0011333227157592773,1.0038321018218994,0.021202873438596725,-0.00956261157989502,1.018478512763977,10.03439712524414,-0.0404515266418457,1.001089096069336,16.723934173583984,-0.003153204917907715,15,204,0.0019725561141967773
SLIM*MIX_oms_pat5_fn-full_extended_const-small_ints_ogens200_auxw0,f57b92b8-8099-11f1-a1ec-2c7ba0e6fa90,synthetic_prior,0,119,0.9980136752128601,0.26142191886901855,40944.0,0.9956892728805542,30.9281063079834,0.0009768009185791016,0.9971257448196411,2017.9676513671875,0.0014731884002685547,0.9992207288742065,162.5009307861328,-0.0011333227157592773,1.0038321018218994,0.021202873438596725,-0.00956261157989502,1.018478512763977,10.03439712524414,-0.0404515266418457,1.001089096069336,16.723934173583984,-0.003153204917907715,15,204,0.0019725561141967773
SLIM*MIX_oms_pat5_fn-full_extended_const-small_ints_ogens200_auxw0,f57b92b8-8099-11f1-a1ec-2c7ba0e6fa90,synthetic_prior,0,120,0.9980136752128601,0.2357017993927002,40985.0,0.9956892728805542,30.9281063079834,0.0009768009185791016,0.9971257448196411,2017.9676513671875,0.0014731884002685547,0.9992207288742065,162.5009307861328,-0.0011333227157592773,1.0038321018218994,0.021202873438596725,-0.00956261157989502,1.018478512763977,10.03439712524414,-0.0404515266418457,1.001089096069336,16.723934173583984,-0.003153204917907715,15,204,0.0019725561141967773
SLIM*MIX_oms_pat5_fn-full_extended_const-small_ints_ogens200_auxw0,f57b92b8-8099-11f1-a1ec-2c7ba0e6fa90,synthetic_prior,0,121,0.9980068802833557,0.25023388862609863,40343.0,0.9957419037818909,30.92974281311035,0.0008711814880371094,0.9970152974128723,2017.744140625,0.0016943812370300293,0.999221920967102,162.50111389160156,-0.001135706901550293,1.005068302154541,0.021228983998298645,-0.012050628662109375,1.0232371091842651,10.081280708312988,-0.05019664764404297,1.002282977104187,16.743881225585938,-0.005547285079956055,16,220,0.001986265182495117
SLIM*MIX_oms_pat5_fn-full_extended_const-small_ints_ogens200_auxw0,f57b92b8-8099-11f1-a1ec-2c7ba0e6fa90,synthetic_prior,0,122,0.9979738593101501,0.25254368782043457,40630.0,0.9957917928695679,30.931291580200195,0.0007710456848144531,0.996983528137207,2017.6796875,0.0017580389976501465,0.9993478655815125,162.52159118652344,-0.0013880729675292969,1.0041866302490234,0.021210361272096634,-0.010275959968566895,1.0166031122207642,10.015920639038086,-0.036623358726501465,1.0021600723266602,16.74182891845703,-0.00530087947845459,16,231,0.00205230712890625
SLIM*MIX_oms_pat5_fn-full_extended_const-small_ints_ogens200_auxw0,f57b92b8-8099-11f1-a1ec-2c7ba0e6fa90,synthetic_prior,0,123,0.9979738593101501,0.28252434730529785,40869.0,0.9957917928695679,30.931291580200195,0.0007710456848144531,0.996983528137207,2017.6796875,0.0017580389976501465,0.9993478655815125,162.52159118652344,-0.0013880729675292969,1.0041866302490234,0.021210361272096634,-0.010275959968566895,1.0166031122207642,10.015920639038086,-0.036623358726501465,1.0021600723266602,16.74182891845703,-0.00530087947845459,16,231,0.00205230712890625
SLIM*MIX_oms_pat5_fn-full_extended_const-small_ints_ogens200_auxw0,f57b92b8-8099-11f1-a1ec-2c7ba0e6fa90,synthetic_prior,0,124,0.9979738593101501,0.23906302452087402,41624.0,0.9957917928695679,30.931291580200195,0.0007710456848144531,0.996983528137207,2017.6796875,0.0017580389976501465,0.9993478655815125,162.52159118652344,-0.0013880729675292969,1.0041866302490234,0.021210361272096634,-0.010275959968566895,1.0166031122207642,10.015920639038086,-0.036623358726501465,1.0021600723266602,16.74182891845703,-0.00530087947845459,16,231,0.00205230712890625
SLIM*MIX_oms_pat5_fn-full_extended_const-small_ints_ogens200_auxw0,f57b92b8-8099-11f1-a1ec-2c7ba0e6fa90,synthetic_prior,0,125,0.9979738593101501,0.24146294593811035,41341.0,0.9957917928695679,30.931291580200195,0.0007710456848144531,0.996983528137207,2017.6796875,0.0017580389976501465,0.9993478655815125,162.52159118652344,-0.0013880729675292969,1.0041866302490234,0.021210361272096634,-0.010275959968566895,1.0166031122207642,10.015920639038086,-0.036623358726501465,1.0021600723266602,16.74182891845703,-0.00530087947845459,16,231,0.00205230712890625
SLIM*MIX_oms_pat5_fn-full_extended_const-small_ints_ogens200_auxw0,f57b92b8-8099-11f1-a1ec-2c7ba0e6fa90,synthetic_prior,0,126,0.9979738593101501,0.2385714054107666,41604.0,0.9957917928695679,30.931291580200195,0.0007710456848144531,0.996983528137207,2017.6796875,0.0017580389976501465,0.9993478655815125,162.52159118652344,-0.0013880729675292969,1.0041866302490234,0.021210361272096634,-0.010275959968566895,1.0166031122207642,10.015920639038086,-0.036623358726501465,1.0021600723266602,16.74182891845703,-0.00530087947845459,16,231,0.00205230712890625
SLIM*MIX_oms_pat5_fn-full_extended_const-small_ints_ogens200_auxw0,f57b92b8-8099-11f1-a1ec-2c7ba0e6fa90,synthetic_prior,0,127,0.9979735612869263,0.1896376609802246,41615.0,0.9957777857780457,30.930856704711914,0.0007991194725036621,0.9969937205314636,2017.700439453125,0.0017375349998474121,0.9993090033531189,162.51527404785156,-0.0013102293014526367,1.0040069818496704,0.02120656706392765,-0.009914398193359375,1.0160948038101196,10.01091194152832,-0.03558659553527832,1.0019073486328125,16.73760414123535,-0.004793763160705566,17,243,0.002052903175354004
SLIM*MIX_oms_pat5_fn-full_extended_const-small_ints_ogens200_auxw0,f57b92b8-8099-11f1-a1ec-2c7ba0e6fa90,synthetic_prior,0,128,0.9979735612869263,0.20620203018188477,42371.0,0.9957777857780457,30.930856704711914,0.0007991194725036621,0.9969937205314636,2017.700439453125,0.0017375349998474121,0.9993090033531189,162.51527404785156,-0.0013102293014526367,1.0040069818496704,0.02120656706392765,-0.009914398193359375,1.0160948038101196,10.01091194152832,-0.03558659553527832,1.0019073486328125,16.73760414123535,-0.004793763160705566,17,243,0.002052903175354004
SLIM*MIX_oms_pat5_fn-full_extended_const-small_ints_ogens200_auxw0,f57b92b8-8099-11f1-a1ec-2c7ba0e6fa90,synthetic_prior,0,129,0.9979735612869263,0.2501790523529053,43533.0,0.9957777857780457,30.930856704711914,0.0007991194725036621,0.9969937205314636,2017.700439453125,0.0017375349998474121,0.9993090033531189,162.51527404785156,-0.0013102293014526367,1.0040069818496704,0.02120656706392765,-0.009914398193359375,1.0160948038101196,10.01091194152832,-0.03558659553527832,1.0019073486328125,16.73760414123535,-0.004793763160705566,17,243,0.002052903175354004
SLIM*MIX_oms_pat5_fn-full_extended_const-small_ints_ogens200_auxw0,f57b92b8-8099-11f1-a1ec-2c7ba0e6fa90,synthetic_prior,0,130,0.9979735612869263,0.23944473266601562,43805.0,0.9957777857780457,30.930856704711914,0.0007991194725036621,0.9969937205314636,2017.700439453125,0.0017375349998474121,0.9993090033531189,162.51527404785156,-0.0013102293014526367,1.0040069818496704,0.02120656706392765,-0.009914398193359375,1.0160948038101196,10.01091194152832,-0.03558659553527832,1.0019073486328125,16.73760414123535,-0.004793763160705566,17,243,0.002052903175354004
SLIM*MIX_oms_pat5_fn-full_extended_const-small_ints_ogens200_auxw0,f57b92b8-8099-11f1-a1ec-2c7ba0e6fa90,synthetic_prior,0,131,0.9979735612869263,0.2527806758880615,44324.0,0.9957777857780457,30.930856704711914,0.0007991194725036621,0.9969937205314636,2017.700439453125,0.0017375349998474121,0.9993090033531189,162.51527404785156,-0.0013102293014526367,1.0040069818496704,0.02120656706392765,-0.009914398193359375,1.0160948038101196,10.01091194152832,-0.03558659553527832,1.0019073486328125,16.73760414123535,-0.004793763160705566,17,243,0.002052903175354004
SLIM*MIX_oms_pat5_fn-full_extended_const-small_ints_ogens200_auxw0,f57b92b8-8099-11f1-a1ec-2c7ba0e6fa90,synthetic_prior,0,132,0.9979735612869263,0.30799055099487305,22399.0,0.9957777857780457,30.930856704711914,0.0007991194725036621,0.9969937205314636,2017.700439453125,0.0017375349998474121,0.9993090033531189,162.51527404785156,-0.0013102293014526367,1.0040069818496704,0.02120656706392765,-0.009914398193359375,1.0160948038101196,10.01091194152832,-0.03558659553527832,1.0019073486328125,16.73760414123535,-0.004793763160705566,17,243,0.002052903175354004
SLIM*MIX_oms_pat5_fn-full_extended_const-small_ints_ogens200_auxw0,f57b92b8-8099-11f1-a1ec-2c7ba0e6fa90,synthetic_prior,0,133,0.9979735612869263,0.2422351837158203,35290.0,0.9957777857780457,30.930856704711914,0.0007991194725036621,0.9969937205314636,2017.700439453125,0.0017375349998474121,0.9993090033531189,162.51527404785156,-0.0013102293014526367,1.0040069818496704,0.02120656706392765,-0.009914398193359375,1.0160948038101196,10.01091194152832,-0.03558659553527832,1.0019073486328125,16.73760414123535,-0.004793763160705566,17,243,0.002052903175354004
SLIM*MIX_oms_pat5_fn-full_extended_const-small_ints_ogens200_auxw0,f57b92b8-8099-11f1-a1ec-2c7ba0e6fa90,synthetic_prior,0,134,0.9979735612869263,0.27100634574890137,43434.0,0.9957777857780457,30.930856704711914,0.0007991194725036621,0.9969937205314636,2017.700439453125,0.0017375349998474121,0.9993090033531189,162.51527404785156,-0.0013102293014526367,1.0040069818496704,0.02120656706392765,-0.009914398193359375,1.0160948038101196,10.01091194152832,-0.03558659553527832,1.0019073486328125,16.73760414123535,-0.004793763160705566,17,243,0.002052903175354004
SLIM*MIX_oms_pat5_fn-full_extended_const-small_ints_ogens200_auxw0,f57b92b8-8099-11f1-a1ec-2c7ba0e6fa90,synthetic_prior,0,135,0.9979735612869263,0.24470067024230957,45992.0,0.9957777857780457,30.930856704711914,0.0007991194725036621,0.9969937205314636,2017.700439453125,0.0017375349998474121,0.9993090033531189,162.51527404785156,-0.0013102293014526367,1.0040069818496704,0.02120656706392765,-0.009914398193359375,1.0160948038101196,10.01091194152832,-0.03558659553527832,1.0019073486328125,16.73760414123535,-0.004793763160705566,17,243,0.002052903175354004
SLIM*MIX_oms_pat5_fn-full_extended_const-small_ints_ogens200_auxw0,f57b92b8-8099-11f1-a1ec-2c7ba0e6fa90,synthetic_prior,0,136,0.9979735612869263,0.23862767219543457,48119.0,0.9957777857780457,30.930856704711914,0.0007991194725036621,0.9969937205314636,2017.700439453125,0.0017375349998474121,0.9993090033531189,162.51527404785156,-0.0013102293014526367,1.0040069818496704,0.02120656706392765,-0.009914398193359375,1.0160948038101196,10.01091194152832,-0.03558659553527832,1.0019073486328125,16.73760414123535,-0.004793763160705566,17,243,0.002052903175354004
SLIM*MIX_oms_pat5_fn-full_extended_const-small_ints_ogens200_auxw0,f57b92b8-8099-11f1-a1ec-2c7ba0e6fa90,synthetic_prior,0,137,0.9979726076126099,0.24341511726379395,47163.0,0.9957441687583923,30.929813385009766,0.0008665919303894043,0.9970201253890991,2017.75390625,0.0016846656799316406,0.9993524551391602,162.52235412597656,-0.001397252082824707,1.0035825967788696,0.021197602152824402,-0.00906074047088623,1.0145862102508545,9.996048927307129,-0.032514095306396484,1.0012538433074951,16.726688385009766,-0.003483414649963379,17,245,0.002054870128631592
SLIM*MIX_oms_pat5_fn-full_extended_const-small_ints_ogens200_auxw0,f57b92b8-8099-11f1-a1ec-2c7ba0e6fa90,synthetic_prior,0,138,0.9979726076126099,0.2466106414794922,47505.0,0.9957441687583923,30.929813385009766,0.0008665919303894043,0.9970201253890991,2017.75390625,0.0016846656799316406,0.9993524551391602,162.52235412597656,-0.001397252082824707,1.0035825967788696,0.021197602152824402,-0.00906074047088623,1.0145862102508545,9.996048927307129,-0.032514095306396484,1.0012538433074951,16.726688385009766,-0.003483414649963379,17,245,0.002054870128631592
SLIM*MIX_oms_pat5_fn-full_extended_const-small_ints_ogens200_auxw0,f57b92b8-8099-11f1-a1ec-2c7ba0e6fa90,synthetic_prior,0,139,0.9979726076126099,0.11054706573486328,46524.0,0.9957441687583923,30.929813385009766,0.0008665919303894043,0.9970201253890991,2017.75390625,0.0016846656799316406,0.9993524551391602,162.52235412597656,-0.001397252082824707,1.0035825967788696,0.021197602152824402,-0.00906074047088623,1.0145862102508545,9.996048927307129,-0.032514095306396484,1.0012538433074951,16.726688385009766,-0.003483414649963379,17,245,0.002054870128631592
SLIM*MIX_oms_pat5_fn-full_extended_const-small_ints_ogens200_auxw0,f57b92b8-8099-11f1-a1ec-2c7ba0e6fa90,synthetic_prior,0,140,0.9979726076126099,0.11133527755737305,47158.0,0.9957441687583923,30.929813385009766,0.0008665919303894043,0.9970201253890991,2017.75390625,0.0016846656799316406,0.9993524551391602,162.52235412597656,-0.001397252082824707,1.0035825967788696,0.021197602152824402,-0.00906074047088623,1.0145862102508545,9.996048927307129,-0.032514095306396484,1.0012538433074951,16.726688385009766,-0.003483414649963379,17,245,0.002054870128631592
SLIM*MIX_oms_pat5_fn-full_extended_const-small_ints_ogens200_auxw0,f57b92b8-8099-11f1-a1ec-2c7ba0e6fa90,synthetic_prior,0,141,0.9979726076126099,0.09621477127075195,46302.0,0.9957441687583923,30.929813385009766,0.0008665919303894043,0.9970201253890991,2017.75390625,0.0016846656799316406,0.9993524551391602,162.52235412597656,-0.001397252082824707,1.0035825967788696,0.021197602152824402,-0.00906074047088623,1.0145862102508545,9.996048927307129,-0.032514095306396484,1.0012538433074951,16.726688385009766,-0.003483414649963379,17,245,0.002054870128631592
SLIM*MIX_oms_pat5_fn-full_extended_const-small_ints_ogens200_auxw0,f57b92b8-8099-11f1-a1ec-2c7ba0e6fa90,synthetic_prior,0,142,0.9979726076126099,0.23590850830078125,23794.0,0.9957441687583923,30.929813385009766,0.0008665919303894043,0.9970201253890991,2017.75390625,0.0016846656799316406,0.9993524551391602,162.52235412597656,-0.001397252082824707,1.0035825967788696,0.021197602152824402,-0.00906074047088623,1.0145862102508545,9.996048927307129,-0.032514095306396484,1.0012538433074951,16.726688385009766,-0.003483414649963379,17,245,0.002054870128631592
SLIM*MIX_oms_pat5_fn-full_extended_const-small_ints_ogens200_auxw0,f57b92b8-8099-11f1-a1ec-2c7ba0e6fa90,synthetic_prior,0,143,0.9979726076126099,0.27250146865844727,35471.0,0.9957441687583923,30.929813385009766,0.0008665919303894043,0.9970201253890991,2017.75390625,0.0016846656799316406,0.9993524551391602,162.52235412597656,-0.001397252082824707,1.0035825967788696,0.021197602152824402,-0.00906074047088623,1.0145862102508545,9.996048927307129,-0.032514095306396484,1.0012538433074951,16.726688385009766,-0.003483414649963379,17,245,0.002054870128631592
SLIM*MIX_oms_pat5_fn-full_extended_const-small_ints_ogens200_auxw0,f57b92b8-8099-11f1-a1ec-2c7ba0e6fa90,synthetic_prior,0,144,0.9979721903800964,0.25260019302368164,45060.0,0.995751678943634,30.93004608154297,0.0008515715599060059,0.9971746206283569,2018.0665283203125,0.0013752579689025879,0.9993429780006409,162.52081298828125,-0.001378178596496582,1.0033605098724365,0.02119290828704834,-0.008614063262939453,1.013578176498413,9.986117362976074,-0.030463457107543945,1.0016764402389526,16.733749389648438,-0.004330873489379883,16,235,0.0020555853843688965
SLIM*MIX_oms_pat5_fn-full_extended_const-small_ints_ogens200_auxw0,f57b92b8-8099-11f1-a1ec-2c7ba0e6fa90,synthetic_prior,0,145,0.9979721903800964,0.2500736713409424,49150.0,0.995751678943634,30.93004608154297,0.0008515715599060059,0.9971746206283569,2018.0665283203125,0.0013752579689025879,0.9993429780006409,162.52081298828125,-0.001378178596496582,1.0033605098724365,0.02119290828704834,-0.008614063262939453,1.013578176498413,9.986117362976074,-0.030463457107543945,1.0016764402389526,16.733749389648438,-0.004330873489379883,16,235,0.0020555853843688965
SLIM*MIX_oms_pat5_fn-full_extended_const-small_ints_ogens200_auxw0,f57b92b8-8099-11f1-a1ec-2c7ba0e6fa90,synthetic_prior,0,146,0.9979721903800964,0.2812001705169678,49576.0,0.995751678943634,30.93004608154297,0.0008515715599060059,0.9971746206283569,2018.0665283203125,0.0013752579689025879,0.9993429780006409,162.52081298828125,-0.001378178596496582,1.0033605098724365,0.02119290828704834,-0.008614063262939453,1.013578176498413,9.986117362976074,-0.030463457107543945,1.0016764402389526,16.733749389648438,-0.004330873489379883,16,235,0.0020555853843688965
SLIM*MIX_oms_pat5_fn-full_extended_const-small_ints_ogens200_auxw0,f57b92b8-8099-11f1-a1ec-2c7ba0e6fa90,synthetic_prior,0,147,0.9979721903800964,0.2606391906738281,49416.0,0.995751678943634,30.93004608154297,0.0008515715599060059,0.9971746206283569,2018.0665283203125,0.0013752579689025879,0.9993429780006409,162.52081298828125,-0.001378178596496582,1.0033605098724365,0.02119290828704834,-0.008614063262939453,1.013578176498413,9.986117362976074,-0.030463457107543945,1.0016764402389526,16.733749389648438,-0.004330873489379883,16,235,0.0020555853843688965
SLIM*MIX_oms_pat5_fn-full_extended_const-small_ints_ogens200_auxw0,f57b92b8-8099-11f1-a1ec-2c7ba0e6fa90,synthetic_prior,0,148,0.9979721903800964,0.2534148693084717,49091.0,0.995751678943634,30.93004608154297,0.0008515715599060059,0.9971746206283569,2018.0665283203125,0.0013752579689025879,0.9993429780006409,162.52081298828125,-0.001378178596496582,1.0033605098724365,0.02119290828704834,-0.008614063262939453,1.013578176498413,9.986117362976074,-0.030463457107543945,1.0016764402389526,16.733749389648438,-0.004330873489379883,16,235,0.0020555853843688965
SLIM*MIX_oms_pat5_fn-full_extended_const-small_ints_ogens200_auxw0,f57b92b8-8099-11f1-a1ec-2c7ba0e6fa90,synthetic_prior,0,149,0.9979721903800964,0.30883097648620605,24748.0,0.995751678943634,30.93004608154297,0.0008515715599060059,0.9971746206283569,2018.0665283203125,0.0013752579689025879,0.9993429780006409,162.52081298828125,-0.001378178596496582,1.0033605098724365,0.02119290828704834,-0.008614063262939453,1.013578176498413,9.986117362976074,-0.030463457107543945,1.0016764402389526,16.733749389648438,-0.004330873489379883,16,235,0.0020555853843688965
SLIM*MIX_oms_pat5_fn-full_extended_const-small_ints_ogens200_auxw0,f57b92b8-8099-11f1-a1ec-2c7ba0e6fa90,synthetic_prior,0,150,0.9979696869850159,0.2486872673034668,36985.0,0.9957062602043152,30.92863655090332,0.0009426474571228027,0.9971689581871033,2018.05517578125,0.0013865828514099121,0.9993776679039001,162.5264434814453,-0.0014476776123046875,1.003296136856079,0.0211915522813797,-0.008484959602355957,1.0141925811767578,9.992170333862305,-0.031713008880615234,1.0016127824783325,16.732685089111328,-0.004203081130981445,17,248,0.002060532569885254
SLIM*MIX_oms_pat5_fn-full_extended_const-small_ints_ogens200_auxw0,f57b92b8-8099-11f1-a1ec-2c7ba0e6fa90,synthetic_prior,0,151,0.9979696869850159,0.2212517261505127,45885.0,0.9957062602043152,30.92863655090332,0.0009426474571228027,0.9971689581871033,2018.05517578125,0.0013865828514099121,0.9993776679039001,162.5264434814453,-0.0014476776123046875,1.003296136856079,0.0211915522813797,-0.008484959602355957,1.0141925811767578,9.992170333862305,-0.031713008880615234,1.0016127824783325,16.732685089111328,-0.004203081130981445,17,248,0.002060532569885254
SLIM*MIX_oms_pat5_fn-full_extended_const-small_ints_ogens200_auxw0,f57b92b8-8099-11f1-a1ec-2c7ba0e6fa90,synthetic_prior,0,152,0.9979586005210876,0.20894908905029297,47140.0,0.9957507848739624,30.930017471313477,0.0008533000946044922,0.9969809055328369,2017.6744384765625,0.0017632842063903809,0.999308705329895,162.51522827148438,-0.0013096332550048828,1.002873182296753,0.02118261717259884,-0.007634639739990234,1.015335202217102,10.00342845916748,-0.03403902053833008,1.0016659498214722,16.73357391357422,-0.0043097734451293945,17,248,0.0020827651023864746
SLIM*MIX_oms_pat5_fn-full_extended_const-small_ints_ogens200_auxw0,f57b92b8-8099-11f1-a1ec-2c7ba0e6fa90,synthetic_prior,0,153,0.9979586005210876,0.14190316200256348,47937.0,0.9957507848739624,30.930017471313477,0.0008533000946044922,0.9969809055328369,2017.6744384765625,0.0017632842063903809,0.999308705329895,162.51522827148438,-0.0013096332550048828,1.002873182296753,0.02118261717259884,-0.007634639739990234,1.015335202217102,10.00342845916748,-0.03403902053833008,1.0016659498214722,16.73357391357422,-0.0043097734451293945,17,248,0.0020827651023864746
SLIM*MIX_oms_pat5_fn-full_extended_const-small_ints_ogens200_auxw0,f57b92b8-8099-11f1-a1ec-2c7ba0e6fa90,synthetic_prior,0,154,0.9979586005210876,0.12500524520874023,48507.0,0.9957507848739624,30.930017471313477,0.0008533000946044922,0.9969809055328369,2017.6744384765625,0.0017632842063903809,0.999308705329895,162.51522827148438,-0.0013096332550048828,1.002873182296753,0.02118261717259884,-0.007634639739990234,1.015335202217102,10.00342845916748,-0.03403902053833008,1.0016659498214722,16.73357391357422,-0.0043097734451293945,17,248,0.0020827651023864746
SLIM*MIX_oms_pat5_fn-full_extended_const-small_ints_ogens200_auxw0,f57b92b8-8099-11f1-a1ec-2c7ba0e6fa90,synthetic_prior,0,155,0.9979586005210876,0.11162042617797852,48845.0,0.9957507848739624,30.930017471313477,0.0008533000946044922,0.9969809055328369,2017.6744384765625,0.0017632842063903809,0.999308705329895,162.51522827148438,-0.0013096332550048828,1.002873182296753,0.02118261717259884,-0.007634639739990234,1.015335202217102,10.00342845916748,-0.03403902053833008,1.0016659498214722,16.73357391357422,-0.0043097734451293945,17,248,0.0020827651023864746
SLIM*MIX_oms_pat5_fn-full_extended_const-small_ints_ogens200_auxw0,f57b92b8-8099-11f1-a1ec-2c7ba0e6fa90,synthetic_prior,0,156,0.9979586005210876,0.18920159339904785,48691.0,0.9957507848739624,30.930017471313477,0.0008533000946044922,0.9969809055328369,2017.6744384765625,0.0017632842063903809,0.999308705329895,162.51522827148438,-0.0013096332550048828,1.002873182296753,0.02118261717259884,-0.007634639739990234,1.015335202217102,10.00342845916748,-0.03403902053833008,1.0016659498214722,16.73357391357422,-0.0043097734451293945,17,248,0.0020827651023864746
SLIM*MIX_oms_pat5_fn-full_extended_const-small_ints_ogens200_auxw0,f57b92b8-8099-11f1-a1ec-2c7ba0e6fa90,synthetic_prior,0,157,0.9979586005210876,0.3330423831939697,24895.0,0.9957507848739624,30.930017471313477,0.0008533000946044922,0.9969809055328369,2017.6744384765625,0.0017632842063903809,0.999308705329895,162.51522827148438,-0.0013096332550048828,1.002873182296753,0.02118261717259884,-0.007634639739990234,1.015335202217102,10.00342845916748,-0.03403902053833008,1.0016659498214722,16.73357391357422,-0.0043097734451293945,17,248,0.0020827651023864746
SLIM*MIX_oms_pat5_fn-full_extended_const-small_ints_ogens200_auxw0,f57b92b8-8099-11f1-a1ec-2c7ba0e6fa90,synthetic_prior,0,158,0.9979586005210876,0.23784422874450684,36874.0,0.9957507848739624,30.930017471313477,0.0008533000946044922,0.9969809055328369,2017.6744384765625,0.0017632842063903809,0.999308705329895,162.51522827148438,-0.0013096332550048828,1.002873182296753,0.02118261717259884,-0.007634639739990234,1.015335202217102,10.00342845916748,-0.03403902053833008,1.0016659498214722,16.73357391357422,-0.0043097734451293945,17,248,0.0020827651023864746
SLIM*MIX_oms_pat5_fn-full_extended_const-small_ints_ogens200_auxw0,f57b92b8-8099-11f1-a1ec-2c7ba0e6fa90,synthetic_prior,0,159,0.9979467988014221,0.26509952545166016,46073.0,0.9955430626869202,30.923566818237305,0.0012701153755187988,0.9970157742500305,2017.7451171875,0.0016933083534240723,0.9994040131568909,162.53073120117188,-0.0015004873275756836,1.0023529529571533,0.021171629428863525,-0.006589651107788086,1.011850357055664,9.969095230102539,-0.02695322036743164,1.000928282737732,16.721250534057617,-0.002831101417541504,19,283,0.00210648775100708
SLIM*MIX_oms_pat5_fn-full_extended_const-small_ints_ogens200_auxw0,f57b92b8-8099-11f1-a1ec-2c7ba0e6fa90,synthetic_prior,0,160,0.9979467988014221,0.285264253616333,49381.0,0.9955430626869202,30.923566818237305,0.0012701153755187988,0.9970157742500305,2017.7451171875,0.0016933083534240723,0.9994040131568909,162.53073120117188,-0.0015004873275756836,1.0023529529571533,0.021171629428863525,-0.006589651107788086,1.011850357055664,9.969095230102539,-0.02695322036743164,1.000928282737732,16.721250534057617,-0.002831101417541504,19,283,0.00210648775100708
SLIM*MIX_oms_pat5_fn-full_extended_const-small_ints_ogens200_auxw0,f57b92b8-8099-11f1-a1ec-2c7ba0e6fa90,synthetic_prior,0,161,0.9979467988014221,0.26892995834350586,49547.0,0.9955430626869202,30.923566818237305,0.0012701153755187988,0.9970157742500305,2017.7451171875,0.0016933083534240723,0.9994040131568909,162.53073120117188,-0.0015004873275756836,1.0023529529571533,0.021171629428863525,-0.006589651107788086,1.011850357055664,9.969095230102539,-0.02695322036743164,1.000928282737732,16.721250534057617,-0.002831101417541504,19,283,0.00210648775100708
SLIM*MIX_oms_pat5_fn-full_extended_const-small_ints_ogens200_auxw0,f57b92b8-8099-11f1-a1ec-2c7ba0e6fa90,synthetic_prior,0,162,0.9979467988014221,0.27161169052124023,50566.0,0.9955430626869202,30.923566818237305,0.0012701153755187988,0.9970157742500305,2017.7451171875,0.0016933083534240723,0.9994040131568909,162.53073120117188,-0.0015004873275756836,1.0023529529571533,0.021171629428863525,-0.006589651107788086,1.011850357055664,9.969095230102539,-0.02695322036743164,1.000928282737732,16.721250534057617,-0.002831101417541504,19,283,0.00210648775100708
SLIM*MIX_oms_pat5_fn-full_extended_const-small_ints_ogens200_auxw0,f57b92b8-8099-11f1-a1ec-2c7ba0e6fa90,synthetic_prior,0,163,0.9979467988014221,0.26663684844970703,51372.0,0.9955430626869202,30.923566818237305,0.0012701153755187988,0.9970157742500305,2017.7451171875,0.0016933083534240723,0.9994040131568909,162.53073120117188,-0.0015004873275756836,1.0023529529571533,0.021171629428863525,-0.006589651107788086,1.011850357055664,9.969095230102539,-0.02695322036743164,1.000928282737732,16.721250534057617,-0.002831101417541504,19,283,0.00210648775100708
SLIM*MIX_oms_pat5_fn-full_extended_const-small_ints_ogens200_auxw0,f57b92b8-8099-11f1-a1ec-2c7ba0e6fa90,synthetic_prior,0,164,0.9979465007781982,0.28473353385925293,51293.0,0.9957761764526367,30.930805206298828,0.0008023977279663086,0.9970800280570984,2017.8751220703125,0.001564621925354004,0.9991280436515808,162.48585510253906,-0.0009475946426391602,1.004368543624878,0.021214202046394348,-0.010641932487487793,1.0144602060317993,9.994808197021484,-0.032257676124572754,1.0012494325637817,16.72661590576172,-0.0034748315811157227,19,282,0.0021070241928100586
SLIM*MIX_oms_pat5_fn-full_extended_const-small_ints_ogens200_auxw0,f57b92b8-8099-11f1-a1ec-2c7ba0e6fa90,synthetic_prior,0,165,0.9979465007781982,0.23704123497009277,51353.0,0.9957761764526367,30.930805206298828,0.0008023977279663086,0.9970800280570984,2017.8751220703125,0.001564621925354004,0.9991280436515808,162.48585510253906,-0.0009475946426391602,1.004368543624878,0.021214202046394348,-0.010641932487487793,1.0144602060317993,9.994808197021484,-0.032257676124572754,1.0012494325637817,16.72661590576172,-0.0034748315811157227,19,282,0.0021070241928100586
SLIM*MIX_oms_pat5_fn-full_extended_const-small_ints_ogens200_auxw0,f57b92b8-8099-11f1-a1ec-2c7ba0e6fa90,synthetic_prior,0,166,0.9979465007781982,0.23051834106445312,52039.0,0.9957761764526367,30.930805206298828,0.0008023977279663086,0.9970800280570984,2017.8751220703125,0.001564621925354004,0.9991280436515808,162.48585510253906,-0.0009475946426391602,1.004368543624878,0.021214202046394348,-0.010641932487487793,1.0144602060317993,9.994808197021484,-0.032257676124572754,1.0012494325637817,16.72661590576172,-0.0034748315811157227,19,282,0.0021070241928100586
SLIM*MIX_oms_pat5_fn-full_extended_const-small_ints_ogens200_auxw0,f57b92b8-8099-11f1-a1ec-2c7ba0e6fa90,synthetic_prior,0,167,0.9979465007781982,0.25005173683166504,52864.0,0.9957761764526367,30.930805206298828,0.0008023977279663086,0.9970800280570984,2017.8751220703125,0.001564621925354004,0.9991280436515808,162.48585510253906,-0.0009475946426391602,1.004368543624878,0.021214202046394348,-0.010641932487487793,1.0144602060317993,9.994808197021484,-0.032257676124572754,1.0012494325637817,16.72661590576172,-0.0034748315811157227,19,282,0.0021070241928100586
SLIM*MIX_oms_pat5_fn-full_extended_const-small_ints_ogens200_auxw0,f57b92b8-8099-11f1-a1ec-2c7ba0e6fa90,synthetic_prior,0,168,0.9979465007781982,0.25261640548706055,52140.0,0.9957761764526367,30.930805206298828,0.0008023977279663086,0.9970800280570984,2017.8751220703125,0.001564621925354004,0.9991280436515808,162.48585510253906,-0.0009475946426391602,1.004368543624878,0.021214202046394348,-0.010641932487487793,1.0144602060317993,9.994808197021484,-0.032257676124572754,1.0012494325637817,16.72661590576172,-0.0034748315811157227,19,282,0.0021070241928100586
SLIM*MIX_oms_pat5_fn-full_extended_const-small_ints_ogens200_auxw0,f57b92b8-8099-11f1-a1ec-2c7ba0e6fa90,synthetic_prior,0,169,0.9979340434074402,0.24389362335205078,52732.0,0.9953641891479492,30.918012619018555,0.0016289353370666504,0.997056782245636,2017.828125,0.0016112923622131348,0.999030590057373,162.4700164794922,-0.0007523298263549805,1.0073528289794922,0.021277237683534622,-0.01665663719177246,1.0181108713150024,10.030776023864746,-0.03970050811767578,1.0022058486938477,16.742591857910156,-0.005392551422119141,20,293,0.0021318793296813965
SLIM*MIX_oms_pat5_fn-full_extended_const-small_ints_ogens200_auxw0,f57b92b8-8099-11f1-a1ec-2c7ba0e6fa90,synthetic_prior,0,170,0.9979340434074402,0.2691829204559326,53426.0,0.9953641891479492,30.918012619018555,0.0016289353370666504,0.997056782245636,2017.828125,0.0016112923622131348,0.999030590057373,162.4700164794922,-0.0007523298263549805,1.0073528289794922,0.021277237683534622,-0.01665663719177246,1.0181108713150024,10.030776023864746,-0.03970050811767578,1.0022058486938477,16.742591857910156,-0.005392551422119141,20,293,0.0021318793296813965
SLIM*MIX_oms_pat5_fn-full_extended_const-small_ints_ogens200_auxw0,f57b92b8-8099-11f1-a1ec-2c7ba0e6fa90,synthetic_prior,0,171,0.9979340434074402,0.2854573726654053,54157.0,0.9953641891479492,30.918012619018555,0.0016289353370666504,0.997056782245636,2017.828125,0.0016112923622131348,0.999030590057373,162.4700164794922,-0.0007523298263549805,1.0073528289794922,0.021277237683534622,-0.01665663719177246,1.0181108713150024,10.030776023864746,-0.03970050811767578,1.0022058486938477,16.742591857910156,-0.005392551422119141,20,293,0.0021318793296813965
SLIM*MIX_oms_pat5_fn-full_extended_const-small_ints_ogens200_auxw0,f57b92b8-8099-11f1-a1ec-2c7ba0e6fa90,synthetic_prior,0,172,0.997929036617279,0.24402761459350586,54442.0,0.9953516721725464,30.917621612548828,0.0016540288925170898,0.9970071315765381,2017.7275390625,0.0017107129096984863,0.9989023208618164,162.44915771484375,-0.0004953145980834961,1.0074334144592285,0.02127893827855587,-0.016819357872009277,1.0177801847457886,10.027517318725586,-0.039025068283081055,1.0025765895843506,16.7487850189209,-0.006136536598205566,19,280,0.002141892910003662
SLIM*MIX_oms_pat5_fn-full_extended_const-small_ints_ogens200_auxw0,f57b92b8-8099-11f1-a1ec-2c7ba0e6fa90,synthetic_prior,0,173,0.997929036617279,0.21437764167785645,54655.0,0.9953516721725464,30.917621612548828,0.0016540288925170898,0.9970071315765381,2017.7275390625,0.0017107129096984863,0.9989023208618164,162.44915771484375,-0.0004953145980834961,1.0074334144592285,0.02127893827855587,-0.016819357872009277,1.0177801847457886,10.027517318725586,-0.039025068283081055,1.0025765895843506,16.7487850189209,-0.006136536598205566,19,280,0.002141892910003662
SLIM*MIX_oms_pat5_fn-full_extended_const-small_ints_ogens200_auxw0,f57b92b8-8099-11f1-a1ec-2c7ba0e6fa90,synthetic_prior,0,174,0.9979156851768494,0.17950105667114258,54097.0,0.9957066774368286,30.928647994995117,0.0009418129920959473,0.997048556804657,2017.8115234375,0.0016276836395263672,0.9989855885505676,162.46267700195312,-0.0006622076034545898,1.008025050163269,0.02129143476486206,-0.018014073371887207,1.017045259475708,10.020276069641113,-0.037525177001953125,1.0020066499710083,16.7392635345459,-0.004992842674255371,21,316,0.002168595790863037
SLIM*MIX_oms_pat5_fn-full_extended_const-small_ints_ogens200_auxw0,f57b92b8-8099-11f1-a1ec-2c7ba0e6fa90,synthetic_prior,0,175,0.9979156851768494,0.12045431137084961,54036.0,0.9957066774368286,30.928647994995117,0.0009418129920959473,0.997048556804657,2017.8115234375,0.0016276836395263672,0.9989855885505676,162.46267700195312,-0.0006622076034545898,1.008025050163269,0.02129143476486206,-0.018014073371887207,1.017045259475708,10.020276069641113,-0.037525177001953125,1.0020066499710083,16.7392635345459,-0.004992842674255371,21,316,0.002168595790863037
SLIM*MIX_oms_pat5_fn-full_extended_const-small_ints_ogens200_auxw0,f57b92b8-8099-11f1-a1ec-2c7ba0e6fa90,synthetic_prior,0,176,0.9979115724563599,0.11224842071533203,54888.0,0.9954385161399841,30.920318603515625,0.0014798641204833984,0.9970582127571106,2017.8310546875,0.0016083121299743652,0.9990350604057312,162.47071838378906,-0.0007612705230712891,1.0072628259658813,0.021275335922837257,-0.01647508144378662,1.0158412456512451,10.008414268493652,-0.035070180892944336,1.0020396709442139,16.739816665649414,-0.005059242248535156,20,299,0.0021768808364868164
SLIM*MIX_oms_pat5_fn-full_extended_const-small_ints_ogens200_auxw0,f57b92b8-8099-11f1-a1ec-2c7ba0e6fa90,synthetic_prior,0,177,0.9979025721549988,0.12480568885803223,54901.0,0.9954715967178345,30.921348571777344,0.0014134049415588379,0.9970595836639404,2017.8338623046875,0.0016056299209594727,0.9990026950836182,162.46548461914062,-0.0006964206695556641,1.007251262664795,0.021275093778967857,-0.016451716423034668,1.0151968002319336,10.00206470489502,-0.03375720977783203,1.001886010169983,16.737247467041016,-0.004750847816467285,18,269,0.002194821834564209
SLIM*MIX_oms_pat5_fn-full_extended_const-small_ints_ogens200_auxw0,f57b92b8-8099-11f1-a1ec-2c7ba0e6fa90,synthetic_prior,0,178,0.9979025721549988,0.13162851333618164,54853.0,0.9954715967178345,30.921348571777344,0.0014134049415588379,0.9970595836639404,2017.8338623046875,0.0016056299209594727,0.9990026950836182,162.46548461914062,-0.0006964206695556641,1.007251262664795,0.021275093778967857,-0.016451716423034668,1.0151968002319336,10.00206470489502,-0.03375720977783203,1.001886010169983,16.737247467041016,-0.004750847816467285,18,269,0.002194821834564209
SLIM*MIX_oms_pat5_fn-full_extended_const-small_ints_ogens200_auxw0,f57b92b8-8099-11f1-a1ec-2c7ba0e6fa90,synthetic_prior,0,179,0.9978969097137451,0.1106271743774414,53448.0,0.9954624772071838,30.921062469482422,0.0014317631721496582,0.9971713423728943,2018.059814453125,0.0013818740844726562,0.9994103908538818,162.53176879882812,-0.001513361930847168,1.0029226541519165,0.021183662116527557,-0.007734179496765137,1.0068250894546509,9.919583320617676,-0.016777753829956055,1.0017553567886353,16.735065460205078,-0.004488945007324219,18,249,0.002206146717071533
SLIM*MIX_oms_pat5_fn-full_extended_const-small_ints_ogens200_auxw0,f57b92b8-8099-11f1-a1ec-2c7ba0e6fa90,synthetic_prior,0,180,0.9978962540626526,0.21956133842468262,54393.0,0.9954723715782166,30.921369552612305,0.001412034034729004,0.9971001148223877,2017.915771484375,0.001524507999420166,0.9989588856697083,162.45834350585938,-0.0006086826324462891,1.0068241357803345,0.021266069263219833,-0.015589714050292969,1.014132022857666,9.99157428741455,-0.03158986568450928,1.001704216003418,16.73421287536621,-0.004386425018310547,19,288,0.002207458019256592
SLIM*MIX_oms_pat5_fn-full_extended_const-small_ints_ogens200_auxw0,f57b92b8-8099-11f1-a1ec-2c7ba0e6fa90,synthetic_prior,0,181,0.997883677482605,0.26247453689575195,53654.0,0.9955013990402222,30.922273635864258,0.0013536810874938965,0.9971255660057068,2017.96728515625,0.001473546028137207,0.9994847774505615,162.5438690185547,-0.0016623735427856445,1.0041093826293945,0.02120872773230076,-0.010120272636413574,1.0089640617370605,9.940657615661621,-0.02110278606414795,1.0021767616271973,16.74210548400879,-0.005334377288818359,19,266,0.002232670783996582
SLIM*MIX_oms_pat5_fn-full_extended_const-small_ints_ogens200_auxw0,f57b92b8-8099-11f1-a1ec-2c7ba0e6fa90,synthetic_prior,0,182,0.997883677482605,0.25896143913269043,54575.0,0.9955013990402222,30.922273635864258,0.0013536810874938965,0.9971255660057068,2017.96728515625,0.001473546028137207,0.9994847774505615,162.5438690185547,-0.0016623735427856445,1.0041093826293945,0.02120872773230076,-0.010120272636413574,1.0089640617370605,9.940657615661621,-0.02110278606414795,1.0021767616271973,16.74210548400879,-0.005334377288818359,19,266,0.002232670783996582
SLIM*MIX_oms_pat5_fn-full_extended_const-small_ints_ogens200_auxw0,f57b92b8-8099-11f1-a1ec-2c7ba0e6fa90,synthetic_prior,0,183,0.9978715777397156,0.26320934295654297,55256.0,0.9956642985343933,30.927331924438477,0.0010268092155456543,0.9971343874931335,2017.985107421875,0.001455843448638916,0.9993983507156372,162.52981567382812,-0.0014892816543579102,1.0028804540634155,0.021182769909501076,-0.0076493024826049805,1.0070812702178955,9.922107696533203,-0.017295479774475098,1.0014225244522095,16.729507446289062,-0.0038216114044189453,19,262,0.00225675106048584
SLIM*MIX_oms_pat5_fn-full_extended_const-small_ints_ogens200_auxw0,f57b92b8-8099-11f1-a1ec-2c7ba0e6fa90,synthetic_prior,0,184,0.9978715777397156,0.274280309677124,55288.0,0.9956642985343933,30.927331924438477,0.0010268092155456543,0.9971343874931335,2017.985107421875,0.001455843448638916,0.9993983507156372,162.52981567382812,-0.0014892816543579102,1.0028804540634155,0.021182769909501076,-0.0076493024826049805,1.0070812702178955,9.922107696533203,-0.017295479774475098,1.0014225244522095,16.729507446289062,-0.0038216114044189453,19,262,0.00225675106048584
SLIM*MIX_oms_pat5_fn-full_extended_const-small_ints_ogens200_auxw0,f57b92b8-8099-11f1-a1ec-2c7ba0e6fa90,synthetic_prior,0,185,0.9978715777397156,0.2656245231628418,55592.0,0.9956642985343933,30.927331924438477,0.0010268092155456543,0.9971343874931335,2017.985107421875,0.001455843448638916,0.9993983507156372,162.52981567382812,-0.0014892816543579102,1.0028804540634155,0.021182769909501076,-0.0076493024826049805,1.0070812702178955,9.922107696533203,-0.017295479774475098,1.0014225244522095,16.729507446289062,-0.0038216114044189453,19,262,0.00225675106048584
SLIM*MIX_oms_pat5_fn-full_extended_const-small_ints_ogens200_auxw0,f57b92b8-8099-11f1-a1ec-2c7ba0e6fa90,synthetic_prior,0,186,0.9978715777397156,0.25159263610839844,55593.0,0.9956642985343933,30.927331924438477,0.0010268092155456543,0.9971343874931335,2017.985107421875,0.001455843448638916,0.9993983507156372,162.52981567382812,-0.0014892816543579102,1.0028804540634155,0.021182769909501076,-0.0076493024826049805,1.0070812702178955,9.922107696533203,-0.017295479774475098,1.0014225244522095,16.729507446289062,-0.0038216114044189453,19,262,0.00225675106048584
SLIM*MIX_oms_pat5_fn-full_extended_const-small_ints_ogens200_auxw0,f57b92b8-8099-11f1-a1ec-2c7ba0e6fa90,synthetic_prior,0,187,0.9978683590888977,0.2605149745941162,55936.0,0.9955965280532837,30.925228118896484,0.0011628270149230957,0.9969306588172913,2017.5728759765625,0.0018638372421264648,0.9990947246551514,162.48043823242188,-0.0008808374404907227,1.0092177391052246,0.02131662517786026,-0.020424246788024902,1.019343376159668,10.04291820526123,-0.04221928119659424,1.0038937330245972,16.770788192749023,-0.008781909942626953,20,302,0.0022632479667663574
SLIM*MIX_oms_pat5_fn-full_extended_const-small_ints_ogens200_auxw0,f57b92b8-8099-11f1-a1ec-2c7ba0e6fa90,synthetic_prior,0,188,0.9978683590888977,0.2706787586212158,56553.0,0.9955965280532837,30.925228118896484,0.0011628270149230957,0.9969306588172913,2017.5728759765625,0.0018638372421264648,0.9990947246551514,162.48043823242188,-0.0008808374404907227,1.0092177391052246,0.02131662517786026,-0.020424246788024902,1.019343376159668,10.04291820526123,-0.04221928119659424,1.0038937330245972,16.770788192749023,-0.008781909942626953,20,302,0.0022632479667663574
SLIM*MIX_oms_pat5_fn-full_extended_const-small_ints_ogens200_auxw0,f57b92b8-8099-11f1-a1ec-2c7ba0e6fa90,synthetic_prior,0,189,0.9978602528572083,0.2895016670227051,56005.0,0.9956518411636353,30.92694664001465,0.001051783561706543,0.9969151616096497,2017.54150390625,0.0018948912620544434,0.9990237951278687,162.46890258789062,-0.0007386207580566406,1.0100347995758057,0.021333884447813034,-0.022077441215515137,1.0252254009246826,10.100870132446289,-0.05428194999694824,1.0039548873901367,16.77181053161621,-0.00890493392944336,19,277,0.0022794604301452637
SLIM*MIX_oms_pat5_fn-full_extended_const-small_ints_ogens200_auxw0,f57b92b8-8099-11f1-a1ec-2c7ba0e6fa90,synthetic_prior,0,190,0.9978602528572083,0.25115084648132324,56795.0,0.9956518411636353,30.92694664001465,0.001051783561706543,0.9969151616096497,2017.54150390625,0.0018948912620544434,0.9990237951278687,162.46890258789062,-0.0007386207580566406,1.0100347995758057,0.021333884447813034,-0.022077441215515137,1.0252254009246826,10.100870132446289,-0.05428194999694824,1.0039548873901367,16.77181053161621,-0.00890493392944336,19,277,0.0022794604301452637
SLIM*MIX_oms_pat5_fn-full_extended_const-small_ints_ogens200_auxw0,f57b92b8-8099-11f1-a1ec-2c7ba0e6fa90,synthetic_prior,0,191,0.9978602528572083,0.2258162498474121,57126.0,0.9956518411636353,30.92694664001465,0.001051783561706543,0.9969151616096497,2017.54150390625,0.0018948912620544434,0.9990237951278687,162.46890258789062,-0.0007386207580566406,1.0100347995758057,0.021333884447813034,-0.022077441215515137,1.0252254009246826,10.100870132446289,-0.05428194999694824,1.0039548873901367,16.77181053161621,-0.00890493392944336,19,277,0.0022794604301452637
SLIM*MIX_oms_pat5_fn-full_extended_const-small_ints_ogens200_auxw0,f57b92b8-8099-11f1-a1ec-2c7ba0e6fa90,synthetic_prior,0,192,0.9978602528572083,0.1816563606262207,57052.0,0.9956518411636353,30.92694664001465,0.001051783561706543,0.9969151616096497,2017.54150390625,0.0018948912620544434,0.9990237951278687,162.46890258789062,-0.0007386207580566406,1.0100347995758057,0.021333884447813034,-0.022077441215515137,1.0252254009246826,10.100870132446289,-0.05428194999694824,1.0039548873901367,16.77181053161621,-0.00890493392944336,19,277,0.0022794604301452637
SLIM*MIX_oms_pat5_fn-full_extended_const-small_ints_ogens200_auxw0,f57b92b8-8099-11f1-a1ec-2c7ba0e6fa90,synthetic_prior,0,193,0.9978498220443726,0.12434554100036621,57647.0,0.9956764578819275,30.927709579467773,0.001002490520477295,0.9970013499259949,2017.7158203125,0.0017222762107849121,0.9990571737289429,162.4743194580078,-0.0008054971694946289,1.007628083229065,0.021283050999045372,-0.017212271690368652,1.0179897546768188,10.029582023620605,-0.03945302963256836,1.0039465427398682,16.77167320251465,-0.00888824462890625,23,356,0.0023003220558166504
SLIM*MIX_oms_pat5_fn-full_extended_const-small_ints_ogens200_auxw0,f57b92b8-8099-11f1-a1ec-2c7ba0e6fa90,synthetic_prior,0,194,0.9978498220443726,0.09584760665893555,58648.0,0.9956764578819275,30.927709579467773,0.001002490520477295,0.9970013499259949,2017.7158203125,0.0017222762107849121,0.9990571737289429,162.4743194580078,-0.0008054971694946289,1.007628083229065,0.021283050999045372,-0.017212271690368652,1.0179897546768188,10.029582023620605,-0.03945302963256836,1.0039465427398682,16.77167320251465,-0.00888824462890625,23,356,0.0023003220558166504
SLIM*MIX_oms_pat5_fn-full_extended_const-small_ints_ogens200_auxw0,f57b92b8-8099-11f1-a1ec-2c7ba0e6fa90,synthetic_prior,0,195,0.9978498220443726,0.27985095977783203,58799.0,0.9956764578819275,30.927709579467773,0.001002490520477295,0.9970013499259949,2017.7158203125,0.0017222762107849121,0.9990571737289429,162.4743194580078,-0.0008054971694946289,1.007628083229065,0.021283050999045372,-0.017212271690368652,1.0179897546768188,10.029582023620605,-0.03945302963256836,1.0039465427398682,16.77167320251465,-0.00888824462890625,23,356,0.0023003220558166504
SLIM*MIX_oms_pat5_fn-full_extended_const-small_ints_ogens200_auxw0,f57b92b8-8099-11f1-a1ec-2c7ba0e6fa90,synthetic_prior,0,196,0.9978495836257935,0.26910948753356934,58826.0,0.9956764578819275,30.927709579467773,0.001002490520477295,0.9970013499259949,2017.7158203125,0.0017222762107849121,0.9990571737289429,162.4743194580078,-0.0008054971694946289,1.0076278448104858,0.021283045411109924,-0.01721179485321045,1.0179897546768188,10.029582023620605,-0.03945302963256836,1.0037635564804077,16.768613815307617,-0.008520364761352539,22,339,0.002300858497619629
SLIM*MIX_oms_pat5_fn-full_extended_const-small_ints_ogens200_auxw0,f57b92b8-8099-11f1-a1ec-2c7ba0e6fa90,synthetic_prior,0,197,0.9978447556495667,0.26046252250671387,60962.0,0.9959821701049805,30.93720817565918,0.00038886070251464844,0.9974398016929626,2018.6031494140625,0.000844120979309082,0.998953640460968,162.45750427246094,-0.0005981922149658203,1.0047434568405151,0.02122212015092373,-0.011396408081054688,1.0134320259094238,9.984678268432617,-0.030166268348693848,1.0038669109344482,16.770339965820312,-0.00872802734375,26,409,0.002310514450073242
SLIM*MIX_oms_pat5_fn-full_extended_const-small_ints_ogens200_auxw0,f57b92b8-8099-11f1-a1ec-2c7ba0e6fa90,synthetic_prior,0,198,0.9978418350219727,0.28125548362731934,63540.0,0.9959900975227356,30.93745231628418,0.00037300586700439453,0.9974304437637329,2018.5843505859375,0.0008628368377685547,0.9989595413208008,162.4584503173828,-0.0006099939346313477,1.0047374963760376,0.02122199535369873,-0.01138460636138916,1.0131826400756836,9.982219696044922,-0.029659152030944824,1.0037771463394165,16.768842697143555,-0.008547663688659668,25,396,0.0023162364959716797
SLIM*MIX_oms_pat5_fn-full_extended_const-small_ints_ogens200_auxw0,f57b92b8-8099-11f1-a1ec-2c7ba0e6fa90,synthetic_prior,0,199,0.997841477394104,0.3000037670135498,63760.0,0.9959900975227356,30.93745231628418,0.00037300586700439453,0.9974304437637329,2018.5843505859375,0.0008628368377685547,0.9989595413208008,162.4584503173828,-0.0006099939346313477,1.004737138748169,0.021221986040472984,-0.011383652687072754,1.0131826400756836,9.982219696044922,-0.029659152030944824,1.0036571025848389,16.766836166381836,-0.008306503295898438,24,379,0.0023169517517089844
SLIM*MIX_oms_pat5_fn-full_extended_const-small_ints_ogens200_auxw0,f57b92b8-8099-11f1-a1ec-2c7ba0e6fa90,synthetic_prior,0,200,0.997778594493866,0.25009846687316895,64833.0,0.9963455200195312,30.94849395751953,-0.00034058094024658203,0.9968986511230469,2017.508056640625,0.0019279122352600098,0.9992901086807251,162.51222229003906,-0.0012723207473754883,1.008314847946167,0.021297555416822433,-0.018599271774291992,1.020190954208374,10.051268577575684,-0.0439530611038208,1.0073513984680176,16.82855224609375,-0.015743017196655273,24,366,0.002442777156829834
SLIM*MIX_oms_pat5_fn-full_extended_const-small_ints_ogens200_auxw1,f57b92b8-8099-11f1-a1ec-2c7ba0e6fa90,synthetic_prior,0,0,1.0089174509048462,0.12826967239379883,889.0,1.0061218738555908,31.252166748046875,-0.02006816864013672,1.007790446281433,2039.5506591796875,-0.020000457763671875,1.008576512336731,164.0224609375,-0.019968509674072266,1.0089842081069946,0.021311694756150246,-0.019952058792114258,1.0084069967269897,9.935168266296387,-0.01997542381286621,1.009427547454834,16.863237380981445,-0.01993417739868164,1,2,-0.019954442977905273
SLIM*MIX_oms_pat5_fn-full_extended_const-small_ints_ogens200_auxw1,f57b92b8-8099-11f1-a1ec-2c7ba0e6fa90,synthetic_prior,0,1,0.9974613785743713,0.1803302764892578,2383.0,0.9959565997123718,30.93641471862793,0.00044018030166625977,0.9998065233230591,2023.3929443359375,-0.0039031505584716797,0.9968354105949402,162.11300659179688,0.0036407113075256348,0.9772480726242065,0.02064136601984501,0.04320096969604492,0.9784653186798096,9.64017391204834,0.039695560932159424,1.0078126192092896,16.836257934570312,-0.01667332649230957,2,15,0.0030769705772399902
SLIM*MIX_oms_pat5_fn-full_extended_const-small_ints_ogens200_auxw1,f57b92b8-8099-11f1-a1ec-2c7ba0e6fa90,synthetic_prior,0,2,0.9964252710342407,0.11518049240112305,2828.0,1.0178052186965942,31.61507225036621,-0.04389607906341553,0.9977625608444214,2019.2564697265625,0.00019729137420654297,1.005229115486145,163.47805786132812,-0.013209342956542969,0.9505404233932495,0.02007724903523922,0.0947839617729187,0.9381439685821533,9.242914199829102,0.11721068620681763,0.9804660081863403,16.379411697387695,0.03775221109390259,2,16,0.005146980285644531
SLIM*MIX_oms_pat5_fn-full_extended_const-small_ints_ogens200_auxw1,f57b92b8-8099-11f1-a1ec-2c7ba0e6fa90,synthetic_prior,0,3,0.9962919354438782,0.09336137771606445,4327.0,1.0139169692993164,31.494295120239258,-0.035935401916503906,0.9962913393974304,2016.2789306640625,0.003143608570098877,1.003543496131897,163.20391845703125,-0.009814143180847168,0.9550682306289673,0.020172884687781334,0.08613955974578857,0.9418322443962097,9.279252052307129,0.11025583744049072,0.982224702835083,16.40879249572754,0.034297049045562744,3,29,0.005413174629211426
SLIM*MIX_oms_pat5_fn-full_extended_const-small_ints_ogens200_auxw1,f57b92b8-8099-11f1-a1ec-2c7ba0e6fa90,synthetic_prior,0,4,0.9960378408432007,0.10949182510375977,5691.0,1.0057497024536133,31.240604400634766,-0.019313454627990723,0.9947689175605774,2013.197998046875,0.006187856197357178,1.000577688217163,162.72158813476562,-0.0038541555404663086,0.9596428275108337,0.02026950940489769,0.07736414670944214,0.9564240574836731,9.423015594482422,0.08247262239456177,0.9867572784423828,16.484512329101562,0.025363802909851074,4,44,0.005920469760894775
SLIM*MIX_oms_pat5_fn-full_extended_const-small_ints_ogens200_auxw1,f57b92b8-8099-11f1-a1ec-2c7ba0e6fa90,synthetic_prior,0,5,0.9959520697593689,0.14063572883605957,6576.0,1.0067566633224487,31.271881103515625,-0.021355509757995605,0.9946659803390503,2012.989501953125,0.006393551826477051,1.000885248184204,162.7716064453125,-0.004471302032470703,0.9564514756202698,0.02020210213959217,0.08349049091339111,0.952988862991333,9.38917064666748,0.08905178308486938,0.9852297306060791,16.458993911743164,0.028379082679748535,5,57,0.006091654300689697
SLIM*MIX_oms_pat5_fn-full_extended_const-small_ints_ogens200_auxw1,f57b92b8-8099-11f1-a1ec-2c7ba0e6fa90,synthetic_prior,0,6,0.9959487318992615,0.10909152030944824,8459.0,1.0068689584732056,31.27536964416504,-0.02158331871032715,0.9946008324623108,2012.8577880859375,0.006523609161376953,1.0008078813552856,162.75904846191406,-0.004316210746765137,0.9560494422912598,0.020193610340356827,0.08426088094711304,0.9524729251861572,9.384087562561035,0.09003782272338867,0.9851477146148682,16.457622528076172,0.028540849685668945,6,74,0.006098330020904541
SLIM*MIX_oms_pat5_fn-full_extended_const-small_ints_ogens200_auxw1,f57b92b8-8099-11f1-a1ec-2c7ba0e6fa90,synthetic_prior,0,7,0.9959487318992615,0.1870253086090088,9704.0,1.0068689584732056,31.27536964416504,-0.02158331871032715,0.9946008324623108,2012.8577880859375,0.006523609161376953,1.0008078813552856,162.75904846191406,-0.004316210746765137,0.9560494422912598,0.020193610340356827,0.08426088094711304,0.9524729251861572,9.384087562561035,0.09003782272338867,0.9851477146148682,16.457622528076172,0.028540849685668945,6,74,0.006098330020904541
SLIM*MIX_oms_pat5_fn-full_extended_const-small_ints_ogens200_auxw1,f57b92b8-8099-11f1-a1ec-2c7ba0e6fa90,synthetic_prior,0,8,0.9958333969116211,0.2348785400390625,11070.0,1.0087813138961792,31.33477210998535,-0.025467753410339355,0.9954620003700256,2014.6005859375,0.004802584648132324,1.001813292503357,162.92254638671875,-0.006335020065307617,0.9523630142211914,0.020115746185183525,0.09130918979644775,0.9501233100891113,9.360939025878906,0.09452176094055176,0.9843447804450989,16.444210052490234,0.03012371063232422,4,44,0.0063285231590271
SLIM*MIX_oms_pat5_fn-full_extended_const-small_ints_ogens200_auxw1,f57b92b8-8099-11f1-a1ec-2c7ba0e6fa90,synthetic_prior,0,9,0.9957742691040039,0.24997353553771973,12185.0,1.0076197385787964,31.29869270324707,-0.023107528686523438,0.9974671006202698,2018.658447265625,0.000789344310760498,1.0008984804153442,162.77377319335938,-0.004498004913330078,0.9674876928329468,0.020435206592082977,0.062217891216278076,0.9643557667732239,9.501161575317383,0.0671912431716919,0.9985869526863098,16.68213653564453,0.001855015754699707,7,93,0.006446480751037598
SLIM*MIX_oms_pat5_fn-full_extended_const-small_ints_ogens200_auxw1,f57b92b8-8099-11f1-a1ec-2c7ba0e6fa90,synthetic_prior,0,10,0.9957165718078613,0.23485231399536133,13005.0,1.010040044784546,31.373872756958008,-0.028028368949890137,0.9956730008125305,2015.027587890625,0.004380583763122559,1.0015150308609009,162.87405395507812,-0.005735993385314941,0.9491143226623535,0.020047126337885857,0.09749811887741089,0.9474385976791382,9.334487915039062,0.09963160753250122,0.9838705062866211,16.43628692626953,0.031058132648468018,7,89,0.006561636924743652
SLIM*MIX_oms_pat5_fn-full_extended_const-small_ints_ogens200_auxw1,f57b92b8-8099-11f1-a1ec-2c7ba0e6fa90,synthetic_prior,0,11,0.9957165718078613,0.2447667121887207,13550.0,1.010040044784546,31.373872756958008,-0.028028368949890137,0.9956730008125305,2015.027587890625,0.004380583763122559,1.0015150308609009,162.87405395507812,-0.005735993385314941,0.9491143226623535,0.020047126337885857,0.09749811887741089,0.9474385976791382,9.334487915039062,0.09963160753250122,0.9838705062866211,16.43628692626953,0.031058132648468018,7,89,0.006561636924743652
SLIM*MIX_oms_pat5_fn-full_extended_const-small_ints_ogens200_auxw1,f57b92b8-8099-11f1-a1ec-2c7ba0e6fa90,synthetic_prior,0,12,0.9951103925704956,0.24964690208435059,14050.0,1.0113569498062134,31.414775848388672,-0.030710816383361816,0.9933192133903503,2010.263916015625,0.009082376956939697,1.002759575843811,163.07643127441406,-0.008237123489379883,0.9359549283981323,0.019769176840782166,0.12235087156295776,0.9363319873809814,9.225062370300293,0.12061750888824463,0.9753280282020569,16.2935791015625,0.04781073331832886,8,102,0.0077707767486572266
SLIM*MIX_oms_pat5_fn-full_extended_const-small_ints_ogens200_auxw1,f57b92b8-8099-11f1-a1ec-2c7ba0e6fa90,synthetic_prior,0,13,0.9951103925704956,0.27175378799438477,15140.0,1.0113569498062134,31.414775848388672,-0.030710816383361816,0.9933192133903503,2010.263916015625,0.009082376956939697,1.002759575843811,163.07643127441406,-0.008237123489379883,0.9359549283981323,0.019769176840782166,0.12235087156295776,0.9363319873809814,9.225062370300293,0.12061750888824463,0.9753280282020569,16.2935791015625,0.04781073331832886,8,102,0.0077707767486572266
SLIM*MIX_oms_pat5_fn-full_extended_const-small_ints_ogens200_auxw1,f57b92b8-8099-11f1-a1ec-2c7ba0e6fa90,synthetic_prior,0,14,0.9951103925704956,0.2636597156524658,16657.0,1.0113569498062134,31.414775848388672,-0.030710816383361816,0.9933192133903503,2010.263916015625,0.009082376956939697,1.002759575843811,163.07643127441406,-0.008237123489379883,0.9359549283981323,0.019769176840782166,0.12235087156295776,0.9363319873809814,9.225062370300293,0.12061750888824463,0.9753280282020569,16.2935791015625,0.04781073331832886,8,102,0.0077707767486572266
SLIM*MIX_oms_pat5_fn-full_extended_const-small_ints_ogens200_auxw1,f57b92b8-8099-11f1-a1ec-2c7ba0e6fa90,synthetic_prior,0,15,0.9949858784675598,0.2338261604309082,17807.0,1.011522650718689,31.419923782348633,-0.03104853630065918,0.9933486580848694,2010.3236083984375,0.009023666381835938,1.0031150579452515,163.13426208496094,-0.008952140808105469,0.936359703540802,0.019777724519371986,0.12159150838851929,0.9456660747528076,9.317024230957031,0.10299748182296753,0.9670329093933105,16.15500259399414,0.06393861770629883,9,114,0.008019089698791504
SLIM*MIX_oms_pat5_fn-full_extended_const-small_ints_ogens200_auxw1,f57b92b8-8099-11f1-a1ec-2c7ba0e6fa90,synthetic_prior,0,16,0.9949858784675598,0.24283862113952637,19084.0,1.011522650718689,31.419923782348633,-0.03104853630065918,0.9933486580848694,2010.3236083984375,0.009023666381835938,1.0031150579452515,163.13426208496094,-0.008952140808105469,0.936359703540802,0.019777724519371986,0.12159150838851929,0.9456660747528076,9.317024230957031,0.10299748182296753,0.9670329093933105,16.15500259399414,0.06393861770629883,9,114,0.008019089698791504
SLIM*MIX_oms_pat5_fn-full_extended_const-small_ints_ogens200_auxw1,f57b92b8-8099-11f1-a1ec-2c7ba0e6fa90,synthetic_prior,0,17,0.9949858784675598,0.21879339218139648,20665.0,1.011522650718689,31.419923782348633,-0.03104853630065918,0.9933486580848694,2010.3236083984375,0.009023666381835938,1.0031150579452515,163.13426208496094,-0.008952140808105469,0.936359703540802,0.019777724519371986,0.12159150838851929,0.9456660747528076,9.317024230957031,0.10299748182296753,0.9670329093933105,16.15500259399414,0.06393861770629883,9,114,0.008019089698791504
SLIM*MIX_oms_pat5_fn-full_extended_const-small_ints_ogens200_auxw1,f57b92b8-8099-11f1-a1ec-2c7ba0e6fa90,synthetic_prior,0,18,0.9949858784675598,0.19558358192443848,22131.0,1.011522650718689,31.419923782348633,-0.03104853630065918,0.9933486580848694,2010.3236083984375,0.009023666381835938,1.0031150579452515,163.13426208496094,-0.008952140808105469,0.936359703540802,0.019777724519371986,0.12159150838851929,0.9456660747528076,9.317024230957031,0.10299748182296753,0.9670329093933105,16.15500259399414,0.06393861770629883,9,114,0.008019089698791504
SLIM*MIX_oms_pat5_fn-full_extended_const-small_ints_ogens200_auxw1,f57b92b8-8099-11f1-a1ec-2c7ba0e6fa90,synthetic_prior,0,19,0.9949706792831421,0.18440937995910645,23007.0,1.0115375518798828,31.42038917541504,-0.03107905387878418,0.9927626848220825,2009.1376953125,0.010192394256591797,1.0041215419769287,163.2979278564453,-0.010977745056152344,0.9404438734054565,0.01986399106681347,0.11391210556030273,0.9456911683082581,9.31727123260498,0.10294991731643677,0.9655587673187256,16.1303768157959,0.06679028272628784,8,101,0.008049488067626953
SLIM*MIX_oms_pat5_fn-full_extended_const-small_ints_ogens200_auxw1,f57b92b8-8099-11f1-a1ec-2c7ba0e6fa90,synthetic_prior,0,20,0.9949706792831421,0.16839337348937988,24404.0,1.0115375518798828,31.42038917541504,-0.03107905387878418,0.9927626848220825,2009.1376953125,0.010192394256591797,1.0041215419769287,163.2979278564453,-0.010977745056152344,0.9404438734054565,0.01986399106681347,0.11391210556030273,0.9456911683082581,9.31727123260498,0.10294991731643677,0.9655587673187256,16.1303768157959,0.06679028272628784,8,101,0.008049488067626953
SLIM*MIX_oms_pat5_fn-full_extended_const-small_ints_ogens200_auxw1,f57b92b8-8099-11f1-a1ec-2c7ba0e6fa90,synthetic_prior,0,21,0.9949677586555481,0.10984373092651367,24473.0,1.011405110359192,31.416275024414062,-0.03080916404724121,0.9927841424942017,2009.1812744140625,0.010149598121643066,1.0042026042938232,163.3111114501953,-0.011141061782836914,0.9409210085868835,0.019874069839715958,0.11301273107528687,0.9462725520133972,9.322999954223633,0.10184651613235474,0.9656002521514893,16.131071090698242,0.06671005487442017,7,84,0.00805521011352539
SLIM*MIX_oms_pat5_fn-full_extended_const-small_ints_ogens200_auxw1,f57b92b8-8099-11f1-a1ec-2c7ba0e6fa90,synthetic_prior,0,22,0.9949677586555481,0.10836553573608398,24328.0,1.011405110359192,31.416275024414062,-0.03080916404724121,0.9927841424942017,2009.1812744140625,0.010149598121643066,1.0042026042938232,163.3111114501953,-0.011141061782836914,0.9409210085868835,0.019874069839715958,0.11301273107528687,0.9462725520133972,9.322999954223633,0.10184651613235474,0.9656002521514893,16.131071090698242,0.06671005487442017,7,84,0.00805521011352539
SLIM*MIX_oms_pat5_fn-full_extended_const-small_ints_ogens200_auxw1,f57b92b8-8099-11f1-a1ec-2c7ba0e6fa90,synthetic_prior,0,23,0.994922399520874,0.0988609790802002,24376.0,1.011391043663025,31.41583824157715,-0.030780553817749023,0.9928180575370789,2009.249755859375,0.010082006454467773,1.0044989585876465,163.35931396484375,-0.011737942695617676,0.9398462176322937,0.01985136792063713,0.11503791809082031,0.9465376138687134,9.325611114501953,0.10134333372116089,0.9672465920448303,16.158573150634766,0.06352484226226807,10,129,0.008145689964294434
SLIM*MIX_oms_pat5_fn-full_extended_const-small_ints_ogens200_auxw1,f57b92b8-8099-11f1-a1ec-2c7ba0e6fa90,synthetic_prior,0,24,0.9948800206184387,0.1077113151550293,24710.0,1.0100281238555908,31.373502731323242,-0.028004169464111328,0.9934673309326172,2010.563720703125,0.00878685712814331,1.003587007522583,163.21099853515625,-0.009901642799377441,0.9418770670890808,0.01989426277577877,0.11120927333831787,0.9509950280189514,9.369526863098145,0.09285950660705566,0.96645587682724,16.145362854003906,0.06505542993545532,10,133,0.008230209350585938
SLIM*MIX_oms_pat5_fn-full_extended_const-small_ints_ogens200_auxw1,f57b92b8-8099-11f1-a1ec-2c7ba0e6fa90,synthetic_prior,0,25,0.9947542548179626,0.1853039264678955,25768.0,1.0112407207489014,31.41116714477539,-0.030473947525024414,0.9929993152618408,2009.6165771484375,0.009720444679260254,1.0048304796218872,163.4132080078125,-0.012405633926391602,0.9418053030967712,0.019892746582627296,0.11134469509124756,0.9457398056983948,9.317750930786133,0.10285758972167969,0.9695204496383667,16.196557998657227,0.0591166615486145,12,162,0.00848090648651123
SLIM*MIX_oms_pat5_fn-full_extended_const-small_ints_ogens200_auxw1,f57b92b8-8099-11f1-a1ec-2c7ba0e6fa90,synthetic_prior,0,26,0.9947542548179626,0.2498164176940918,26636.0,1.0112407207489014,31.41116714477539,-0.030473947525024414,0.9929993152618408,2009.6165771484375,0.009720444679260254,1.0048304796218872,163.4132080078125,-0.012405633926391602,0.9418053030967712,0.019892746582627296,0.11134469509124756,0.9457398056983948,9.317750930786133,0.10285758972167969,0.9695204496383667,16.196557998657227,0.0591166615486145,12,162,0.00848090648651123
SLIM*MIX_oms_pat5_fn-full_extended_const-small_ints_ogens200_auxw1,f57b92b8-8099-11f1-a1ec-2c7ba0e6fa90,synthetic_prior,0,27,0.9954075217247009,0.2497572898864746,27341.0,1.00987708568573,31.368810653686523,-0.027696728706359863,0.9907972812652588,2005.16015625,0.014107704162597656,1.0014063119888306,162.85635375976562,-0.005517482757568359,0.9573769569396973,0.0202216487377882,0.08171606063842773,0.9543353915214539,9.402437210083008,0.086475670337677,0.9767051339149475,16.316585540771484,0.045120060443878174,10,133,0.007178246974945068
SLIM*MIX_oms_pat5_fn-full_extended_const-small_ints_ogens200_auxw1,f57b92b8-8099-11f1-a1ec-2c7ba0e6fa90,synthetic_prior,0,28,0.9947497844696045,0.26522016525268555,29085.0,1.0143711566925049,31.508405685424805,-0.03686380386352539,0.9921211004257202,2007.83935546875,0.011471390724182129,1.0063713788986206,163.663818359375,-0.015513300895690918,0.9298226833343506,0.019639650359749794,0.13381361961364746,0.9384217858314514,9.245651245117188,0.1166878342628479,0.9654557704925537,16.1286563873291,0.06698930263519287,11,151,0.008489847183227539
SLIM*MIX_oms_pat5_fn-full_extended_const-small_ints_ogens200_auxw1,f57b92b8-8099-11f1-a1ec-2c7ba0e6fa90,synthetic_prior,0,29,0.9947454333305359,0.2505655288696289,28553.0,1.0153158903121948,31.53775405883789,-0.038796186447143555,0.9921970367431641,2007.9930419921875,0.011319994926452637,1.0069763660430908,163.76222229003906,-0.016734600067138672,0.9307022094726562,0.019658228382468224,0.13217413425445557,0.9367710947990417,9.229388236999512,0.119792640209198,0.9641867280006409,16.10745620727539,0.06944042444229126,10,137,0.00849848985671997
SLIM*MIX_oms_pat5_fn-full_extended_const-small_ints_ogens200_auxw1,f57b92b8-8099-11f1-a1ec-2c7ba0e6fa90,synthetic_prior,0,30,0.9947454333305359,0.23830056190490723,29204.0,1.0153158903121948,31.53775405883789,-0.038796186447143555,0.9921970367431641,2007.9930419921875,0.011319994926452637,1.0069763660430908,163.76222229003906,-0.016734600067138672,0.9307022094726562,0.019658228382468224,0.13217413425445557,0.9367710947990417,9.229388236999512,0.119792640209198,0.9641867280006409,16.10745620727539,0.06944042444229126,10,137,0.00849848985671997
SLIM*MIX_oms_pat5_fn-full_extended_const-small_ints_ogens200_auxw1,f57b92b8-8099-11f1-a1ec-2c7ba0e6fa90,synthetic_prior,0,31,0.9946998357772827,0.24968194961547852,30367.0,1.0132842063903809,31.474639892578125,-0.034642815589904785,0.9922679662704468,2008.1365966796875,0.011178672313690186,1.0059301853179932,163.59207153320312,-0.014623045921325684,0.9348039031028748,0.019744863733649254,0.1245080828666687,0.9415204524993896,9.276180267333984,0.11084485054016113,0.9654170274734497,16.128007888793945,0.06706416606903076,8,110,0.008589386940002441
SLIM*MIX_oms_pat5_fn-full_extended_const-small_ints_ogens200_auxw1,f57b92b8-8099-11f1-a1ec-2c7ba0e6fa90,synthetic_prior,0,32,0.9946998357772827,0.2499392032623291,31073.0,1.0132842063903809,31.474639892578125,-0.034642815589904785,0.9922679662704468,2008.1365966796875,0.011178672313690186,1.0059301853179932,163.59207153320312,-0.014623045921325684,0.9348039031028748,0.019744863733649254,0.1245080828666687,0.9415204524993896,9.276180267333984,0.11084485054016113,0.9654170274734497,16.128007888793945,0.06706416606903076,8,110,0.008589386940002441
SLIM*MIX_oms_pat5_fn-full_extended_const-small_ints_ogens200_auxw1,f57b92b8-8099-11f1-a1ec-2c7ba0e6fa90,synthetic_prior,0,33,0.994674026966095,0.26814770698547363,31451.0,1.0099494457244873,31.37105941772461,-0.027843952178955078,0.9943358898162842,2012.3216552734375,0.0070528388023376465,1.004421353340149,163.34669494628906,-0.01158154010772705,0.9798380136489868,0.020696070045232773,0.03812277317047119,0.953781008720398,9.39697551727295,0.0875367522239685,0.9649317860603333,16.119901657104492,0.06800174713134766,12,176,0.008640885353088379
SLIM*MIX_oms_pat5_fn-full_extended_const-small_ints_ogens200_auxw1,f57b92b8-8099-11f1-a1ec-2c7ba0e6fa90,synthetic_prior,0,34,0.9945829510688782,0.23486065864562988,32284.0,1.0136412382125854,31.485733032226562,-0.035372257232666016,0.995275616645813,2014.223388671875,0.005175232887268066,1.007124900817871,163.78636169433594,-0.017034530639648438,0.9314002990722656,0.019672971218824387,0.13087189197540283,0.9422169327735901,9.283042907714844,0.10952877998352051,0.9885401725769043,16.514297485351562,0.021838724613189697,17,225,0.008822321891784668
SLIM*MIX_oms_pat5_fn-full_extended_const-small_ints_ogens200_auxw1,f57b92b8-8099-11f1-a1ec-2c7ba0e6fa90,synthetic_prior,0,35,0.9945806860923767,0.2656269073486328,32578.0,1.0165127515792847,31.574926376342773,-0.041246652603149414,0.9921116232872009,2007.820068359375,0.011490345001220703,1.0057952404022217,163.57012939453125,-0.0143507719039917,0.9451152086257935,0.019962657243013382,0.1050875186920166,0.943760335445404,9.298248291015625,0.10660910606384277,0.9654126763343811,16.1279354095459,0.06707257032394409,12,158,0.008826971054077148
SLIM*MIX_oms_pat5_fn-full_extended_const-small_ints_ogens200_auxw1,f57b92b8-8099-11f1-a1ec-2c7ba0e6fa90,synthetic_prior,0,36,0.9945381283760071,0.23381948471069336,32510.0,1.012107491493225,31.43808937072754,-0.032241225242614746,0.9951190948486328,2013.9066162109375,0.005488038063049316,1.0059984922409058,163.60316467285156,-0.014760732650756836,0.9320647716522217,0.019687006250023842,0.12963134050369263,0.9451879262924194,9.3123140335083,0.10390430688858032,0.9874589443206787,16.496232986450195,0.023977279663085938,16,210,0.008911669254302979
SLIM*MIX_oms_pat5_fn-full_extended_const-small_ints_ogens200_auxw1,f57b92b8-8099-11f1-a1ec-2c7ba0e6fa90,synthetic_prior,0,37,0.9945217370986938,0.19461631774902344,32802.0,1.0104690790176392,31.387197494506836,-0.02890193462371826,0.9950486421585083,2013.763916015625,0.0056288838386535645,1.004992127418518,163.4395294189453,-0.012731671333312988,0.9357818961143494,0.019765520468354225,0.12267529964447021,0.949195384979248,9.351797103881836,0.09628951549530029,0.9883768558502197,16.51156997680664,0.02216184139251709,15,197,0.008944451808929443
SLIM*MIX_oms_pat5_fn-full_extended_const-small_ints_ogens200_auxw1,f57b92b8-8099-11f1-a1ec-2c7ba0e6fa90,synthetic_prior,0,38,0.9944207668304443,0.203413724899292,33750.0,1.014807105064392,31.521944046020508,-0.03775513172149658,0.9946456551551819,2012.9483642578125,0.006434142589569092,1.0054235458374023,163.50967407226562,-0.013601303100585938,0.9413607120513916,0.019883355125784874,0.11218351125717163,0.9444498419761658,9.305041313171387,0.10530328750610352,0.9803829193115234,16.37802505493164,0.03791522979736328,17,253,0.009145677089691162
SLIM*MIX_oms_pat5_fn-full_extended_const-small_ints_ogens200_auxw1,f57b92b8-8099-11f1-a1ec-2c7ba0e6fa90,synthetic_prior,0,39,0.9939921498298645,0.2178201675415039,35371.0,1.0123659372329712,31.446115493774414,-0.0327683687210083,0.9892610311508179,2002.0511474609375,0.017162561416625977,1.0038950443267822,163.26109313964844,-0.010521650314331055,0.9500991702079773,0.020067928358912468,0.09562426805496216,0.9620566964149475,9.478509902954102,0.07163363695144653,0.9735503792762756,16.263883590698242,0.051278531551361084,16,248,0.009999632835388184
SLIM*MIX_oms_pat5_fn-full_extended_const-small_ints_ogens200_auxw1,f57b92b8-8099-11f1-a1ec-2c7ba0e6fa90,synthetic_prior,0,40,0.9939921498298645,0.27735257148742676,37431.0,1.0123659372329712,31.446115493774414,-0.0327683687210083,0.9892610311508179,2002.0511474609375,0.017162561416625977,1.0038950443267822,163.26109313964844,-0.010521650314331055,0.9500991702079773,0.020067928358912468,0.09562426805496216,0.9620566964149475,9.478509902954102,0.07163363695144653,0.9735503792762756,16.263883590698242,0.051278531551361084,16,248,0.009999632835388184
SLIM*MIX_oms_pat5_fn-full_extended_const-small_ints_ogens200_auxw1,f57b92b8-8099-11f1-a1ec-2c7ba0e6fa90,synthetic_prior,0,41,0.9939921498298645,0.24300026893615723,39571.0,1.0123659372329712,31.446115493774414,-0.0327683687210083,0.9892610311508179,2002.0511474609375,0.017162561416625977,1.0038950443267822,163.26109313964844,-0.010521650314331055,0.9500991702079773,0.020067928358912468,0.09562426805496216,0.9620566964149475,9.478509902954102,0.07163363695144653,0.9735503792762756,16.263883590698242,0.051278531551361084,16,248,0.009999632835388184
SLIM*MIX_oms_pat5_fn-full_extended_const-small_ints_ogens200_auxw1,f57b92b8-8099-11f1-a1ec-2c7ba0e6fa90,synthetic_prior,0,42,0.9939921498298645,0.23829030990600586,41004.0,1.0123659372329712,31.446115493774414,-0.0327683687210083,0.9892610311508179,2002.0511474609375,0.017162561416625977,1.0038950443267822,163.26109313964844,-0.010521650314331055,0.9500991702079773,0.020067928358912468,0.09562426805496216,0.9620566964149475,9.478509902954102,0.07163363695144653,0.9735503792762756,16.263883590698242,0.051278531551361084,16,248,0.009999632835388184
SLIM*MIX_oms_pat5_fn-full_extended_const-small_ints_ogens200_auxw1,f57b92b8-8099-11f1-a1ec-2c7ba0e6fa90,synthetic_prior,0,43,0.9939921498298645,0.2497410774230957,44750.0,1.0123659372329712,31.446115493774414,-0.0327683687210083,0.9892610311508179,2002.0511474609375,0.017162561416625977,1.0038950443267822,163.26109313964844,-0.010521650314331055,0.9500991702079773,0.020067928358912468,0.09562426805496216,0.9620566964149475,9.478509902954102,0.07163363695144653,0.9735503792762756,16.263883590698242,0.051278531551361084,16,248,0.009999632835388184
SLIM*MIX_oms_pat5_fn-full_extended_const-small_ints_ogens200_auxw1,f57b92b8-8099-11f1-a1ec-2c7ba0e6fa90,synthetic_prior,0,44,0.9939921498298645,0.30185484886169434,23756.0,1.0123659372329712,31.446115493774414,-0.0327683687210083,0.9892610311508179,2002.0511474609375,0.017162561416625977,1.0038950443267822,163.26109313964844,-0.010521650314331055,0.9500991702079773,0.020067928358912468,0.09562426805496216,0.9620566964149475,9.478509902954102,0.07163363695144653,0.9735503792762756,16.263883590698242,0.051278531551361084,16,248,0.009999632835388184
SLIM*MIX_oms_pat5_fn-full_extended_const-small_ints_ogens200_auxw1,f57b92b8-8099-11f1-a1ec-2c7ba0e6fa90,synthetic_prior,0,45,0.9939921498298645,0.2500598430633545,37665.0,1.0123659372329712,31.446115493774414,-0.0327683687210083,0.9892610311508179,2002.0511474609375,0.017162561416625977,1.0038950443267822,163.26109313964844,-0.010521650314331055,0.9500991702079773,0.020067928358912468,0.09562426805496216,0.9620566964149475,9.478509902954102,0.07163363695144653,0.9735503792762756,16.263883590698242,0.051278531551361084,16,248,0.009999632835388184
SLIM*MIX_oms_pat5_fn-full_extended_const-small_ints_ogens200_auxw1,f57b92b8-8099-11f1-a1ec-2c7ba0e6fa90,synthetic_prior,0,46,0.9939829707145691,0.20150470733642578,43959.0,1.0147907733917236,31.521440505981445,-0.037721991539001465,0.9890196919441223,2001.5626220703125,0.017642080783843994,1.0052934885025024,163.488525390625,-0.013339042663574219,0.9459859132766724,0.01998104900121689,0.10343784093856812,0.9577667713165283,9.436244010925293,0.07989466190338135,0.9718952178955078,16.236230850219727,0.05450171232223511,16,238,0.010017931461334229
SLIM*MIX_oms_pat5_fn-full_extended_const-small_ints_ogens200_auxw1,f57b92b8-8099-11f1-a1ec-2c7ba0e6fa90,synthetic_prior,0,47,0.9937165379524231,0.2340075969696045,46334.0,1.014133334159851,31.501018524169922,-0.036377787590026855,0.9854117035865784,1994.2608642578125,0.024796366691589355,1.0053564310073853,163.49876403808594,-0.01346588134765625,0.940863847732544,0.019872860983014107,0.11312037706375122,0.9627698063850403,9.485536575317383,0.07025682926177979,0.9716091156005859,16.2314510345459,0.05505836009979248,16,248,0.01054847240447998
SLIM*MIX_oms_pat5_fn-full_extended_const-small_ints_ogens200_auxw1,f57b92b8-8099-11f1-a1ec-2c7ba0e6fa90,synthetic_prior,0,48,0.9937165379524231,0.1293654441833496,47282.0,1.014133334159851,31.501018524169922,-0.036377787590026855,0.9854117035865784,1994.2608642578125,0.024796366691589355,1.0053564310073853,163.49876403808594,-0.01346588134765625,0.940863847732544,0.019872860983014107,0.11312037706375122,0.9627698063850403,9.485536575317383,0.07025682926177979,0.9716091156005859,16.2314510345459,0.05505836009979248,16,248,0.01054847240447998
SLIM*MIX_oms_pat5_fn-full_extended_const-small_ints_ogens200_auxw1,f57b92b8-8099-11f1-a1ec-2c7ba0e6fa90,synthetic_prior,0,49,0.9937165379524231,0.1325681209564209,48771.0,1.014133334159851,31.501018524169922,-0.036377787590026855,0.9854117035865784,1994.2608642578125,0.024796366691589355,1.0053564310073853,163.49876403808594,-0.01346588134765625,0.940863847732544,0.019872860983014107,0.11312037706375122,0.9627698063850403,9.485536575317383,0.07025682926177979,0.9716091156005859,16.2314510345459,0.05505836009979248,16,248,0.01054847240447998
SLIM*MIX_oms_pat5_fn-full_extended_const-small_ints_ogens200_auxw1,f57b92b8-8099-11f1-a1ec-2c7ba0e6fa90,synthetic_prior,0,50,0.9937165379524231,0.10852718353271484,49463.0,1.014133334159851,31.501018524169922,-0.036377787590026855,0.9854117035865784,1994.2608642578125,0.024796366691589355,1.0053564310073853,163.49876403808594,-0.01346588134765625,0.940863847732544,0.019872860983014107,0.11312037706375122,0.9627698063850403,9.485536575317383,0.07025682926177979,0.9716091156005859,16.2314510345459,0.05505836009979248,16,248,0.01054847240447998
SLIM*MIX_oms_pat5_fn-full_extended_const-small_ints_ogens200_auxw1,f57b92b8-8099-11f1-a1ec-2c7ba0e6fa90,synthetic_prior,0,51,0.9937142729759216,0.12486886978149414,50447.0,1.0139940977096558,31.496692657470703,-0.03609311580657959,0.9853958487510681,1994.2288818359375,0.024827778339385986,1.0053476095199585,163.497314453125,-0.013448119163513184,0.9413743019104004,0.019883641973137856,0.11215788125991821,0.963219165802002,9.489962577819824,0.06938880681991577,0.9716044664382935,16.231372833251953,0.055067360401153564,15,231,0.010553121566772461
SLIM*MIX_oms_pat5_fn-full_extended_const-small_ints_ogens200_auxw1,f57b92b8-8099-11f1-a1ec-2c7ba0e6fa90,synthetic_prior,0,52,0.9937142729759216,0.10181689262390137,51229.0,1.0139940977096558,31.496692657470703,-0.03609311580657959,0.9853958487510681,1994.2288818359375,0.024827778339385986,1.0053476095199585,163.497314453125,-0.013448119163513184,0.9413743019104004,0.019883641973137856,0.11215788125991821,0.963219165802002,9.489962577819824,0.06938880681991577,0.9716044664382935,16.231372833251953,0.055067360401153564,15,231,0.010553121566772461
SLIM*MIX_oms_pat5_fn-full_extended_const-small_ints_ogens200_auxw1,f57b92b8-8099-11f1-a1ec-2c7ba0e6fa90,synthetic_prior,0,53,0.9937142729759216,0.10521888732910156,51714.0,1.0139940977096558,31.496692657470703,-0.03609311580657959,0.9853958487510681,1994.2288818359375,0.024827778339385986,1.0053476095199585,163.497314453125,-0.013448119163513184,0.9413743019104004,0.019883641973137856,0.11215788125991821,0.963219165802002,9.489962577819824,0.06938880681991577,0.9716044664382935,16.231372833251953,0.055067360401153564,15,231,0.010553121566772461
SLIM*MIX_oms_pat5_fn-full_extended_const-small_ints_ogens200_auxw1,f57b92b8-8099-11f1-a1ec-2c7ba0e6fa90,synthetic_prior,0,54,0.9937142729759216,0.10960912704467773,52018.0,1.0139940977096558,31.496692657470703,-0.03609311580657959,0.9853958487510681,1994.2288818359375,0.024827778339385986,1.0053476095199585,163.497314453125,-0.013448119163513184,0.9413743019104004,0.019883641973137856,0.11215788125991821,0.963219165802002,9.489962577819824,0.06938880681991577,0.9716044664382935,16.231372833251953,0.055067360401153564,15,231,0.010553121566772461
SLIM*MIX_oms_pat5_fn-full_extended_const-small_ints_ogens200_auxw1,f57b92b8-8099-11f1-a1ec-2c7ba0e6fa90,synthetic_prior,0,55,0.9937142729759216,0.10921883583068848,52109.0,1.0139940977096558,31.496692657470703,-0.03609311580657959,0.9853958487510681,1994.2288818359375,0.024827778339385986,1.0053476095199585,163.497314453125,-0.013448119163513184,0.9413743019104004,0.019883641973137856,0.11215788125991821,0.963219165802002,9.489962577819824,0.06938880681991577,0.9716044664382935,16.231372833251953,0.055067360401153564,15,231,0.010553121566772461
SLIM*MIX_oms_pat5_fn-full_extended_const-small_ints_ogens200_auxw1,f57b92b8-8099-11f1-a1ec-2c7ba0e6fa90,synthetic_prior,0,56,0.993644654750824,0.14676666259765625,51757.0,1.0127853155136108,31.45914649963379,-0.03362441062927246,0.9875282049179077,1998.5443115234375,0.020602703094482422,1.0044617652893066,163.35325622558594,-0.011662840843200684,0.9452615976333618,0.019965749233961105,0.10481023788452148,0.9668359756469727,9.525596618652344,0.062386929988861084,0.9754173159599304,16.29507064819336,0.04763650894165039,15,219,0.010691642761230469
SLIM*MIX_oms_pat5_fn-full_extended_const-small_ints_ogens200_auxw1,f57b92b8-8099-11f1-a1ec-2c7ba0e6fa90,synthetic_prior,0,57,0.993644654750824,0.24673104286193848,49593.0,1.0127853155136108,31.45914649963379,-0.03362441062927246,0.9875282049179077,1998.5443115234375,0.020602703094482422,1.0044617652893066,163.35325622558594,-0.011662840843200684,0.9452615976333618,0.019965749233961105,0.10481023788452148,0.9668359756469727,9.525596618652344,0.062386929988861084,0.9754173159599304,16.29507064819336,0.04763650894165039,15,219,0.010691642761230469
SLIM*MIX_oms_pat5_fn-full_extended_const-small_ints_ogens200_auxw1,f57b92b8-8099-11f1-a1ec-2c7ba0e6fa90,synthetic_prior,0,58,0.993644654750824,0.27164316177368164,48758.0,1.0127853155136108,31.45914649963379,-0.03362441062927246,0.9875282049179077,1998.5443115234375,0.020602703094482422,1.0044617652893066,163.35325622558594,-0.011662840843200684,0.9452615976333618,0.019965749233961105,0.10481023788452148,0.9668359756469727,9.525596618652344,0.062386929988861084,0.9754173159599304,16.29507064819336,0.04763650894165039,15,219,0.010691642761230469
SLIM*MIX_oms_pat5_fn-full_extended_const-small_ints_ogens200_auxw1,f57b92b8-8099-11f1-a1ec-2c7ba0e6fa90,synthetic_prior,0,59,0.993644654750824,0.2512357234954834,48785.0,1.0127853155136108,31.45914649963379,-0.03362441062927246,0.9875282049179077,1998.5443115234375,0.020602703094482422,1.0044617652893066,163.35325622558594,-0.011662840843200684,0.9452615976333618,0.019965749233961105,0.10481023788452148,0.9668359756469727,9.525596618652344,0.062386929988861084,0.9754173159599304,16.29507064819336,0.04763650894165039,15,219,0.010691642761230469
SLIM*MIX_oms_pat5_fn-full_extended_const-small_ints_ogens200_auxw1,f57b92b8-8099-11f1-a1ec-2c7ba0e6fa90,synthetic_prior,0,60,0.993644654750824,0.26505374908447266,48840.0,1.0127853155136108,31.45914649963379,-0.03362441062927246,0.9875282049179077,1998.5443115234375,0.020602703094482422,1.0044617652893066,163.35325622558594,-0.011662840843200684,0.9452615976333618,0.019965749233961105,0.10481023788452148,0.9668359756469727,9.525596618652344,0.062386929988861084,0.9754173159599304,16.29507064819336,0.04763650894165039,15,219,0.010691642761230469
SLIM*MIX_oms_pat5_fn-full_extended_const-small_ints_ogens200_auxw1,f57b92b8-8099-11f1-a1ec-2c7ba0e6fa90,synthetic_prior,0,61,0.993644654750824,0.3325619697570801,25743.0,1.0127853155136108,31.45914649963379,-0.03362441062927246,0.9875282049179077,1998.5443115234375,0.020602703094482422,1.0044617652893066,163.35325622558594,-0.011662840843200684,0.9452615976333618,0.019965749233961105,0.10481023788452148,0.9668359756469727,9.525596618652344,0.062386929988861084,0.9754173159599304,16.29507064819336,0.04763650894165039,15,219,0.010691642761230469
SLIM*MIX_oms_pat5_fn-full_extended_const-small_ints_ogens200_auxw1,f57b92b8-8099-11f1-a1ec-2c7ba0e6fa90,synthetic_prior,0,62,0.993644654750824,0.2374286651611328,38113.0,1.0127853155136108,31.45914649963379,-0.03362441062927246,0.9875282049179077,1998.5443115234375,0.020602703094482422,1.0044617652893066,163.35325622558594,-0.011662840843200684,0.9452615976333618,0.019965749233961105,0.10481023788452148,0.9668359756469727,9.525596618652344,0.062386929988861084,0.9754173159599304,16.29507064819336,0.04763650894165039,15,219,0.010691642761230469
SLIM*MIX_oms_pat5_fn-full_extended_const-small_ints_ogens200_auxw1,f57b92b8-8099-11f1-a1ec-2c7ba0e6fa90,synthetic_prior,0,63,0.993644654750824,0.2630336284637451,46297.0,1.0127853155136108,31.45914649963379,-0.03362441062927246,0.9875282049179077,1998.5443115234375,0.020602703094482422,1.0044617652893066,163.35325622558594,-0.011662840843200684,0.9452615976333618,0.019965749233961105,0.10481023788452148,0.9668359756469727,9.525596618652344,0.062386929988861084,0.9754173159599304,16.29507064819336,0.04763650894165039,15,219,0.010691642761230469
SLIM*MIX_oms_pat5_fn-full_extended_const-small_ints_ogens200_auxw1,f57b92b8-8099-11f1-a1ec-2c7ba0e6fa90,synthetic_prior,0,64,0.993628740310669,0.26223063468933105,46232.0,1.0125675201416016,31.45237922668457,-0.0331798791885376,0.987970769405365,1999.43994140625,0.019724607467651367,1.0044786930084229,163.35601806640625,-0.011697053909301758,0.9453924298286438,0.019968513399362564,0.10456240177154541,0.9674547910690308,9.531694412231445,0.061186373233795166,0.9761092662811279,16.306629180908203,0.04628473520278931,17,246,0.010723292827606201
SLIM*MIX_oms_pat5_fn-full_extended_const-small_ints_ogens200_auxw1,f57b92b8-8099-11f1-a1ec-2c7ba0e6fa90,synthetic_prior,0,65,0.993628740310669,0.25090956687927246,47071.0,1.0125675201416016,31.45237922668457,-0.0331798791885376,0.987970769405365,1999.43994140625,0.019724607467651367,1.0044786930084229,163.35601806640625,-0.011697053909301758,0.9453924298286438,0.019968513399362564,0.10456240177154541,0.9674547910690308,9.531694412231445,0.061186373233795166,0.9761092662811279,16.306629180908203,0.04628473520278931,17,246,0.010723292827606201
SLIM*MIX_oms_pat5_fn-full_extended_const-small_ints_ogens200_auxw1,f57b92b8-8099-11f1-a1ec-2c7ba0e6fa90,synthetic_prior,0,66,0.9936261773109436,0.2543220520019531,47525.0,1.0126979351043701,31.456432342529297,-0.03344607353210449,0.9886358380317688,2000.7860107421875,0.018404364585876465,1.0050956010818481,163.45632934570312,-0.012940049171447754,0.9426899552345276,0.01991143263876438,0.10967451333999634,0.9672859311103821,9.530030250549316,0.06151396036148071,0.9781168699264526,16.340167999267578,0.042357683181762695,18,261,0.010728538036346436
SLIM*MIX_oms_pat5_fn-full_extended_const-small_ints_ogens200_auxw1,f57b92b8-8099-11f1-a1ec-2c7ba0e6fa90,synthetic_prior,0,67,0.993625819683075,0.24542546272277832,47252.0,1.0127047300338745,31.456642150878906,-0.03345990180969238,0.9886342883110046,2000.7828369140625,0.01840752363204956,1.0050996541976929,163.45700073242188,-0.012948393821716309,0.942673921585083,0.01991109363734722,0.10970479249954224,0.9672760963439941,9.52993392944336,0.06153309345245361,0.9781135320663452,16.340110778808594,0.04236423969268799,17,247,0.010729193687438965
SLIM*MIX_oms_pat5_fn-full_extended_const-small_ints_ogens200_auxw1,f57b92b8-8099-11f1-a1ec-2c7ba0e6fa90,synthetic_prior,0,68,0.993625819683075,0.2518894672393799,47520.0,1.0127047300338745,31.456642150878906,-0.03345990180969238,0.9886342883110046,2000.7828369140625,0.01840752363204956,1.0050996541976929,163.45700073242188,-0.012948393821716309,0.942673921585083,0.01991109363734722,0.10970479249954224,0.9672760963439941,9.52993392944336,0.06153309345245361,0.9781135320663452,16.340110778808594,0.04236423969268799,17,247,0.010729193687438965
SLIM*MIX_oms_pat5_fn-full_extended_const-small_ints_ogens200_auxw1,f57b92b8-8099-11f1-a1ec-2c7ba0e6fa90,synthetic_prior,0,69,0.9936009645462036,0.26365017890930176,45708.0,1.012998342514038,31.465763092041016,-0.03405928611755371,0.9870054721832275,1997.4864501953125,0.021639227867126465,1.0046433210372925,163.38278198242188,-0.01202857494354248,0.9473182559013367,0.02000918984413147,0.10091060400009155,0.9661357402801514,9.518697738647461,0.06374466419219971,0.9762774109840393,16.309438705444336,0.045956194400787354,13,187,0.010778725147247314
SLIM*MIX_oms_pat5_fn-full_extended_const-small_ints_ogens200_auxw1,f57b92b8-8099-11f1-a1ec-2c7ba0e6fa90,synthetic_prior,0,70,0.9936009645462036,0.23153400421142578,45970.0,1.012998342514038,31.465763092041016,-0.03405928611755371,0.9870054721832275,1997.4864501953125,0.021639227867126465,1.0046433210372925,163.38278198242188,-0.01202857494354248,0.9473182559013367,0.02000918984413147,0.10091060400009155,0.9661357402801514,9.518697738647461,0.06374466419219971,0.9762774109840393,16.309438705444336,0.045956194400787354,13,187,0.010778725147247314
SLIM*MIX_oms_pat5_fn-full_extended_const-small_ints_ogens200_auxw1,f57b92b8-8099-11f1-a1ec-2c7ba0e6fa90,synthetic_prior,0,71,0.9936009645462036,0.20728182792663574,45956.0,1.012998342514038,31.465763092041016,-0.03405928611755371,0.9870054721832275,1997.4864501953125,0.021639227867126465,1.0046433210372925,163.38278198242188,-0.01202857494354248,0.9473182559013367,0.02000918984413147,0.10091060400009155,0.9661357402801514,9.518697738647461,0.06374466419219971,0.9762774109840393,16.309438705444336,0.045956194400787354,13,187,0.010778725147247314
SLIM*MIX_oms_pat5_fn-full_extended_const-small_ints_ogens200_auxw1,f57b92b8-8099-11f1-a1ec-2c7ba0e6fa90,synthetic_prior,0,72,0.9936009645462036,0.24164724349975586,44330.0,1.012998342514038,31.465763092041016,-0.03405928611755371,0.9870054721832275,1997.4864501953125,0.021639227867126465,1.0046433210372925,163.38278198242188,-0.01202857494354248,0.9473182559013367,0.02000918984413147,0.10091060400009155,0.9661357402801514,9.518697738647461,0.06374466419219971,0.9762774109840393,16.309438705444336,0.045956194400787354,13,187,0.010778725147247314
SLIM*MIX_oms_pat5_fn-full_extended_const-small_ints_ogens200_auxw1,f57b92b8-8099-11f1-a1ec-2c7ba0e6fa90,synthetic_prior,0,73,0.9936009645462036,0.1048741340637207,44972.0,1.012998342514038,31.465763092041016,-0.03405928611755371,0.9870054721832275,1997.4864501953125,0.021639227867126465,1.0046433210372925,163.38278198242188,-0.01202857494354248,0.9473182559013367,0.02000918984413147,0.10091060400009155,0.9661357402801514,9.518697738647461,0.06374466419219971,0.9762774109840393,16.309438705444336,0.045956194400787354,13,187,0.010778725147247314
SLIM*MIX_oms_pat5_fn-full_extended_const-small_ints_ogens200_auxw1,f57b92b8-8099-11f1-a1ec-2c7ba0e6fa90,synthetic_prior,0,74,0.9936009645462036,0.12590932846069336,22985.0,1.012998342514038,31.465763092041016,-0.03405928611755371,0.9870054721832275,1997.4864501953125,0.021639227867126465,1.0046433210372925,163.38278198242188,-0.01202857494354248,0.9473182559013367,0.02000918984413147,0.10091060400009155,0.9661357402801514,9.518697738647461,0.06374466419219971,0.9762774109840393,16.309438705444336,0.045956194400787354,13,187,0.010778725147247314
SLIM*MIX_oms_pat5_fn-full_extended_const-small_ints_ogens200_auxw1,f57b92b8-8099-11f1-a1ec-2c7ba0e6fa90,synthetic_prior,0,75,0.9936009645462036,0.10885024070739746,35063.0,1.012998342514038,31.465763092041016,-0.03405928611755371,0.9870054721832275,1997.4864501953125,0.021639227867126465,1.0046433210372925,163.38278198242188,-0.01202857494354248,0.9473182559013367,0.02000918984413147,0.10091060400009155,0.9661357402801514,9.518697738647461,0.06374466419219971,0.9762774109840393,16.309438705444336,0.045956194400787354,13,187,0.010778725147247314
SLIM*MIX_oms_pat5_fn-full_extended_const-small_ints_ogens200_auxw1,f57b92b8-8099-11f1-a1ec-2c7ba0e6fa90,synthetic_prior,0,76,0.9936009645462036,0.17836356163024902,41839.0,1.012998342514038,31.465763092041016,-0.03405928611755371,0.9870054721832275,1997.4864501953125,0.021639227867126465,1.0046433210372925,163.38278198242188,-0.01202857494354248,0.9473182559013367,0.02000918984413147,0.10091060400009155,0.9661357402801514,9.518697738647461,0.06374466419219971,0.9762774109840393,16.309438705444336,0.045956194400787354,13,187,0.010778725147247314
SLIM*MIX_oms_pat5_fn-full_extended_const-small_ints_ogens200_auxw1,f57b92b8-8099-11f1-a1ec-2c7ba0e6fa90,synthetic_prior,0,77,0.9936009645462036,0.25372743606567383,44327.0,1.012998342514038,31.465763092041016,-0.03405928611755371,0.9870054721832275,1997.4864501953125,0.021639227867126465,1.0046433210372925,163.38278198242188,-0.01202857494354248,0.9473182559013367,0.02000918984413147,0.10091060400009155,0.9661357402801514,9.518697738647461,0.06374466419219971,0.9762774109840393,16.309438705444336,0.045956194400787354,13,187,0.010778725147247314
SLIM*MIX_oms_pat5_fn-full_extended_const-small_ints_ogens200_auxw1,f57b92b8-8099-11f1-a1ec-2c7ba0e6fa90,synthetic_prior,0,78,0.9936009645462036,0.26330995559692383,44351.0,1.012998342514038,31.465763092041016,-0.03405928611755371,0.9870054721832275,1997.4864501953125,0.021639227867126465,1.0046433210372925,163.38278198242188,-0.01202857494354248,0.9473182559013367,0.02000918984413147,0.10091060400009155,0.9661357402801514,9.518697738647461,0.06374466419219971,0.9762774109840393,16.309438705444336,0.045956194400787354,13,187,0.010778725147247314
SLIM*MIX_oms_pat5_fn-full_extended_const-small_ints_ogens200_auxw1,f57b92b8-8099-11f1-a1ec-2c7ba0e6fa90,synthetic_prior,0,79,0.9936009645462036,0.3052182197570801,21796.0,1.012998342514038,31.465763092041016,-0.03405928611755371,0.9870054721832275,1997.4864501953125,0.021639227867126465,1.0046433210372925,163.38278198242188,-0.01202857494354248,0.9473182559013367,0.02000918984413147,0.10091060400009155,0.9661357402801514,9.518697738647461,0.06374466419219971,0.9762774109840393,16.309438705444336,0.045956194400787354,13,187,0.010778725147247314
SLIM*MIX_oms_pat5_fn-full_extended_const-small_ints_ogens200_auxw1,f57b92b8-8099-11f1-a1ec-2c7ba0e6fa90,synthetic_prior,0,80,0.9936009645462036,0.23530864715576172,32611.0,1.012998342514038,31.465763092041016,-0.03405928611755371,0.9870054721832275,1997.4864501953125,0.021639227867126465,1.0046433210372925,163.38278198242188,-0.01202857494354248,0.9473182559013367,0.02000918984413147,0.10091060400009155,0.9661357402801514,9.518697738647461,0.06374466419219971,0.9762774109840393,16.309438705444336,0.045956194400787354,13,187,0.010778725147247314
SLIM*MIX_oms_pat5_fn-full_extended_const-small_ints_ogens200_auxw1,f57b92b8-8099-11f1-a1ec-2c7ba0e6fa90,synthetic_prior,0,81,0.9936009645462036,0.23909449577331543,38461.0,1.012998342514038,31.465763092041016,-0.03405928611755371,0.9870054721832275,1997.4864501953125,0.021639227867126465,1.0046433210372925,163.38278198242188,-0.01202857494354248,0.9473182559013367,0.02000918984413147,0.10091060400009155,0.9661357402801514,9.518697738647461,0.06374466419219971,0.9762774109840393,16.309438705444336,0.045956194400787354,13,187,0.010778725147247314
SLIM*MIX_oms_pat5_fn-full_extended_const-small_ints_ogens200_auxw1,f57b92b8-8099-11f1-a1ec-2c7ba0e6fa90,synthetic_prior,0,82,0.9936009645462036,0.2586386203765869,40978.0,1.012998342514038,31.465763092041016,-0.03405928611755371,0.9870054721832275,1997.4864501953125,0.021639227867126465,1.0046433210372925,163.38278198242188,-0.01202857494354248,0.9473182559013367,0.02000918984413147,0.10091060400009155,0.9661357402801514,9.518697738647461,0.06374466419219971,0.9762774109840393,16.309438705444336,0.045956194400787354,13,187,0.010778725147247314
SLIM*MIX_oms_pat5_fn-full_extended_const-small_ints_ogens200_auxw1,f57b92b8-8099-11f1-a1ec-2c7ba0e6fa90,synthetic_prior,0,83,0.9933553338050842,0.2538485527038574,40941.0,1.0160844326019287,31.561622619628906,-0.040369272232055664,0.9932030439376831,2010.029052734375,0.00931406021118164,1.0066972970962524,163.71681213378906,-0.016170978546142578,0.9482254385948181,0.020028352737426758,0.09918773174285889,0.9622164964675903,9.480084419250488,0.07132524251937866,0.9755996465682983,16.298114776611328,0.04728043079376221,15,217,0.011267781257629395
SLIM*MIX_oms_pat5_fn-full_extended_const-small_ints_ogens200_auxw1,f57b92b8-8099-11f1-a1ec-2c7ba0e6fa90,synthetic_prior,0,84,0.993354856967926,0.25110316276550293,41448.0,1.0160630941390991,31.560958862304688,-0.04032552242279053,0.9932079315185547,2010.038818359375,0.009304404258728027,1.006669044494629,163.7122344970703,-0.016114115715026855,0.9482380151748657,0.02002861723303795,0.09916388988494873,0.9622018337249756,9.479940414428711,0.07135355472564697,0.9755894541740417,16.29794692993164,0.04730027914047241,16,231,0.011268675327301025
SLIM*MIX_oms_pat5_fn-full_extended_const-small_ints_ogens200_auxw1,f57b92b8-8099-11f1-a1ec-2c7ba0e6fa90,synthetic_prior,0,85,0.993354856967926,0.24474668502807617,40955.0,1.0160630941390991,31.560958862304688,-0.04032552242279053,0.9932079315185547,2010.038818359375,0.009304404258728027,1.006669044494629,163.7122344970703,-0.016114115715026855,0.9482380151748657,0.02002861723303795,0.09916388988494873,0.9622018337249756,9.479940414428711,0.07135355472564697,0.9755894541740417,16.29794692993164,0.04730027914047241,16,231,0.011268675327301025
SLIM*MIX_oms_pat5_fn-full_extended_const-small_ints_ogens200_auxw1,f57b92b8-8099-11f1-a1ec-2c7ba0e6fa90,synthetic_prior,0,86,0.993354856967926,0.2608041763305664,41303.0,1.0160630941390991,31.560958862304688,-0.04032552242279053,0.9932079315185547,2010.038818359375,0.009304404258728027,1.006669044494629,163.7122344970703,-0.016114115715026855,0.9482380151748657,0.02002861723303795,0.09916388988494873,0.9622018337249756,9.479940414428711,0.07135355472564697,0.9755894541740417,16.29794692993164,0.04730027914047241,16,231,0.011268675327301025
SLIM*MIX_oms_pat5_fn-full_extended_const-small_ints_ogens200_auxw1,f57b92b8-8099-11f1-a1ec-2c7ba0e6fa90,synthetic_prior,0,87,0.993354856967926,0.25090980529785156,42120.0,1.0160630941390991,31.560958862304688,-0.04032552242279053,0.9932079315185547,2010.038818359375,0.009304404258728027,1.006669044494629,163.7122344970703,-0.016114115715026855,0.9482380151748657,0.02002861723303795,0.09916388988494873,0.9622018337249756,9.479940414428711,0.07135355472564697,0.9755894541740417,16.29794692993164,0.04730027914047241,16,231,0.011268675327301025
SLIM*MIX_oms_pat5_fn-full_extended_const-small_ints_ogens200_auxw1,f57b92b8-8099-11f1-a1ec-2c7ba0e6fa90,synthetic_prior,0,88,0.993354856967926,0.25498485565185547,42453.0,1.0160630941390991,31.560958862304688,-0.04032552242279053,0.9932079315185547,2010.038818359375,0.009304404258728027,1.006669044494629,163.7122344970703,-0.016114115715026855,0.9482380151748657,0.02002861723303795,0.09916388988494873,0.9622018337249756,9.479940414428711,0.07135355472564697,0.9755894541740417,16.29794692993164,0.04730027914047241,16,231,0.011268675327301025
SLIM*MIX_oms_pat5_fn-full_extended_const-small_ints_ogens200_auxw1,f57b92b8-8099-11f1-a1ec-2c7ba0e6fa90,synthetic_prior,0,89,0.993296205997467,0.23001599311828613,43999.0,1.0150902271270752,31.530742645263672,-0.03833436965942383,0.9935903549194336,2010.8128662109375,0.008541345596313477,1.0069705247879028,163.76124572753906,-0.016722798347473145,0.9470723271369934,0.020003994926810265,0.10137742757797241,0.9634459018707275,9.492197036743164,0.0689505934715271,0.9747838973999023,16.284486770629883,0.04887300729751587,17,243,0.01138538122177124
SLIM*MIX_oms_pat5_fn-full_extended_const-small_ints_ogens200_auxw1,f57b92b8-8099-11f1-a1ec-2c7ba0e6fa90,synthetic_prior,0,90,0.993296205997467,0.19359445571899414,45063.0,1.0150902271270752,31.530742645263672,-0.03833436965942383,0.9935903549194336,2010.8128662109375,0.008541345596313477,1.0069705247879028,163.76124572753906,-0.016722798347473145,0.9470723271369934,0.020003994926810265,0.10137742757797241,0.9634459018707275,9.492197036743164,0.0689505934715271,0.9747838973999023,16.284486770629883,0.04887300729751587,17,243,0.01138538122177124
SLIM*MIX_oms_pat5_fn-full_extended_const-small_ints_ogens200_auxw1,f57b92b8-8099-11f1-a1ec-2c7ba0e6fa90,synthetic_prior,0,91,0.9932605028152466,0.20731759071350098,45489.0,1.0148447751998901,31.523115158081055,-0.03783214092254639,0.9936485886573792,2010.9305419921875,0.008425116539001465,1.0060397386550903,163.60987854003906,-0.014843940734863281,0.9497297406196594,0.02006012387573719,0.09632742404937744,0.9617267847061157,9.475259780883789,0.07227027416229248,0.9769619703292847,16.32087516784668,0.04461783170700073,17,243,0.011456429958343506
SLIM*MIX_oms_pat5_fn-full_extended_const-small_ints_ogens200_auxw1,f57b92b8-8099-11f1-a1ec-2c7ba0e6fa90,synthetic_prior,0,92,0.9932605028152466,0.1267528533935547,43313.0,1.0148447751998901,31.523115158081055,-0.03783214092254639,0.9936485886573792,2010.9305419921875,0.008425116539001465,1.0060397386550903,163.60987854003906,-0.014843940734863281,0.9497297406196594,0.02006012387573719,0.09632742404937744,0.9617267847061157,9.475259780883789,0.07227027416229248,0.9769619703292847,16.32087516784668,0.04461783170700073,17,243,0.011456429958343506
SLIM*MIX_oms_pat5_fn-full_extended_const-small_ints_ogens200_auxw1,f57b92b8-8099-11f1-a1ec-2c7ba0e6fa90,synthetic_prior,0,93,0.9932605028152466,0.11759209632873535,43992.0,1.0148447751998901,31.523115158081055,-0.03783214092254639,0.9936485886573792,2010.9305419921875,0.008425116539001465,1.0060397386550903,163.60987854003906,-0.014843940734863281,0.9497297406196594,0.02006012387573719,0.09632742404937744,0.9617267847061157,9.475259780883789,0.07227027416229248,0.9769619703292847,16.32087516784668,0.04461783170700073,17,243,0.011456429958343506
SLIM*MIX_oms_pat5_fn-full_extended_const-small_ints_ogens200_auxw1,f57b92b8-8099-11f1-a1ec-2c7ba0e6fa90,synthetic_prior,0,94,0.9932605028152466,0.1588435173034668,42227.0,1.0148447751998901,31.523115158081055,-0.03783214092254639,0.9936485886573792,2010.9305419921875,0.008425116539001465,1.0060397386550903,163.60987854003906,-0.014843940734863281,0.9497297406196594,0.02006012387573719,0.09632742404937744,0.9617267847061157,9.475259780883789,0.07227027416229248,0.9769619703292847,16.32087516784668,0.04461783170700073,17,243,0.011456429958343506
SLIM*MIX_oms_pat5_fn-full_extended_const-small_ints_ogens200_auxw1,f57b92b8-8099-11f1-a1ec-2c7ba0e6fa90,synthetic_prior,0,95,0.9932605028152466,0.2542903423309326,41726.0,1.0148447751998901,31.523115158081055,-0.03783214092254639,0.9936485886573792,2010.9305419921875,0.008425116539001465,1.0060397386550903,163.60987854003906,-0.014843940734863281,0.9497297406196594,0.02006012387573719,0.09632742404937744,0.9617267847061157,9.475259780883789,0.07227027416229248,0.9769619703292847,16.32087516784668,0.04461783170700073,17,243,0.011456429958343506
SLIM*MIX_oms_pat5_fn-full_extended_const-small_ints_ogens200_auxw1,f57b92b8-8099-11f1-a1ec-2c7ba0e6fa90,synthetic_prior,0,96,0.9932520985603333,0.24889159202575684,42004.0,1.016408920288086,31.57170295715332,-0.04103398323059082,0.9939037561416626,2011.4468994140625,0.007915794849395752,1.0070399045944214,163.77252197265625,-0.016862869262695312,0.9463306069374084,0.019988330081105232,0.10278433561325073,0.9594351649284363,9.452682495117188,0.07668620347976685,0.9773192405700684,16.32684326171875,0.04391884803771973,16,231,0.01147317886352539
SLIM*MIX_oms_pat5_fn-full_extended_const-small_ints_ogens200_auxw1,f57b92b8-8099-11f1-a1ec-2c7ba0e6fa90,synthetic_prior,0,97,0.9937352538108826,0.2654848098754883,42852.0,1.0091722011566162,31.346914291381836,-0.026262521743774414,0.9936580061912537,2010.94970703125,0.008406341075897217,1.0036063194274902,163.2141571044922,-0.009940624237060547,0.9464148283004761,0.0199901070445776,0.10262465476989746,0.9696882367134094,9.553698539733887,0.0568467378616333,0.9874420762062073,16.49595069885254,0.02401059865951538,15,216,0.010511219501495361
SLIM*MIX_oms_pat5_fn-full_extended_const-small_ints_ogens200_auxw1,f57b92b8-8099-11f1-a1ec-2c7ba0e6fa90,synthetic_prior,0,98,0.9932312369346619,0.25911927223205566,43231.0,1.0201945304870605,31.689289093017578,-0.048802971839904785,0.994752049446106,2013.1636962890625,0.006221592426300049,1.0082521438598633,163.9696807861328,-0.019312500953674316,0.944563627243042,0.019951006397604942,0.10613179206848145,0.9634157419204712,9.491899490356445,0.06900894641876221,0.9731441140174866,16.257095336914062,0.05207020044326782,17,237,0.011514782905578613
SLIM*MIX_oms_pat5_fn-full_extended_const-small_ints_ogens200_auxw1,f57b92b8-8099-11f1-a1ec-2c7ba0e6fa90,synthetic_prior,0,99,0.9932184815406799,0.2501082420349121,43579.0,1.0201669931411743,31.68843650817871,-0.048746466636657715,0.9950157999992371,2013.6973876953125,0.005694568157196045,1.0082660913467407,163.9719696044922,-0.019340872764587402,0.944826066493988,0.019956549629569054,0.10563504695892334,0.9636255502700806,9.493967056274414,0.06860339641571045,0.973664402961731,16.26578712463379,0.05105632543563843,18,248,0.011540114879608154
SLIM*MIX_oms_pat5_fn-full_extended_const-small_ints_ogens200_auxw1,f57b92b8-8099-11f1-a1ec-2c7ba0e6fa90,synthetic_prior,0,100,0.9932184815406799,0.2713954448699951,43932.0,1.0201669931411743,31.68843650817871,-0.048746466636657715,0.9950157999992371,2013.6973876953125,0.005694568157196045,1.0082660913467407,163.9719696044922,-0.019340872764587402,0.944826066493988,0.019956549629569054,0.10563504695892334,0.9636255502700806,9.493967056274414,0.06860339641571045,0.973664402961731,16.26578712463379,0.05105632543563843,18,248,0.011540114879608154
SLIM*MIX_oms_pat5_fn-full_extended_const-small_ints_ogens200_auxw1,f57b92b8-8099-11f1-a1ec-2c7ba0e6fa90,synthetic_prior,0,101,0.9932184815406799,0.2692301273345947,45151.0,1.0201669931411743,31.68843650817871,-0.048746466636657715,0.9950157999992371,2013.6973876953125,0.005694568157196045,1.0082660913467407,163.9719696044922,-0.019340872764587402,0.944826066493988,0.019956549629569054,0.10563504695892334,0.9636255502700806,9.493967056274414,0.06860339641571045,0.973664402961731,16.26578712463379,0.05105632543563843,18,248,0.011540114879608154
SLIM*MIX_oms_pat5_fn-full_extended_const-small_ints_ogens200_auxw1,f57b92b8-8099-11f1-a1ec-2c7ba0e6fa90,synthetic_prior,0,102,0.9931570291519165,0.24851298332214355,45574.0,1.018227219581604,31.62818145751953,-0.0447620153427124,0.9919779896736145,2007.5498046875,0.011756479740142822,1.0082963705062866,163.9768829345703,-0.019401907920837402,0.9486502408981323,0.020037325099110603,0.098380446434021,0.9635021686553955,9.492751121520996,0.06884193420410156,0.9714624881744385,16.229001998901367,0.05534350872039795,17,227,0.01166236400604248
SLIM*MIX_oms_pat5_fn-full_extended_const-small_ints_ogens200_auxw1,f57b92b8-8099-11f1-a1ec-2c7ba0e6fa90,synthetic_prior,0,103,0.9930512309074402,0.232774019241333,45117.0,1.0169471502304077,31.588422775268555,-0.0421367883682251,0.9919073581695557,2007.40673828125,0.011897265911102295,1.0070745944976807,163.77818298339844,-0.01693284511566162,0.9497319459915161,0.02006017230451107,0.09632313251495361,0.9657530188560486,9.514927864074707,0.06448614597320557,0.9713249206542969,16.226701736450195,0.0556110143661499,18,238,0.011873006820678711
SLIM*MIX_oms_pat5_fn-full_extended_const-small_ints_ogens200_auxw1,f57b92b8-8099-11f1-a1ec-2c7ba0e6fa90,synthetic_prior,0,104,0.9930512309074402,0.24990582466125488,44642.0,1.0169471502304077,31.588422775268555,-0.0421367883682251,0.9919073581695557,2007.40673828125,0.011897265911102295,1.0070745944976807,163.77818298339844,-0.01693284511566162,0.9497319459915161,0.02006017230451107,0.09632313251495361,0.9657530188560486,9.514927864074707,0.06448614597320557,0.9713249206542969,16.226701736450195,0.0556110143661499,18,238,0.011873006820678711
SLIM*MIX_oms_pat5_fn-full_extended_const-small_ints_ogens200_auxw1,f57b92b8-8099-11f1-a1ec-2c7ba0e6fa90,synthetic_prior,0,105,0.9930512309074402,0.2695035934448242,44581.0,1.0169471502304077,31.588422775268555,-0.0421367883682251,0.9919073581695557,2007.40673828125,0.011897265911102295,1.0070745944976807,163.77818298339844,-0.01693284511566162,0.9497319459915161,0.02006017230451107,0.09632313251495361,0.9657530188560486,9.514927864074707,0.06448614597320557,0.9713249206542969,16.226701736450195,0.0556110143661499,18,238,0.011873006820678711
SLIM*MIX_oms_pat5_fn-full_extended_const-small_ints_ogens200_auxw1,f57b92b8-8099-11f1-a1ec-2c7ba0e6fa90,synthetic_prior,0,106,0.9930512309074402,0.21420574188232422,43634.0,1.0169471502304077,31.588422775268555,-0.0421367883682251,0.9919073581695557,2007.40673828125,0.011897265911102295,1.0070745944976807,163.77818298339844,-0.01693284511566162,0.9497319459915161,0.02006017230451107,0.09632313251495361,0.9657530188560486,9.514927864074707,0.06448614597320557,0.9713249206542969,16.226701736450195,0.0556110143661499,18,238,0.011873006820678711
SLIM*MIX_oms_pat5_fn-full_extended_const-small_ints_ogens200_auxw1,f57b92b8-8099-11f1-a1ec-2c7ba0e6fa90,synthetic_prior,0,107,0.9930465221405029,0.19995379447937012,44597.0,1.0165337324142456,31.575576782226562,-0.041289567947387695,0.9915934205055237,2006.7713623046875,0.012522637844085693,1.0072495937347412,163.806640625,-0.01728641986846924,0.9490199089050293,0.02004513330757618,0.09767758846282959,0.9669424295425415,9.526646614074707,0.06218045949935913,0.9713765978813171,16.227567672729492,0.05551058053970337,19,257,0.011882364749908447
SLIM*MIX_oms_pat5_fn-full_extended_const-small_ints_ogens200_auxw1,f57b92b8-8099-11f1-a1ec-2c7ba0e6fa90,synthetic_prior,0,108,0.9930465221405029,0.15455245971679688,43739.0,1.0165337324142456,31.575576782226562,-0.041289567947387695,0.9915934205055237,2006.7713623046875,0.012522637844085693,1.0072495937347412,163.806640625,-0.01728641986846924,0.9490199089050293,0.02004513330757618,0.09767758846282959,0.9669424295425415,9.526646614074707,0.06218045949935913,0.9713765978813171,16.227567672729492,0.05551058053970337,19,257,0.011882364749908447
SLIM*MIX_oms_pat5_fn-full_extended_const-small_ints_ogens200_auxw1,f57b92b8-8099-11f1-a1ec-2c7ba0e6fa90,synthetic_prior,0,109,0.9930465221405029,0.12200546264648438,44342.0,1.0165337324142456,31.575576782226562,-0.041289567947387695,0.9915934205055237,2006.7713623046875,0.012522637844085693,1.0072495937347412,163.806640625,-0.01728641986846924,0.9490199089050293,0.02004513330757618,0.09767758846282959,0.9669424295425415,9.526646614074707,0.06218045949935913,0.9713765978813171,16.227567672729492,0.05551058053970337,19,257,0.011882364749908447
SLIM*MIX_oms_pat5_fn-full_extended_const-small_ints_ogens200_auxw1,f57b92b8-8099-11f1-a1ec-2c7ba0e6fa90,synthetic_prior,0,110,0.9930465221405029,0.11095523834228516,44138.0,1.0165337324142456,31.575576782226562,-0.041289567947387695,0.9915934205055237,2006.7713623046875,0.012522637844085693,1.0072495937347412,163.806640625,-0.01728641986846924,0.9490199089050293,0.02004513330757618,0.09767758846282959,0.9669424295425415,9.526646614074707,0.06218045949935913,0.9713765978813171,16.227567672729492,0.05551058053970337,19,257,0.011882364749908447
SLIM*MIX_oms_pat5_fn-full_extended_const-small_ints_ogens200_auxw1,f57b92b8-8099-11f1-a1ec-2c7ba0e6fa90,synthetic_prior,0,111,0.9930465221405029,0.11946225166320801,44651.0,1.0165337324142456,31.575576782226562,-0.041289567947387695,0.9915934205055237,2006.7713623046875,0.012522637844085693,1.0072495937347412,163.806640625,-0.01728641986846924,0.9490199089050293,0.02004513330757618,0.09767758846282959,0.9669424295425415,9.526646614074707,0.06218045949935913,0.9713765978813171,16.227567672729492,0.05551058053970337,19,257,0.011882364749908447
SLIM*MIX_oms_pat5_fn-full_extended_const-small_ints_ogens200_auxw1,f57b92b8-8099-11f1-a1ec-2c7ba0e6fa90,synthetic_prior,0,112,0.9930465221405029,0.12798357009887695,22339.0,1.0165337324142456,31.575576782226562,-0.041289567947387695,0.9915934205055237,2006.7713623046875,0.012522637844085693,1.0072495937347412,163.806640625,-0.01728641986846924,0.9490199089050293,0.02004513330757618,0.09767758846282959,0.9669424295425415,9.526646614074707,0.06218045949935913,0.9713765978813171,16.227567672729492,0.05551058053970337,19,257,0.011882364749908447
SLIM*MIX_oms_pat5_fn-full_extended_const-small_ints_ogens200_auxw1,f57b92b8-8099-11f1-a1ec-2c7ba0e6fa90,synthetic_prior,0,113,0.9930453300476074,0.11307787895202637,36927.0,1.0154122114181519,31.540742874145508,-0.038993239402770996,0.9911275506019592,2005.82861328125,0.013450324535369873,1.0051158666610718,163.4596405029297,-0.012981057167053223,0.9464817643165588,0.019991520792245865,0.10249769687652588,0.9685463309288025,9.542448997497559,0.05906665325164795,0.9709108471870422,16.21978759765625,0.05641603469848633,19,249,0.011884748935699463
SLIM*MIX_oms_pat5_fn-full_extended_const-small_ints_ogens200_auxw1,f57b92b8-8099-11f1-a1ec-2c7ba0e6fa90,synthetic_prior,0,114,0.993041455745697,0.22443246841430664,43306.0,1.0192632675170898,31.660364151000977,-0.04688906669616699,0.9895167946815491,2002.56884765625,0.016654253005981445,1.008118987083435,163.94802856445312,-0.019043326377868652,0.9377012252807617,0.019806060940027237,0.11907273530960083,0.9641330242156982,9.498967170715332,0.0676221251487732,0.973450779914856,16.262216567993164,0.05147272348403931,16,217,0.011892437934875488
SLIM*MIX_oms_pat5_fn-full_extended_const-small_ints_ogens200_auxw1,f57b92b8-8099-11f1-a1ec-2c7ba0e6fa90,synthetic_prior,0,115,0.993041455745697,0.25095438957214355,44711.0,1.0192632675170898,31.660364151000977,-0.04688906669616699,0.9895167946815491,2002.56884765625,0.016654253005981445,1.008118987083435,163.94802856445312,-0.019043326377868652,0.9377012252807617,0.019806060940027237,0.11907273530960083,0.9641330242156982,9.498967170715332,0.0676221251487732,0.973450779914856,16.262216567993164,0.05147272348403931,16,217,0.011892437934875488
SLIM*MIX_oms_pat5_fn-full_extended_const-small_ints_ogens200_auxw1,f57b92b8-8099-11f1-a1ec-2c7ba0e6fa90,synthetic_prior,0,116,0.9930337071418762,0.2409069538116455,44947.0,1.0186131000518799,31.640167236328125,-0.04555392265319824,0.992094874382019,2007.7862548828125,0.011523663997650146,1.0082001686096191,163.96124267578125,-0.019207477569580078,0.9462941884994507,0.0199875608086586,0.10285335779190063,0.9636738896369934,9.4944429397583,0.06850993633270264,0.9702372550964355,16.208534240722656,0.05772489309310913,16,212,0.011907815933227539
SLIM*MIX_oms_pat5_fn-full_extended_const-small_ints_ogens200_auxw1,f57b92b8-8099-11f1-a1ec-2c7ba0e6fa90,synthetic_prior,0,117,0.9930207133293152,0.24308228492736816,44515.0,1.0212864875793457,31.723207473754883,-0.05104935169219971,0.9895224571228027,2002.5802001953125,0.016642987728118896,1.0094224214553833,164.1599884033203,-0.021679997444152832,0.9358047842979431,0.019766002893447876,0.12263244390487671,0.9618567824363708,9.476540565490723,0.07201945781707764,0.9736229777336121,16.265094757080078,0.05113714933395386,15,206,0.011933684349060059
SLIM*MIX_oms_pat5_fn-full_extended_const-small_ints_ogens200_auxw1,f57b92b8-8099-11f1-a1ec-2c7ba0e6fa90,synthetic_prior,0,118,0.9930207133293152,0.25237512588500977,44811.0,1.0212864875793457,31.723207473754883,-0.05104935169219971,0.9895224571228027,2002.5802001953125,0.016642987728118896,1.0094224214553833,164.1599884033203,-0.021679997444152832,0.9358047842979431,0.019766002893447876,0.12263244390487671,0.9618567824363708,9.476540565490723,0.07201945781707764,0.9736229777336121,16.265094757080078,0.05113714933395386,15,206,0.011933684349060059
SLIM*MIX_oms_pat5_fn-full_extended_const-small_ints_ogens200_auxw1,f57b92b8-8099-11f1-a1ec-2c7ba0e6fa90,synthetic_prior,0,119,0.9930033683776855,0.23649835586547852,44758.0,1.0143409967422485,31.507469177246094,-0.03680229187011719,0.989832878112793,2003.2083740234375,0.016025960445404053,1.005543828010559,163.5292205810547,-0.013843655586242676,0.9477977752685547,0.02001931704580784,0.10000020265579224,0.9693818688392639,9.550680160522461,0.057442545890808105,0.9754001498222351,16.294782638549805,0.047669947147369385,16,223,0.01196819543838501
SLIM*MIX_oms_pat5_fn-full_extended_const-small_ints_ogens200_auxw1,f57b92b8-8099-11f1-a1ec-2c7ba0e6fa90,synthetic_prior,0,120,0.9929683208465576,0.24737024307250977,44244.0,1.0189834833145142,31.651674270629883,-0.04631447792053223,0.9895399212837219,2002.615478515625,0.016608357429504395,1.0081628561019897,163.9551544189453,-0.019132018089294434,0.9368290901184082,0.019787637516856194,0.12071067094802856,0.9637298583984375,9.494994163513184,0.0684017539024353,0.9735825657844543,16.26441764831543,0.05121582746505737,14,191,0.012037992477416992
SLIM*MIX_oms_pat5_fn-full_extended_const-small_ints_ogens200_auxw1,f57b92b8-8099-11f1-a1ec-2c7ba0e6fa90,synthetic_prior,0,121,0.992952287197113,0.28122949600219727,44809.0,1.018441915512085,31.63484764099121,-0.04520237445831299,0.9893780946731567,2002.2880859375,0.016929984092712402,1.0069591999053955,163.75941467285156,-0.016699910163879395,0.9436954855918884,0.019932670518755913,0.10777407884597778,0.964419960975647,9.50179386138916,0.06706708669662476,0.974261462688446,16.275760650634766,0.04989224672317505,18,240,0.012069880962371826
SLIM*MIX_oms_pat5_fn-full_extended_const-small_ints_ogens200_auxw1,f57b92b8-8099-11f1-a1ec-2c7ba0e6fa90,synthetic_prior,0,122,0.9929071068763733,0.2741236686706543,45215.0,1.0131008625030518,31.46894645690918,-0.03426849842071533,0.9897179007530212,2002.9757080078125,0.016254544258117676,1.0054850578308105,163.51968383789062,-0.0137253999710083,0.9420726299285889,0.019898390397429466,0.11084020137786865,0.9672253131866455,9.529433250427246,0.061631619930267334,0.9759098291397095,16.30329704284668,0.046674489974975586,17,237,0.01215982437133789
SLIM*MIX_oms_pat5_fn-full_extended_const-small_ints_ogens200_auxw1,f57b92b8-8099-11f1-a1ec-2c7ba0e6fa90,synthetic_prior,0,123,0.9929071068763733,0.3032069206237793,45634.0,1.0131008625030518,31.46894645690918,-0.03426849842071533,0.9897179007530212,2002.9757080078125,0.016254544258117676,1.0054850578308105,163.51968383789062,-0.0137253999710083,0.9420726299285889,0.019898390397429466,0.11084020137786865,0.9672253131866455,9.529433250427246,0.061631619930267334,0.9759098291397095,16.30329704284668,0.046674489974975586,17,237,0.01215982437133789
SLIM*MIX_oms_pat5_fn-full_extended_const-small_ints_ogens200_auxw1,f57b92b8-8099-11f1-a1ec-2c7ba0e6fa90,synthetic_prior,0,124,0.9929071068763733,0.2681746482849121,44488.0,1.0131008625030518,31.46894645690918,-0.03426849842071533,0.9897179007530212,2002.9757080078125,0.016254544258117676,1.0054850578308105,163.51968383789062,-0.0137253999710083,0.9420726299285889,0.019898390397429466,0.11084020137786865,0.9672253131866455,9.529433250427246,0.061631619930267334,0.9759098291397095,16.30329704284668,0.046674489974975586,17,237,0.01215982437133789
SLIM*MIX_oms_pat5_fn-full_extended_const-small_ints_ogens200_auxw1,f57b92b8-8099-11f1-a1ec-2c7ba0e6fa90,synthetic_prior,0,125,0.9929071068763733,0.2552163600921631,43423.0,1.0131008625030518,31.46894645690918,-0.03426849842071533,0.9897179007530212,2002.9757080078125,0.016254544258117676,1.0054850578308105,163.51968383789062,-0.0137253999710083,0.9420726299285889,0.019898390397429466,0.11084020137786865,0.9672253131866455,9.529433250427246,0.061631619930267334,0.9759098291397095,16.30329704284668,0.046674489974975586,17,237,0.01215982437133789
SLIM*MIX_oms_pat5_fn-full_extended_const-small_ints_ogens200_auxw1,f57b92b8-8099-11f1-a1ec-2c7ba0e6fa90,synthetic_prior,0,126,0.9929071068763733,0.24724292755126953,42201.0,1.0131008625030518,31.46894645690918,-0.03426849842071533,0.9897179007530212,2002.9757080078125,0.016254544258117676,1.0054850578308105,163.51968383789062,-0.0137253999710083,0.9420726299285889,0.019898390397429466,0.11084020137786865,0.9672253131866455,9.529433250427246,0.061631619930267334,0.9759098291397095,16.30329704284668,0.046674489974975586,17,237,0.01215982437133789
SLIM*MIX_oms_pat5_fn-full_extended_const-small_ints_ogens200_auxw1,f57b92b8-8099-11f1-a1ec-2c7ba0e6fa90,synthetic_prior,0,127,0.9929071068763733,0.2877919673919678,21915.0,1.0131008625030518,31.46894645690918,-0.03426849842071533,0.9897179007530212,2002.9757080078125,0.016254544258117676,1.0054850578308105,163.51968383789062,-0.0137253999710083,0.9420726299285889,0.019898390397429466,0.11084020137786865,0.9672253131866455,9.529433250427246,0.061631619930267334,0.9759098291397095,16.30329704284668,0.046674489974975586,17,237,0.01215982437133789
SLIM*MIX_oms_pat5_fn-full_extended_const-small_ints_ogens200_auxw1,f57b92b8-8099-11f1-a1ec-2c7ba0e6fa90,synthetic_prior,0,128,0.9929071068763733,0.19882869720458984,34004.0,1.0131008625030518,31.46894645690918,-0.03426849842071533,0.9897179007530212,2002.9757080078125,0.016254544258117676,1.0054850578308105,163.51968383789062,-0.0137253999710083,0.9420726299285889,0.019898390397429466,0.11084020137786865,0.9672253131866455,9.529433250427246,0.061631619930267334,0.9759098291397095,16.30329704284668,0.046674489974975586,17,237,0.01215982437133789
SLIM*MIX_oms_pat5_fn-full_extended_const-small_ints_ogens200_auxw1,f57b92b8-8099-11f1-a1ec-2c7ba0e6fa90,synthetic_prior,0,129,0.9929071068763733,0.204941987991333,40356.0,1.0131008625030518,31.46894645690918,-0.03426849842071533,0.9897179007530212,2002.9757080078125,0.016254544258117676,1.0054850578308105,163.51968383789062,-0.0137253999710083,0.9420726299285889,0.019898390397429466,0.11084020137786865,0.9672253131866455,9.529433250427246,0.061631619930267334,0.9759098291397095,16.30329704284668,0.046674489974975586,17,237,0.01215982437133789
SLIM*MIX_oms_pat5_fn-full_extended_const-small_ints_ogens200_auxw1,f57b92b8-8099-11f1-a1ec-2c7ba0e6fa90,synthetic_prior,0,130,0.9929071068763733,0.23292207717895508,42838.0,1.0131008625030518,31.46894645690918,-0.03426849842071533,0.9897179007530212,2002.9757080078125,0.016254544258117676,1.0054850578308105,163.51968383789062,-0.0137253999710083,0.9420726299285889,0.019898390397429466,0.11084020137786865,0.9672253131866455,9.529433250427246,0.061631619930267334,0.9759098291397095,16.30329704284668,0.046674489974975586,17,237,0.01215982437133789
SLIM*MIX_oms_pat5_fn-full_extended_const-small_ints_ogens200_auxw1,f57b92b8-8099-11f1-a1ec-2c7ba0e6fa90,synthetic_prior,0,131,0.9929071068763733,0.23505234718322754,41737.0,1.0131008625030518,31.46894645690918,-0.03426849842071533,0.9897179007530212,2002.9757080078125,0.016254544258117676,1.0054850578308105,163.51968383789062,-0.0137253999710083,0.9420726299285889,0.019898390397429466,0.11084020137786865,0.9672253131866455,9.529433250427246,0.061631619930267334,0.9759098291397095,16.30329704284668,0.046674489974975586,17,237,0.01215982437133789
SLIM*MIX_oms_pat5_fn-full_extended_const-small_ints_ogens200_auxw1,f57b92b8-8099-11f1-a1ec-2c7ba0e6fa90,synthetic_prior,0,132,0.9929071068763733,0.32684803009033203,22224.0,1.0131008625030518,31.46894645690918,-0.03426849842071533,0.9897179007530212,2002.9757080078125,0.016254544258117676,1.0054850578308105,163.51968383789062,-0.0137253999710083,0.9420726299285889,0.019898390397429466,0.11084020137786865,0.9672253131866455,9.529433250427246,0.061631619930267334,0.9759098291397095,16.30329704284668,0.046674489974975586,17,237,0.01215982437133789
SLIM*MIX_oms_pat5_fn-full_extended_const-small_ints_ogens200_auxw1,f57b92b8-8099-11f1-a1ec-2c7ba0e6fa90,synthetic_prior,0,133,0.9928302764892578,0.25447964668273926,32743.0,1.0193853378295898,31.664154052734375,-0.047139763832092285,0.9890628457069397,2001.6500244140625,0.017556309700012207,1.0092189311981201,164.1269073486328,-0.021268010139465332,0.9290851354598999,0.019624071195721626,0.13518720865249634,0.9593026638031006,9.451376914978027,0.07694119215011597,0.9736227989196777,16.265090942382812,0.05113750696182251,16,220,0.012312650680541992
SLIM*MIX_oms_pat5_fn-full_extended_const-small_ints_ogens200_auxw1,f57b92b8-8099-11f1-a1ec-2c7ba0e6fa90,synthetic_prior,0,134,0.9928302764892578,0.2349245548248291,41265.0,1.0193853378295898,31.664154052734375,-0.047139763832092285,0.9890628457069397,2001.6500244140625,0.017556309700012207,1.0092189311981201,164.1269073486328,-0.021268010139465332,0.9290851354598999,0.019624071195721626,0.13518720865249634,0.9593026638031006,9.451376914978027,0.07694119215011597,0.9736227989196777,16.265090942382812,0.05113750696182251,16,220,0.012312650680541992
SLIM*MIX_oms_pat5_fn-full_extended_const-small_ints_ogens200_auxw1,f57b92b8-8099-11f1-a1ec-2c7ba0e6fa90,synthetic_prior,0,135,0.9928302764892578,0.2713496685028076,44534.0,1.0193853378295898,31.664154052734375,-0.047139763832092285,0.9890628457069397,2001.6500244140625,0.017556309700012207,1.0092189311981201,164.1269073486328,-0.021268010139465332,0.9290851354598999,0.019624071195721626,0.13518720865249634,0.9593026638031006,9.451376914978027,0.07694119215011597,0.9736227989196777,16.265090942382812,0.05113750696182251,16,220,0.012312650680541992
SLIM*MIX_oms_pat5_fn-full_extended_const-small_ints_ogens200_auxw1,f57b92b8-8099-11f1-a1ec-2c7ba0e6fa90,synthetic_prior,0,136,0.9928302764892578,0.2683737277984619,45197.0,1.0193853378295898,31.664154052734375,-0.047139763832092285,0.9890628457069397,2001.6500244140625,0.017556309700012207,1.0092189311981201,164.1269073486328,-0.021268010139465332,0.9290851354598999,0.019624071195721626,0.13518720865249634,0.9593026638031006,9.451376914978027,0.07694119215011597,0.9736227989196777,16.265090942382812,0.05113750696182251,16,220,0.012312650680541992
SLIM*MIX_oms_pat5_fn-full_extended_const-small_ints_ogens200_auxw1,f57b92b8-8099-11f1-a1ec-2c7ba0e6fa90,synthetic_prior,0,137,0.9928302764892578,0.2461411952972412,44935.0,1.0193853378295898,31.664154052734375,-0.047139763832092285,0.9890628457069397,2001.6500244140625,0.017556309700012207,1.0092189311981201,164.1269073486328,-0.021268010139465332,0.9290851354598999,0.019624071195721626,0.13518720865249634,0.9593026638031006,9.451376914978027,0.07694119215011597,0.9736227989196777,16.265090942382812,0.05113750696182251,16,220,0.012312650680541992
SLIM*MIX_oms_pat5_fn-full_extended_const-small_ints_ogens200_auxw1,f57b92b8-8099-11f1-a1ec-2c7ba0e6fa90,synthetic_prior,0,138,0.9928302764892578,0.23651695251464844,22079.0,1.0193853378295898,31.664154052734375,-0.047139763832092285,0.9890628457069397,2001.6500244140625,0.017556309700012207,1.0092189311981201,164.1269073486328,-0.021268010139465332,0.9290851354598999,0.019624071195721626,0.13518720865249634,0.9593026638031006,9.451376914978027,0.07694119215011597,0.9736227989196777,16.265090942382812,0.05113750696182251,16,220,0.012312650680541992
SLIM*MIX_oms_pat5_fn-full_extended_const-small_ints_ogens200_auxw1,f57b92b8-8099-11f1-a1ec-2c7ba0e6fa90,synthetic_prior,0,139,0.9928302764892578,0.17894411087036133,32048.0,1.0193853378295898,31.664154052734375,-0.047139763832092285,0.9890628457069397,2001.6500244140625,0.017556309700012207,1.0092189311981201,164.1269073486328,-0.021268010139465332,0.9290851354598999,0.019624071195721626,0.13518720865249634,0.9593026638031006,9.451376914978027,0.07694119215011597,0.9736227989196777,16.265090942382812,0.05113750696182251,16,220,0.012312650680541992
SLIM*MIX_oms_pat5_fn-full_extended_const-small_ints_ogens200_auxw1,f57b92b8-8099-11f1-a1ec-2c7ba0e6fa90,synthetic_prior,0,140,0.9928146600723267,0.10868668556213379,42070.0,1.0182900428771973,31.630136489868164,-0.04489099979400635,0.9899909496307373,2003.5284423828125,0.015711665153503418,1.0099526643753052,164.24623107910156,-0.022753596305847168,0.930915355682373,0.019662728533148766,0.13177669048309326,0.9588893055915833,9.447303771972656,0.07773655652999878,0.9748176336288452,16.285051345825195,0.04880714416503906,16,219,0.01234370470046997
SLIM*MIX_oms_pat5_fn-full_extended_const-small_ints_ogens200_auxw1,f57b92b8-8099-11f1-a1ec-2c7ba0e6fa90,synthetic_prior,0,141,0.9927829504013062,0.12353801727294922,43469.0,1.0186669826507568,31.641845703125,-0.04566478729248047,0.9885097146034241,2000.53076171875,0.01865488290786743,1.0078922510147095,163.91116333007812,-0.01858508586883545,0.9300267696380615,0.019643960520625114,0.1334332823753357,0.9636930227279663,9.49463176727295,0.06847292184829712,0.96904057264328,16.188541412353516,0.06004786491394043,17,226,0.012406885623931885
SLIM*MIX_oms_pat5_fn-full_extended_const-small_ints_ogens200_auxw1,f57b92b8-8099-11f1-a1ec-2c7ba0e6fa90,synthetic_prior,0,142,0.9927829504013062,0.19043326377868652,43128.0,1.0186669826507568,31.641845703125,-0.04566478729248047,0.9885097146034241,2000.53076171875,0.01865488290786743,1.0078922510147095,163.91116333007812,-0.01858508586883545,0.9300267696380615,0.019643960520625114,0.1334332823753357,0.9636930227279663,9.49463176727295,0.06847292184829712,0.96904057264328,16.188541412353516,0.06004786491394043,17,226,0.012406885623931885
SLIM*MIX_oms_pat5_fn-full_extended_const-small_ints_ogens200_auxw1,f57b92b8-8099-11f1-a1ec-2c7ba0e6fa90,synthetic_prior,0,143,0.9927657842636108,0.26817989349365234,42900.0,1.0175600051879883,31.60745620727539,-0.04339301586151123,0.9909526109695435,2005.474609375,0.01379847526550293,1.006942868232727,163.75674438476562,-0.016666889190673828,0.940405011177063,0.019863171502947807,0.11398524045944214,0.956358015537262,9.422365188598633,0.08259928226470947,0.9802792072296143,16.376291275024414,0.03811877965927124,17,232,0.012440979480743408
SLIM*MIX_oms_pat5_fn-full_extended_const-small_ints_ogens200_auxw1,f57b92b8-8099-11f1-a1ec-2c7ba0e6fa90,synthetic_prior,0,144,0.9927657842636108,0.2661890983581543,42334.0,1.0175600051879883,31.60745620727539,-0.04339301586151123,0.9909526109695435,2005.474609375,0.01379847526550293,1.006942868232727,163.75674438476562,-0.016666889190673828,0.940405011177063,0.019863171502947807,0.11398524045944214,0.956358015537262,9.422365188598633,0.08259928226470947,0.9802792072296143,16.376291275024414,0.03811877965927124,17,232,0.012440979480743408
SLIM*MIX_oms_pat5_fn-full_extended_const-small_ints_ogens200_auxw1,f57b92b8-8099-11f1-a1ec-2c7ba0e6fa90,synthetic_prior,0,145,0.9927657842636108,0.2756624221801758,42517.0,1.0175600051879883,31.60745620727539,-0.04339301586151123,0.9909526109695435,2005.474609375,0.01379847526550293,1.006942868232727,163.75674438476562,-0.016666889190673828,0.940405011177063,0.019863171502947807,0.11398524045944214,0.956358015537262,9.422365188598633,0.08259928226470947,0.9802792072296143,16.376291275024414,0.03811877965927124,17,232,0.012440979480743408
SLIM*MIX_oms_pat5_fn-full_extended_const-small_ints_ogens200_auxw1,f57b92b8-8099-11f1-a1ec-2c7ba0e6fa90,synthetic_prior,0,146,0.9927406907081604,0.2747311592102051,41605.0,1.0156340599060059,31.54763412475586,-0.03944742679595947,0.9909901022911072,2005.55029296875,0.013723909854888916,1.0059258937835693,163.59136962890625,-0.014614343643188477,0.9412978291511536,0.019882027059793472,0.11230206489562988,0.9583640694618225,9.442129135131836,0.07874655723571777,0.9803982377052307,16.378280639648438,0.037885189056396484,16,217,0.01249086856842041
SLIM*MIX_oms_pat5_fn-full_extended_const-small_ints_ogens200_auxw1,f57b92b8-8099-11f1-a1ec-2c7ba0e6fa90,synthetic_prior,0,147,0.9926912188529968,0.2708015441894531,41750.0,1.0162428617477417,31.56654167175293,-0.04069375991821289,0.990363597869873,2004.282470703125,0.014970481395721436,1.0090386867523193,164.09759521484375,-0.020903468132019043,0.945942759513855,0.019980138167738914,0.10351961851119995,0.959496259689331,9.453283309936523,0.07656872272491455,0.9754750728607178,16.296035766601562,0.0475236177444458,17,229,0.01258927583694458
SLIM*MIX_oms_pat5_fn-full_extended_const-small_ints_ogens200_auxw1,f57b92b8-8099-11f1-a1ec-2c7ba0e6fa90,synthetic_prior,0,148,0.9926912188529968,0.23716402053833008,41614.0,1.0162428617477417,31.56654167175293,-0.04069375991821289,0.990363597869873,2004.282470703125,0.014970481395721436,1.0090386867523193,164.09759521484375,-0.020903468132019043,0.945942759513855,0.019980138167738914,0.10351961851119995,0.959496259689331,9.453283309936523,0.07656872272491455,0.9754750728607178,16.296035766601562,0.0475236177444458,17,229,0.01258927583694458
SLIM*MIX_oms_pat5_fn-full_extended_const-small_ints_ogens200_auxw1,f57b92b8-8099-11f1-a1ec-2c7ba0e6fa90,synthetic_prior,0,149,0.9926912188529968,0.23856711387634277,41579.0,1.0162428617477417,31.56654167175293,-0.04069375991821289,0.990363597869873,2004.282470703125,0.014970481395721436,1.0090386867523193,164.09759521484375,-0.020903468132019043,0.945942759513855,0.019980138167738914,0.10351961851119995,0.959496259689331,9.453283309936523,0.07656872272491455,0.9754750728607178,16.296035766601562,0.0475236177444458,17,229,0.01258927583694458
SLIM*MIX_oms_pat5_fn-full_extended_const-small_ints_ogens200_auxw1,f57b92b8-8099-11f1-a1ec-2c7ba0e6fa90,synthetic_prior,0,150,0.9926912188529968,0.21317815780639648,42762.0,1.0162428617477417,31.56654167175293,-0.04069375991821289,0.990363597869873,2004.282470703125,0.014970481395721436,1.0090386867523193,164.09759521484375,-0.020903468132019043,0.945942759513855,0.019980138167738914,0.10351961851119995,0.959496259689331,9.453283309936523,0.07656872272491455,0.9754750728607178,16.296035766601562,0.0475236177444458,17,229,0.01258927583694458
SLIM*MIX_oms_pat5_fn-full_extended_const-small_ints_ogens200_auxw1,f57b92b8-8099-11f1-a1ec-2c7ba0e6fa90,synthetic_prior,0,151,0.9926912188529968,0.2106316089630127,42631.0,1.0162428617477417,31.56654167175293,-0.04069375991821289,0.990363597869873,2004.282470703125,0.014970481395721436,1.0090386867523193,164.09759521484375,-0.020903468132019043,0.945942759513855,0.019980138167738914,0.10351961851119995,0.959496259689331,9.453283309936523,0.07656872272491455,0.9754750728607178,16.296035766601562,0.0475236177444458,17,229,0.01258927583694458
SLIM*MIX_oms_pat5_fn-full_extended_const-small_ints_ogens200_auxw1,f57b92b8-8099-11f1-a1ec-2c7ba0e6fa90,synthetic_prior,0,152,0.9926912188529968,0.1876058578491211,21506.0,1.0162428617477417,31.56654167175293,-0.04069375991821289,0.990363597869873,2004.282470703125,0.014970481395721436,1.0090386867523193,164.09759521484375,-0.020903468132019043,0.945942759513855,0.019980138167738914,0.10351961851119995,0.959496259689331,9.453283309936523,0.07656872272491455,0.9754750728607178,16.296035766601562,0.0475236177444458,17,229,0.01258927583694458
SLIM*MIX_oms_pat5_fn-full_extended_const-small_ints_ogens200_auxw1,f57b92b8-8099-11f1-a1ec-2c7ba0e6fa90,synthetic_prior,0,153,0.992689847946167,0.11088824272155762,33717.0,1.0156834125518799,31.549165725708008,-0.039548277854919434,0.9908976554870605,2005.36328125,0.013907909393310547,1.0063356161117554,163.6580047607422,-0.015441060066223145,0.9378336668014526,0.019808858633041382,0.1188238263130188,0.9588186144828796,9.44660758972168,0.07787251472473145,0.9804278612136841,16.378774642944336,0.03782707452774048,17,232,0.012592077255249023
SLIM*MIX_oms_pat5_fn-full_extended_const-small_ints_ogens200_auxw1,f57b92b8-8099-11f1-a1ec-2c7ba0e6fa90,synthetic_prior,0,154,0.992689847946167,0.15666842460632324,41996.0,1.0156834125518799,31.549165725708008,-0.039548277854919434,0.9908976554870605,2005.36328125,0.013907909393310547,1.0063356161117554,163.6580047607422,-0.015441060066223145,0.9378336668014526,0.019808858633041382,0.1188238263130188,0.9588186144828796,9.44660758972168,0.07787251472473145,0.9804278612136841,16.378774642944336,0.03782707452774048,17,232,0.012592077255249023
SLIM*MIX_oms_pat5_fn-full_extended_const-small_ints_ogens200_auxw1,f57b92b8-8099-11f1-a1ec-2c7ba0e6fa90,synthetic_prior,0,155,0.992689847946167,0.2462444305419922,43305.0,1.0156834125518799,31.549165725708008,-0.039548277854919434,0.9908976554870605,2005.36328125,0.013907909393310547,1.0063356161117554,163.6580047607422,-0.015441060066223145,0.9378336668014526,0.019808858633041382,0.1188238263130188,0.9588186144828796,9.44660758972168,0.07787251472473145,0.9804278612136841,16.378774642944336,0.03782707452774048,17,232,0.012592077255249023
SLIM*MIX_oms_pat5_fn-full_extended_const-small_ints_ogens200_auxw1,f57b92b8-8099-11f1-a1ec-2c7ba0e6fa90,synthetic_prior,0,156,0.992689847946167,0.2699401378631592,43000.0,1.0156834125518799,31.549165725708008,-0.039548277854919434,0.9908976554870605,2005.36328125,0.013907909393310547,1.0063356161117554,163.6580047607422,-0.015441060066223145,0.9378336668014526,0.019808858633041382,0.1188238263130188,0.9588186144828796,9.44660758972168,0.07787251472473145,0.9804278612136841,16.378774642944336,0.03782707452774048,17,232,0.012592077255249023
SLIM*MIX_oms_pat5_fn-full_extended_const-small_ints_ogens200_auxw1,f57b92b8-8099-11f1-a1ec-2c7ba0e6fa90,synthetic_prior,0,157,0.9926894903182983,0.28468751907348633,43524.0,1.0159239768981934,31.556638717651367,-0.04004073143005371,0.9908186197280884,2005.203369140625,0.014065146446228027,1.0066421031951904,163.70785522460938,-0.0160597562789917,0.9377592206001282,0.01980728469789028,0.11896377801895142,0.9594892859458923,9.453215599060059,0.07658207416534424,0.9806528687477112,16.38253402709961,0.037385404109954834,18,251,0.012592732906341553
SLIM*MIX_oms_pat5_fn-full_extended_const-small_ints_ogens200_auxw1,f57b92b8-8099-11f1-a1ec-2c7ba0e6fa90,synthetic_prior,0,158,0.9926894903182983,0.2676994800567627,44013.0,1.0159239768981934,31.556638717651367,-0.04004073143005371,0.9908186197280884,2005.203369140625,0.014065146446228027,1.0066421031951904,163.70785522460938,-0.0160597562789917,0.9377592206001282,0.01980728469789028,0.11896377801895142,0.9594892859458923,9.453215599060059,0.07658207416534424,0.9806528687477112,16.38253402709961,0.037385404109954834,18,251,0.012592732906341553
SLIM*MIX_oms_pat5_fn-full_extended_const-small_ints_ogens200_auxw1,f57b92b8-8099-11f1-a1ec-2c7ba0e6fa90,synthetic_prior,0,159,0.9926894903182983,0.2776474952697754,43762.0,1.0159239768981934,31.556638717651367,-0.04004073143005371,0.9908186197280884,2005.203369140625,0.014065146446228027,1.0066421031951904,163.70785522460938,-0.0160597562789917,0.9377592206001282,0.01980728469789028,0.11896377801895142,0.9594892859458923,9.453215599060059,0.07658207416534424,0.9806528687477112,16.38253402709961,0.037385404109954834,18,251,0.012592732906341553
SLIM*MIX_oms_pat5_fn-full_extended_const-small_ints_ogens200_auxw1,f57b92b8-8099-11f1-a1ec-2c7ba0e6fa90,synthetic_prior,0,160,0.9925665259361267,0.26825475692749023,44867.0,1.0123006105422974,31.444089889526367,-0.03263521194458008,0.9890222549438477,2001.56787109375,0.01763695478439331,1.0073086023330688,163.8162384033203,-0.01740574836730957,0.947832465171814,0.020020050927996635,0.09993427991867065,0.962650716304779,9.484362602233887,0.07048690319061279,0.9758152961730957,16.30171775817871,0.046859145164489746,18,244,0.012837350368499756
SLIM*MIX_oms_pat5_fn-full_extended_const-small_ints_ogens200_auxw1,f57b92b8-8099-11f1-a1ec-2c7ba0e6fa90,synthetic_prior,0,161,0.9925665259361267,0.32335758209228516,45034.0,1.0123006105422974,31.444089889526367,-0.03263521194458008,0.9890222549438477,2001.56787109375,0.01763695478439331,1.0073086023330688,163.8162384033203,-0.01740574836730957,0.947832465171814,0.020020050927996635,0.09993427991867065,0.962650716304779,9.484362602233887,0.07048690319061279,0.9758152961730957,16.30171775817871,0.046859145164489746,18,244,0.012837350368499756
SLIM*MIX_oms_pat5_fn-full_extended_const-small_ints_ogens200_auxw1,f57b92b8-8099-11f1-a1ec-2c7ba0e6fa90,synthetic_prior,0,162,0.9925665259361267,0.3033928871154785,45694.0,1.0123006105422974,31.444089889526367,-0.03263521194458008,0.9890222549438477,2001.56787109375,0.01763695478439331,1.0073086023330688,163.8162384033203,-0.01740574836730957,0.947832465171814,0.020020050927996635,0.09993427991867065,0.962650716304779,9.484362602233887,0.07048690319061279,0.9758152961730957,16.30171775817871,0.046859145164489746,18,244,0.012837350368499756
SLIM*MIX_oms_pat5_fn-full_extended_const-small_ints_ogens200_auxw1,f57b92b8-8099-11f1-a1ec-2c7ba0e6fa90,synthetic_prior,0,163,0.9925665259361267,0.26993465423583984,45193.0,1.0123006105422974,31.444089889526367,-0.03263521194458008,0.9890222549438477,2001.56787109375,0.01763695478439331,1.0073086023330688,163.8162384033203,-0.01740574836730957,0.947832465171814,0.020020050927996635,0.09993427991867065,0.962650716304779,9.484362602233887,0.07048690319061279,0.9758152961730957,16.30171775817871,0.046859145164489746,18,244,0.012837350368499756
SLIM*MIX_oms_pat5_fn-full_extended_const-small_ints_ogens200_auxw1,f57b92b8-8099-11f1-a1ec-2c7ba0e6fa90,synthetic_prior,0,164,0.9925665259361267,0.33223628997802734,46252.0,1.0123006105422974,31.444089889526367,-0.03263521194458008,0.9890222549438477,2001.56787109375,0.01763695478439331,1.0073086023330688,163.8162384033203,-0.01740574836730957,0.947832465171814,0.020020050927996635,0.09993427991867065,0.962650716304779,9.484362602233887,0.07048690319061279,0.9758152961730957,16.30171775817871,0.046859145164489746,18,244,0.012837350368499756
SLIM*MIX_oms_pat5_fn-full_extended_const-small_ints_ogens200_auxw1,f57b92b8-8099-11f1-a1ec-2c7ba0e6fa90,synthetic_prior,0,165,0.9925665259361267,0.3916008472442627,23082.0,1.0123006105422974,31.444089889526367,-0.03263521194458008,0.9890222549438477,2001.56787109375,0.01763695478439331,1.0073086023330688,163.8162384033203,-0.01740574836730957,0.947832465171814,0.020020050927996635,0.09993427991867065,0.962650716304779,9.484362602233887,0.07048690319061279,0.9758152961730957,16.30171775817871,0.046859145164489746,18,244,0.012837350368499756
SLIM*MIX_oms_pat5_fn-full_extended_const-small_ints_ogens200_auxw1,f57b92b8-8099-11f1-a1ec-2c7ba0e6fa90,synthetic_prior,0,166,0.9925665259361267,0.33434581756591797,34563.0,1.0123006105422974,31.444089889526367,-0.03263521194458008,0.9890222549438477,2001.56787109375,0.01763695478439331,1.0073086023330688,163.8162384033203,-0.01740574836730957,0.947832465171814,0.020020050927996635,0.09993427991867065,0.962650716304779,9.484362602233887,0.07048690319061279,0.9758152961730957,16.30171775817871,0.046859145164489746,18,244,0.012837350368499756
SLIM*MIX_oms_pat5_fn-full_extended_const-small_ints_ogens200_auxw1,f57b92b8-8099-11f1-a1ec-2c7ba0e6fa90,synthetic_prior,0,167,0.9925665259361267,0.3401615619659424,43449.0,1.0123006105422974,31.444089889526367,-0.03263521194458008,0.9890222549438477,2001.56787109375,0.01763695478439331,1.0073086023330688,163.8162384033203,-0.01740574836730957,0.947832465171814,0.020020050927996635,0.09993427991867065,0.962650716304779,9.484362602233887,0.07048690319061279,0.9758152961730957,16.30171775817871,0.046859145164489746,18,244,0.012837350368499756
SLIM*MIX_oms_pat5_fn-full_extended_const-small_ints_ogens200_auxw1,f57b92b8-8099-11f1-a1ec-2c7ba0e6fa90,synthetic_prior,0,168,0.9925665259361267,0.32266974449157715,45747.0,1.0123006105422974,31.444089889526367,-0.03263521194458008,0.9890222549438477,2001.56787109375,0.01763695478439331,1.0073086023330688,163.8162384033203,-0.01740574836730957,0.947832465171814,0.020020050927996635,0.09993427991867065,0.962650716304779,9.484362602233887,0.07048690319061279,0.9758152961730957,16.30171775817871,0.046859145164489746,18,244,0.012837350368499756
SLIM*MIX_oms_pat5_fn-full_extended_const-small_ints_ogens200_auxw1,f57b92b8-8099-11f1-a1ec-2c7ba0e6fa90,synthetic_prior,0,169,0.9925665259361267,0.2678365707397461,46164.0,1.0123006105422974,31.444089889526367,-0.03263521194458008,0.9890222549438477,2001.56787109375,0.01763695478439331,1.0073086023330688,163.8162384033203,-0.01740574836730957,0.947832465171814,0.020020050927996635,0.09993427991867065,0.962650716304779,9.484362602233887,0.07048690319061279,0.9758152961730957,16.30171775817871,0.046859145164489746,18,244,0.012837350368499756
SLIM*MIX_oms_pat5_fn-full_extended_const-small_ints_ogens200_auxw1,f57b92b8-8099-11f1-a1ec-2c7ba0e6fa90,synthetic_prior,0,170,0.9925665259361267,0.3801913261413574,23476.0,1.0123006105422974,31.444089889526367,-0.03263521194458008,0.9890222549438477,2001.56787109375,0.01763695478439331,1.0073086023330688,163.8162384033203,-0.01740574836730957,0.947832465171814,0.020020050927996635,0.09993427991867065,0.962650716304779,9.484362602233887,0.07048690319061279,0.9758152961730957,16.30171775817871,0.046859145164489746,18,244,0.012837350368499756
SLIM*MIX_oms_pat5_fn-full_extended_const-small_ints_ogens200_auxw1,f57b92b8-8099-11f1-a1ec-2c7ba0e6fa90,synthetic_prior,0,171,0.9925330281257629,0.33180809020996094,37208.0,1.0111048221588135,31.406949996948242,-0.0301971435546875,0.9900709986686707,2003.6904296875,0.015552520751953125,1.0083417892456055,163.98426818847656,-0.019493699073791504,0.9515845775604248,0.020099302753806114,0.09279412031173706,0.9656916856765747,9.514323234558105,0.0646049976348877,0.9747829437255859,16.28447151184082,0.048874855041503906,19,257,0.012903928756713867
SLIM*MIX_oms_pat5_fn-full_extended_const-small_ints_ogens200_auxw1,f57b92b8-8099-11f1-a1ec-2c7ba0e6fa90,synthetic_prior,0,172,0.9923835396766663,0.3345649242401123,44267.0,1.0108087062835693,31.397750854492188,-0.029593825340270996,0.9885194897651672,2000.5504150390625,0.01863551139831543,1.0061516761779785,163.62808227539062,-0.015069842338562012,0.9552342295646667,0.020176392048597336,0.08582180738449097,0.967067301273346,9.527876853942871,0.06193822622299194,0.9777582883834839,16.334177017211914,0.04305976629257202,19,256,0.013201355934143066
SLIM*MIX_oms_pat5_fn-full_extended_const-small_ints_ogens200_auxw1,f57b92b8-8099-11f1-a1ec-2c7ba0e6fa90,synthetic_prior,0,173,0.9923835396766663,0.3189821243286133,45123.0,1.0108087062835693,31.397750854492188,-0.029593825340270996,0.9885194897651672,2000.5504150390625,0.01863551139831543,1.0061516761779785,163.62808227539062,-0.015069842338562012,0.9552342295646667,0.020176392048597336,0.08582180738449097,0.967067301273346,9.527876853942871,0.06193822622299194,0.9777582883834839,16.334177017211914,0.04305976629257202,19,256,0.013201355934143066
SLIM*MIX_oms_pat5_fn-full_extended_const-small_ints_ogens200_auxw1,f57b92b8-8099-11f1-a1ec-2c7ba0e6fa90,synthetic_prior,0,174,0.9923835396766663,0.32297515869140625,44648.0,1.0108087062835693,31.397750854492188,-0.029593825340270996,0.9885194897651672,2000.5504150390625,0.01863551139831543,1.0061516761779785,163.62808227539062,-0.015069842338562012,0.9552342295646667,0.020176392048597336,0.08582180738449097,0.967067301273346,9.527876853942871,0.06193822622299194,0.9777582883834839,16.334177017211914,0.04305976629257202,19,256,0.013201355934143066
SLIM*MIX_oms_pat5_fn-full_extended_const-small_ints_ogens200_auxw1,f57b92b8-8099-11f1-a1ec-2c7ba0e6fa90,synthetic_prior,0,175,0.9923835396766663,0.32316112518310547,44592.0,1.0108087062835693,31.397750854492188,-0.029593825340270996,0.9885194897651672,2000.5504150390625,0.01863551139831543,1.0061516761779785,163.62808227539062,-0.015069842338562012,0.9552342295646667,0.020176392048597336,0.08582180738449097,0.967067301273346,9.527876853942871,0.06193822622299194,0.9777582883834839,16.334177017211914,0.04305976629257202,19,256,0.013201355934143066
SLIM*MIX_oms_pat5_fn-full_extended_const-small_ints_ogens200_auxw1,f57b92b8-8099-11f1-a1ec-2c7ba0e6fa90,synthetic_prior,0,176,0.9923835396766663,0.3077833652496338,46687.0,1.0108087062835693,31.397750854492188,-0.029593825340270996,0.9885194897651672,2000.5504150390625,0.01863551139831543,1.0061516761779785,163.62808227539062,-0.015069842338562012,0.9552342295646667,0.020176392048597336,0.08582180738449097,0.967067301273346,9.527876853942871,0.06193822622299194,0.9777582883834839,16.334177017211914,0.04305976629257202,19,256,0.013201355934143066
SLIM*MIX_oms_pat5_fn-full_extended_const-small_ints_ogens200_auxw1,f57b92b8-8099-11f1-a1ec-2c7ba0e6fa90,synthetic_prior,0,177,0.9923835396766663,0.30336785316467285,24120.0,1.0108087062835693,31.397750854492188,-0.029593825340270996,0.9885194897651672,2000.5504150390625,0.01863551139831543,1.0061516761779785,163.62808227539062,-0.015069842338562012,0.9552342295646667,0.020176392048597336,0.08582180738449097,0.967067301273346,9.527876853942871,0.06193822622299194,0.9777582883834839,16.334177017211914,0.04305976629257202,19,256,0.013201355934143066
SLIM*MIX_oms_pat5_fn-full_extended_const-small_ints_ogens200_auxw1,f57b92b8-8099-11f1-a1ec-2c7ba0e6fa90,synthetic_prior,0,178,0.9923835396766663,0.3187856674194336,38309.0,1.0108087062835693,31.397750854492188,-0.029593825340270996,0.9885194897651672,2000.5504150390625,0.01863551139831543,1.0061516761779785,163.62808227539062,-0.015069842338562012,0.9552342295646667,0.020176392048597336,0.08582180738449097,0.967067301273346,9.527876853942871,0.06193822622299194,0.9777582883834839,16.334177017211914,0.04305976629257202,19,256,0.013201355934143066
SLIM*MIX_oms_pat5_fn-full_extended_const-small_ints_ogens200_auxw1,f57b92b8-8099-11f1-a1ec-2c7ba0e6fa90,synthetic_prior,0,179,0.9923835396766663,0.3338735103607178,46892.0,1.0108087062835693,31.397750854492188,-0.029593825340270996,0.9885194897651672,2000.5504150390625,0.01863551139831543,1.0061516761779785,163.62808227539062,-0.015069842338562012,0.9552342295646667,0.020176392048597336,0.08582180738449097,0.967067301273346,9.527876853942871,0.06193822622299194,0.9777582883834839,16.334177017211914,0.04305976629257202,19,256,0.013201355934143066
SLIM*MIX_oms_pat5_fn-full_extended_const-small_ints_ogens200_auxw1,f57b92b8-8099-11f1-a1ec-2c7ba0e6fa90,synthetic_prior,0,180,0.9923835396766663,0.32460522651672363,49525.0,1.0108087062835693,31.397750854492188,-0.029593825340270996,0.9885194897651672,2000.5504150390625,0.01863551139831543,1.0061516761779785,163.62808227539062,-0.015069842338562012,0.9552342295646667,0.020176392048597336,0.08582180738449097,0.967067301273346,9.527876853942871,0.06193822622299194,0.9777582883834839,16.334177017211914,0.04305976629257202,19,256,0.013201355934143066
SLIM*MIX_oms_pat5_fn-full_extended_const-small_ints_ogens200_auxw1,f57b92b8-8099-11f1-a1ec-2c7ba0e6fa90,synthetic_prior,0,181,0.9923835396766663,0.32264041900634766,50326.0,1.0108087062835693,31.397750854492188,-0.029593825340270996,0.9885194897651672,2000.5504150390625,0.01863551139831543,1.0061516761779785,163.62808227539062,-0.015069842338562012,0.9552342295646667,0.020176392048597336,0.08582180738449097,0.967067301273346,9.527876853942871,0.06193822622299194,0.9777582883834839,16.334177017211914,0.04305976629257202,19,256,0.013201355934143066
SLIM*MIX_oms_pat5_fn-full_extended_const-small_ints_ogens200_auxw1,f57b92b8-8099-11f1-a1ec-2c7ba0e6fa90,synthetic_prior,0,182,0.9923835396766663,0.396777868270874,25203.0,1.0108087062835693,31.397750854492188,-0.029593825340270996,0.9885194897651672,2000.5504150390625,0.01863551139831543,1.0061516761779785,163.62808227539062,-0.015069842338562012,0.9552342295646667,0.020176392048597336,0.08582180738449097,0.967067301273346,9.527876853942871,0.06193822622299194,0.9777582883834839,16.334177017211914,0.04305976629257202,19,256,0.013201355934143066
SLIM*MIX_oms_pat5_fn-full_extended_const-small_ints_ogens200_auxw1,f57b92b8-8099-11f1-a1ec-2c7ba0e6fa90,synthetic_prior,0,183,0.9923835396766663,0.33055686950683594,39200.0,1.0108087062835693,31.397750854492188,-0.029593825340270996,0.9885194897651672,2000.5504150390625,0.01863551139831543,1.0061516761779785,163.62808227539062,-0.015069842338562012,0.9552342295646667,0.020176392048597336,0.08582180738449097,0.967067301273346,9.527876853942871,0.06193822622299194,0.9777582883834839,16.334177017211914,0.04305976629257202,19,256,0.013201355934143066
SLIM*MIX_oms_pat5_fn-full_extended_const-small_ints_ogens200_auxw1,f57b92b8-8099-11f1-a1ec-2c7ba0e6fa90,synthetic_prior,0,184,0.9923835396766663,0.3242759704589844,47634.0,1.0108087062835693,31.397750854492188,-0.029593825340270996,0.9885194897651672,2000.5504150390625,0.01863551139831543,1.0061516761779785,163.62808227539062,-0.015069842338562012,0.9552342295646667,0.020176392048597336,0.08582180738449097,0.967067301273346,9.527876853942871,0.06193822622299194,0.9777582883834839,16.334177017211914,0.04305976629257202,19,256,0.013201355934143066
SLIM*MIX_oms_pat5_fn-full_extended_const-small_ints_ogens200_auxw1,f57b92b8-8099-11f1-a1ec-2c7ba0e6fa90,synthetic_prior,0,185,0.9923807382583618,0.3409116268157959,52314.0,1.0108442306518555,31.398849487304688,-0.02966606616973877,0.988467812538147,2000.44580078125,0.0187380313873291,1.0062255859375,163.64010620117188,-0.015218973159790039,0.9552080035209656,0.020175836980342865,0.0858721137046814,0.967024028301239,9.527449607849121,0.06202208995819092,0.9777353405952454,16.33379554748535,0.043104588985443115,20,271,0.013206899166107178
SLIM*MIX_oms_pat5_fn-full_extended_const-small_ints_ogens200_auxw1,f57b92b8-8099-11f1-a1ec-2c7ba0e6fa90,synthetic_prior,0,186,0.9923768043518066,0.34551453590393066,52805.0,1.010454535484314,31.386743545532227,-0.028872251510620117,0.9883139133453369,2000.134521484375,0.019043564796447754,1.0060275793075562,163.60791015625,-0.01481938362121582,0.9583491683006287,0.02024218440055847,0.07985001802444458,0.9640103578567505,9.497757911682129,0.06785941123962402,0.9792072772979736,16.35838508605957,0.040221333503723145,21,283,0.013214707374572754
SLIM*MIX_oms_pat5_fn-full_extended_const-small_ints_ogens200_auxw1,f57b92b8-8099-11f1-a1ec-2c7ba0e6fa90,synthetic_prior,0,187,0.9923768043518066,0.336381196975708,52577.0,1.010454535484314,31.386743545532227,-0.028872251510620117,0.9883139133453369,2000.134521484375,0.019043564796447754,1.0060275793075562,163.60791015625,-0.01481938362121582,0.9583491683006287,0.02024218440055847,0.07985001802444458,0.9640103578567505,9.497757911682129,0.06785941123962402,0.9792072772979736,16.35838508605957,0.040221333503723145,21,283,0.013214707374572754
SLIM*MIX_oms_pat5_fn-full_extended_const-small_ints_ogens200_auxw1,f57b92b8-8099-11f1-a1ec-2c7ba0e6fa90,synthetic_prior,0,188,0.9923743009567261,0.31974267959594727,53246.0,1.0118705034255981,31.43073081970215,-0.03175795078277588,0.9900622963905334,2003.6727294921875,0.015569865703582764,1.0040524005889893,163.28668212890625,-0.010838627815246582,0.9486967325210571,0.020038306713104248,0.09829205274581909,0.9652243852615356,9.509718894958496,0.065510094165802,0.9830915331840515,16.42327308654785,0.032591819763183594,20,272,0.013219714164733887
SLIM*MIX_oms_pat5_fn-full_extended_const-small_ints_ogens200_auxw1,f57b92b8-8099-11f1-a1ec-2c7ba0e6fa90,synthetic_prior,0,189,0.9923595786094666,0.2845499515533447,52658.0,1.0117549896240234,31.427139282226562,-0.031522274017333984,0.989722490310669,2002.985107421875,0.016245365142822266,1.004115104675293,163.29689025878906,-0.010964751243591309,0.948654294013977,0.020037410780787468,0.0983726978302002,0.9656414985656738,9.513829231262207,0.06470215320587158,0.9828096032142639,16.418563842773438,0.03314661979675293,21,286,0.013248980045318604
SLIM*MIX_oms_pat5_fn-full_extended_const-small_ints_ogens200_auxw1,f57b92b8-8099-11f1-a1ec-2c7ba0e6fa90,synthetic_prior,0,190,0.9923595786094666,0.25342226028442383,52400.0,1.0117549896240234,31.427139282226562,-0.031522274017333984,0.989722490310669,2002.985107421875,0.016245365142822266,1.004115104675293,163.29689025878906,-0.010964751243591309,0.948654294013977,0.020037410780787468,0.0983726978302002,0.9656414985656738,9.513829231262207,0.06470215320587158,0.9828096032142639,16.418563842773438,0.03314661979675293,21,286,0.013248980045318604
SLIM*MIX_oms_pat5_fn-full_extended_const-small_ints_ogens200_auxw1,f57b92b8-8099-11f1-a1ec-2c7ba0e6fa90,synthetic_prior,0,191,0.9921835660934448,0.3424813747406006,53270.0,1.0105116367340088,31.388517379760742,-0.02898848056793213,0.9899176359176636,2003.3798828125,0.015857398509979248,1.0065547227859497,163.69363403320312,-0.015883326530456543,0.9455153346061707,0.019971109926700592,0.10432964563369751,0.9658066034317017,9.51545524597168,0.06438243389129639,0.978640615940094,16.348918914794922,0.04133176803588867,22,296,0.013598918914794922
SLIM*MIX_oms_pat5_fn-full_extended_const-small_ints_ogens200_auxw1,f57b92b8-8099-11f1-a1ec-2c7ba0e6fa90,synthetic_prior,0,192,0.9921835660934448,0.3193168640136719,53356.0,1.0105116367340088,31.388517379760742,-0.02898848056793213,0.9899176359176636,2003.3798828125,0.015857398509979248,1.0065547227859497,163.69363403320312,-0.015883326530456543,0.9455153346061707,0.019971109926700592,0.10432964563369751,0.9658066034317017,9.51545524597168,0.06438243389129639,0.978640615940094,16.348918914794922,0.04133176803588867,22,296,0.013598918914794922
SLIM*MIX_oms_pat5_fn-full_extended_const-small_ints_ogens200_auxw1,f57b92b8-8099-11f1-a1ec-2c7ba0e6fa90,synthetic_prior,0,193,0.9921835660934448,0.3200366497039795,52956.0,1.0105116367340088,31.388517379760742,-0.02898848056793213,0.9899176359176636,2003.3798828125,0.015857398509979248,1.0065547227859497,163.69363403320312,-0.015883326530456543,0.9455153346061707,0.019971109926700592,0.10432964563369751,0.9658066034317017,9.51545524597168,0.06438243389129639,0.978640615940094,16.348918914794922,0.04133176803588867,22,296,0.013598918914794922
SLIM*MIX_oms_pat5_fn-full_extended_const-small_ints_ogens200_auxw1,f57b92b8-8099-11f1-a1ec-2c7ba0e6fa90,synthetic_prior,0,194,0.9921835660934448,0.3273453712463379,53658.0,1.0105116367340088,31.388517379760742,-0.02898848056793213,0.9899176359176636,2003.3798828125,0.015857398509979248,1.0065547227859497,163.69363403320312,-0.015883326530456543,0.9455153346061707,0.019971109926700592,0.10432964563369751,0.9658066034317017,9.51545524597168,0.06438243389129639,0.978640615940094,16.348918914794922,0.04133176803588867,22,296,0.013598918914794922
SLIM*MIX_oms_pat5_fn-full_extended_const-small_ints_ogens200_auxw1,f57b92b8-8099-11f1-a1ec-2c7ba0e6fa90,synthetic_prior,0,195,0.9921835660934448,0.3336973190307617,53983.0,1.0105116367340088,31.388517379760742,-0.02898848056793213,0.9899176359176636,2003.3798828125,0.015857398509979248,1.0065547227859497,163.69363403320312,-0.015883326530456543,0.9455153346061707,0.019971109926700592,0.10432964563369751,0.9658066034317017,9.51545524597168,0.06438243389129639,0.978640615940094,16.348918914794922,0.04133176803588867,22,296,0.013598918914794922
SLIM*MIX_oms_pat5_fn-full_extended_const-small_ints_ogens200_auxw1,f57b92b8-8099-11f1-a1ec-2c7ba0e6fa90,synthetic_prior,0,196,0.9921835660934448,0.3620448112487793,27411.0,1.0105116367340088,31.388517379760742,-0.02898848056793213,0.9899176359176636,2003.3798828125,0.015857398509979248,1.0065547227859497,163.69363403320312,-0.015883326530456543,0.9455153346061707,0.019971109926700592,0.10432964563369751,0.9658066034317017,9.51545524597168,0.06438243389129639,0.978640615940094,16.348918914794922,0.04133176803588867,22,296,0.013598918914794922
SLIM*MIX_oms_pat5_fn-full_extended_const-small_ints_ogens200_auxw1,f57b92b8-8099-11f1-a1ec-2c7ba0e6fa90,synthetic_prior,0,197,0.9921835660934448,0.2220470905303955,40589.0,1.0105116367340088,31.388517379760742,-0.02898848056793213,0.9899176359176636,2003.3798828125,0.015857398509979248,1.0065547227859497,163.69363403320312,-0.015883326530456543,0.9455153346061707,0.019971109926700592,0.10432964563369751,0.9658066034317017,9.51545524597168,0.06438243389129639,0.978640615940094,16.348918914794922,0.04133176803588867,22,296,0.013598918914794922
SLIM*MIX_oms_pat5_fn-full_extended_const-small_ints_ogens200_auxw1,f57b92b8-8099-11f1-a1ec-2c7ba0e6fa90,synthetic_prior,0,198,0.9921582937240601,0.3332102298736572,51696.0,1.0148860216140747,31.524398803710938,-0.03791666030883789,0.9871892929077148,1997.8583984375,0.021274805068969727,1.0140819549560547,164.91778564453125,-0.03113412857055664,0.9368360042572021,0.019787784665822983,0.1206977367401123,0.9667521119117737,9.524771690368652,0.06254953145980835,0.9708937406539917,16.219499588012695,0.056449294090270996,21,286,0.013649165630340576
SLIM*MIX_oms_pat5_fn-full_extended_const-small_ints_ogens200_auxw1,f57b92b8-8099-11f1-a1ec-2c7ba0e6fa90,synthetic_prior,0,199,0.9921582937240601,0.30927348136901855,55120.0,1.0148860216140747,31.524398803710938,-0.03791666030883789,0.9871892929077148,1997.8583984375,0.021274805068969727,1.0140819549560547,164.91778564453125,-0.03113412857055664,0.9368360042572021,0.019787784665822983,0.1206977367401123,0.9667521119117737,9.524771690368652,0.06254953145980835,0.9708937406539917,16.219499588012695,0.056449294090270996,21,286,0.013649165630340576
SLIM*MIX_oms_pat5_fn-full_extended_const-small_ints_ogens200_auxw1,f57b92b8-8099-11f1-a1ec-2c7ba0e6fa90,synthetic_prior,0,200,0.9921582937240601,0.31381702423095703,55490.0,1.0148860216140747,31.524398803710938,-0.03791666030883789,0.9871892929077148,1997.8583984375,0.021274805068969727,1.0140819549560547,164.91778564453125,-0.03113412857055664,0.9368360042572021,0.019787784665822983,0.1206977367401123,0.9667521119117737,9.524771690368652,0.06254953145980835,0.9708937406539917,16.219499588012695,0.056449294090270996,21,286,0.013649165630340576
