SLIM*MIX_oms_pat5_fn-full_extended_const-small_ints_latent32,9057152a-801c-11f1-8d02-2c7ba0e6fa90,synthetic_prior,0,0,0.9989995360374451,0.3299860954284668,927.0,0.9961758852005005,30.94322395324707,0.0,0.9978610277175903,2019.455810546875,0.0,0.9986550211906433,162.408935546875,0.0,0.9990666508674622,0.021102217957377434,0.0,0.9984836578369141,9.837401390075684,0.0,0.9995144605636597,16.6976318359375,0.0,1,3,0.0
SLIM*MIX_oms_pat5_fn-full_extended_const-small_ints_latent32,9057152a-801c-11f1-8d02-2c7ba0e6fa90,synthetic_prior,0,1,0.9989995360374451,0.4911379814147949,2597.0,0.9961758852005005,30.94322395324707,0.0,0.9978610277175903,2019.455810546875,0.0,0.9986550211906433,162.408935546875,0.0,0.9990666508674622,0.021102217957377434,0.0,0.9984836578369141,9.837401390075684,0.0,0.9995144605636597,16.6976318359375,0.0,1,3,0.0
SLIM*MIX_oms_pat5_fn-full_extended_const-small_ints_latent32,9057152a-801c-11f1-8d02-2c7ba0e6fa90,synthetic_prior,0,2,0.9989995360374451,0.46488523483276367,3258.0,0.9961758852005005,30.94322395324707,0.0,0.9978610277175903,2019.455810546875,0.0,0.9986550211906433,162.408935546875,0.0,0.9990666508674622,0.021102217957377434,0.0,0.9984836578369141,9.837401390075684,0.0,0.9995144605636597,16.6976318359375,0.0,1,3,0.0
SLIM*MIX_oms_pat5_fn-full_extended_const-small_ints_latent32,9057152a-801c-11f1-8d02-2c7ba0e6fa90,synthetic_prior,0,3,0.9989995360374451,0.44307565689086914,4346.0,0.9961758852005005,30.94322395324707,0.0,0.9978610277175903,2019.455810546875,0.0,0.9986550211906433,162.408935546875,0.0,0.9990666508674622,0.021102217957377434,0.0,0.9984836578369141,9.837401390075684,0.0,0.9995144605636597,16.6976318359375,0.0,1,3,0.0
SLIM*MIX_oms_pat5_fn-full_extended_const-small_ints_latent32,9057152a-801c-11f1-8d02-2c7ba0e6fa90,synthetic_prior,0,4,0.9989995360374451,0.48491692543029785,5566.0,0.9961758852005005,30.94322395324707,0.0,0.9978610277175903,2019.455810546875,0.0,0.9986550211906433,162.408935546875,0.0,0.9990666508674622,0.021102217957377434,0.0,0.9984836578369141,9.837401390075684,0.0,0.9995144605636597,16.6976318359375,0.0,1,3,0.0
SLIM*MIX_oms_pat5_fn-full_extended_const-small_ints_latent32,9057152a-801c-11f1-8d02-2c7ba0e6fa90,synthetic_prior,0,5,0.9989994764328003,0.3150198459625244,5851.0,0.9961761236190796,30.9432315826416,-4.76837158203125e-07,0.9978611469268799,2019.4559326171875,-2.384185791015625e-07,0.9986549615859985,162.40892028808594,5.960464477539063e-08,0.9990667104721069,0.021102219820022583,-1.1920928955078125e-07,0.9984832406044006,9.837397575378418,8.344650268554688e-07,0.9995139837265015,16.697622299194336,9.5367431640625e-07,6,112,5.960464477539063e-08
SLIM*MIX_oms_pat5_fn-full_extended_const-small_ints_latent32,9057152a-801c-11f1-8d02-2c7ba0e6fa90,synthetic_prior,0,6,0.9989903569221497,0.24991536140441895,5965.0,0.996439516544342,30.951414108276367,-0.0005294084548950195,0.998222827911377,2020.1878662109375,-0.0007252693176269531,0.9982466697692871,162.34251403808594,0.0008175373077392578,0.998816728591919,0.021096939221024513,0.0005002617835998535,0.9969472885131836,9.822264671325684,0.003075122833251953,0.9988224506378174,16.686071395874023,0.0013841986656188965,7,83,1.823902130126953e-05
SLIM*MIX_oms_pat5_fn-full_extended_const-small_ints_latent32,9057152a-801c-11f1-8d02-2c7ba0e6fa90,synthetic_prior,0,7,0.9989880323410034,0.20594048500061035,6156.0,0.9963981509208679,30.95012855529785,-0.000446319580078125,0.9981711506843567,2020.0833740234375,-0.000621795654296875,0.9982714056968689,162.34654235839844,0.000768125057220459,0.9988066554069519,0.021096723154187202,0.0005204677581787109,0.997049868106842,9.823274612426758,0.0028699636459350586,0.9987903833389282,16.68553352355957,0.0014483332633972168,8,95,2.294778823852539e-05
SLIM*MIX_oms_pat5_fn-full_extended_const-small_ints_latent32,9057152a-801c-11f1-8d02-2c7ba0e6fa90,synthetic_prior,0,8,0.9989721179008484,0.20416474342346191,6688.0,0.9962506890296936,30.945545196533203,-0.0001500844955444336,0.9979787468910217,2019.6939697265625,-0.0002359151840209961,0.9985184669494629,162.38670349121094,0.0002735257148742676,0.9989710450172424,0.021100196987390518,0.0001914501190185547,0.9979776740074158,9.832415580749512,0.0010132789611816406,0.9992576241493225,16.693340301513672,0.0005137920379638672,9,109,5.4836273193359375e-05
SLIM*MIX_oms_pat5_fn-full_extended_const-small_ints_latent32,9057152a-801c-11f1-8d02-2c7ba0e6fa90,synthetic_prior,0,9,0.9989616274833679,0.23083853721618652,7119.0,0.9962430596351624,30.945310592651367,-0.0001348257064819336,0.9979953765869141,2019.7275390625,-0.00026929378509521484,0.9984083771705627,162.3688201904297,0.0004938840866088867,0.9988353848457336,0.021097330376505852,0.000462949275970459,0.997796893119812,9.830635070800781,0.0013751387596130371,0.9989755153656006,16.688627243041992,0.0010781288146972656,8,96,7.575750350952148e-05
SLIM*MIX_oms_pat5_fn-full_extended_const-small_ints_latent32,9057152a-801c-11f1-8d02-2c7ba0e6fa90,synthetic_prior,0,10,0.9989542365074158,0.21914386749267578,7880.0,0.996263861656189,30.94595718383789,-0.0001766681671142578,0.9980370402336121,2019.8118896484375,-0.0003527402877807617,0.9983363151550293,162.35708618164062,0.000638127326965332,0.9987626075744629,0.021095793694257736,0.0006086230278015137,0.9975776076316833,9.828474044799805,0.0018140673637390137,0.9988013505935669,16.685718536376953,0.001426398754119873,9,107,9.053945541381836e-05
SLIM*MIX_oms_pat5_fn-full_extended_const-small_ints_latent32,9057152a-801c-11f1-8d02-2c7ba0e6fa90,synthetic_prior,0,11,0.998931348323822,0.19641757011413574,8727.0,0.9963133335113525,30.947492599487305,-0.0002759695053100586,0.9980726838111877,2019.884033203125,-0.00042426586151123047,0.9982105493545532,162.33663940429688,0.0008899569511413574,0.9986470937728882,0.021093353629112244,0.0008397698402404785,0.9972836375236511,9.825578689575195,0.0024022459983825684,0.9985269904136658,16.681133270263672,0.001974940299987793,10,121,0.00013637542724609375
SLIM*MIX_oms_pat5_fn-full_extended_const-small_ints_latent32,9057152a-801c-11f1-8d02-2c7ba0e6fa90,synthetic_prior,0,12,0.9989116191864014,0.2067408561706543,11839.0,0.9959473609924316,30.936124801635742,0.00045883655548095703,0.9982737302780151,2020.2908935546875,-0.0008273124694824219,0.9983423352241516,162.3580780029297,0.0006260871887207031,0.9989362955093384,0.021099461242556572,0.00026100873947143555,0.997843861579895,9.831098556518555,0.0012812018394470215,0.9988018274307251,16.68572425842285,0.0014254450798034668,10,122,0.00017595291137695312
SLIM*MIX_oms_pat5_fn-full_extended_const-small_ints_latent32,9057152a-801c-11f1-8d02-2c7ba0e6fa90,synthetic_prior,0,13,0.9989078640937805,0.21924734115600586,15287.0,0.9960187673568726,30.93834114074707,0.0003154873847961426,0.9981632232666016,2020.0673828125,-0.0006058216094970703,0.9978901743888855,162.28453063964844,0.0015311241149902344,0.9985265135765076,0.021090809255838394,0.001080930233001709,0.9976366758346558,9.829055786132812,0.0016959309577941895,0.9985175728797913,16.68097686767578,0.001993834972381592,12,150,0.00018340349197387695
SLIM*MIX_oms_pat5_fn-full_extended_const-small_ints_latent32,9057152a-801c-11f1-8d02-2c7ba0e6fa90,synthetic_prior,0,14,0.9989041090011597,0.17529821395874023,20180.0,0.9959327578544617,30.935670852661133,0.00048804283142089844,0.9983358383178711,2020.4166259765625,-0.0009518861770629883,0.9983291625976562,162.35592651367188,0.0006524920463562012,0.9989425539970398,0.021099593490362167,0.0002484917640686035,0.99778151512146,9.830483436584473,0.001405954360961914,0.9988073706626892,16.68581771850586,0.0014144182205200195,9,110,0.00019085407257080078
SLIM*MIX_oms_pat5_fn-full_extended_const-small_ints_latent32,9057152a-801c-11f1-8d02-2c7ba0e6fa90,synthetic_prior,0,15,0.998903751373291,0.16838383674621582,22855.0,0.996016800403595,30.938282012939453,0.00031936168670654297,0.9982693791389465,2020.2821044921875,-0.0008187294006347656,0.9977720379829407,162.2653350830078,0.0017674565315246582,0.9983561038970947,0.02108720876276493,0.0014219284057617188,0.9965128898620605,9.817984580993652,0.00394362211227417,0.9977633357048035,16.668376922607422,0.0035008788108825684,13,163,0.00019162893295288086
SLIM*MIX_oms_pat5_fn-full_extended_const-small_ints_latent32,9057152a-801c-11f1-8d02-2c7ba0e6fa90,synthetic_prior,0,16,0.9988979697227478,0.1779799461364746,25193.0,0.9960643649101257,30.93975830078125,0.00022393465042114258,0.9981821179389954,2020.1055908203125,-0.0006437301635742188,0.9980388879776001,162.3087158203125,0.001233518123626709,0.9985293745994568,0.02109086886048317,0.0010752677917480469,0.9971229434013367,9.823994636535645,0.0027237534523010254,0.9982767105102539,16.676952362060547,0.0024752020835876465,13,165,0.00020325183868408203
SLIM*MIX_oms_pat5_fn-full_extended_const-small_ints_latent32,9057152a-801c-11f1-8d02-2c7ba0e6fa90,synthetic_prior,0,17,0.9988834857940674,0.1876087188720703,27256.0,0.9958160519599915,30.93204689025879,0.000722348690032959,0.9984993934631348,2020.74755859375,-0.0012798309326171875,0.9977219700813293,162.2572021484375,0.0018676519393920898,0.9988397359848022,0.021097423508763313,0.00045418739318847656,0.9971321225166321,9.824085235595703,0.002705395221710205,0.9975417852401733,16.664676666259766,0.003943383693695068,13,162,0.00023221969604492188
SLIM*MIX_oms_pat5_fn-full_extended_const-small_ints_latent32,9057152a-801c-11f1-8d02-2c7ba0e6fa90,synthetic_prior,0,18,0.9988775849342346,0.18778276443481445,28223.0,0.9960340261459351,30.938814163208008,0.0002848505973815918,0.9983106255531311,2020.3656005859375,-0.000901341438293457,0.9975073933601379,162.2222900390625,0.0022969841957092285,0.9984620213508606,0.021089443936944008,0.0012100934982299805,0.996357798576355,9.81645679473877,0.004253745079040527,0.9979836344718933,16.672056198120117,0.003060758113861084,15,192,0.00024402141571044922
SLIM*MIX_oms_pat5_fn-full_extended_const-small_ints_latent32,9057152a-801c-11f1-8d02-2c7ba0e6fa90,synthetic_prior,0,19,0.9988554120063782,0.1724691390991211,30210.0,0.9958791732788086,30.93400764465332,0.0005956888198852539,0.9983347058296204,2020.414306640625,-0.0009496212005615234,0.9979630708694458,162.29638671875,0.0013852119445800781,0.9987337589263916,0.021095184609293938,0.0006663799285888672,0.9973509907722473,9.826241493225098,0.002267599105834961,0.9975704550743103,16.6651554107666,0.003886103630065918,12,150,0.0002884864807128906
SLIM*MIX_oms_pat5_fn-full_extended_const-small_ints_latent32,9057152a-801c-11f1-8d02-2c7ba0e6fa90,synthetic_prior,0,20,0.9988536834716797,0.19115543365478516,32322.0,0.9958471655845642,30.93301010131836,0.0006598830223083496,0.9983808398246765,2020.5076904296875,-0.0010421276092529297,0.9982547760009766,162.34384155273438,0.0008013248443603516,0.9989686012268066,0.02110014483332634,0.00019633769989013672,0.9975812435150146,9.828510284423828,0.0018067359924316406,0.9990124106407166,16.68924331665039,0.001004338264465332,12,165,0.0002918243408203125
SLIM*MIX_oms_pat5_fn-full_extended_const-small_ints_latent32,9057152a-801c-11f1-8d02-2c7ba0e6fa90,synthetic_prior,0,21,0.9988316893577576,0.18819403648376465,34242.0,0.9957455992698669,30.92985725402832,0.0008637905120849609,0.9986786246299744,2021.1103515625,-0.0016393661499023438,0.9982575178146362,162.34426879882812,0.000795900821685791,0.9989740252494812,0.021100258454680443,0.00018537044525146484,0.997382402420044,9.82655143737793,0.0022046566009521484,0.9990801215171814,16.69037628173828,0.0008688569068908691,13,179,0.00033593177795410156
SLIM*MIX_oms_pat5_fn-full_extended_const-small_ints_latent32,9057152a-801c-11f1-8d02-2c7ba0e6fa90,synthetic_prior,0,22,0.9988316893577576,0.17242932319641113,35617.0,0.9957455992698669,30.92985725402832,0.0008637905120849609,0.9986786246299744,2021.1103515625,-0.0016393661499023438,0.9982575178146362,162.34426879882812,0.000795900821685791,0.9989740252494812,0.021100258454680443,0.00018537044525146484,0.997382402420044,9.82655143737793,0.0022046566009521484,0.9990801215171814,16.69037628173828,0.0008688569068908691,13,179,0.00033593177795410156
SLIM*MIX_oms_pat5_fn-full_extended_const-small_ints_latent32,9057152a-801c-11f1-8d02-2c7ba0e6fa90,synthetic_prior,0,23,0.9988316893577576,0.17189598083496094,36077.0,0.9957455992698669,30.92985725402832,0.0008637905120849609,0.9986786246299744,2021.1103515625,-0.0016393661499023438,0.9982575178146362,162.34426879882812,0.000795900821685791,0.9989740252494812,0.021100258454680443,0.00018537044525146484,0.997382402420044,9.82655143737793,0.0022046566009521484,0.9990801215171814,16.69037628173828,0.0008688569068908691,13,179,0.00033593177795410156
SLIM*MIX_oms_pat5_fn-full_extended_const-small_ints_latent32,9057152a-801c-11f1-8d02-2c7ba0e6fa90,synthetic_prior,0,24,0.998825192451477,0.18715834617614746,35966.0,0.9960567951202393,30.939523696899414,0.0002390742301940918,0.9982687830924988,2020.2808837890625,-0.0008175373077392578,0.9983175992965698,162.3540496826172,0.0006755590438842773,0.998901903629303,0.02109873853623867,0.00032979249954223633,0.9982282519340515,9.834884643554688,0.0005115866661071777,0.9998397827148438,16.70306396484375,-0.0006510019302368164,14,196,0.00034886598587036133
SLIM*MIX_oms_pat5_fn-full_extended_const-small_ints_latent32,9057152a-801c-11f1-8d02-2c7ba0e6fa90,synthetic_prior,0,25,0.9988179802894592,0.17255640029907227,36813.0,0.9960494041442871,30.939292907714844,0.00025397539138793945,0.998268187046051,2020.27978515625,-0.00081634521484375,0.9983213543891907,162.3546600341797,0.0006681084632873535,0.9989094138145447,0.021098894998431206,0.0003147721290588379,0.9982460141181946,9.835060119628906,0.0004760622978210449,0.9998227953910828,16.70277976989746,-0.0006171464920043945,13,181,0.00036334991455078125
SLIM*MIX_oms_pat5_fn-full_extended_const-small_ints_latent32,9057152a-801c-11f1-8d02-2c7ba0e6fa90,synthetic_prior,0,26,0.9988179802894592,0.1892402172088623,37192.0,0.9960494041442871,30.939292907714844,0.00025397539138793945,0.998268187046051,2020.27978515625,-0.00081634521484375,0.9983213543891907,162.3546600341797,0.0006681084632873535,0.9989094138145447,0.021098894998431206,0.0003147721290588379,0.9982460141181946,9.835060119628906,0.0004760622978210449,0.9998227953910828,16.70277976989746,-0.0006171464920043945,13,181,0.00036334991455078125
SLIM*MIX_oms_pat5_fn-full_extended_const-small_ints_latent32,9057152a-801c-11f1-8d02-2c7ba0e6fa90,synthetic_prior,0,27,0.9988120198249817,0.18781280517578125,38212.0,0.9958363771438599,30.932676315307617,0.0006815791130065918,0.9984827041625977,2020.7137451171875,-0.0012464523315429688,0.9975684285163879,162.23220825195312,0.0021749138832092285,0.9989594221115112,0.02109995111823082,0.00021457672119140625,0.9977434873580933,9.830108642578125,0.0014820694923400879,0.9981658458709717,16.67510223388672,0.002696692943572998,17,222,0.00037533044815063477
SLIM*MIX_oms_pat5_fn-full_extended_const-small_ints_latent32,9057152a-801c-11f1-8d02-2c7ba0e6fa90,synthetic_prior,0,28,0.9988120198249817,0.20418167114257812,38848.0,0.9958363771438599,30.932676315307617,0.0006815791130065918,0.9984827041625977,2020.7137451171875,-0.0012464523315429688,0.9975684285163879,162.23220825195312,0.0021749138832092285,0.9989594221115112,0.02109995111823082,0.00021457672119140625,0.9977434873580933,9.830108642578125,0.0014820694923400879,0.9981658458709717,16.67510223388672,0.002696692943572998,17,222,0.00037533044815063477
SLIM*MIX_oms_pat5_fn-full_extended_const-small_ints_latent32,9057152a-801c-11f1-8d02-2c7ba0e6fa90,synthetic_prior,0,29,0.9987955093383789,0.1887502670288086,39416.0,0.9959756731987,30.937002182006836,0.00040203332901000977,0.9984341263771057,2020.615478515625,-0.0011489391326904297,0.9982000589370728,162.33493041992188,0.0009109377861022949,0.9988889098167419,0.021098461002111435,0.00035583972930908203,0.9982201457023621,9.83480453491211,0.000527799129486084,0.9997853636741638,16.7021541595459,-0.0005421638488769531,11,152,0.0004082918167114258
SLIM*MIX_oms_pat5_fn-full_extended_const-small_ints_latent32,9057152a-801c-11f1-8d02-2c7ba0e6fa90,synthetic_prior,0,30,0.9987280368804932,0.20394563674926758,40968.0,0.9960820078849792,30.940305709838867,0.00018852949142456055,0.9984034299850464,2020.5533447265625,-0.0010874271392822266,0.9983482360839844,162.35903930664062,0.0006142854690551758,0.9990140795707703,0.021101105958223343,0.00010520219802856445,0.9983144402503967,9.835734367370605,0.0003389120101928711,0.9994903802871704,16.697227478027344,4.8160552978515625e-05,17,251,0.0005433559417724609
SLIM*MIX_oms_pat5_fn-full_extended_const-small_ints_latent32,9057152a-801c-11f1-8d02-2c7ba0e6fa90,synthetic_prior,0,31,0.9987280368804932,0.19315624237060547,41859.0,0.9960820078849792,30.940305709838867,0.00018852949142456055,0.9984034299850464,2020.5533447265625,-0.0010874271392822266,0.9983482360839844,162.35903930664062,0.0006142854690551758,0.9990140795707703,0.021101105958223343,0.00010520219802856445,0.9983144402503967,9.835734367370605,0.0003389120101928711,0.9994903802871704,16.697227478027344,4.8160552978515625e-05,17,251,0.0005433559417724609
SLIM*MIX_oms_pat5_fn-full_extended_const-small_ints_latent32,9057152a-801c-11f1-8d02-2c7ba0e6fa90,synthetic_prior,0,32,0.9987111687660217,0.23067164421081543,42977.0,0.9960650205612183,30.939777374267578,0.00022268295288085938,0.9983388781547546,2020.4227294921875,-0.0009580850601196289,0.9984115958213806,162.3693389892578,0.00048744678497314453,0.9990065097808838,0.02110094577074051,0.00012034177780151367,0.9983169436454773,9.835759162902832,0.0003339052200317383,0.9994937181472778,16.697284698486328,4.1544437408447266e-05,17,247,0.0005771517753601074
SLIM*MIX_oms_pat5_fn-full_extended_const-small_ints_latent32,9057152a-801c-11f1-8d02-2c7ba0e6fa90,synthetic_prior,0,33,0.9986934661865234,0.19675946235656738,43139.0,0.9960445165634155,30.93914222717285,0.0002637505531311035,0.9983114004135132,2020.3670654296875,-0.0009028911590576172,0.9984073042869568,162.36863708496094,0.0004960298538208008,0.9990078806877136,0.021100975573062897,0.0001175999641418457,0.9983506202697754,9.836091041564941,0.0002664923667907715,0.9994542598724365,16.696624755859375,0.00012052059173583984,18,265,0.0006125569343566895
SLIM*MIX_oms_pat5_fn-full_extended_const-small_ints_latent32,9057152a-801c-11f1-8d02-2c7ba0e6fa90,synthetic_prior,0,34,0.9986771941184998,0.18761420249938965,43256.0,0.995995283126831,30.937612533569336,0.00036257505416870117,0.9984006881713867,2020.5478515625,-0.0010819435119628906,0.9983492493629456,162.3592071533203,0.0006122589111328125,0.9990013241767883,0.021100835874676704,0.00013083219528198242,0.9983487725257874,9.836071968078613,0.0002701878547668457,0.9994626045227051,16.69676399230957,0.00010377168655395508,19,278,0.0006451606750488281
SLIM*MIX_oms_pat5_fn-full_extended_const-small_ints_latent32,9057152a-801c-11f1-8d02-2c7ba0e6fa90,synthetic_prior,0,35,0.9986771941184998,0.2290971279144287,45191.0,0.995995283126831,30.937612533569336,0.00036257505416870117,0.9984006881713867,2020.5478515625,-0.0010819435119628906,0.9983492493629456,162.3592071533203,0.0006122589111328125,0.9990013241767883,0.021100835874676704,0.00013083219528198242,0.9983487725257874,9.836071968078613,0.0002701878547668457,0.9994626045227051,16.69676399230957,0.00010377168655395508,19,278,0.0006451606750488281
SLIM*MIX_oms_pat5_fn-full_extended_const-small_ints_latent32,9057152a-801c-11f1-8d02-2c7ba0e6fa90,synthetic_prior,0,36,0.9986708164215088,0.2557382583618164,46407.0,0.9960108995437622,30.938098907470703,0.0003312230110168457,0.9983837008476257,2020.513427734375,-0.0010478496551513672,0.9984032511711121,162.36798095703125,0.0005041360855102539,0.9990032315254211,0.021100874990224838,0.00012695789337158203,0.9983162879943848,9.835752487182617,0.0003352165222167969,0.9994496703147888,16.69654655456543,0.0001296401023864746,19,280,0.0006579160690307617
SLIM*MIX_oms_pat5_fn-full_extended_const-small_ints_latent32,9057152a-801c-11f1-8d02-2c7ba0e6fa90,synthetic_prior,0,37,0.9986509084701538,0.22356128692626953,48851.0,0.9961839318275452,30.94347381591797,-1.621246337890625e-05,0.9985247254371643,2020.798828125,-0.0013306140899658203,0.998288094997406,162.34925842285156,0.0007346272468566895,0.9989969730377197,0.021100744605064392,0.00013953447341918945,0.9983013272285461,9.835604667663574,0.00036525726318359375,0.9994238018989563,16.696117401123047,0.00018137693405151367,18,269,0.0006977319717407227
SLIM*MIX_oms_pat5_fn-full_extended_const-small_ints_latent32,9057152a-801c-11f1-8d02-2c7ba0e6fa90,synthetic_prior,0,38,0.9986509084701538,0.25435352325439453,51120.0,0.9961839318275452,30.94347381591797,-1.621246337890625e-05,0.9985247254371643,2020.798828125,-0.0013306140899658203,0.998288094997406,162.34925842285156,0.0007346272468566895,0.9989969730377197,0.021100744605064392,0.00013953447341918945,0.9983013272285461,9.835604667663574,0.00036525726318359375,0.9994238018989563,16.696117401123047,0.00018137693405151367,18,269,0.0006977319717407227
SLIM*MIX_oms_pat5_fn-full_extended_const-small_ints_latent32,9057152a-801c-11f1-8d02-2c7ba0e6fa90,synthetic_prior,0,39,0.9986509084701538,0.3103904724121094,51338.0,0.9961839318275452,30.94347381591797,-1.621246337890625e-05,0.9985247254371643,2020.798828125,-0.0013306140899658203,0.998288094997406,162.34925842285156,0.0007346272468566895,0.9989969730377197,0.021100744605064392,0.00013953447341918945,0.9983013272285461,9.835604667663574,0.00036525726318359375,0.9994238018989563,16.696117401123047,0.00018137693405151367,18,269,0.0006977319717407227
SLIM*MIX_oms_pat5_fn-full_extended_const-small_ints_latent32,9057152a-801c-11f1-8d02-2c7ba0e6fa90,synthetic_prior,0,40,0.9986425638198853,0.2787961959838867,51627.0,0.9958909153938293,30.934370040893555,0.0005720853805541992,0.998751699924469,2021.2581787109375,-0.0017859935760498047,0.9985703229904175,162.3951416015625,0.00016963481903076172,0.9990342259407043,0.021101532503962517,6.490945816040039e-05,0.9984338879585266,9.836910247802734,9.971857070922852e-05,0.9995166063308716,16.69766616821289,-4.291534423828125e-06,17,244,0.0007144808769226074
SLIM*MIX_oms_pat5_fn-full_extended_const-small_ints_latent32,9057152a-801c-11f1-8d02-2c7ba0e6fa90,synthetic_prior,0,41,0.9986310601234436,0.2404921054840088,53020.0,0.9958420991897583,30.93285369873047,0.0006699562072753906,0.9987250566482544,2021.2042236328125,-0.001732468605041504,0.9986403584480286,162.40655517578125,2.9265880584716797e-05,0.9990606307983398,0.021102087572216988,1.2099742889404297e-05,0.9984627962112427,9.83719539642334,4.184246063232422e-05,0.9995102882385254,16.697561264038086,8.285045623779297e-06,17,248,0.0007374882698059082
SLIM*MIX_oms_pat5_fn-full_extended_const-small_ints_latent32,9057152a-801c-11f1-8d02-2c7ba0e6fa90,synthetic_prior,0,42,0.9986310601234436,0.23952770233154297,54712.0,0.9958420991897583,30.93285369873047,0.0006699562072753906,0.9987250566482544,2021.2042236328125,-0.001732468605041504,0.9986403584480286,162.40655517578125,2.9265880584716797e-05,0.9990606307983398,0.021102087572216988,1.2099742889404297e-05,0.9984627962112427,9.83719539642334,4.184246063232422e-05,0.9995102882385254,16.697561264038086,8.285045623779297e-06,17,248,0.0007374882698059082
SLIM*MIX_oms_pat5_fn-full_extended_const-small_ints_latent32,9057152a-801c-11f1-8d02-2c7ba0e6fa90,synthetic_prior,0,43,0.998626708984375,0.24505829811096191,54975.0,0.9959766864776611,30.937036514282227,0.0003998875617980957,0.9988266229629517,2021.4097900390625,-0.0019363164901733398,0.9981740117073059,162.33070373535156,0.0009630918502807617,0.998968780040741,0.021100148558616638,0.00019598007202148438,0.9983291029930115,9.835878372192383,0.0003096461296081543,0.9993166923522949,16.694326400756836,0.00039577484130859375,20,318,0.0007461905479431152
SLIM*MIX_oms_pat5_fn-full_extended_const-small_ints_latent32,9057152a-801c-11f1-8d02-2c7ba0e6fa90,synthetic_prior,0,44,0.9986224174499512,0.2404778003692627,55489.0,0.9958488941192627,30.933067321777344,0.0006563663482666016,0.9988637566566467,2021.4849853515625,-0.002010822296142578,0.9986579418182373,162.40940856933594,-5.9604644775390625e-06,0.999059796333313,0.021102070808410645,1.3828277587890625e-05,0.9984586834907532,9.837156295776367,5.0067901611328125e-05,0.999509871006012,16.697553634643555,9.119510650634766e-06,18,262,0.0007547736167907715
SLIM*MIX_oms_pat5_fn-full_extended_const-small_ints_latent32,9057152a-801c-11f1-8d02-2c7ba0e6fa90,synthetic_prior,0,45,0.9986224174499512,0.23887205123901367,55200.0,0.9958488941192627,30.933067321777344,0.0006563663482666016,0.9988637566566467,2021.4849853515625,-0.002010822296142578,0.9986579418182373,162.40940856933594,-5.9604644775390625e-06,0.999059796333313,0.021102070808410645,1.3828277587890625e-05,0.9984586834907532,9.837156295776367,5.0067901611328125e-05,0.999509871006012,16.697553634643555,9.119510650634766e-06,18,262,0.0007547736167907715
SLIM*MIX_oms_pat5_fn-full_extended_const-small_ints_latent32,9057152a-801c-11f1-8d02-2c7ba0e6fa90,synthetic_prior,0,46,0.9986070394515991,0.24198031425476074,54654.0,0.9959841966629028,30.93726921081543,0.00038486719131469727,0.9991923570632935,2022.150146484375,-0.0026701688766479492,0.9979305863380432,162.29110717773438,0.0014503002166748047,0.9990203380584717,0.021101240068674088,9.274482727050781e-05,0.9984129071235657,9.83670425415039,0.0001417398452758789,0.9994993805885315,16.697378158569336,3.0159950256347656e-05,16,238,0.0007855892181396484
SLIM*MIX_oms_pat5_fn-full_extended_const-small_ints_latent32,9057152a-801c-11f1-8d02-2c7ba0e6fa90,synthetic_prior,0,47,0.9986070394515991,0.20776748657226562,54804.0,0.9959841966629028,30.93726921081543,0.00038486719131469727,0.9991923570632935,2022.150146484375,-0.0026701688766479492,0.9979305863380432,162.29110717773438,0.0014503002166748047,0.9990203380584717,0.021101240068674088,9.274482727050781e-05,0.9984129071235657,9.83670425415039,0.0001417398452758789,0.9994993805885315,16.697378158569336,3.0159950256347656e-05,16,238,0.0007855892181396484
SLIM*MIX_oms_pat5_fn-full_extended_const-small_ints_latent32,9057152a-801c-11f1-8d02-2c7ba0e6fa90,synthetic_prior,0,48,0.9986070394515991,0.19833588600158691,55449.0,0.9959841966629028,30.93726921081543,0.00038486719131469727,0.9991923570632935,2022.150146484375,-0.0026701688766479492,0.9979305863380432,162.29110717773438,0.0014503002166748047,0.9990203380584717,0.021101240068674088,9.274482727050781e-05,0.9984129071235657,9.83670425415039,0.0001417398452758789,0.9994993805885315,16.697378158569336,3.0159950256347656e-05,16,238,0.0007855892181396484
SLIM*MIX_oms_pat5_fn-full_extended_const-small_ints_latent32,9057152a-801c-11f1-8d02-2c7ba0e6fa90,synthetic_prior,0,49,0.9986070394515991,0.2063579559326172,56141.0,0.9959841966629028,30.93726921081543,0.00038486719131469727,0.9991923570632935,2022.150146484375,-0.0026701688766479492,0.9979305863380432,162.29110717773438,0.0014503002166748047,0.9990203380584717,0.021101240068674088,9.274482727050781e-05,0.9984129071235657,9.83670425415039,0.0001417398452758789,0.9994993805885315,16.697378158569336,3.0159950256347656e-05,16,238,0.0007855892181396484
SLIM*MIX_oms_pat5_fn-full_extended_const-small_ints_latent32,9057152a-801c-11f1-8d02-2c7ba0e6fa90,synthetic_prior,0,50,0.9986059665679932,0.23526668548583984,56515.0,0.9957195520401001,30.929048538208008,0.0009160041809082031,0.9994838833808899,2022.739990234375,-0.0032553672790527344,0.9985992908477783,162.3998565673828,0.00011163949966430664,0.999019205570221,0.021101213991642,9.500980377197266e-05,0.998336672782898,9.835952758789062,0.0002943873405456543,0.9994709491729736,16.696903228759766,8.70823860168457e-05,14,197,0.0007876753807067871
SLIM*MIX_oms_pat5_fn-full_extended_const-small_ints_latent32,9057152a-801c-11f1-8d02-2c7ba0e6fa90,synthetic_prior,0,51,0.9986051917076111,0.20595908164978027,57781.0,0.9959089159965515,30.93492889404297,0.0005359649658203125,0.9993370771408081,2022.44287109375,-0.002960681915283203,0.9987703561782837,162.4276885986328,-0.00023102760314941406,0.999030590057373,0.02110145427286625,7.224082946777344e-05,0.9983733296394348,9.83631420135498,0.00022101402282714844,0.9994783401489258,16.6970272064209,7.224082946777344e-05,15,220,0.0007892251014709473
SLIM*MIX_oms_pat5_fn-full_extended_const-small_ints_latent32,9057152a-801c-11f1-8d02-2c7ba0e6fa90,synthetic_prior,0,52,0.9985907077789307,0.21437716484069824,58011.0,0.9956307411193848,30.926292419433594,0.0010941624641418457,0.9990238547325134,2021.80908203125,-0.002331972122192383,0.9987030029296875,162.41673278808594,-9.608268737792969e-05,0.9990679621696472,0.021102244034409523,-2.6226043701171875e-06,0.9984574913978577,9.837142944335938,5.251169204711914e-05,0.9994849562644958,16.6971378326416,5.906820297241211e-05,21,296,0.0008181929588317871
SLIM*MIX_oms_pat5_fn-full_extended_const-small_ints_latent32,9057152a-801c-11f1-8d02-2c7ba0e6fa90,synthetic_prior,0,53,0.9985907077789307,0.2002696990966797,55909.0,0.9956307411193848,30.926292419433594,0.0010941624641418457,0.9990238547325134,2021.80908203125,-0.002331972122192383,0.9987030029296875,162.41673278808594,-9.608268737792969e-05,0.9990679621696472,0.021102244034409523,-2.6226043701171875e-06,0.9984574913978577,9.837142944335938,5.251169204711914e-05,0.9994849562644958,16.6971378326416,5.906820297241211e-05,21,296,0.0008181929588317871
SLIM*MIX_oms_pat5_fn-full_extended_const-small_ints_latent32,9057152a-801c-11f1-8d02-2c7ba0e6fa90,synthetic_prior,0,54,0.9985864758491516,0.2378995418548584,55507.0,0.9956051111221313,30.925495147705078,0.0011456012725830078,0.999204695224762,2022.1751708984375,-0.0026949644088745117,0.9988029599189758,162.4329833984375,-0.0002962350845336914,0.9990701675415039,0.021102290600538254,-7.033348083496094e-06,0.9984591603279114,9.837160110473633,4.9173831939697266e-05,0.9994738101959229,16.696950912475586,8.13603401184082e-05,22,321,0.0008266568183898926
SLIM*MIX_oms_pat5_fn-full_extended_const-small_ints_latent32,9057152a-801c-11f1-8d02-2c7ba0e6fa90,synthetic_prior,0,55,0.9985768795013428,0.26065945625305176,55284.0,0.9961464405059814,30.942306518554688,5.91278076171875e-05,0.9992372393608093,2022.2408447265625,-0.002760171890258789,0.9984223246574402,162.37109375,0.0004659295082092285,0.9990131258964539,0.0211010854691267,0.00010710954666137695,0.9983855485916138,9.836434364318848,0.00019657611846923828,0.9995071887969971,16.697509765625,1.4483928680419922e-05,21,310,0.0008458495140075684
SLIM*MIX_oms_pat5_fn-full_extended_const-small_ints_latent32,9057152a-801c-11f1-8d02-2c7ba0e6fa90,synthetic_prior,0,56,0.9985768795013428,0.25374722480773926,55976.0,0.9961464405059814,30.942306518554688,5.91278076171875e-05,0.9992372393608093,2022.2408447265625,-0.002760171890258789,0.9984223246574402,162.37109375,0.0004659295082092285,0.9990131258964539,0.0211010854691267,0.00010710954666137695,0.9983855485916138,9.836434364318848,0.00019657611846923828,0.9995071887969971,16.697509765625,1.4483928680419922e-05,21,310,0.0008458495140075684
SLIM*MIX_oms_pat5_fn-full_extended_const-small_ints_latent32,9057152a-801c-11f1-8d02-2c7ba0e6fa90,synthetic_prior,0,57,0.9985725283622742,0.22144865989685059,56933.0,0.9960014224052429,30.937803268432617,0.0003502368927001953,0.9992678761482239,2022.3028564453125,-0.002821683883666992,0.9983327984809875,162.3565216064453,0.0006452202796936035,0.9990165829658508,0.02110115997493267,0.00010025501251220703,0.9983932971954346,9.836511611938477,0.00018095970153808594,0.9994806051254272,16.697065353393555,6.771087646484375e-05,23,343,0.0008546113967895508
SLIM*MIX_oms_pat5_fn-full_extended_const-small_ints_latent32,9057152a-801c-11f1-8d02-2c7ba0e6fa90,synthetic_prior,0,58,0.9985725283622742,0.25577211380004883,58639.0,0.9960014224052429,30.937803268432617,0.0003502368927001953,0.9992678761482239,2022.3028564453125,-0.002821683883666992,0.9983327984809875,162.3565216064453,0.0006452202796936035,0.9990165829658508,0.02110115997493267,0.00010025501251220703,0.9983932971954346,9.836511611938477,0.00018095970153808594,0.9994806051254272,16.697065353393555,6.771087646484375e-05,23,343,0.0008546113967895508
SLIM*MIX_oms_pat5_fn-full_extended_const-small_ints_latent32,9057152a-801c-11f1-8d02-2c7ba0e6fa90,synthetic_prior,0,59,0.9985518455505371,0.2189464569091797,59979.0,0.996035099029541,30.93885040283203,0.00028264522552490234,0.9994161128997803,2022.602783203125,-0.003119230270385742,0.998387336730957,162.36538696289062,0.0005359649658203125,0.9989951848983765,0.021100707352161407,0.0001430511474609375,0.9983677268028259,9.836259841918945,0.00023227930068969727,0.9994744658470154,16.696962356567383,8.004903793334961e-05,23,343,0.0008960366249084473
SLIM*MIX_oms_pat5_fn-full_extended_const-small_ints_latent32,9057152a-801c-11f1-8d02-2c7ba0e6fa90,synthetic_prior,0,60,0.9985518455505371,0.26818180084228516,60354.0,0.996035099029541,30.93885040283203,0.00028264522552490234,0.9994161128997803,2022.602783203125,-0.003119230270385742,0.998387336730957,162.36538696289062,0.0005359649658203125,0.9989951848983765,0.021100707352161407,0.0001430511474609375,0.9983677268028259,9.836259841918945,0.00023227930068969727,0.9994744658470154,16.696962356567383,8.004903793334961e-05,23,343,0.0008960366249084473
SLIM*MIX_oms_pat5_fn-full_extended_const-small_ints_latent32,9057152a-801c-11f1-8d02-2c7ba0e6fa90,synthetic_prior,0,61,0.9985518455505371,0.20673155784606934,60696.0,0.996035099029541,30.93885040283203,0.00028264522552490234,0.9994161128997803,2022.602783203125,-0.003119230270385742,0.998387336730957,162.36538696289062,0.0005359649658203125,0.9989951848983765,0.021100707352161407,0.0001430511474609375,0.9983677268028259,9.836259841918945,0.00023227930068969727,0.9994744658470154,16.696962356567383,8.004903793334961e-05,23,343,0.0008960366249084473
SLIM*MIX_oms_pat5_fn-full_extended_const-small_ints_latent32,9057152a-801c-11f1-8d02-2c7ba0e6fa90,synthetic_prior,0,62,0.9985518455505371,0.24076366424560547,60925.0,0.996035099029541,30.93885040283203,0.00028264522552490234,0.9994161128997803,2022.602783203125,-0.003119230270385742,0.998387336730957,162.36538696289062,0.0005359649658203125,0.9989951848983765,0.021100707352161407,0.0001430511474609375,0.9983677268028259,9.836259841918945,0.00023227930068969727,0.9994744658470154,16.696962356567383,8.004903793334961e-05,23,343,0.0008960366249084473
SLIM*MIX_oms_pat5_fn-full_extended_const-small_ints_latent32,9057152a-801c-11f1-8d02-2c7ba0e6fa90,synthetic_prior,0,63,0.9985518455505371,0.2505676746368408,62369.0,0.996035099029541,30.93885040283203,0.00028264522552490234,0.9994161128997803,2022.602783203125,-0.003119230270385742,0.998387336730957,162.36538696289062,0.0005359649658203125,0.9989951848983765,0.021100707352161407,0.0001430511474609375,0.9983677268028259,9.836259841918945,0.00023227930068969727,0.9994744658470154,16.696962356567383,8.004903793334961e-05,23,343,0.0008960366249084473
SLIM*MIX_oms_pat5_fn-full_extended_const-small_ints_latent32,9057152a-801c-11f1-8d02-2c7ba0e6fa90,synthetic_prior,0,64,0.9985518455505371,0.26987195014953613,32739.0,0.996035099029541,30.93885040283203,0.00028264522552490234,0.9994161128997803,2022.602783203125,-0.003119230270385742,0.998387336730957,162.36538696289062,0.0005359649658203125,0.9989951848983765,0.021100707352161407,0.0001430511474609375,0.9983677268028259,9.836259841918945,0.00023227930068969727,0.9994744658470154,16.696962356567383,8.004903793334961e-05,23,343,0.0008960366249084473
SLIM*MIX_oms_pat5_fn-full_extended_const-small_ints_latent32,9057152a-801c-11f1-8d02-2c7ba0e6fa90,synthetic_prior,0,65,0.9985391497612,0.2190845012664795,49803.0,0.9957732558250427,30.93071746826172,0.0008082389831542969,0.9996529817581177,2023.082275390625,-0.0035948753356933594,0.9979249238967896,162.29017639160156,0.001461625099182129,0.9990051984786987,0.02110091783106327,0.00012308359146118164,0.9984203577041626,9.836776733398438,0.00012689828872680664,0.9994481205940247,16.696521759033203,0.00013273954391479492,24,355,0.0009214282035827637
SLIM*MIX_oms_pat5_fn-full_extended_const-small_ints_latent32,9057152a-801c-11f1-8d02-2c7ba0e6fa90,synthetic_prior,0,66,0.9985391497612,0.25974369049072266,64295.0,0.9957732558250427,30.93071746826172,0.0008082389831542969,0.9996529817581177,2023.082275390625,-0.0035948753356933594,0.9979249238967896,162.29017639160156,0.001461625099182129,0.9990051984786987,0.02110091783106327,0.00012308359146118164,0.9984203577041626,9.836776733398438,0.00012689828872680664,0.9994481205940247,16.696521759033203,0.00013273954391479492,24,355,0.0009214282035827637
SLIM*MIX_oms_pat5_fn-full_extended_const-small_ints_latent32,9057152a-801c-11f1-8d02-2c7ba0e6fa90,synthetic_prior,0,67,0.9985391497612,0.2778184413909912,68788.0,0.9957732558250427,30.93071746826172,0.0008082389831542969,0.9996529817581177,2023.082275390625,-0.0035948753356933594,0.9979249238967896,162.29017639160156,0.001461625099182129,0.9990051984786987,0.02110091783106327,0.00012308359146118164,0.9984203577041626,9.836776733398438,0.00012689828872680664,0.9994481205940247,16.696521759033203,0.00013273954391479492,24,355,0.0009214282035827637
SLIM*MIX_oms_pat5_fn-full_extended_const-small_ints_latent32,9057152a-801c-11f1-8d02-2c7ba0e6fa90,synthetic_prior,0,68,0.9985359907150269,0.28159594535827637,71015.0,0.9961177706718445,30.941417694091797,0.00011664628982543945,0.9995195269584656,2022.8121337890625,-0.003326892852783203,0.9982121586799622,162.33689880371094,0.0008867383003234863,0.9990398287773132,0.021101651713252068,5.3763389587402344e-05,0.9983841180801392,9.836421012878418,0.00019943714141845703,0.9993752241134644,16.69530487060547,0.0002785325050354004,27,398,0.0009277462959289551
SLIM*MIX_oms_pat5_fn-full_extended_const-small_ints_latent32,9057152a-801c-11f1-8d02-2c7ba0e6fa90,synthetic_prior,0,69,0.9985359907150269,0.4042651653289795,71927.0,0.9961177706718445,30.941417694091797,0.00011664628982543945,0.9995195269584656,2022.8121337890625,-0.003326892852783203,0.9982121586799622,162.33689880371094,0.0008867383003234863,0.9990398287773132,0.021101651713252068,5.3763389587402344e-05,0.9983841180801392,9.836421012878418,0.00019943714141845703,0.9993752241134644,16.69530487060547,0.0002785325050354004,27,398,0.0009277462959289551
SLIM*MIX_oms_pat5_fn-full_extended_const-small_ints_latent32,9057152a-801c-11f1-8d02-2c7ba0e6fa90,synthetic_prior,0,70,0.9985272884368896,0.2427215576171875,73373.0,0.9958579540252686,30.933347702026367,0.0006383061408996582,0.999705970287323,2023.189453125,-0.0037012100219726562,0.9978680610656738,162.2809295654297,0.0015754103660583496,0.9990222454071045,0.02110127918422222,8.887052536010742e-05,0.9984650015830994,9.837217330932617,3.74913215637207e-05,0.9994257092475891,16.696147918701172,0.00017756223678588867,24,358,0.0009451508522033691
SLIM*MIX_oms_pat5_fn-full_extended_const-small_ints_latent32,9057152a-801c-11f1-8d02-2c7ba0e6fa90,synthetic_prior,0,71,0.9985210299491882,0.2312939167022705,74095.0,0.99619060754776,30.943681716918945,-2.956390380859375e-05,0.9998064041137695,2023.3927001953125,-0.003902912139892578,0.9983782768249512,162.36392211914062,0.0005540847778320312,0.9990449547767639,0.021101757884025574,4.3451786041259766e-05,0.9983372688293457,9.835958480834961,0.00029331445693969727,0.9994534254074097,16.696611404418945,0.0001220703125,28,414,0.0009577274322509766
SLIM*MIX_oms_pat5_fn-full_extended_const-small_ints_latent32,9057152a-801c-11f1-8d02-2c7ba0e6fa90,synthetic_prior,0,72,0.9985210299491882,0.23800110816955566,74781.0,0.99619060754776,30.943681716918945,-2.956390380859375e-05,0.9998064041137695,2023.3927001953125,-0.003902912139892578,0.9983782768249512,162.36392211914062,0.0005540847778320312,0.9990449547767639,0.021101757884025574,4.3451786041259766e-05,0.9983372688293457,9.835958480834961,0.00029331445693969727,0.9994534254074097,16.696611404418945,0.0001220703125,28,414,0.0009577274322509766
SLIM*MIX_oms_pat5_fn-full_extended_const-small_ints_latent32,9057152a-801c-11f1-8d02-2c7ba0e6fa90,synthetic_prior,0,73,0.9985194206237793,0.1902327537536621,75469.0,0.9961954951286316,30.943830490112305,-3.933906555175781e-05,0.9995266795158386,2022.82666015625,-0.0033413171768188477,0.9985899925231934,162.3983612060547,0.00013023614883422852,0.9990473389625549,0.021101808175444603,3.8683414459228516e-05,0.9983615279197693,9.836197853088379,0.0002446174621582031,0.9994736909866333,16.696949005126953,8.159875869750977e-05,27,395,0.0009609460830688477
SLIM*MIX_oms_pat5_fn-full_extended_const-small_ints_latent32,9057152a-801c-11f1-8d02-2c7ba0e6fa90,synthetic_prior,0,74,0.9985194206237793,0.2047104835510254,76431.0,0.9961954951286316,30.943830490112305,-3.933906555175781e-05,0.9995266795158386,2022.82666015625,-0.0033413171768188477,0.9985899925231934,162.3983612060547,0.00013023614883422852,0.9990473389625549,0.021101808175444603,3.8683414459228516e-05,0.9983615279197693,9.836197853088379,0.0002446174621582031,0.9994736909866333,16.696949005126953,8.159875869750977e-05,27,395,0.0009609460830688477
SLIM*MIX_oms_pat5_fn-full_extended_const-small_ints_latent32,9057152a-801c-11f1-8d02-2c7ba0e6fa90,synthetic_prior,0,75,0.9985194206237793,0.2064344882965088,77333.0,0.9961954951286316,30.943830490112305,-3.933906555175781e-05,0.9995266795158386,2022.82666015625,-0.0033413171768188477,0.9985899925231934,162.3983612060547,0.00013023614883422852,0.9990473389625549,0.021101808175444603,3.8683414459228516e-05,0.9983615279197693,9.836197853088379,0.0002446174621582031,0.9994736909866333,16.696949005126953,8.159875869750977e-05,27,395,0.0009609460830688477
SLIM*MIX_oms_pat5_fn-full_extended_const-small_ints_latent32,9057152a-801c-11f1-8d02-2c7ba0e6fa90,synthetic_prior,0,76,0.9985194206237793,0.2117927074432373,78680.0,0.9961954951286316,30.943830490112305,-3.933906555175781e-05,0.9995266795158386,2022.82666015625,-0.0033413171768188477,0.9985899925231934,162.3983612060547,0.00013023614883422852,0.9990473389625549,0.021101808175444603,3.8683414459228516e-05,0.9983615279197693,9.836197853088379,0.0002446174621582031,0.9994736909866333,16.696949005126953,8.159875869750977e-05,27,395,0.0009609460830688477
SLIM*MIX_oms_pat5_fn-full_extended_const-small_ints_latent32,9057152a-801c-11f1-8d02-2c7ba0e6fa90,synthetic_prior,0,77,0.9985194206237793,0.22199273109436035,79961.0,0.9961954951286316,30.943830490112305,-3.933906555175781e-05,0.9995266795158386,2022.82666015625,-0.0033413171768188477,0.9985899925231934,162.3983612060547,0.00013023614883422852,0.9990473389625549,0.021101808175444603,3.8683414459228516e-05,0.9983615279197693,9.836197853088379,0.0002446174621582031,0.9994736909866333,16.696949005126953,8.159875869750977e-05,27,395,0.0009609460830688477
SLIM*MIX_oms_pat5_fn-full_extended_const-small_ints_latent32,9057152a-801c-11f1-8d02-2c7ba0e6fa90,synthetic_prior,0,78,0.9985194206237793,0.25231027603149414,40843.0,0.9961954951286316,30.943830490112305,-3.933906555175781e-05,0.9995266795158386,2022.82666015625,-0.0033413171768188477,0.9985899925231934,162.3983612060547,0.00013023614883422852,0.9990473389625549,0.021101808175444603,3.8683414459228516e-05,0.9983615279197693,9.836197853088379,0.0002446174621582031,0.9994736909866333,16.696949005126953,8.159875869750977e-05,27,395,0.0009609460830688477
SLIM*MIX_oms_pat5_fn-full_extended_const-small_ints_latent32,9057152a-801c-11f1-8d02-2c7ba0e6fa90,synthetic_prior,0,79,0.9985194206237793,0.2033216953277588,60947.0,0.9961954951286316,30.943830490112305,-3.933906555175781e-05,0.9995266795158386,2022.82666015625,-0.0033413171768188477,0.9985899925231934,162.3983612060547,0.00013023614883422852,0.9990473389625549,0.021101808175444603,3.8683414459228516e-05,0.9983615279197693,9.836197853088379,0.0002446174621582031,0.9994736909866333,16.696949005126953,8.159875869750977e-05,27,395,0.0009609460830688477
SLIM*MIX_oms_pat5_fn-full_extended_const-small_ints_latent32,9057152a-801c-11f1-8d02-2c7ba0e6fa90,synthetic_prior,0,80,0.9985194206237793,0.22736144065856934,77753.0,0.9961954951286316,30.943830490112305,-3.933906555175781e-05,0.9995266795158386,2022.82666015625,-0.0033413171768188477,0.9985899925231934,162.3983612060547,0.00013023614883422852,0.9990473389625549,0.021101808175444603,3.8683414459228516e-05,0.9983615279197693,9.836197853088379,0.0002446174621582031,0.9994736909866333,16.696949005126953,8.159875869750977e-05,27,395,0.0009609460830688477
SLIM*MIX_oms_pat5_fn-full_extended_const-small_ints_latent32,9057152a-801c-11f1-8d02-2c7ba0e6fa90,synthetic_prior,0,81,0.9985038638114929,0.1971435546875,81315.0,0.9961995482444763,30.943958282470703,-4.756450653076172e-05,0.9997594356536865,2023.2977294921875,-0.00380861759185791,0.9984756112098694,162.37974548339844,0.0003592967987060547,0.9990489482879639,0.02110184170305729,3.546476364135742e-05,0.9983450174331665,9.836034774780273,0.0002778172492980957,0.9994551539421082,16.696640014648438,0.00011861324310302734,29,431,0.0009920597076416016
SLIM*MIX_oms_pat5_fn-full_extended_const-small_ints_latent32,9057152a-801c-11f1-8d02-2c7ba0e6fa90,synthetic_prior,0,82,0.9985038638114929,0.20130562782287598,81977.0,0.9961995482444763,30.943958282470703,-4.756450653076172e-05,0.9997594356536865,2023.2977294921875,-0.00380861759185791,0.9984756112098694,162.37974548339844,0.0003592967987060547,0.9990489482879639,0.02110184170305729,3.546476364135742e-05,0.9983450174331665,9.836034774780273,0.0002778172492980957,0.9994551539421082,16.696640014648438,0.00011861324310302734,29,431,0.0009920597076416016
SLIM*MIX_oms_pat5_fn-full_extended_const-small_ints_latent32,9057152a-801c-11f1-8d02-2c7ba0e6fa90,synthetic_prior,0,83,0.9985038638114929,0.21579861640930176,82502.0,0.9961995482444763,30.943958282470703,-4.756450653076172e-05,0.9997594356536865,2023.2977294921875,-0.00380861759185791,0.9984756112098694,162.37974548339844,0.0003592967987060547,0.9990489482879639,0.02110184170305729,3.546476364135742e-05,0.9983450174331665,9.836034774780273,0.0002778172492980957,0.9994551539421082,16.696640014648438,0.00011861324310302734,29,431,0.0009920597076416016
SLIM*MIX_oms_pat5_fn-full_extended_const-small_ints_latent32,9057152a-801c-11f1-8d02-2c7ba0e6fa90,synthetic_prior,0,84,0.9985038638114929,0.20427727699279785,83767.0,0.9961995482444763,30.943958282470703,-4.756450653076172e-05,0.9997594356536865,2023.2977294921875,-0.00380861759185791,0.9984756112098694,162.37974548339844,0.0003592967987060547,0.9990489482879639,0.02110184170305729,3.546476364135742e-05,0.9983450174331665,9.836034774780273,0.0002778172492980957,0.9994551539421082,16.696640014648438,0.00011861324310302734,29,431,0.0009920597076416016
SLIM*MIX_oms_pat5_fn-full_extended_const-small_ints_latent32,9057152a-801c-11f1-8d02-2c7ba0e6fa90,synthetic_prior,0,85,0.9985038638114929,0.20546412467956543,82510.0,0.9961995482444763,30.943958282470703,-4.756450653076172e-05,0.9997594356536865,2023.2977294921875,-0.00380861759185791,0.9984756112098694,162.37974548339844,0.0003592967987060547,0.9990489482879639,0.02110184170305729,3.546476364135742e-05,0.9983450174331665,9.836034774780273,0.0002778172492980957,0.9994551539421082,16.696640014648438,0.00011861324310302734,29,431,0.0009920597076416016
SLIM*MIX_oms_pat5_fn-full_extended_const-small_ints_latent32,9057152a-801c-11f1-8d02-2c7ba0e6fa90,synthetic_prior,0,86,0.9984964728355408,0.21880149841308594,81995.0,0.9962005019187927,30.943988800048828,-4.947185516357422e-05,0.9994935989379883,2022.759521484375,-0.0032747983932495117,0.9986713528633118,162.4115753173828,-3.2782554626464844e-05,0.999051570892334,0.021101897582411766,3.0219554901123047e-05,0.9983688592910767,9.83626937866211,0.00023001432418823242,0.99947589635849,16.69698715209961,7.712841033935547e-05,28,412,0.0010069012641906738
SLIM*MIX_oms_pat5_fn-full_extended_const-small_ints_latent32,9057152a-801c-11f1-8d02-2c7ba0e6fa90,synthetic_prior,0,87,0.9984964728355408,0.11014604568481445,81954.0,0.9962005019187927,30.943988800048828,-4.947185516357422e-05,0.9994935989379883,2022.759521484375,-0.0032747983932495117,0.9986713528633118,162.4115753173828,-3.2782554626464844e-05,0.999051570892334,0.021101897582411766,3.0219554901123047e-05,0.9983688592910767,9.83626937866211,0.00023001432418823242,0.99947589635849,16.69698715209961,7.712841033935547e-05,28,412,0.0010069012641906738
SLIM*MIX_oms_pat5_fn-full_extended_const-small_ints_latent32,9057152a-801c-11f1-8d02-2c7ba0e6fa90,synthetic_prior,0,88,0.9984952807426453,0.11602497100830078,82280.0,0.9962201714515686,30.944597244262695,-8.881092071533203e-05,0.9996853470802307,2023.147705078125,-0.003659844398498535,0.9984638094902039,162.37782287597656,0.0003829002380371094,0.9990542531013489,0.021101953461766243,2.473592758178711e-05,0.9983465075492859,9.836050033569336,0.0002747774124145508,0.999457597732544,16.696680068969727,0.0001137852668762207,30,452,0.0010092854499816895
SLIM*MIX_oms_pat5_fn-full_extended_const-small_ints_latent32,9057152a-801c-11f1-8d02-2c7ba0e6fa90,synthetic_prior,0,89,0.9984952807426453,0.09447336196899414,82657.0,0.9962201714515686,30.944597244262695,-8.881092071533203e-05,0.9996853470802307,2023.147705078125,-0.003659844398498535,0.9984638094902039,162.37782287597656,0.0003829002380371094,0.9990542531013489,0.021101953461766243,2.473592758178711e-05,0.9983465075492859,9.836050033569336,0.0002747774124145508,0.999457597732544,16.696680068969727,0.0001137852668762207,30,452,0.0010092854499816895
SLIM*MIX_oms_pat5_fn-full_extended_const-small_ints_latent32,9057152a-801c-11f1-8d02-2c7ba0e6fa90,synthetic_prior,0,90,0.9984952807426453,0.09311223030090332,83127.0,0.9962201714515686,30.944597244262695,-8.881092071533203e-05,0.9996853470802307,2023.147705078125,-0.003659844398498535,0.9984638094902039,162.37782287597656,0.0003829002380371094,0.9990542531013489,0.021101953461766243,2.473592758178711e-05,0.9983465075492859,9.836050033569336,0.0002747774124145508,0.999457597732544,16.696680068969727,0.0001137852668762207,30,452,0.0010092854499816895
SLIM*MIX_oms_pat5_fn-full_extended_const-small_ints_latent32,9057152a-801c-11f1-8d02-2c7ba0e6fa90,synthetic_prior,0,91,0.9984952807426453,0.12176227569580078,83375.0,0.9962201714515686,30.944597244262695,-8.881092071533203e-05,0.9996853470802307,2023.147705078125,-0.003659844398498535,0.9984638094902039,162.37782287597656,0.0003829002380371094,0.9990542531013489,0.021101953461766243,2.473592758178711e-05,0.9983465075492859,9.836050033569336,0.0002747774124145508,0.999457597732544,16.696680068969727,0.0001137852668762207,30,452,0.0010092854499816895
SLIM*MIX_oms_pat5_fn-full_extended_const-small_ints_latent32,9057152a-801c-11f1-8d02-2c7ba0e6fa90,synthetic_prior,0,92,0.9984896779060364,0.0947725772857666,84474.0,0.9960533976554871,30.93941879272461,0.0002459287643432617,0.9994113445281982,2022.5931396484375,-0.0031096935272216797,0.998607873916626,162.4012451171875,9.441375732421875e-05,0.99908047914505,0.021102508530020714,-2.777576446533203e-05,0.9983924627304077,9.836503028869629,0.00018274784088134766,0.9994385838508606,16.69636344909668,0.0001518726348876953,32,489,0.0010203719139099121
SLIM*MIX_oms_pat5_fn-full_extended_const-small_ints_latent32,9057152a-801c-11f1-8d02-2c7ba0e6fa90,synthetic_prior,0,93,0.9984815120697021,0.11075305938720703,84110.0,0.9960532188415527,30.93941307067871,0.00024622678756713867,0.9993883967399597,2022.5467529296875,-0.0030635595321655273,0.998658299446106,162.4094696044922,-6.556510925292969e-06,0.9990853667259216,0.02110261283814907,-3.7550926208496094e-05,0.9983875751495361,9.836454391479492,0.00019246339797973633,0.9994354844093323,16.696311950683594,0.00015801191329956055,31,473,0.0010367035865783691
SLIM*MIX_oms_pat5_fn-full_extended_const-small_ints_latent32,9057152a-801c-11f1-8d02-2c7ba0e6fa90,synthetic_prior,0,94,0.9984815120697021,0.09480094909667969,85778.0,0.9960532188415527,30.93941307067871,0.00024622678756713867,0.9993883967399597,2022.5467529296875,-0.0030635595321655273,0.998658299446106,162.4094696044922,-6.556510925292969e-06,0.9990853667259216,0.02110261283814907,-3.7550926208496094e-05,0.9983875751495361,9.836454391479492,0.00019246339797973633,0.9994354844093323,16.696311950683594,0.00015801191329956055,31,473,0.0010367035865783691
SLIM*MIX_oms_pat5_fn-full_extended_const-small_ints_latent32,9057152a-801c-11f1-8d02-2c7ba0e6fa90,synthetic_prior,0,95,0.9984815120697021,0.09545373916625977,88248.0,0.9960532188415527,30.93941307067871,0.00024622678756713867,0.9993883967399597,2022.5467529296875,-0.0030635595321655273,0.998658299446106,162.4094696044922,-6.556510925292969e-06,0.9990853667259216,0.02110261283814907,-3.7550926208496094e-05,0.9983875751495361,9.836454391479492,0.00019246339797973633,0.9994354844093323,16.696311950683594,0.00015801191329956055,31,473,0.0010367035865783691
SLIM*MIX_oms_pat5_fn-full_extended_const-small_ints_latent32,9057152a-801c-11f1-8d02-2c7ba0e6fa90,synthetic_prior,0,96,0.9984815120697021,0.10139036178588867,88782.0,0.9960532188415527,30.93941307067871,0.00024622678756713867,0.9993883967399597,2022.5467529296875,-0.0030635595321655273,0.998658299446106,162.4094696044922,-6.556510925292969e-06,0.9990853667259216,0.02110261283814907,-3.7550926208496094e-05,0.9983875751495361,9.836454391479492,0.00019246339797973633,0.9994354844093323,16.696311950683594,0.00015801191329956055,31,473,0.0010367035865783691
SLIM*MIX_oms_pat5_fn-full_extended_const-small_ints_latent32,9057152a-801c-11f1-8d02-2c7ba0e6fa90,synthetic_prior,0,97,0.9984815120697021,0.11903023719787598,89073.0,0.9960532188415527,30.93941307067871,0.00024622678756713867,0.9993883967399597,2022.5467529296875,-0.0030635595321655273,0.998658299446106,162.4094696044922,-6.556510925292969e-06,0.9990853667259216,0.02110261283814907,-3.7550926208496094e-05,0.9983875751495361,9.836454391479492,0.00019246339797973633,0.9994354844093323,16.696311950683594,0.00015801191329956055,31,473,0.0010367035865783691
SLIM*MIX_oms_pat5_fn-full_extended_const-small_ints_latent32,9057152a-801c-11f1-8d02-2c7ba0e6fa90,synthetic_prior,0,98,0.9984810948371887,0.09499788284301758,89718.0,0.9958916306495667,30.93439292907715,0.0005705356597900391,0.9993682503700256,2022.505859375,-0.0030231475830078125,0.9986438751220703,162.4071044921875,2.2351741790771484e-05,0.9990633130073547,0.021102145314216614,6.735324859619141e-06,0.9984456896781921,9.837027549743652,7.617473602294922e-05,0.999355137348175,16.694969177246094,0.00031876564025878906,30,456,0.0010376572608947754
SLIM*MIX_oms_pat5_fn-full_extended_const-small_ints_latent32,9057152a-801c-11f1-8d02-2c7ba0e6fa90,synthetic_prior,0,99,0.9984810948371887,0.09519696235656738,91609.0,0.9958916306495667,30.93439292907715,0.0005705356597900391,0.9993682503700256,2022.505859375,-0.0030231475830078125,0.9986438751220703,162.4071044921875,2.2351741790771484e-05,0.9990633130073547,0.021102145314216614,6.735324859619141e-06,0.9984456896781921,9.837027549743652,7.617473602294922e-05,0.999355137348175,16.694969177246094,0.00031876564025878906,30,456,0.0010376572608947754
SLIM*MIX_oms_pat5_fn-full_extended_const-small_ints_latent32,9057152a-801c-11f1-8d02-2c7ba0e6fa90,synthetic_prior,0,100,0.9984607100486755,0.1096954345703125,92828.0,0.9963670372962952,30.949161529541016,-0.0003838539123535156,0.9999452233314514,2023.6737060546875,-0.0041817426681518555,0.9986041784286499,162.40065002441406,0.00010186433792114258,0.9990789294242859,0.021102475002408028,-2.4557113647460938e-05,0.9983925223350525,9.836503982543945,0.00018256902694702148,0.999302089214325,16.694082260131836,0.00042492151260375977,32,487,0.0010784268379211426
SLIM*MIX_oms_pat5_fn-full_extended_const-small_ints_latent32,9057152a-801c-11f1-8d02-2c7ba0e6fa90,synthetic_prior,0,101,0.9984607100486755,0.11009359359741211,92096.0,0.9963670372962952,30.949161529541016,-0.0003838539123535156,0.9999452233314514,2023.6737060546875,-0.0041817426681518555,0.9986041784286499,162.40065002441406,0.00010186433792114258,0.9990789294242859,0.021102475002408028,-2.4557113647460938e-05,0.9983925223350525,9.836503982543945,0.00018256902694702148,0.999302089214325,16.694082260131836,0.00042492151260375977,32,487,0.0010784268379211426
SLIM*MIX_oms_pat5_fn-full_extended_const-small_ints_latent32,9057152a-801c-11f1-8d02-2c7ba0e6fa90,synthetic_prior,0,102,0.9984604120254517,0.09900712966918945,91619.0,0.9961226582527161,30.941570281982422,0.0001068115234375,0.9996850490570068,2023.147216796875,-0.0036591291427612305,0.9984680414199829,162.37850952148438,0.0003744363784790039,0.9990749359130859,0.021102389320731163,-1.6570091247558594e-05,0.9983899593353271,9.836477279663086,0.00018775463104248047,0.9993031620979309,16.694101333618164,0.0004226565361022949,31,473,0.001078963279724121
SLIM*MIX_oms_pat5_fn-full_extended_const-small_ints_latent32,9057152a-801c-11f1-8d02-2c7ba0e6fa90,synthetic_prior,0,103,0.9984564781188965,0.09653115272521973,92240.0,0.9961206912994385,30.941509246826172,0.00011080503463745117,0.9996649622917175,2023.1064453125,-0.0036188364028930664,0.9985226392745972,162.38739013671875,0.0002650618553161621,0.9990803003311157,0.021102504804730415,-2.7298927307128906e-05,0.998384952545166,9.83642864227295,0.0001977682113647461,0.999291181564331,16.693899154663086,0.00044673681259155273,30,457,0.001086890697479248
SLIM*MIX_oms_pat5_fn-full_extended_const-small_ints_latent32,9057152a-801c-11f1-8d02-2c7ba0e6fa90,synthetic_prior,0,104,0.9984564781188965,0.11100888252258301,93149.0,0.9961206912994385,30.941509246826172,0.00011080503463745117,0.9996649622917175,2023.1064453125,-0.0036188364028930664,0.9985226392745972,162.38739013671875,0.0002650618553161621,0.9990803003311157,0.021102504804730415,-2.7298927307128906e-05,0.998384952545166,9.83642864227295,0.0001977682113647461,0.999291181564331,16.693899154663086,0.00044673681259155273,30,457,0.001086890697479248
SLIM*MIX_oms_pat5_fn-full_extended_const-small_ints_latent32,9057152a-801c-11f1-8d02-2c7ba0e6fa90,synthetic_prior,0,105,0.9984564781188965,0.0938253402709961,93468.0,0.9961206912994385,30.941509246826172,0.00011080503463745117,0.9996649622917175,2023.1064453125,-0.0036188364028930664,0.9985226392745972,162.38739013671875,0.0002650618553161621,0.9990803003311157,0.021102504804730415,-2.7298927307128906e-05,0.998384952545166,9.83642864227295,0.0001977682113647461,0.999291181564331,16.693899154663086,0.00044673681259155273,30,457,0.001086890697479248
SLIM*MIX_oms_pat5_fn-full_extended_const-small_ints_latent32,9057152a-801c-11f1-8d02-2c7ba0e6fa90,synthetic_prior,0,106,0.9984564781188965,0.09477400779724121,94905.0,0.9961206912994385,30.941509246826172,0.00011080503463745117,0.9996649622917175,2023.1064453125,-0.0036188364028930664,0.9985226392745972,162.38739013671875,0.0002650618553161621,0.9990803003311157,0.021102504804730415,-2.7298927307128906e-05,0.998384952545166,9.83642864227295,0.0001977682113647461,0.999291181564331,16.693899154663086,0.00044673681259155273,30,457,0.001086890697479248
SLIM*MIX_oms_pat5_fn-full_extended_const-small_ints_latent32,9057152a-801c-11f1-8d02-2c7ba0e6fa90,synthetic_prior,0,107,0.9984564781188965,0.10068154335021973,94485.0,0.9961206912994385,30.941509246826172,0.00011080503463745117,0.9996649622917175,2023.1064453125,-0.0036188364028930664,0.9985226392745972,162.38739013671875,0.0002650618553161621,0.9990803003311157,0.021102504804730415,-2.7298927307128906e-05,0.998384952545166,9.83642864227295,0.0001977682113647461,0.999291181564331,16.693899154663086,0.00044673681259155273,30,457,0.001086890697479248
SLIM*MIX_oms_pat5_fn-full_extended_const-small_ints_latent32,9057152a-801c-11f1-8d02-2c7ba0e6fa90,synthetic_prior,0,108,0.9984564781188965,0.12277030944824219,48043.0,0.9961206912994385,30.941509246826172,0.00011080503463745117,0.9996649622917175,2023.1064453125,-0.0036188364028930664,0.9985226392745972,162.38739013671875,0.0002650618553161621,0.9990803003311157,0.021102504804730415,-2.7298927307128906e-05,0.998384952545166,9.83642864227295,0.0001977682113647461,0.999291181564331,16.693899154663086,0.00044673681259155273,30,457,0.001086890697479248
SLIM*MIX_oms_pat5_fn-full_extended_const-small_ints_latent32,9057152a-801c-11f1-8d02-2c7ba0e6fa90,synthetic_prior,0,109,0.9984564781188965,0.09368371963500977,73450.0,0.9961206912994385,30.941509246826172,0.00011080503463745117,0.9996649622917175,2023.1064453125,-0.0036188364028930664,0.9985226392745972,162.38739013671875,0.0002650618553161621,0.9990803003311157,0.021102504804730415,-2.7298927307128906e-05,0.998384952545166,9.83642864227295,0.0001977682113647461,0.999291181564331,16.693899154663086,0.00044673681259155273,30,457,0.001086890697479248
SLIM*MIX_oms_pat5_fn-full_extended_const-small_ints_latent32,9057152a-801c-11f1-8d02-2c7ba0e6fa90,synthetic_prior,0,110,0.99844890832901,0.09539532661437988,91308.0,0.9960067272186279,30.937969207763672,0.0003395676612854004,0.9997640252113342,2023.3067626953125,-0.0038177967071533203,0.9984572529792786,162.37677001953125,0.0003960132598876953,0.999077320098877,0.02110244147479534,-2.1338462829589844e-05,0.9984241127967834,9.836814880371094,0.00011926889419555664,0.9992474913597107,16.69317054748535,0.0005340576171875,32,488,0.0011019706726074219
SLIM*MIX_oms_pat5_fn-full_extended_const-small_ints_latent32,9057152a-801c-11f1-8d02-2c7ba0e6fa90,synthetic_prior,0,111,0.99844890832901,0.09550118446350098,95439.0,0.9960067272186279,30.937969207763672,0.0003395676612854004,0.9997640252113342,2023.3067626953125,-0.0038177967071533203,0.9984572529792786,162.37677001953125,0.0003960132598876953,0.999077320098877,0.02110244147479534,-2.1338462829589844e-05,0.9984241127967834,9.836814880371094,0.00011926889419555664,0.9992474913597107,16.69317054748535,0.0005340576171875,32,488,0.0011019706726074219
SLIM*MIX_oms_pat5_fn-full_extended_const-small_ints_latent32,9057152a-801c-11f1-8d02-2c7ba0e6fa90,synthetic_prior,0,112,0.99844890832901,0.11082601547241211,96405.0,0.9960067272186279,30.937969207763672,0.0003395676612854004,0.9997640252113342,2023.3067626953125,-0.0038177967071533203,0.9984572529792786,162.37677001953125,0.0003960132598876953,0.999077320098877,0.02110244147479534,-2.1338462829589844e-05,0.9984241127967834,9.836814880371094,0.00011926889419555664,0.9992474913597107,16.69317054748535,0.0005340576171875,32,488,0.0011019706726074219
SLIM*MIX_oms_pat5_fn-full_extended_const-small_ints_latent32,9057152a-801c-11f1-8d02-2c7ba0e6fa90,synthetic_prior,0,113,0.99844890832901,0.1158139705657959,96273.0,0.9960067272186279,30.937969207763672,0.0003395676612854004,0.9997640252113342,2023.3067626953125,-0.0038177967071533203,0.9984572529792786,162.37677001953125,0.0003960132598876953,0.999077320098877,0.02110244147479534,-2.1338462829589844e-05,0.9984241127967834,9.836814880371094,0.00011926889419555664,0.9992474913597107,16.69317054748535,0.0005340576171875,32,488,0.0011019706726074219
SLIM*MIX_oms_pat5_fn-full_extended_const-small_ints_latent32,9057152a-801c-11f1-8d02-2c7ba0e6fa90,synthetic_prior,0,114,0.99844890832901,0.10309815406799316,96580.0,0.9960067272186279,30.937969207763672,0.0003395676612854004,0.9997640252113342,2023.3067626953125,-0.0038177967071533203,0.9984572529792786,162.37677001953125,0.0003960132598876953,0.999077320098877,0.02110244147479534,-2.1338462829589844e-05,0.9984241127967834,9.836814880371094,0.00011926889419555664,0.9992474913597107,16.69317054748535,0.0005340576171875,32,488,0.0011019706726074219
SLIM*MIX_oms_pat5_fn-full_extended_const-small_ints_latent32,9057152a-801c-11f1-8d02-2c7ba0e6fa90,synthetic_prior,0,115,0.99844890832901,0.11720633506774902,49540.0,0.9960067272186279,30.937969207763672,0.0003395676612854004,0.9997640252113342,2023.3067626953125,-0.0038177967071533203,0.9984572529792786,162.37677001953125,0.0003960132598876953,0.999077320098877,0.02110244147479534,-2.1338462829589844e-05,0.9984241127967834,9.836814880371094,0.00011926889419555664,0.9992474913597107,16.69317054748535,0.0005340576171875,32,488,0.0011019706726074219
SLIM*MIX_oms_pat5_fn-full_extended_const-small_ints_latent32,9057152a-801c-11f1-8d02-2c7ba0e6fa90,synthetic_prior,0,116,0.99844890832901,0.09460663795471191,75852.0,0.9960067272186279,30.937969207763672,0.0003395676612854004,0.9997640252113342,2023.3067626953125,-0.0038177967071533203,0.9984572529792786,162.37677001953125,0.0003960132598876953,0.999077320098877,0.02110244147479534,-2.1338462829589844e-05,0.9984241127967834,9.836814880371094,0.00011926889419555664,0.9992474913597107,16.69317054748535,0.0005340576171875,32,488,0.0011019706726074219
SLIM*MIX_oms_pat5_fn-full_extended_const-small_ints_latent32,9057152a-801c-11f1-8d02-2c7ba0e6fa90,synthetic_prior,0,117,0.99844890832901,0.09979867935180664,95541.0,0.9960067272186279,30.937969207763672,0.0003395676612854004,0.9997640252113342,2023.3067626953125,-0.0038177967071533203,0.9984572529792786,162.37677001953125,0.0003960132598876953,0.999077320098877,0.02110244147479534,-2.1338462829589844e-05,0.9984241127967834,9.836814880371094,0.00011926889419555664,0.9992474913597107,16.69317054748535,0.0005340576171875,32,488,0.0011019706726074219
SLIM*MIX_oms_pat5_fn-full_extended_const-small_ints_latent32,9057152a-801c-11f1-8d02-2c7ba0e6fa90,synthetic_prior,0,118,0.99844890832901,0.09415388107299805,99939.0,0.9960067272186279,30.937969207763672,0.0003395676612854004,0.9997640252113342,2023.3067626953125,-0.0038177967071533203,0.9984572529792786,162.37677001953125,0.0003960132598876953,0.999077320098877,0.02110244147479534,-2.1338462829589844e-05,0.9984241127967834,9.836814880371094,0.00011926889419555664,0.9992474913597107,16.69317054748535,0.0005340576171875,32,488,0.0011019706726074219
SLIM*MIX_oms_pat5_fn-full_extended_const-small_ints_latent32,9057152a-801c-11f1-8d02-2c7ba0e6fa90,synthetic_prior,0,119,0.99844890832901,0.09391021728515625,100358.0,0.9960067272186279,30.937969207763672,0.0003395676612854004,0.9997640252113342,2023.3067626953125,-0.0038177967071533203,0.9984572529792786,162.37677001953125,0.0003960132598876953,0.999077320098877,0.02110244147479534,-2.1338462829589844e-05,0.9984241127967834,9.836814880371094,0.00011926889419555664,0.9992474913597107,16.69317054748535,0.0005340576171875,32,488,0.0011019706726074219
SLIM*MIX_oms_pat5_fn-full_extended_const-small_ints_latent32,9057152a-801c-11f1-8d02-2c7ba0e6fa90,synthetic_prior,0,120,0.99844890832901,0.14641666412353516,49744.0,0.9960067272186279,30.937969207763672,0.0003395676612854004,0.9997640252113342,2023.3067626953125,-0.0038177967071533203,0.9984572529792786,162.37677001953125,0.0003960132598876953,0.999077320098877,0.02110244147479534,-2.1338462829589844e-05,0.9984241127967834,9.836814880371094,0.00011926889419555664,0.9992474913597107,16.69317054748535,0.0005340576171875,32,488,0.0011019706726074219
SLIM*MIX_oms_pat5_fn-full_extended_const-small_ints_latent32,9057152a-801c-11f1-8d02-2c7ba0e6fa90,synthetic_prior,0,121,0.99844890832901,0.11130571365356445,72763.0,0.9960067272186279,30.937969207763672,0.0003395676612854004,0.9997640252113342,2023.3067626953125,-0.0038177967071533203,0.9984572529792786,162.37677001953125,0.0003960132598876953,0.999077320098877,0.02110244147479534,-2.1338462829589844e-05,0.9984241127967834,9.836814880371094,0.00011926889419555664,0.9992474913597107,16.69317054748535,0.0005340576171875,32,488,0.0011019706726074219
SLIM*MIX_oms_pat5_fn-full_extended_const-small_ints_latent32,9057152a-801c-11f1-8d02-2c7ba0e6fa90,synthetic_prior,0,122,0.99844890832901,0.09416580200195312,91435.0,0.9960067272186279,30.937969207763672,0.0003395676612854004,0.9997640252113342,2023.3067626953125,-0.0038177967071533203,0.9984572529792786,162.37677001953125,0.0003960132598876953,0.999077320098877,0.02110244147479534,-2.1338462829589844e-05,0.9984241127967834,9.836814880371094,0.00011926889419555664,0.9992474913597107,16.69317054748535,0.0005340576171875,32,488,0.0011019706726074219
SLIM*MIX_oms_pat5_fn-full_extended_const-small_ints_latent32,9057152a-801c-11f1-8d02-2c7ba0e6fa90,synthetic_prior,0,123,0.99844890832901,0.10820579528808594,97813.0,0.9960067272186279,30.937969207763672,0.0003395676612854004,0.9997640252113342,2023.3067626953125,-0.0038177967071533203,0.9984572529792786,162.37677001953125,0.0003960132598876953,0.999077320098877,0.02110244147479534,-2.1338462829589844e-05,0.9984241127967834,9.836814880371094,0.00011926889419555664,0.9992474913597107,16.69317054748535,0.0005340576171875,32,488,0.0011019706726074219
SLIM*MIX_oms_pat5_fn-full_extended_const-small_ints_latent32,9057152a-801c-11f1-8d02-2c7ba0e6fa90,synthetic_prior,0,124,0.9984449744224548,0.08730268478393555,97847.0,0.9960921406745911,30.940622329711914,0.00016808509826660156,0.9998931884765625,2023.568359375,-0.00407719612121582,0.9983617067337036,162.36122131347656,0.0005873441696166992,0.9990743398666382,0.021102380007505417,-1.537799835205078e-05,0.9984206557273865,9.836780548095703,0.00012624263763427734,0.9992901086807251,16.69388198852539,0.0004488825798034668,33,508,0.0011098384857177734
SLIM*MIX_oms_pat5_fn-full_extended_const-small_ints_latent32,9057152a-801c-11f1-8d02-2c7ba0e6fa90,synthetic_prior,0,125,0.9984444975852966,0.11674237251281738,97910.0,0.9960874915122986,30.940479278564453,0.0001774430274963379,0.9998388290405273,2023.458251953125,-0.003968000411987305,0.9983493089675903,162.3592071533203,0.0006121397018432617,0.9990748167037964,0.021102387458086014,-1.633167266845703e-05,0.9984215497970581,9.836788177490234,0.00012445449829101562,0.9992936849594116,16.69394302368164,0.00044167041778564453,34,524,0.0011107921600341797
SLIM*MIX_oms_pat5_fn-full_extended_const-small_ints_latent32,9057152a-801c-11f1-8d02-2c7ba0e6fa90,synthetic_prior,0,126,0.9984444975852966,0.11050891876220703,98494.0,0.9960874915122986,30.940479278564453,0.0001774430274963379,0.9998388290405273,2023.458251953125,-0.003968000411987305,0.9983493089675903,162.3592071533203,0.0006121397018432617,0.9990748167037964,0.021102387458086014,-1.633167266845703e-05,0.9984215497970581,9.836788177490234,0.00012445449829101562,0.9992936849594116,16.69394302368164,0.00044167041778564453,34,524,0.0011107921600341797
SLIM*MIX_oms_pat5_fn-full_extended_const-small_ints_latent32,9057152a-801c-11f1-8d02-2c7ba0e6fa90,synthetic_prior,0,127,0.9984444975852966,0.11199188232421875,97187.0,0.9960874915122986,30.940479278564453,0.0001774430274963379,0.9998388290405273,2023.458251953125,-0.003968000411987305,0.9983493089675903,162.3592071533203,0.0006121397018432617,0.9990748167037964,0.021102387458086014,-1.633167266845703e-05,0.9984215497970581,9.836788177490234,0.00012445449829101562,0.9992936849594116,16.69394302368164,0.00044167041778564453,34,524,0.0011107921600341797
SLIM*MIX_oms_pat5_fn-full_extended_const-small_ints_latent32,9057152a-801c-11f1-8d02-2c7ba0e6fa90,synthetic_prior,0,128,0.9984444975852966,0.11461400985717773,97149.0,0.9960874915122986,30.940479278564453,0.0001774430274963379,0.9998388290405273,2023.458251953125,-0.003968000411987305,0.9983493089675903,162.3592071533203,0.0006121397018432617,0.9990748167037964,0.021102387458086014,-1.633167266845703e-05,0.9984215497970581,9.836788177490234,0.00012445449829101562,0.9992936849594116,16.69394302368164,0.00044167041778564453,34,524,0.0011107921600341797
SLIM*MIX_oms_pat5_fn-full_extended_const-small_ints_latent32,9057152a-801c-11f1-8d02-2c7ba0e6fa90,synthetic_prior,0,129,0.9984444975852966,0.1255476474761963,97580.0,0.9960874915122986,30.940479278564453,0.0001774430274963379,0.9998388290405273,2023.458251953125,-0.003968000411987305,0.9983493089675903,162.3592071533203,0.0006121397018432617,0.9990748167037964,0.021102387458086014,-1.633167266845703e-05,0.9984215497970581,9.836788177490234,0.00012445449829101562,0.9992936849594116,16.69394302368164,0.00044167041778564453,34,524,0.0011107921600341797
SLIM*MIX_oms_pat5_fn-full_extended_const-small_ints_latent32,9057152a-801c-11f1-8d02-2c7ba0e6fa90,synthetic_prior,0,130,0.9984441995620728,0.10629963874816895,96513.0,0.9960830211639404,30.940340042114258,0.00018638372421264648,0.9998239278793335,2023.42822265625,-0.003938198089599609,0.9984076023101807,162.3686981201172,0.0004954338073730469,0.9990805983543396,0.021102512255311012,-2.7894973754882812e-05,0.9984182119369507,9.836755752563477,0.00013118982315063477,0.9992809891700745,16.6937313079834,0.0004671812057495117,33,508,0.0011113286018371582
SLIM*MIX_oms_pat5_fn-full_extended_const-small_ints_latent32,9057152a-801c-11f1-8d02-2c7ba0e6fa90,synthetic_prior,0,131,0.9984441995620728,0.10472893714904785,96803.0,0.9960830211639404,30.940340042114258,0.00018638372421264648,0.9998239278793335,2023.42822265625,-0.003938198089599609,0.9984076023101807,162.3686981201172,0.0004954338073730469,0.9990805983543396,0.021102512255311012,-2.7894973754882812e-05,0.9984182119369507,9.836755752563477,0.00013118982315063477,0.9992809891700745,16.6937313079834,0.0004671812057495117,33,508,0.0011113286018371582
SLIM*MIX_oms_pat5_fn-full_extended_const-small_ints_latent32,9057152a-801c-11f1-8d02-2c7ba0e6fa90,synthetic_prior,0,132,0.9984441995620728,0.10562252998352051,98040.0,0.9960830211639404,30.940340042114258,0.00018638372421264648,0.9998239278793335,2023.42822265625,-0.003938198089599609,0.9984076023101807,162.3686981201172,0.0004954338073730469,0.9990805983543396,0.021102512255311012,-2.7894973754882812e-05,0.9984182119369507,9.836755752563477,0.00013118982315063477,0.9992809891700745,16.6937313079834,0.0004671812057495117,33,508,0.0011113286018371582
SLIM*MIX_oms_pat5_fn-full_extended_const-small_ints_latent32,9057152a-801c-11f1-8d02-2c7ba0e6fa90,synthetic_prior,0,133,0.9984441995620728,0.10899138450622559,99823.0,0.9960830211639404,30.940340042114258,0.00018638372421264648,0.9998239278793335,2023.42822265625,-0.003938198089599609,0.9984076023101807,162.3686981201172,0.0004954338073730469,0.9990805983543396,0.021102512255311012,-2.7894973754882812e-05,0.9984182119369507,9.836755752563477,0.00013118982315063477,0.9992809891700745,16.6937313079834,0.0004671812057495117,33,508,0.0011113286018371582
SLIM*MIX_oms_pat5_fn-full_extended_const-small_ints_latent32,9057152a-801c-11f1-8d02-2c7ba0e6fa90,synthetic_prior,0,134,0.9984441995620728,0.10233211517333984,100791.0,0.9960830211639404,30.940340042114258,0.00018638372421264648,0.9998239278793335,2023.42822265625,-0.003938198089599609,0.9984076023101807,162.3686981201172,0.0004954338073730469,0.9990805983543396,0.021102512255311012,-2.7894973754882812e-05,0.9984182119369507,9.836755752563477,0.00013118982315063477,0.9992809891700745,16.6937313079834,0.0004671812057495117,33,508,0.0011113286018371582
SLIM*MIX_oms_pat5_fn-full_extended_const-small_ints_latent32,9057152a-801c-11f1-8d02-2c7ba0e6fa90,synthetic_prior,0,135,0.9984441995620728,0.14201593399047852,52124.0,0.9960830211639404,30.940340042114258,0.00018638372421264648,0.9998239278793335,2023.42822265625,-0.003938198089599609,0.9984076023101807,162.3686981201172,0.0004954338073730469,0.9990805983543396,0.021102512255311012,-2.7894973754882812e-05,0.9984182119369507,9.836755752563477,0.00013118982315063477,0.9992809891700745,16.6937313079834,0.0004671812057495117,33,508,0.0011113286018371582
SLIM*MIX_oms_pat5_fn-full_extended_const-small_ints_latent32,9057152a-801c-11f1-8d02-2c7ba0e6fa90,synthetic_prior,0,136,0.9984441995620728,0.09463119506835938,78026.0,0.9960830211639404,30.940340042114258,0.00018638372421264648,0.9998239278793335,2023.42822265625,-0.003938198089599609,0.9984076023101807,162.3686981201172,0.0004954338073730469,0.9990805983543396,0.021102512255311012,-2.7894973754882812e-05,0.9984182119369507,9.836755752563477,0.00013118982315063477,0.9992809891700745,16.6937313079834,0.0004671812057495117,33,508,0.0011113286018371582
SLIM*MIX_oms_pat5_fn-full_extended_const-small_ints_latent32,9057152a-801c-11f1-8d02-2c7ba0e6fa90,synthetic_prior,0,137,0.9984441995620728,0.12094902992248535,97433.0,0.9960830211639404,30.940340042114258,0.00018638372421264648,0.9998239278793335,2023.42822265625,-0.003938198089599609,0.9984076023101807,162.3686981201172,0.0004954338073730469,0.9990805983543396,0.021102512255311012,-2.7894973754882812e-05,0.9984182119369507,9.836755752563477,0.00013118982315063477,0.9992809891700745,16.6937313079834,0.0004671812057495117,33,508,0.0011113286018371582
SLIM*MIX_oms_pat5_fn-full_extended_const-small_ints_latent32,9057152a-801c-11f1-8d02-2c7ba0e6fa90,synthetic_prior,0,138,0.9984441995620728,0.09449267387390137,102203.0,0.9960830211639404,30.940340042114258,0.00018638372421264648,0.9998239278793335,2023.42822265625,-0.003938198089599609,0.9984076023101807,162.3686981201172,0.0004954338073730469,0.9990805983543396,0.021102512255311012,-2.7894973754882812e-05,0.9984182119369507,9.836755752563477,0.00013118982315063477,0.9992809891700745,16.6937313079834,0.0004671812057495117,33,508,0.0011113286018371582
SLIM*MIX_oms_pat5_fn-full_extended_const-small_ints_latent32,9057152a-801c-11f1-8d02-2c7ba0e6fa90,synthetic_prior,0,139,0.9984441995620728,0.1233208179473877,104393.0,0.9960830211639404,30.940340042114258,0.00018638372421264648,0.9998239278793335,2023.42822265625,-0.003938198089599609,0.9984076023101807,162.3686981201172,0.0004954338073730469,0.9990805983543396,0.021102512255311012,-2.7894973754882812e-05,0.9984182119369507,9.836755752563477,0.00013118982315063477,0.9992809891700745,16.6937313079834,0.0004671812057495117,33,508,0.0011113286018371582
SLIM*MIX_oms_pat5_fn-full_extended_const-small_ints_latent32,9057152a-801c-11f1-8d02-2c7ba0e6fa90,synthetic_prior,0,140,0.9984441995620728,0.1092073917388916,53856.0,0.9960830211639404,30.940340042114258,0.00018638372421264648,0.9998239278793335,2023.42822265625,-0.003938198089599609,0.9984076023101807,162.3686981201172,0.0004954338073730469,0.9990805983543396,0.021102512255311012,-2.7894973754882812e-05,0.9984182119369507,9.836755752563477,0.00013118982315063477,0.9992809891700745,16.6937313079834,0.0004671812057495117,33,508,0.0011113286018371582
SLIM*MIX_oms_pat5_fn-full_extended_const-small_ints_latent32,9057152a-801c-11f1-8d02-2c7ba0e6fa90,synthetic_prior,0,141,0.9984441995620728,0.11639881134033203,85300.0,0.9960830211639404,30.940340042114258,0.00018638372421264648,0.9998239278793335,2023.42822265625,-0.003938198089599609,0.9984076023101807,162.3686981201172,0.0004954338073730469,0.9990805983543396,0.021102512255311012,-2.7894973754882812e-05,0.9984182119369507,9.836755752563477,0.00013118982315063477,0.9992809891700745,16.6937313079834,0.0004671812057495117,33,508,0.0011113286018371582
SLIM*MIX_oms_pat5_fn-full_extended_const-small_ints_latent32,9057152a-801c-11f1-8d02-2c7ba0e6fa90,synthetic_prior,0,142,0.9984441995620728,0.10228681564331055,104252.0,0.9960830211639404,30.940340042114258,0.00018638372421264648,0.9998239278793335,2023.42822265625,-0.003938198089599609,0.9984076023101807,162.3686981201172,0.0004954338073730469,0.9990805983543396,0.021102512255311012,-2.7894973754882812e-05,0.9984182119369507,9.836755752563477,0.00013118982315063477,0.9992809891700745,16.6937313079834,0.0004671812057495117,33,508,0.0011113286018371582
SLIM*MIX_oms_pat5_fn-full_extended_const-small_ints_latent32,9057152a-801c-11f1-8d02-2c7ba0e6fa90,synthetic_prior,0,143,0.9984441995620728,0.09742856025695801,108380.0,0.9960830211639404,30.940340042114258,0.00018638372421264648,0.9998239278793335,2023.42822265625,-0.003938198089599609,0.9984076023101807,162.3686981201172,0.0004954338073730469,0.9990805983543396,0.021102512255311012,-2.7894973754882812e-05,0.9984182119369507,9.836755752563477,0.00013118982315063477,0.9992809891700745,16.6937313079834,0.0004671812057495117,33,508,0.0011113286018371582
SLIM*MIX_oms_pat5_fn-full_extended_const-small_ints_latent32,9057152a-801c-11f1-8d02-2c7ba0e6fa90,synthetic_prior,0,144,0.9984441995620728,0.11082267761230469,107979.0,0.9960830211639404,30.940340042114258,0.00018638372421264648,0.9998239278793335,2023.42822265625,-0.003938198089599609,0.9984076023101807,162.3686981201172,0.0004954338073730469,0.9990805983543396,0.021102512255311012,-2.7894973754882812e-05,0.9984182119369507,9.836755752563477,0.00013118982315063477,0.9992809891700745,16.6937313079834,0.0004671812057495117,33,508,0.0011113286018371582
SLIM*MIX_oms_pat5_fn-full_extended_const-small_ints_latent32,9057152a-801c-11f1-8d02-2c7ba0e6fa90,synthetic_prior,0,145,0.9984441995620728,0.12646484375,55667.0,0.9960830211639404,30.940340042114258,0.00018638372421264648,0.9998239278793335,2023.42822265625,-0.003938198089599609,0.9984076023101807,162.3686981201172,0.0004954338073730469,0.9990805983543396,0.021102512255311012,-2.7894973754882812e-05,0.9984182119369507,9.836755752563477,0.00013118982315063477,0.9992809891700745,16.6937313079834,0.0004671812057495117,33,508,0.0011113286018371582
SLIM*MIX_oms_pat5_fn-full_extended_const-small_ints_latent32,9057152a-801c-11f1-8d02-2c7ba0e6fa90,synthetic_prior,0,146,0.9984419345855713,0.11821913719177246,82218.0,0.9959827065467834,30.937223434448242,0.0003877878189086914,1.0000020265579224,2023.7886962890625,-0.004295825958251953,0.9983736276626587,162.3631591796875,0.0005634427070617676,0.999079704284668,0.02110249176621437,-2.6106834411621094e-05,0.9984400272369385,9.836971282958984,8.749961853027344e-05,0.9991995096206665,16.69236946105957,0.0006301403045654297,34,522,0.0011159777641296387
SLIM*MIX_oms_pat5_fn-full_extended_const-small_ints_latent32,9057152a-801c-11f1-8d02-2c7ba0e6fa90,synthetic_prior,0,147,0.9984419345855713,0.09519433975219727,103310.0,0.9959827065467834,30.937223434448242,0.0003877878189086914,1.0000020265579224,2023.7886962890625,-0.004295825958251953,0.9983736276626587,162.3631591796875,0.0005634427070617676,0.999079704284668,0.02110249176621437,-2.6106834411621094e-05,0.9984400272369385,9.836971282958984,8.749961853027344e-05,0.9991995096206665,16.69236946105957,0.0006301403045654297,34,522,0.0011159777641296387
SLIM*MIX_oms_pat5_fn-full_extended_const-small_ints_latent32,9057152a-801c-11f1-8d02-2c7ba0e6fa90,synthetic_prior,0,148,0.9984419345855713,0.09326720237731934,109363.0,0.9959827065467834,30.937223434448242,0.0003877878189086914,1.0000020265579224,2023.7886962890625,-0.004295825958251953,0.9983736276626587,162.3631591796875,0.0005634427070617676,0.999079704284668,0.02110249176621437,-2.6106834411621094e-05,0.9984400272369385,9.836971282958984,8.749961853027344e-05,0.9991995096206665,16.69236946105957,0.0006301403045654297,34,522,0.0011159777641296387
SLIM*MIX_oms_pat5_fn-full_extended_const-small_ints_latent32,9057152a-801c-11f1-8d02-2c7ba0e6fa90,synthetic_prior,0,149,0.9984419345855713,0.11158967018127441,109057.0,0.9959827065467834,30.937223434448242,0.0003877878189086914,1.0000020265579224,2023.7886962890625,-0.004295825958251953,0.9983736276626587,162.3631591796875,0.0005634427070617676,0.999079704284668,0.02110249176621437,-2.6106834411621094e-05,0.9984400272369385,9.836971282958984,8.749961853027344e-05,0.9991995096206665,16.69236946105957,0.0006301403045654297,34,522,0.0011159777641296387
SLIM*MIX_oms_pat5_fn-full_extended_const-small_ints_latent32,9057152a-801c-11f1-8d02-2c7ba0e6fa90,synthetic_prior,0,150,0.9984419345855713,0.11540770530700684,108623.0,0.9959827065467834,30.937223434448242,0.0003877878189086914,1.0000020265579224,2023.7886962890625,-0.004295825958251953,0.9983736276626587,162.3631591796875,0.0005634427070617676,0.999079704284668,0.02110249176621437,-2.6106834411621094e-05,0.9984400272369385,9.836971282958984,8.749961853027344e-05,0.9991995096206665,16.69236946105957,0.0006301403045654297,34,522,0.0011159777641296387
SLIM*MIX_oms_pat5_fn-full_extended_const-small_ints_latent32,9057152a-801c-11f1-8d02-2c7ba0e6fa90,synthetic_prior,0,151,0.9984357953071594,0.07962799072265625,109019.0,0.9960975646972656,30.9407901763916,0.00015729665756225586,0.9998247027397156,2023.4296875,-0.0039397478103637695,0.9983715415000916,162.3628387451172,0.0005675554275512695,0.9990801811218262,0.021102501079440117,-2.7060508728027344e-05,0.9984404444694519,9.83697509765625,8.666515350341797e-05,0.9992715716362,16.693572998046875,0.00048601627349853516,33,505,0.0011281967163085938
SLIM*MIX_oms_pat5_fn-full_extended_const-small_ints_latent32,9057152a-801c-11f1-8d02-2c7ba0e6fa90,synthetic_prior,0,152,0.9984357953071594,0.10957145690917969,109053.0,0.9960975646972656,30.9407901763916,0.00015729665756225586,0.9998247027397156,2023.4296875,-0.0039397478103637695,0.9983715415000916,162.3628387451172,0.0005675554275512695,0.9990801811218262,0.021102501079440117,-2.7060508728027344e-05,0.9984404444694519,9.83697509765625,8.666515350341797e-05,0.9992715716362,16.693572998046875,0.00048601627349853516,33,505,0.0011281967163085938
SLIM*MIX_oms_pat5_fn-full_extended_const-small_ints_latent32,9057152a-801c-11f1-8d02-2c7ba0e6fa90,synthetic_prior,0,153,0.9984357953071594,0.10945367813110352,108354.0,0.9960975646972656,30.9407901763916,0.00015729665756225586,0.9998247027397156,2023.4296875,-0.0039397478103637695,0.9983715415000916,162.3628387451172,0.0005675554275512695,0.9990801811218262,0.021102501079440117,-2.7060508728027344e-05,0.9984404444694519,9.83697509765625,8.666515350341797e-05,0.9992715716362,16.693572998046875,0.00048601627349853516,33,505,0.0011281967163085938
SLIM*MIX_oms_pat5_fn-full_extended_const-small_ints_latent32,9057152a-801c-11f1-8d02-2c7ba0e6fa90,synthetic_prior,0,154,0.9984022974967957,0.09983372688293457,107868.0,0.9960862398147583,30.940439224243164,0.00018006563186645508,1.0001050233840942,2023.9970703125,-0.004502654075622559,0.9987103343009949,162.41790771484375,-0.00011074542999267578,0.9990986585617065,0.021102890372276306,-6.401538848876953e-05,0.9984492063522339,9.837061882019043,6.902217864990234e-05,0.9993056654930115,16.694143295288086,0.0004177093505859375,34,518,0.0011952519416809082
SLIM*MIX_oms_pat5_fn-full_extended_const-small_ints_latent32,9057152a-801c-11f1-8d02-2c7ba0e6fa90,synthetic_prior,0,155,0.9984022974967957,0.10914182662963867,107377.0,0.9960862398147583,30.940439224243164,0.00018006563186645508,1.0001050233840942,2023.9970703125,-0.004502654075622559,0.9987103343009949,162.41790771484375,-0.00011074542999267578,0.9990986585617065,0.021102890372276306,-6.401538848876953e-05,0.9984492063522339,9.837061882019043,6.902217864990234e-05,0.9993056654930115,16.694143295288086,0.0004177093505859375,34,518,0.0011952519416809082
SLIM*MIX_oms_pat5_fn-full_extended_const-small_ints_latent32,9057152a-801c-11f1-8d02-2c7ba0e6fa90,synthetic_prior,0,156,0.9984022974967957,0.09375810623168945,106371.0,0.9960862398147583,30.940439224243164,0.00018006563186645508,1.0001050233840942,2023.9970703125,-0.004502654075622559,0.9987103343009949,162.41790771484375,-0.00011074542999267578,0.9990986585617065,0.021102890372276306,-6.401538848876953e-05,0.9984492063522339,9.837061882019043,6.902217864990234e-05,0.9993056654930115,16.694143295288086,0.0004177093505859375,34,518,0.0011952519416809082
SLIM*MIX_oms_pat5_fn-full_extended_const-small_ints_latent32,9057152a-801c-11f1-8d02-2c7ba0e6fa90,synthetic_prior,0,157,0.9983983635902405,0.09608054161071777,106475.0,0.995945394039154,30.936063766479492,0.0004627108573913574,0.9998798966407776,2023.5413818359375,-0.004050493240356445,0.9987499713897705,162.42437744140625,-0.00019025802612304688,0.9991015791893005,0.02110295556485653,-6.99758529663086e-05,0.9984545111656189,9.837114334106445,5.841255187988281e-05,0.9992720484733582,16.693580627441406,0.0004849433898925781,33,504,0.0012030601501464844
SLIM*MIX_oms_pat5_fn-full_extended_const-small_ints_latent32,9057152a-801c-11f1-8d02-2c7ba0e6fa90,synthetic_prior,0,158,0.9983983635902405,0.11110687255859375,107052.0,0.995945394039154,30.936063766479492,0.0004627108573913574,0.9998798966407776,2023.5413818359375,-0.004050493240356445,0.9987499713897705,162.42437744140625,-0.00019025802612304688,0.9991015791893005,0.02110295556485653,-6.99758529663086e-05,0.9984545111656189,9.837114334106445,5.841255187988281e-05,0.9992720484733582,16.693580627441406,0.0004849433898925781,33,504,0.0012030601501464844
SLIM*MIX_oms_pat5_fn-full_extended_const-small_ints_latent32,9057152a-801c-11f1-8d02-2c7ba0e6fa90,synthetic_prior,0,159,0.9983983635902405,0.08696484565734863,106218.0,0.995945394039154,30.936063766479492,0.0004627108573913574,0.9998798966407776,2023.5413818359375,-0.004050493240356445,0.9987499713897705,162.42437744140625,-0.00019025802612304688,0.9991015791893005,0.02110295556485653,-6.99758529663086e-05,0.9984545111656189,9.837114334106445,5.841255187988281e-05,0.9992720484733582,16.693580627441406,0.0004849433898925781,33,504,0.0012030601501464844
SLIM*MIX_oms_pat5_fn-full_extended_const-small_ints_latent32,9057152a-801c-11f1-8d02-2c7ba0e6fa90,synthetic_prior,0,160,0.9983983635902405,0.0992898941040039,107492.0,0.995945394039154,30.936063766479492,0.0004627108573913574,0.9998798966407776,2023.5413818359375,-0.004050493240356445,0.9987499713897705,162.42437744140625,-0.00019025802612304688,0.9991015791893005,0.02110295556485653,-6.99758529663086e-05,0.9984545111656189,9.837114334106445,5.841255187988281e-05,0.9992720484733582,16.693580627441406,0.0004849433898925781,33,504,0.0012030601501464844
SLIM*MIX_oms_pat5_fn-full_extended_const-small_ints_latent32,9057152a-801c-11f1-8d02-2c7ba0e6fa90,synthetic_prior,0,161,0.9983983635902405,0.10371971130371094,107521.0,0.995945394039154,30.936063766479492,0.0004627108573913574,0.9998798966407776,2023.5413818359375,-0.004050493240356445,0.9987499713897705,162.42437744140625,-0.00019025802612304688,0.9991015791893005,0.02110295556485653,-6.99758529663086e-05,0.9984545111656189,9.837114334106445,5.841255187988281e-05,0.9992720484733582,16.693580627441406,0.0004849433898925781,33,504,0.0012030601501464844
SLIM*MIX_oms_pat5_fn-full_extended_const-small_ints_latent32,9057152a-801c-11f1-8d02-2c7ba0e6fa90,synthetic_prior,0,162,0.9983983635902405,0.12470054626464844,52737.0,0.995945394039154,30.936063766479492,0.0004627108573913574,0.9998798966407776,2023.5413818359375,-0.004050493240356445,0.9987499713897705,162.42437744140625,-0.00019025802612304688,0.9991015791893005,0.02110295556485653,-6.99758529663086e-05,0.9984545111656189,9.837114334106445,5.841255187988281e-05,0.9992720484733582,16.693580627441406,0.0004849433898925781,33,504,0.0012030601501464844
SLIM*MIX_oms_pat5_fn-full_extended_const-small_ints_latent32,9057152a-801c-11f1-8d02-2c7ba0e6fa90,synthetic_prior,0,163,0.9983983635902405,0.07962512969970703,79805.0,0.995945394039154,30.936063766479492,0.0004627108573913574,0.9998798966407776,2023.5413818359375,-0.004050493240356445,0.9987499713897705,162.42437744140625,-0.00019025802612304688,0.9991015791893005,0.02110295556485653,-6.99758529663086e-05,0.9984545111656189,9.837114334106445,5.841255187988281e-05,0.9992720484733582,16.693580627441406,0.0004849433898925781,33,504,0.0012030601501464844
SLIM*MIX_oms_pat5_fn-full_extended_const-small_ints_latent32,9057152a-801c-11f1-8d02-2c7ba0e6fa90,synthetic_prior,0,164,0.9983983635902405,0.09541559219360352,97309.0,0.995945394039154,30.936063766479492,0.0004627108573913574,0.9998798966407776,2023.5413818359375,-0.004050493240356445,0.9987499713897705,162.42437744140625,-0.00019025802612304688,0.9991015791893005,0.02110295556485653,-6.99758529663086e-05,0.9984545111656189,9.837114334106445,5.841255187988281e-05,0.9992720484733582,16.693580627441406,0.0004849433898925781,33,504,0.0012030601501464844
SLIM*MIX_oms_pat5_fn-full_extended_const-small_ints_latent32,9057152a-801c-11f1-8d02-2c7ba0e6fa90,synthetic_prior,0,165,0.9983983635902405,0.10557150840759277,102973.0,0.995945394039154,30.936063766479492,0.0004627108573913574,0.9998798966407776,2023.5413818359375,-0.004050493240356445,0.9987499713897705,162.42437744140625,-0.00019025802612304688,0.9991015791893005,0.02110295556485653,-6.99758529663086e-05,0.9984545111656189,9.837114334106445,5.841255187988281e-05,0.9992720484733582,16.693580627441406,0.0004849433898925781,33,504,0.0012030601501464844
SLIM*MIX_oms_pat5_fn-full_extended_const-small_ints_latent32,9057152a-801c-11f1-8d02-2c7ba0e6fa90,synthetic_prior,0,166,0.9983983635902405,0.11897706985473633,103671.0,0.995945394039154,30.936063766479492,0.0004627108573913574,0.9998798966407776,2023.5413818359375,-0.004050493240356445,0.9987499713897705,162.42437744140625,-0.00019025802612304688,0.9991015791893005,0.02110295556485653,-6.99758529663086e-05,0.9984545111656189,9.837114334106445,5.841255187988281e-05,0.9992720484733582,16.693580627441406,0.0004849433898925781,33,504,0.0012030601501464844
SLIM*MIX_oms_pat5_fn-full_extended_const-small_ints_latent32,9057152a-801c-11f1-8d02-2c7ba0e6fa90,synthetic_prior,0,167,0.9983983635902405,0.1276094913482666,51121.0,0.995945394039154,30.936063766479492,0.0004627108573913574,0.9998798966407776,2023.5413818359375,-0.004050493240356445,0.9987499713897705,162.42437744140625,-0.00019025802612304688,0.9991015791893005,0.02110295556485653,-6.99758529663086e-05,0.9984545111656189,9.837114334106445,5.841255187988281e-05,0.9992720484733582,16.693580627441406,0.0004849433898925781,33,504,0.0012030601501464844
SLIM*MIX_oms_pat5_fn-full_extended_const-small_ints_latent32,9057152a-801c-11f1-8d02-2c7ba0e6fa90,synthetic_prior,0,168,0.9983983635902405,0.09969782829284668,82755.0,0.995945394039154,30.936063766479492,0.0004627108573913574,0.9998798966407776,2023.5413818359375,-0.004050493240356445,0.9987499713897705,162.42437744140625,-0.00019025802612304688,0.9991015791893005,0.02110295556485653,-6.99758529663086e-05,0.9984545111656189,9.837114334106445,5.841255187988281e-05,0.9992720484733582,16.693580627441406,0.0004849433898925781,33,504,0.0012030601501464844
SLIM*MIX_oms_pat5_fn-full_extended_const-small_ints_latent32,9057152a-801c-11f1-8d02-2c7ba0e6fa90,synthetic_prior,0,169,0.9983983635902405,0.11247134208679199,97847.0,0.995945394039154,30.936063766479492,0.0004627108573913574,0.9998798966407776,2023.5413818359375,-0.004050493240356445,0.9987499713897705,162.42437744140625,-0.00019025802612304688,0.9991015791893005,0.02110295556485653,-6.99758529663086e-05,0.9984545111656189,9.837114334106445,5.841255187988281e-05,0.9992720484733582,16.693580627441406,0.0004849433898925781,33,504,0.0012030601501464844
SLIM*MIX_oms_pat5_fn-full_extended_const-small_ints_latent32,9057152a-801c-11f1-8d02-2c7ba0e6fa90,synthetic_prior,0,170,0.9983983635902405,0.11119937896728516,99822.0,0.995945394039154,30.936063766479492,0.0004627108573913574,0.9998798966407776,2023.5413818359375,-0.004050493240356445,0.9987499713897705,162.42437744140625,-0.00019025802612304688,0.9991015791893005,0.02110295556485653,-6.99758529663086e-05,0.9984545111656189,9.837114334106445,5.841255187988281e-05,0.9992720484733582,16.693580627441406,0.0004849433898925781,33,504,0.0012030601501464844
SLIM*MIX_oms_pat5_fn-full_extended_const-small_ints_latent32,9057152a-801c-11f1-8d02-2c7ba0e6fa90,synthetic_prior,0,171,0.9983983635902405,0.1045675277709961,98684.0,0.995945394039154,30.936063766479492,0.0004627108573913574,0.9998798966407776,2023.5413818359375,-0.004050493240356445,0.9987499713897705,162.42437744140625,-0.00019025802612304688,0.9991015791893005,0.02110295556485653,-6.99758529663086e-05,0.9984545111656189,9.837114334106445,5.841255187988281e-05,0.9992720484733582,16.693580627441406,0.0004849433898925781,33,504,0.0012030601501464844
SLIM*MIX_oms_pat5_fn-full_extended_const-small_ints_latent32,9057152a-801c-11f1-8d02-2c7ba0e6fa90,synthetic_prior,0,172,0.9983983635902405,0.10998058319091797,49970.0,0.995945394039154,30.936063766479492,0.0004627108573913574,0.9998798966407776,2023.5413818359375,-0.004050493240356445,0.9987499713897705,162.42437744140625,-0.00019025802612304688,0.9991015791893005,0.02110295556485653,-6.99758529663086e-05,0.9984545111656189,9.837114334106445,5.841255187988281e-05,0.9992720484733582,16.693580627441406,0.0004849433898925781,33,504,0.0012030601501464844
SLIM*MIX_oms_pat5_fn-full_extended_const-small_ints_latent32,9057152a-801c-11f1-8d02-2c7ba0e6fa90,synthetic_prior,0,173,0.9983983635902405,0.11053872108459473,74320.0,0.995945394039154,30.936063766479492,0.0004627108573913574,0.9998798966407776,2023.5413818359375,-0.004050493240356445,0.9987499713897705,162.42437744140625,-0.00019025802612304688,0.9991015791893005,0.02110295556485653,-6.99758529663086e-05,0.9984545111656189,9.837114334106445,5.841255187988281e-05,0.9992720484733582,16.693580627441406,0.0004849433898925781,33,504,0.0012030601501464844
SLIM*MIX_oms_pat5_fn-full_extended_const-small_ints_latent32,9057152a-801c-11f1-8d02-2c7ba0e6fa90,synthetic_prior,0,174,0.9983978271484375,0.09548354148864746,93800.0,0.9960749745368958,30.940088272094727,0.00020259618759155273,0.9999722242355347,2023.728271484375,-0.00423586368560791,0.9986792206764221,162.41287231445312,-4.851818084716797e-05,0.999099612236023,0.021102912724018097,-6.592273712158203e-05,0.9984491467475891,9.837060928344727,6.920099258422852e-05,0.9993064403533936,16.694154739379883,0.00041615962982177734,35,530,0.0012041330337524414
SLIM*MIX_oms_pat5_fn-full_extended_const-small_ints_latent32,9057152a-801c-11f1-8d02-2c7ba0e6fa90,synthetic_prior,0,175,0.9983978271484375,0.09430432319641113,99068.0,0.9960749745368958,30.940088272094727,0.00020259618759155273,0.9999722242355347,2023.728271484375,-0.00423586368560791,0.9986792206764221,162.41287231445312,-4.851818084716797e-05,0.999099612236023,0.021102912724018097,-6.592273712158203e-05,0.9984491467475891,9.837060928344727,6.920099258422852e-05,0.9993064403533936,16.694154739379883,0.00041615962982177734,35,530,0.0012041330337524414
SLIM*MIX_oms_pat5_fn-full_extended_const-small_ints_latent32,9057152a-801c-11f1-8d02-2c7ba0e6fa90,synthetic_prior,0,176,0.9983978271484375,0.10983586311340332,100016.0,0.9960749745368958,30.940088272094727,0.00020259618759155273,0.9999722242355347,2023.728271484375,-0.00423586368560791,0.9986792206764221,162.41287231445312,-4.851818084716797e-05,0.999099612236023,0.021102912724018097,-6.592273712158203e-05,0.9984491467475891,9.837060928344727,6.920099258422852e-05,0.9993064403533936,16.694154739379883,0.00041615962982177734,35,530,0.0012041330337524414
SLIM*MIX_oms_pat5_fn-full_extended_const-small_ints_latent32,9057152a-801c-11f1-8d02-2c7ba0e6fa90,synthetic_prior,0,177,0.9983978271484375,0.0960383415222168,101670.0,0.9960749745368958,30.940088272094727,0.00020259618759155273,0.9999722242355347,2023.728271484375,-0.00423586368560791,0.9986792206764221,162.41287231445312,-4.851818084716797e-05,0.999099612236023,0.021102912724018097,-6.592273712158203e-05,0.9984491467475891,9.837060928344727,6.920099258422852e-05,0.9993064403533936,16.694154739379883,0.00041615962982177734,35,530,0.0012041330337524414
SLIM*MIX_oms_pat5_fn-full_extended_const-small_ints_latent32,9057152a-801c-11f1-8d02-2c7ba0e6fa90,synthetic_prior,0,178,0.998390257358551,0.11481738090515137,102238.0,0.996096134185791,30.940744400024414,0.00016009807586669922,1.0003687143325806,2024.5308837890625,-0.005032539367675781,0.9988101124763489,162.43414306640625,-0.00031065940856933594,0.9991120100021362,0.02110317535698414,-9.083747863769531e-05,0.998446524143219,9.837035179138184,7.43865966796875e-05,0.9993127584457397,16.694259643554688,0.0004035830497741699,35,541,0.0012193918228149414
SLIM*MIX_oms_pat5_fn-full_extended_const-small_ints_latent32,9057152a-801c-11f1-8d02-2c7ba0e6fa90,synthetic_prior,0,179,0.998390257358551,0.09392118453979492,102608.0,0.996096134185791,30.940744400024414,0.00016009807586669922,1.0003687143325806,2024.5308837890625,-0.005032539367675781,0.9988101124763489,162.43414306640625,-0.00031065940856933594,0.9991120100021362,0.02110317535698414,-9.083747863769531e-05,0.998446524143219,9.837035179138184,7.43865966796875e-05,0.9993127584457397,16.694259643554688,0.0004035830497741699,35,541,0.0012193918228149414
SLIM*MIX_oms_pat5_fn-full_extended_const-small_ints_latent32,9057152a-801c-11f1-8d02-2c7ba0e6fa90,synthetic_prior,0,180,0.998390257358551,0.10991096496582031,102053.0,0.996096134185791,30.940744400024414,0.00016009807586669922,1.0003687143325806,2024.5308837890625,-0.005032539367675781,0.9988101124763489,162.43414306640625,-0.00031065940856933594,0.9991120100021362,0.02110317535698414,-9.083747863769531e-05,0.998446524143219,9.837035179138184,7.43865966796875e-05,0.9993127584457397,16.694259643554688,0.0004035830497741699,35,541,0.0012193918228149414
SLIM*MIX_oms_pat5_fn-full_extended_const-small_ints_latent32,9057152a-801c-11f1-8d02-2c7ba0e6fa90,synthetic_prior,0,181,0.998390257358551,0.1089773178100586,101992.0,0.996096134185791,30.940744400024414,0.00016009807586669922,1.0003687143325806,2024.5308837890625,-0.005032539367675781,0.9988101124763489,162.43414306640625,-0.00031065940856933594,0.9991120100021362,0.02110317535698414,-9.083747863769531e-05,0.998446524143219,9.837035179138184,7.43865966796875e-05,0.9993127584457397,16.694259643554688,0.0004035830497741699,35,541,0.0012193918228149414
SLIM*MIX_oms_pat5_fn-full_extended_const-small_ints_latent32,9057152a-801c-11f1-8d02-2c7ba0e6fa90,synthetic_prior,0,182,0.9983822107315063,0.11069202423095703,102449.0,0.9960069060325623,30.93797492980957,0.00033921003341674805,1.000035047531128,2023.8553466796875,-0.0043621063232421875,0.9986884593963623,162.4143524169922,-6.699562072753906e-05,0.9990959167480469,0.02110283449292183,-5.8531761169433594e-05,0.9984249472618103,9.836822509765625,0.00011771917343139648,0.9993446469306946,16.694793701171875,0.00033974647521972656,37,577,0.0012354850769042969
SLIM*MIX_oms_pat5_fn-full_extended_const-small_ints_latent32,9057152a-801c-11f1-8d02-2c7ba0e6fa90,synthetic_prior,0,183,0.9983822107315063,0.10134720802307129,103060.0,0.9960069060325623,30.93797492980957,0.00033921003341674805,1.000035047531128,2023.8553466796875,-0.0043621063232421875,0.9986884593963623,162.4143524169922,-6.699562072753906e-05,0.9990959167480469,0.02110283449292183,-5.8531761169433594e-05,0.9984249472618103,9.836822509765625,0.00011771917343139648,0.9993446469306946,16.694793701171875,0.00033974647521972656,37,577,0.0012354850769042969
SLIM*MIX_oms_pat5_fn-full_extended_const-small_ints_latent32,9057152a-801c-11f1-8d02-2c7ba0e6fa90,synthetic_prior,0,184,0.9983822107315063,0.09993720054626465,103311.0,0.9960069060325623,30.93797492980957,0.00033921003341674805,1.000035047531128,2023.8553466796875,-0.0043621063232421875,0.9986884593963623,162.4143524169922,-6.699562072753906e-05,0.9990959167480469,0.02110283449292183,-5.8531761169433594e-05,0.9984249472618103,9.836822509765625,0.00011771917343139648,0.9993446469306946,16.694793701171875,0.00033974647521972656,37,577,0.0012354850769042969
SLIM*MIX_oms_pat5_fn-full_extended_const-small_ints_latent32,9057152a-801c-11f1-8d02-2c7ba0e6fa90,synthetic_prior,0,185,0.9983822107315063,0.09028792381286621,104337.0,0.9960069060325623,30.93797492980957,0.00033921003341674805,1.000035047531128,2023.8553466796875,-0.0043621063232421875,0.9986884593963623,162.4143524169922,-6.699562072753906e-05,0.9990959167480469,0.02110283449292183,-5.8531761169433594e-05,0.9984249472618103,9.836822509765625,0.00011771917343139648,0.9993446469306946,16.694793701171875,0.00033974647521972656,37,577,0.0012354850769042969
SLIM*MIX_oms_pat5_fn-full_extended_const-small_ints_latent32,9057152a-801c-11f1-8d02-2c7ba0e6fa90,synthetic_prior,0,186,0.9983803033828735,0.10916447639465332,105109.0,0.9959580302238464,30.93645668029785,0.000437319278717041,0.999738872051239,2023.256103515625,-0.00376737117767334,0.9985541701316833,162.3925323486328,0.00020188093185424805,0.9990885257720947,0.021102678030729294,-4.374980926513672e-05,0.9983931183815002,9.836508750915527,0.00018143653869628906,0.9993259310722351,16.69447898864746,0.00037723779678344727,38,590,0.0012392401695251465
SLIM*MIX_oms_pat5_fn-full_extended_const-small_ints_latent32,9057152a-801c-11f1-8d02-2c7ba0e6fa90,synthetic_prior,0,187,0.9983803033828735,0.107025146484375,105928.0,0.9959580302238464,30.93645668029785,0.000437319278717041,0.999738872051239,2023.256103515625,-0.00376737117767334,0.9985541701316833,162.3925323486328,0.00020188093185424805,0.9990885257720947,0.021102678030729294,-4.374980926513672e-05,0.9983931183815002,9.836508750915527,0.00018143653869628906,0.9993259310722351,16.69447898864746,0.00037723779678344727,38,590,0.0012392401695251465
SLIM*MIX_oms_pat5_fn-full_extended_const-small_ints_latent32,9057152a-801c-11f1-8d02-2c7ba0e6fa90,synthetic_prior,0,188,0.9983803033828735,0.10364437103271484,107114.0,0.9959580302238464,30.93645668029785,0.000437319278717041,0.999738872051239,2023.256103515625,-0.00376737117767334,0.9985541701316833,162.3925323486328,0.00020188093185424805,0.9990885257720947,0.021102678030729294,-4.374980926513672e-05,0.9983931183815002,9.836508750915527,0.00018143653869628906,0.9993259310722351,16.69447898864746,0.00037723779678344727,38,590,0.0012392401695251465
SLIM*MIX_oms_pat5_fn-full_extended_const-small_ints_latent32,9057152a-801c-11f1-8d02-2c7ba0e6fa90,synthetic_prior,0,189,0.998379111289978,0.08515691757202148,107682.0,0.9960258603096008,30.938562393188477,0.00030118227005004883,1.0000566244125366,2023.899169921875,-0.004405617713928223,0.9987197518348694,162.41944885253906,-0.00012958049774169922,0.9990990161895752,0.0211029015481472,-6.4849853515625e-05,0.9984234571456909,9.836808204650879,0.00012069940567016602,0.999342679977417,16.694761276245117,0.00034368038177490234,38,597,0.0012416243553161621
SLIM*MIX_oms_pat5_fn-full_extended_const-small_ints_latent32,9057152a-801c-11f1-8d02-2c7ba0e6fa90,synthetic_prior,0,190,0.998379111289978,0.11913728713989258,108573.0,0.9960258603096008,30.938562393188477,0.00030118227005004883,1.0000566244125366,2023.899169921875,-0.004405617713928223,0.9987197518348694,162.41944885253906,-0.00012958049774169922,0.9990990161895752,0.0211029015481472,-6.4849853515625e-05,0.9984234571456909,9.836808204650879,0.00012069940567016602,0.999342679977417,16.694761276245117,0.00034368038177490234,38,597,0.0012416243553161621
SLIM*MIX_oms_pat5_fn-full_extended_const-small_ints_latent32,9057152a-801c-11f1-8d02-2c7ba0e6fa90,synthetic_prior,0,191,0.998379111289978,0.10181951522827148,109802.0,0.9960258603096008,30.938562393188477,0.00030118227005004883,1.0000566244125366,2023.899169921875,-0.004405617713928223,0.9987197518348694,162.41944885253906,-0.00012958049774169922,0.9990990161895752,0.0211029015481472,-6.4849853515625e-05,0.9984234571456909,9.836808204650879,0.00012069940567016602,0.999342679977417,16.694761276245117,0.00034368038177490234,38,597,0.0012416243553161621
SLIM*MIX_oms_pat5_fn-full_extended_const-small_ints_latent32,9057152a-801c-11f1-8d02-2c7ba0e6fa90,synthetic_prior,0,192,0.998379111289978,0.10497140884399414,111107.0,0.9960258603096008,30.938562393188477,0.00030118227005004883,1.0000566244125366,2023.899169921875,-0.004405617713928223,0.9987197518348694,162.41944885253906,-0.00012958049774169922,0.9990990161895752,0.0211029015481472,-6.4849853515625e-05,0.9984234571456909,9.836808204650879,0.00012069940567016602,0.999342679977417,16.694761276245117,0.00034368038177490234,38,597,0.0012416243553161621
SLIM*MIX_oms_pat5_fn-full_extended_const-small_ints_latent32,9057152a-801c-11f1-8d02-2c7ba0e6fa90,synthetic_prior,0,193,0.998379111289978,0.10066747665405273,112645.0,0.9960258603096008,30.938562393188477,0.00030118227005004883,1.0000566244125366,2023.899169921875,-0.004405617713928223,0.9987197518348694,162.41944885253906,-0.00012958049774169922,0.9990990161895752,0.0211029015481472,-6.4849853515625e-05,0.9984234571456909,9.836808204650879,0.00012069940567016602,0.999342679977417,16.694761276245117,0.00034368038177490234,38,597,0.0012416243553161621
SLIM*MIX_oms_pat5_fn-full_extended_const-small_ints_latent32,9057152a-801c-11f1-8d02-2c7ba0e6fa90,synthetic_prior,0,194,0.998379111289978,0.12003326416015625,57915.0,0.9960258603096008,30.938562393188477,0.00030118227005004883,1.0000566244125366,2023.899169921875,-0.004405617713928223,0.9987197518348694,162.41944885253906,-0.00012958049774169922,0.9990990161895752,0.0211029015481472,-6.4849853515625e-05,0.9984234571456909,9.836808204650879,0.00012069940567016602,0.999342679977417,16.694761276245117,0.00034368038177490234,38,597,0.0012416243553161621
SLIM*MIX_oms_pat5_fn-full_extended_const-small_ints_latent32,9057152a-801c-11f1-8d02-2c7ba0e6fa90,synthetic_prior,0,195,0.998379111289978,0.10641217231750488,88846.0,0.9960258603096008,30.938562393188477,0.00030118227005004883,1.0000566244125366,2023.899169921875,-0.004405617713928223,0.9987197518348694,162.41944885253906,-0.00012958049774169922,0.9990990161895752,0.0211029015481472,-6.4849853515625e-05,0.9984234571456909,9.836808204650879,0.00012069940567016602,0.999342679977417,16.694761276245117,0.00034368038177490234,38,597,0.0012416243553161621
SLIM*MIX_oms_pat5_fn-full_extended_const-small_ints_latent32,9057152a-801c-11f1-8d02-2c7ba0e6fa90,synthetic_prior,0,196,0.998379111289978,0.1107032299041748,106897.0,0.9960258603096008,30.938562393188477,0.00030118227005004883,1.0000566244125366,2023.899169921875,-0.004405617713928223,0.9987197518348694,162.41944885253906,-0.00012958049774169922,0.9990990161895752,0.0211029015481472,-6.4849853515625e-05,0.9984234571456909,9.836808204650879,0.00012069940567016602,0.999342679977417,16.694761276245117,0.00034368038177490234,38,597,0.0012416243553161621
SLIM*MIX_oms_pat5_fn-full_extended_const-small_ints_latent32,9057152a-801c-11f1-8d02-2c7ba0e6fa90,synthetic_prior,0,197,0.998379111289978,0.11014580726623535,116005.0,0.9960258603096008,30.938562393188477,0.00030118227005004883,1.0000566244125366,2023.899169921875,-0.004405617713928223,0.9987197518348694,162.41944885253906,-0.00012958049774169922,0.9990990161895752,0.0211029015481472,-6.4849853515625e-05,0.9984234571456909,9.836808204650879,0.00012069940567016602,0.999342679977417,16.694761276245117,0.00034368038177490234,38,597,0.0012416243553161621
SLIM*MIX_oms_pat5_fn-full_extended_const-small_ints_latent32,9057152a-801c-11f1-8d02-2c7ba0e6fa90,synthetic_prior,0,198,0.9983785152435303,0.09423661231994629,116685.0,0.9959806799888611,30.93716049194336,0.00039190053939819336,0.9998778104782104,2023.537353515625,-0.004046320915222168,0.9985433220863342,162.39076232910156,0.00022363662719726562,0.99909907579422,0.0211029015481472,-6.496906280517578e-05,0.9983874559402466,9.83645248413086,0.00019276142120361328,0.9993056654930115,16.694143295288086,0.0004177093505859375,36,553,0.00124281644821167
SLIM*MIX_oms_pat5_fn-full_extended_const-small_ints_latent32,9057152a-801c-11f1-8d02-2c7ba0e6fa90,synthetic_prior,0,199,0.9983785152435303,0.10429811477661133,117707.0,0.9959806799888611,30.93716049194336,0.00039190053939819336,0.9998778104782104,2023.537353515625,-0.004046320915222168,0.9985433220863342,162.39076232910156,0.00022363662719726562,0.99909907579422,0.0211029015481472,-6.496906280517578e-05,0.9983874559402466,9.83645248413086,0.00019276142120361328,0.9993056654930115,16.694143295288086,0.0004177093505859375,36,553,0.00124281644821167
SLIM*MIX_oms_pat5_fn-full_extended_const-small_ints_latent32,9057152a-801c-11f1-8d02-2c7ba0e6fa90,synthetic_prior,0,200,0.9983785152435303,0.10238146781921387,116469.0,0.9959806799888611,30.93716049194336,0.00039190053939819336,0.9998778104782104,2023.537353515625,-0.004046320915222168,0.9985433220863342,162.39076232910156,0.00022363662719726562,0.99909907579422,0.0211029015481472,-6.496906280517578e-05,0.9983874559402466,9.83645248413086,0.00019276142120361328,0.9993056654930115,16.694143295288086,0.0004177093505859375,36,553,0.00124281644821167
SLIM*MIX_oms_pat5_fn-full_extended_const-small_ints_latent64,9057152a-801c-11f1-8d02-2c7ba0e6fa90,synthetic_prior,0,0,0.9989995360374451,0.06728553771972656,920.0,0.9961758852005005,30.94322395324707,0.0,0.9978610277175903,2019.455810546875,0.0,0.9986550211906433,162.408935546875,0.0,0.9990666508674622,0.021102217957377434,0.0,0.9984836578369141,9.837401390075684,0.0,0.9995144605636597,16.6976318359375,0.0,1,2,0.0
SLIM*MIX_oms_pat5_fn-full_extended_const-small_ints_latent64,9057152a-801c-11f1-8d02-2c7ba0e6fa90,synthetic_prior,0,1,0.9989995360374451,0.08731460571289062,2538.0,0.9961758852005005,30.94322395324707,0.0,0.9978610277175903,2019.455810546875,0.0,0.9986550211906433,162.408935546875,0.0,0.9990666508674622,0.021102217957377434,0.0,0.9984836578369141,9.837401390075684,0.0,0.9995144605636597,16.6976318359375,0.0,1,2,0.0
SLIM*MIX_oms_pat5_fn-full_extended_const-small_ints_latent64,9057152a-801c-11f1-8d02-2c7ba0e6fa90,synthetic_prior,0,2,0.9989995360374451,0.08515143394470215,3276.0,0.9961758852005005,30.94322395324707,0.0,0.9978610277175903,2019.455810546875,0.0,0.9986550211906433,162.408935546875,0.0,0.9990666508674622,0.021102217957377434,0.0,0.9984836578369141,9.837401390075684,0.0,0.9995144605636597,16.6976318359375,0.0,1,2,0.0
SLIM*MIX_oms_pat5_fn-full_extended_const-small_ints_latent64,9057152a-801c-11f1-8d02-2c7ba0e6fa90,synthetic_prior,0,3,0.9989899396896362,0.0981285572052002,4230.0,0.9968286752700806,30.9635009765625,-0.0013109445571899414,0.997961699962616,2019.6593017578125,-0.00020182132720947266,0.9978519678115845,162.2783203125,0.001607656478881836,0.9994240403175354,0.021109765395522118,-0.0007154941558837891,0.9987443685531616,9.839969635009766,-0.0005222558975219727,0.9995747804641724,16.698638916015625,-0.0001207590103149414,2,18,1.919269561767578e-05
SLIM*MIX_oms_pat5_fn-full_extended_const-small_ints_latent64,9057152a-801c-11f1-8d02-2c7ba0e6fa90,synthetic_prior,0,4,0.9989792704582214,0.09360289573669434,5147.0,0.9969518184661865,30.96732521057129,-0.0015584230422973633,0.9979438781738281,2019.623291015625,-0.00016605854034423828,0.9978736639022827,162.2818603515625,0.0015642046928405762,0.9994367957115173,0.021110035479068756,-0.000741124153137207,0.998818039894104,9.84069538116455,-0.0006698369979858398,0.9994556307792664,16.6966495513916,0.0001176595687866211,3,30,4.0471553802490234e-05
SLIM*MIX_oms_pat5_fn-full_extended_const-small_ints_latent64,9057152a-801c-11f1-8d02-2c7ba0e6fa90,synthetic_prior,0,5,0.9989792704582214,0.09482145309448242,5279.0,0.9969518184661865,30.96732521057129,-0.0015584230422973633,0.9979438781738281,2019.623291015625,-0.00016605854034423828,0.9978736639022827,162.2818603515625,0.0015642046928405762,0.9994367957115173,0.021110035479068756,-0.000741124153137207,0.998818039894104,9.84069538116455,-0.0006698369979858398,0.9994556307792664,16.6966495513916,0.0001176595687866211,3,30,4.0471553802490234e-05
SLIM*MIX_oms_pat5_fn-full_extended_const-small_ints_latent64,9057152a-801c-11f1-8d02-2c7ba0e6fa90,synthetic_prior,0,6,0.9989792704582214,0.0943441390991211,5653.0,0.9969518184661865,30.96732521057129,-0.0015584230422973633,0.9979438781738281,2019.623291015625,-0.00016605854034423828,0.9978736639022827,162.2818603515625,0.0015642046928405762,0.9994367957115173,0.021110035479068756,-0.000741124153137207,0.998818039894104,9.84069538116455,-0.0006698369979858398,0.9994556307792664,16.6966495513916,0.0001176595687866211,3,30,4.0471553802490234e-05
SLIM*MIX_oms_pat5_fn-full_extended_const-small_ints_latent64,9057152a-801c-11f1-8d02-2c7ba0e6fa90,synthetic_prior,0,7,0.9989792704582214,0.0954275131225586,5493.0,0.9969518184661865,30.96732521057129,-0.0015584230422973633,0.9979438781738281,2019.623291015625,-0.00016605854034423828,0.9978736639022827,162.2818603515625,0.0015642046928405762,0.9994367957115173,0.021110035479068756,-0.000741124153137207,0.998818039894104,9.84069538116455,-0.0006698369979858398,0.9994556307792664,16.6966495513916,0.0001176595687866211,3,30,4.0471553802490234e-05
SLIM*MIX_oms_pat5_fn-full_extended_const-small_ints_latent64,9057152a-801c-11f1-8d02-2c7ba0e6fa90,synthetic_prior,0,8,0.9989792704582214,0.095245361328125,5279.0,0.9969518184661865,30.96732521057129,-0.0015584230422973633,0.9979438781738281,2019.623291015625,-0.00016605854034423828,0.9978736639022827,162.2818603515625,0.0015642046928405762,0.9994367957115173,0.021110035479068756,-0.000741124153137207,0.998818039894104,9.84069538116455,-0.0006698369979858398,0.9994556307792664,16.6966495513916,0.0001176595687866211,3,30,4.0471553802490234e-05
SLIM*MIX_oms_pat5_fn-full_extended_const-small_ints_latent64,9057152a-801c-11f1-8d02-2c7ba0e6fa90,synthetic_prior,0,9,0.9989776611328125,0.0784909725189209,6360.0,0.997209370136261,30.975324630737305,-0.0020759105682373047,0.997922956943512,2019.5810546875,-0.00012421607971191406,0.9975986480712891,162.2371368408203,0.002114415168762207,0.9995245933532715,0.02111188881099224,-0.0009168386459350586,0.9989205002784729,9.841705322265625,-0.0008752346038818359,0.9994925260543823,16.697263717651367,4.38690185546875e-05,4,43,4.374980926513672e-05
SLIM*MIX_oms_pat5_fn-full_extended_const-small_ints_latent64,9057152a-801c-11f1-8d02-2c7ba0e6fa90,synthetic_prior,0,10,0.99897700548172,0.10202503204345703,6782.0,0.996302604675293,30.947160720825195,-0.00025451183319091797,0.9978950023651123,2019.5245361328125,-6.818771362304688e-05,0.9983013272285461,162.3513946533203,0.0007082223892211914,0.9993227124214172,0.021107623353600502,-0.0005125999450683594,0.9983922839164734,9.836501121520996,0.00018310546875,0.9996797442436218,16.700389862060547,-0.0003306865692138672,4,48,4.506111145019531e-05
SLIM*MIX_oms_pat5_fn-full_extended_const-small_ints_latent64,9057152a-801c-11f1-8d02-2c7ba0e6fa90,synthetic_prior,0,11,0.9989711046218872,0.08980107307434082,7122.0,0.9964129328727722,30.950586318969727,-0.00047600269317626953,0.9978611469268799,2019.455810546875,-2.384185791015625e-07,0.9981724619865417,162.3304443359375,0.0009661316871643066,0.9994154572486877,0.021109582856297493,-0.0006983280181884766,0.9984235763549805,9.836809158325195,0.00012040138244628906,0.9997265338897705,16.701173782348633,-0.00042450428009033203,6,77,5.6803226470947266e-05
SLIM*MIX_oms_pat5_fn-full_extended_const-small_ints_latent64,9057152a-801c-11f1-8d02-2c7ba0e6fa90,synthetic_prior,0,12,0.9989711046218872,0.09170794486999512,8598.0,0.9964129328727722,30.950586318969727,-0.00047600269317626953,0.9978611469268799,2019.455810546875,-2.384185791015625e-07,0.9981724619865417,162.3304443359375,0.0009661316871643066,0.9994154572486877,0.021109582856297493,-0.0006983280181884766,0.9984235763549805,9.836809158325195,0.00012040138244628906,0.9997265338897705,16.701173782348633,-0.00042450428009033203,6,77,5.6803226470947266e-05
SLIM*MIX_oms_pat5_fn-full_extended_const-small_ints_latent64,9057152a-801c-11f1-8d02-2c7ba0e6fa90,synthetic_prior,0,13,0.9989615678787231,0.10692048072814941,10482.0,0.9964583516120911,30.951995849609375,-0.0005671977996826172,0.9978685975074768,2019.47119140625,-1.52587890625e-05,0.998098611831665,162.3184356689453,0.0011139512062072754,0.9994766116142273,0.02111087553203106,-0.0008208751678466797,0.9986477494239807,9.839017868041992,-0.0003286600112915039,0.9996674060821533,16.700185775756836,-0.00030601024627685547,7,91,7.587671279907227e-05
SLIM*MIX_oms_pat5_fn-full_extended_const-small_ints_latent64,9057152a-801c-11f1-8d02-2c7ba0e6fa90,synthetic_prior,0,14,0.9989401698112488,0.11913728713989258,11645.0,0.9969115257263184,30.966073989868164,-0.0014774799346923828,0.9981409311294556,2020.0220947265625,-0.0005609989166259766,0.9981967806816101,162.3343963623047,0.0009174942970275879,0.9995840191841125,0.021113144233822823,-0.001035928726196289,0.9984407424926758,9.8369779586792,8.606910705566406e-05,0.9992194175720215,16.69270133972168,0.0005903244018554688,6,81,0.00011873245239257812
SLIM*MIX_oms_pat5_fn-full_extended_const-small_ints_latent64,9057152a-801c-11f1-8d02-2c7ba0e6fa90,synthetic_prior,0,15,0.9989398717880249,0.10020828247070312,13588.0,0.9969391226768494,30.966930389404297,-0.001532912254333496,0.9980942010879517,2019.9276123046875,-0.0004674196243286133,0.9981551766395569,162.32763671875,0.0010007619857788086,0.9996388554573059,0.021114302799105644,-0.0011457204818725586,0.9984273314476013,9.836846351623535,0.00011289119720458984,0.9991858005523682,16.692140579223633,0.0006574392318725586,5,69,0.00011938810348510742
SLIM*MIX_oms_pat5_fn-full_extended_const-small_ints_latent64,9057152a-801c-11f1-8d02-2c7ba0e6fa90,synthetic_prior,0,16,0.9989314079284668,0.09443402290344238,15684.0,0.9970309138298035,30.96977996826172,-0.0017173290252685547,0.9982157349586487,2020.173583984375,-0.0007110834121704102,0.9980711936950684,162.31398010253906,0.0011689066886901855,0.9996666312217712,0.021114887669682503,-0.0012013912200927734,0.9984553456306458,9.837121963500977,5.6743621826171875e-05,0.9991765022277832,16.691986083984375,0.0006760954856872559,6,83,0.00013631582260131836
SLIM*MIX_oms_pat5_fn-full_extended_const-small_ints_latent64,9057152a-801c-11f1-8d02-2c7ba0e6fa90,synthetic_prior,0,17,0.9989269971847534,0.09366917610168457,17945.0,0.9971445798873901,30.973312377929688,-0.0019457340240478516,0.9982921481132507,2020.3282470703125,-0.0008642673492431641,0.9980436563491821,162.3094940185547,0.0012239813804626465,0.9997561573982239,0.02111678011715412,-0.0013808012008666992,0.9984474778175354,9.837044715881348,7.253885269165039e-05,0.9991834759712219,16.692100524902344,0.0006622076034545898,7,100,0.00014513731002807617
SLIM*MIX_oms_pat5_fn-full_extended_const-small_ints_latent64,9057152a-801c-11f1-8d02-2c7ba0e6fa90,synthetic_prior,0,18,0.9989209771156311,0.08647370338439941,19572.0,0.9971044659614563,30.972063064575195,-0.0018651485443115234,0.9983130097389221,2020.3704833984375,-0.0009061098098754883,0.9978916049003601,162.28477478027344,0.0015282630920410156,0.9996353983879089,0.021114228293299675,-0.001138925552368164,0.9985672831535339,9.838225364685059,-0.00016748905181884766,0.9993927478790283,16.695598602294922,0.0002435445785522461,8,111,0.00015717744827270508
SLIM*MIX_oms_pat5_fn-full_extended_const-small_ints_latent64,9057152a-801c-11f1-8d02-2c7ba0e6fa90,synthetic_prior,0,19,0.9989199638366699,0.10656189918518066,20850.0,0.9970687031745911,30.970956802368164,-0.0017932653427124023,0.9982825517654419,2020.3087158203125,-0.0008449554443359375,0.9979267120361328,162.2904815673828,0.00145798921585083,0.9997775554656982,0.021117234602570534,-0.0014237165451049805,0.9999610185623169,9.851957321166992,-0.002961397171020508,0.9987381100654602,16.684661865234375,0.001552879810333252,9,126,0.00015920400619506836
SLIM*MIX_oms_pat5_fn-full_extended_const-small_ints_latent64,9057152a-801c-11f1-8d02-2c7ba0e6fa90,synthetic_prior,0,20,0.9989151954650879,0.09902596473693848,21642.0,0.9973685145378113,30.980270385742188,-0.0023958683013916016,0.9985421299934387,2020.8341064453125,-0.00136566162109375,0.9974182844161987,162.2078094482422,0.0024752020835876465,0.9995594620704651,0.021112626418471336,-0.0009868144989013672,0.9984599351882935,9.837166786193848,4.756450653076172e-05,0.9995124340057373,16.69759750366211,4.0531158447265625e-06,8,116,0.00016885995864868164
SLIM*MIX_oms_pat5_fn-full_extended_const-small_ints_latent64,9057152a-801c-11f1-8d02-2c7ba0e6fa90,synthetic_prior,0,21,0.9989151954650879,0.09472846984863281,22542.0,0.9973685145378113,30.980270385742188,-0.0023958683013916016,0.9985421299934387,2020.8341064453125,-0.00136566162109375,0.9974182844161987,162.2078094482422,0.0024752020835876465,0.9995594620704651,0.021112626418471336,-0.0009868144989013672,0.9984599351882935,9.837166786193848,4.756450653076172e-05,0.9995124340057373,16.69759750366211,4.0531158447265625e-06,8,116,0.00016885995864868164
SLIM*MIX_oms_pat5_fn-full_extended_const-small_ints_latent64,9057152a-801c-11f1-8d02-2c7ba0e6fa90,synthetic_prior,0,22,0.9989075660705566,0.09683394432067871,22732.0,0.996917724609375,30.966266632080078,-0.0014899969100952148,0.9982050061225891,2020.15185546875,-0.0006896257400512695,0.9968162178993225,162.10987854003906,0.0036791563034057617,0.9995200634002686,0.02111179195344448,-0.00090789794921875,0.9987822771072388,9.840343475341797,-0.0005981922149658203,0.9999035000801086,16.704130172729492,-0.0007786750793457031,11,156,0.00018399953842163086
SLIM*MIX_oms_pat5_fn-full_extended_const-small_ints_latent64,9057152a-801c-11f1-8d02-2c7ba0e6fa90,synthetic_prior,0,23,0.9988991618156433,0.09938478469848633,23814.0,0.9966228008270264,30.95710563659668,-0.0008974075317382812,0.9981927871704102,2020.127197265625,-0.0006650686264038086,0.9973000884056091,162.18858337402344,0.0027115941047668457,0.9998690485954285,0.021119164302945137,-0.0016068220138549805,0.998903214931488,9.841534614562988,-0.0008405447006225586,1.0004005432128906,16.712432861328125,-0.0017737150192260742,11,153,0.0002009272575378418
SLIM*MIX_oms_pat5_fn-full_extended_const-small_ints_latent64,9057152a-801c-11f1-8d02-2c7ba0e6fa90,synthetic_prior,0,24,0.9988952279090881,0.09597420692443848,25366.0,0.9965882301330566,30.956031799316406,-0.0008279085159301758,0.9978868365287781,2019.5078125,-5.161762237548828e-05,0.9963312745094299,162.031005859375,0.004648387432098389,0.9999766945838928,0.021121438592672348,-0.0018225908279418945,0.9991163015365601,9.843634605407715,-0.001267552375793457,0.999742865562439,16.701446533203125,-0.0004570484161376953,11,160,0.00020879507064819336
SLIM*MIX_oms_pat5_fn-full_extended_const-small_ints_latent64,9057152a-801c-11f1-8d02-2c7ba0e6fa90,synthetic_prior,0,25,0.9988952279090881,0.09542226791381836,26361.0,0.9965882301330566,30.956031799316406,-0.0008279085159301758,0.9978868365287781,2019.5078125,-5.161762237548828e-05,0.9963312745094299,162.031005859375,0.004648387432098389,0.9999766945838928,0.021121438592672348,-0.0018225908279418945,0.9991163015365601,9.843634605407715,-0.001267552375793457,0.999742865562439,16.701446533203125,-0.0004570484161376953,11,160,0.00020879507064819336
SLIM*MIX_oms_pat5_fn-full_extended_const-small_ints_latent64,9057152a-801c-11f1-8d02-2c7ba0e6fa90,synthetic_prior,0,26,0.9988886117935181,0.09600996971130371,29066.0,0.9967114925384521,30.959861755371094,-0.0010756254196166992,0.998545229434967,2020.84033203125,-0.0013717412948608398,0.9962990283966064,162.02578735351562,0.004712700843811035,1.0000290870666504,0.02112254686653614,-0.0019277334213256836,0.9992751479148865,9.845199584960938,-0.0015859603881835938,0.9995761513710022,16.69866180419922,-0.00012350082397460938,13,191,0.0002219676971435547
SLIM*MIX_oms_pat5_fn-full_extended_const-small_ints_latent64,9057152a-801c-11f1-8d02-2c7ba0e6fa90,synthetic_prior,0,27,0.9988822340965271,0.09824728965759277,30790.0,0.9964572191238403,30.951963424682617,-0.0005649328231811523,0.997642457485199,2019.0133056640625,0.0004380345344543457,0.9965876936912537,162.0727081298828,0.00413590669631958,0.9999407529830933,0.021120678633451462,-0.0017505884170532227,0.9990435838699341,9.842917442321777,-0.0011218786239624023,0.9997385144233704,16.701374053955078,-0.00044846534729003906,12,168,0.00023478269577026367
SLIM*MIX_oms_pat5_fn-full_extended_const-small_ints_latent64,9057152a-801c-11f1-8d02-2c7ba0e6fa90,synthetic_prior,0,28,0.9988775253295898,0.14884448051452637,33428.0,0.9979593753814697,30.998620986938477,-0.0035837888717651367,0.9986202120780945,2020.9920654296875,-0.0015221834182739258,0.9982392191886902,162.34130859375,0.0008325576782226562,0.9994771480560303,0.021110886707901955,-0.0008218288421630859,0.9981926679611206,9.834534645080566,0.0005828142166137695,0.9993851780891418,16.695470809936523,0.0002586245536804199,13,180,0.000244140625
SLIM*MIX_oms_pat5_fn-full_extended_const-small_ints_latent64,9057152a-801c-11f1-8d02-2c7ba0e6fa90,synthetic_prior,0,29,0.9988514184951782,0.11601138114929199,34339.0,0.9983224272727966,31.009899139404297,-0.004314303398132324,0.9990194439888,2021.8001708984375,-0.002323150634765625,0.9981765747070312,162.33111572265625,0.0009579658508300781,0.999997079372406,0.02112186886370182,-0.0018634796142578125,0.9980958104133606,9.833580017089844,0.0007767677307128906,1.0000931024551392,16.707298278808594,-0.0011583566665649414,15,209,0.00029647350311279297
SLIM*MIX_oms_pat5_fn-full_extended_const-small_ints_latent64,9057152a-801c-11f1-8d02-2c7ba0e6fa90,synthetic_prior,0,30,0.9988378882408142,0.11020541191101074,35715.0,0.9973756074905396,30.980487823486328,-0.0024100542068481445,0.9983672499656677,2020.480224609375,-0.0010149478912353516,0.9963566660881042,162.03515625,0.0045975446701049805,0.9998806118965149,0.021119408309459686,-0.0016301870346069336,0.9989824295043945,9.842315673828125,-0.0009993314743041992,1.0005532503128052,16.714982986450195,-0.002079606056213379,14,200,0.0003235936164855957
SLIM*MIX_oms_pat5_fn-full_extended_const-small_ints_latent64,9057152a-801c-11f1-8d02-2c7ba0e6fa90,synthetic_prior,0,31,0.9988378882408142,0.11301565170288086,38486.0,0.9973756074905396,30.980487823486328,-0.0024100542068481445,0.9983672499656677,2020.480224609375,-0.0010149478912353516,0.9963566660881042,162.03515625,0.0045975446701049805,0.9998806118965149,0.021119408309459686,-0.0016301870346069336,0.9989824295043945,9.842315673828125,-0.0009993314743041992,1.0005532503128052,16.714982986450195,-0.002079606056213379,14,200,0.0003235936164855957
SLIM*MIX_oms_pat5_fn-full_extended_const-small_ints_latent64,9057152a-801c-11f1-8d02-2c7ba0e6fa90,synthetic_prior,0,32,0.9988378882408142,0.09342312812805176,40256.0,0.9973756074905396,30.980487823486328,-0.0024100542068481445,0.9983672499656677,2020.480224609375,-0.0010149478912353516,0.9963566660881042,162.03515625,0.0045975446701049805,0.9998806118965149,0.021119408309459686,-0.0016301870346069336,0.9989824295043945,9.842315673828125,-0.0009993314743041992,1.0005532503128052,16.714982986450195,-0.002079606056213379,14,200,0.0003235936164855957
SLIM*MIX_oms_pat5_fn-full_extended_const-small_ints_latent64,9057152a-801c-11f1-8d02-2c7ba0e6fa90,synthetic_prior,0,33,0.9988278150558472,0.1097402572631836,42945.0,0.9974027276039124,30.98133087158203,-0.0024646520614624023,0.9987092018127441,2021.1722412109375,-0.001700758934020996,0.9978030920028687,162.27037048339844,0.001705467700958252,0.9993185997009277,0.021107537671923637,-0.0005043745040893555,0.9984654784202576,9.8372220993042,3.647804260253906e-05,0.9994404911994934,16.696393966674805,0.00014793872833251953,17,232,0.00034368038177490234
SLIM*MIX_oms_pat5_fn-full_extended_const-small_ints_latent64,9057152a-801c-11f1-8d02-2c7ba0e6fa90,synthetic_prior,0,34,0.9988195896148682,0.0946359634399414,44320.0,0.9968781471252441,30.965036392211914,-0.001410365104675293,0.9993277788162231,2022.4239501953125,-0.0029419660568237305,0.9984697699546814,162.37879943847656,0.00037097930908203125,0.9999977946281433,0.021121885627508163,-0.0018649101257324219,0.9983655214309692,9.836236953735352,0.00023674964904785156,1.000190258026123,16.708921432495117,-0.0013529062271118164,18,257,0.00036013126373291016
SLIM*MIX_oms_pat5_fn-full_extended_const-small_ints_latent64,9057152a-801c-11f1-8d02-2c7ba0e6fa90,synthetic_prior,0,35,0.9988111853599548,0.10981106758117676,44981.0,0.9977244138717651,30.991323471069336,-0.00311124324798584,0.9987525939941406,2021.260009765625,-0.0017877817153930664,0.9976241588592529,162.24127197265625,0.002063453197479248,0.9993698000907898,0.02110861986875534,-0.0006068944931030273,0.9984648823738098,9.837217330932617,3.7670135498046875e-05,0.9994229078292847,16.69610023498535,0.0001831650733947754,17,233,0.0003769993782043457
SLIM*MIX_oms_pat5_fn-full_extended_const-small_ints_latent64,9057152a-801c-11f1-8d02-2c7ba0e6fa90,synthetic_prior,0,36,0.9988047480583191,0.08674049377441406,45811.0,0.9975268840789795,30.98518943786621,-0.0027141571044921875,0.9986269474029541,2021.0057373046875,-0.0015357732772827148,0.9976757764816284,162.2496795654297,0.0019600987434387207,0.9993158578872681,0.021107478067278862,-0.0004988908767700195,0.9984714984893799,9.837281227111816,2.4378299713134766e-05,0.999305248260498,16.694135665893555,0.00041854381561279297,16,216,0.00038993358612060547
SLIM*MIX_oms_pat5_fn-full_extended_const-small_ints_latent64,9057152a-801c-11f1-8d02-2c7ba0e6fa90,synthetic_prior,0,37,0.9988047480583191,0.10387635231018066,46755.0,0.9975268840789795,30.98518943786621,-0.0027141571044921875,0.9986269474029541,2021.0057373046875,-0.0015357732772827148,0.9976757764816284,162.2496795654297,0.0019600987434387207,0.9993158578872681,0.021107478067278862,-0.0004988908767700195,0.9984714984893799,9.837281227111816,2.4378299713134766e-05,0.999305248260498,16.694135665893555,0.00041854381561279297,16,216,0.00038993358612060547
SLIM*MIX_oms_pat5_fn-full_extended_const-small_ints_latent64,9057152a-801c-11f1-8d02-2c7ba0e6fa90,synthetic_prior,0,38,0.9988034963607788,0.11069297790527344,49142.0,0.997207522392273,30.97526741027832,-0.0020722150802612305,1.0004138946533203,2024.6221923828125,-0.0051233768463134766,0.9967215061187744,162.094482421875,0.003868401050567627,0.9993311166763306,0.021107802167534828,-0.0005294084548950195,0.9984561204910278,9.837129592895508,5.53131103515625e-05,0.9998257160186768,16.702829360961914,-0.000622868537902832,27,387,0.0003923177719116211
SLIM*MIX_oms_pat5_fn-full_extended_const-small_ints_latent64,9057152a-801c-11f1-8d02-2c7ba0e6fa90,synthetic_prior,0,39,0.9987928867340088,0.08472585678100586,50354.0,0.9980678558349609,31.001989364624023,-0.003802061080932617,0.9988490343093872,2021.4552001953125,-0.0019812583923339844,0.9973408579826355,162.19520568847656,0.0026301145553588867,0.9994503855705261,0.021110322326421738,-0.0007683038711547852,0.9984793066978455,9.837357521057129,8.821487426757812e-06,0.9992649555206299,16.693462371826172,0.0004991888999938965,18,249,0.00041359663009643555
SLIM*MIX_oms_pat5_fn-full_extended_const-small_ints_latent64,9057152a-801c-11f1-8d02-2c7ba0e6fa90,synthetic_prior,0,40,0.9987887144088745,0.11810421943664551,50970.0,0.99869704246521,31.021533966064453,-0.005068063735961914,0.99866783618927,2021.0885009765625,-0.0016177892684936523,0.9973674416542053,162.19952392578125,0.0025769472122192383,0.999444842338562,0.021110204979777336,-0.0007572174072265625,0.9984793066978455,9.837357521057129,8.821487426757812e-06,0.9992649555206299,16.693462371826172,0.0004991888999938965,19,268,0.00042194128036499023
SLIM*MIX_oms_pat5_fn-full_extended_const-small_ints_latent64,9057152a-801c-11f1-8d02-2c7ba0e6fa90,synthetic_prior,0,41,0.9987837672233582,0.10609889030456543,51319.0,0.9983212947845459,31.009862899780273,-0.004311919212341309,0.9982752799987793,2020.2940673828125,-0.0008304119110107422,0.9975172877311707,162.22389221191406,0.002277195453643799,0.9994927644729614,0.02111121639609337,-0.0008531808853149414,0.9984931349754333,9.837494850158691,-1.9073486328125e-05,0.9993947744369507,16.69563102722168,0.00023937225341796875,18,254,0.0004318356513977051
SLIM*MIX_oms_pat5_fn-full_extended_const-small_ints_latent64,9057152a-801c-11f1-8d02-2c7ba0e6fa90,synthetic_prior,0,42,0.9987794756889343,0.13268017768859863,52911.0,0.9977142810821533,30.991010665893555,-0.003090977668762207,0.9980461001396179,2019.8302001953125,-0.00037097930908203125,0.9976961016654968,162.2529754638672,0.001919388771057129,0.9992395043373108,0.021105866879224777,-0.00034606456756591797,0.9984466433525085,9.8370361328125,7.420778274536133e-05,0.9992186427116394,16.692689895629883,0.0005918741226196289,21,305,0.0004404783248901367
SLIM*MIX_oms_pat5_fn-full_extended_const-small_ints_latent64,9057152a-801c-11f1-8d02-2c7ba0e6fa90,synthetic_prior,0,43,0.9987768530845642,0.1059579849243164,53039.0,0.9979262351989746,30.99759292602539,-0.0035172700881958008,0.9982166290283203,2020.17529296875,-0.0007128715515136719,0.9979966878890991,162.30186462402344,0.0013179183006286621,0.9992439150810242,0.021105961874127388,-0.0003548860549926758,0.9984641075134277,9.83720874786377,3.921985626220703e-05,0.9993225932121277,16.694425582885742,0.000383913516998291,21,297,0.0004457235336303711
SLIM*MIX_oms_pat5_fn-full_extended_const-small_ints_latent64,9057152a-801c-11f1-8d02-2c7ba0e6fa90,synthetic_prior,0,44,0.9987751245498657,0.10851430892944336,54888.0,0.9990607500076294,31.032833099365234,-0.0058002471923828125,0.9989359974861145,2021.631103515625,-0.0021556615829467773,0.997516393661499,162.2237548828125,0.002279043197631836,0.9992995262145996,0.021107135340571404,-0.00046622753143310547,0.9984798431396484,9.837364196777344,7.68899917602539e-06,0.9992568492889404,16.693326950073242,0.0005153417587280273,19,266,0.00044912099838256836
SLIM*MIX_oms_pat5_fn-full_extended_const-small_ints_latent64,9057152a-801c-11f1-8d02-2c7ba0e6fa90,synthetic_prior,0,45,0.9987697601318359,0.10554361343383789,56579.0,0.9989166259765625,31.028356552124023,-0.005510091781616211,0.9979586005210876,2019.6531982421875,-0.00019562244415283203,0.9978280663490295,162.27444458007812,0.0016553401947021484,0.9997495412826538,0.02111664041876793,-0.0013675689697265625,0.9984855055809021,9.837420463562012,-3.6954879760742188e-06,0.9995803236961365,16.698728561401367,-0.00013184547424316406,20,289,0.00045990943908691406
SLIM*MIX_oms_pat5_fn-full_extended_const-small_ints_latent64,9057152a-801c-11f1-8d02-2c7ba0e6fa90,synthetic_prior,0,46,0.998748242855072,0.11477971076965332,58272.0,0.9979318976402283,30.99776840209961,-0.003528594970703125,0.9982798099517822,2020.3031005859375,-0.0008394718170166016,0.9982837438583374,162.3485565185547,0.0007433891296386719,0.9992845058441162,0.021106816828250885,-0.0004361867904663086,0.9984449744224548,9.837019920349121,7.75456428527832e-05,0.9996429681777954,16.69977569580078,-0.00025713443756103516,23,324,0.0005028843879699707
SLIM*MIX_oms_pat5_fn-full_extended_const-small_ints_latent64,9057152a-801c-11f1-8d02-2c7ba0e6fa90,synthetic_prior,0,47,0.998748242855072,0.10550928115844727,57424.0,0.9979318976402283,30.99776840209961,-0.003528594970703125,0.9982798099517822,2020.3031005859375,-0.0008394718170166016,0.9982837438583374,162.3485565185547,0.0007433891296386719,0.9992845058441162,0.021106816828250885,-0.0004361867904663086,0.9984449744224548,9.837019920349121,7.75456428527832e-05,0.9996429681777954,16.69977569580078,-0.00025713443756103516,23,324,0.0005028843879699707
SLIM*MIX_oms_pat5_fn-full_extended_const-small_ints_latent64,9057152a-801c-11f1-8d02-2c7ba0e6fa90,synthetic_prior,0,48,0.998748242855072,0.09574151039123535,58066.0,0.9979318976402283,30.99776840209961,-0.003528594970703125,0.9982798099517822,2020.3031005859375,-0.0008394718170166016,0.9982837438583374,162.3485565185547,0.0007433891296386719,0.9992845058441162,0.021106816828250885,-0.0004361867904663086,0.9984449744224548,9.837019920349121,7.75456428527832e-05,0.9996429681777954,16.69977569580078,-0.00025713443756103516,23,324,0.0005028843879699707
SLIM*MIX_oms_pat5_fn-full_extended_const-small_ints_latent64,9057152a-801c-11f1-8d02-2c7ba0e6fa90,synthetic_prior,0,49,0.998748242855072,0.12217307090759277,60132.0,0.9979318976402283,30.99776840209961,-0.003528594970703125,0.9982798099517822,2020.3031005859375,-0.0008394718170166016,0.9982837438583374,162.3485565185547,0.0007433891296386719,0.9992845058441162,0.021106816828250885,-0.0004361867904663086,0.9984449744224548,9.837019920349121,7.75456428527832e-05,0.9996429681777954,16.69977569580078,-0.00025713443756103516,23,324,0.0005028843879699707
SLIM*MIX_oms_pat5_fn-full_extended_const-small_ints_latent64,9057152a-801c-11f1-8d02-2c7ba0e6fa90,synthetic_prior,0,50,0.9987371563911438,0.12346005439758301,61832.0,0.9974320530891418,30.98224449157715,-0.0025235414505004883,0.9983438849449158,2020.432861328125,-0.0009680986404418945,0.9973577260971069,162.1979522705078,0.0025963783264160156,0.9987834692001343,0.021096235141158104,0.0005668997764587402,0.998604953289032,9.83859634399414,-0.0002429485321044922,0.9987486004829407,16.684837341308594,0.0015318989753723145,22,323,0.0005251765251159668
SLIM*MIX_oms_pat5_fn-full_extended_const-small_ints_latent64,9057152a-801c-11f1-8d02-2c7ba0e6fa90,synthetic_prior,0,51,0.9987313151359558,0.10944986343383789,63970.0,0.9973224401473999,30.978837966918945,-0.0023032426834106445,0.998286247253418,2020.3162841796875,-0.0008524656295776367,0.9974513649940491,162.21316528320312,0.0024091601371765137,0.9987528324127197,0.02109558694064617,0.0006281733512878418,0.9985946416854858,9.838494300842285,-0.00022232532501220703,0.9988031983375549,16.685749053955078,0.0014227032661437988,21,308,0.000536799430847168
SLIM*MIX_oms_pat5_fn-full_extended_const-small_ints_latent64,9057152a-801c-11f1-8d02-2c7ba0e6fa90,synthetic_prior,0,52,0.9987313151359558,0.1266465187072754,64479.0,0.9973224401473999,30.978837966918945,-0.0023032426834106445,0.998286247253418,2020.3162841796875,-0.0008524656295776367,0.9974513649940491,162.21316528320312,0.0024091601371765137,0.9987528324127197,0.02109558694064617,0.0006281733512878418,0.9985946416854858,9.838494300842285,-0.00022232532501220703,0.9988031983375549,16.685749053955078,0.0014227032661437988,21,308,0.000536799430847168
SLIM*MIX_oms_pat5_fn-full_extended_const-small_ints_latent64,9057152a-801c-11f1-8d02-2c7ba0e6fa90,synthetic_prior,0,53,0.9987145066261292,0.09603166580200195,64323.0,0.997399628162384,30.98123550415039,-0.0024584531784057617,0.9983616471290588,2020.468994140625,-0.0010037422180175781,0.9973596930503845,162.19827270507812,0.00259244441986084,0.9990549683570862,0.021101970225572586,2.3365020751953125e-05,0.9985907673835754,9.838456153869629,-0.00021457672119140625,0.9990200400352478,16.68937110900879,0.0009890198707580566,23,335,0.0005704760551452637
SLIM*MIX_oms_pat5_fn-full_extended_const-small_ints_latent64,9057152a-801c-11f1-8d02-2c7ba0e6fa90,synthetic_prior,0,54,0.9987108111381531,0.11044931411743164,63591.0,0.9975428581237793,30.985685348510742,-0.0027463436126708984,0.9982848763465881,2020.3134765625,-0.0008497238159179688,0.9973050951957703,162.18939208984375,0.0027016401290893555,0.9991044998168945,0.021103017032146454,-7.56978988647461e-05,0.998594343662262,9.838491439819336,-0.00022172927856445312,0.9988747835159302,16.68694496154785,0.0012795329093933105,22,312,0.0005779266357421875
SLIM*MIX_oms_pat5_fn-full_extended_const-small_ints_latent64,9057152a-801c-11f1-8d02-2c7ba0e6fa90,synthetic_prior,0,55,0.9987084865570068,0.10996389389038086,63248.0,0.997474193572998,30.983552932739258,-0.0026082992553710938,0.9983993768692017,2020.545166015625,-0.0010792016983032227,0.9974107146263123,162.20655822753906,0.0024904608726501465,0.9990679025650024,0.021102242171764374,-2.5033950805664062e-06,0.9985998272895813,9.838545799255371,-0.000232696533203125,0.9990327954292297,16.68958282470703,0.0009635090827941895,23,331,0.0005825161933898926
SLIM*MIX_oms_pat5_fn-full_extended_const-small_ints_latent64,9057152a-801c-11f1-8d02-2c7ba0e6fa90,synthetic_prior,0,56,0.9987084865570068,0.09392428398132324,63662.0,0.997474193572998,30.983552932739258,-0.0026082992553710938,0.9983993768692017,2020.545166015625,-0.0010792016983032227,0.9974107146263123,162.20655822753906,0.0024904608726501465,0.9990679025650024,0.021102242171764374,-2.5033950805664062e-06,0.9985998272895813,9.838545799255371,-0.000232696533203125,0.9990327954292297,16.68958282470703,0.0009635090827941895,23,331,0.0005825161933898926
SLIM*MIX_oms_pat5_fn-full_extended_const-small_ints_latent64,9057152a-801c-11f1-8d02-2c7ba0e6fa90,synthetic_prior,0,57,0.998705267906189,0.09360432624816895,64959.0,0.9975019097328186,30.984411239624023,-0.0026639699935913086,0.9985121488571167,2020.7734375,-0.0013054609298706055,0.9972248673439026,162.1763458251953,0.002862095832824707,0.9992202520370483,0.021105460822582245,-0.0003075599670410156,0.9986152648925781,9.83869743347168,-0.00026357173919677734,0.9991527199745178,16.691587448120117,0.0007236599922180176,23,318,0.0005889534950256348
SLIM*MIX_oms_pat5_fn-full_extended_const-small_ints_latent64,9057152a-801c-11f1-8d02-2c7ba0e6fa90,synthetic_prior,0,58,0.9986976981163025,0.10880899429321289,65645.0,0.9972847104072571,30.977663040161133,-0.002227306365966797,0.9985069632530212,2020.762939453125,-0.0012950897216796875,0.9975008964538574,162.2212371826172,0.0023099780082702637,0.9996956586837769,0.021115504205226898,-0.0012595653533935547,0.9985980987548828,9.838528633117676,-0.00022923946380615234,0.9991282224655151,16.691177368164062,0.0007727742195129395,24,332,0.0006041526794433594
SLIM*MIX_oms_pat5_fn-full_extended_const-small_ints_latent64,9057152a-801c-11f1-8d02-2c7ba0e6fa90,synthetic_prior,0,59,0.9986798763275146,0.10015535354614258,65671.0,0.9971032738685608,30.972028732299805,-0.0018627643585205078,0.9981033802032471,2019.946044921875,-0.0004858970642089844,0.9976108074188232,162.23910522460938,0.002090156078338623,0.9978718161582947,0.021076979115605354,0.0023905038833618164,0.9985924959182739,9.83847427368164,-0.0002180337905883789,0.9983869791030884,16.678794860839844,0.002254784107208252,26,381,0.000639796257019043
SLIM*MIX_oms_pat5_fn-full_extended_const-small_ints_latent64,9057152a-801c-11f1-8d02-2c7ba0e6fa90,synthetic_prior,0,60,0.9986798763275146,0.09394145011901855,66580.0,0.9971032738685608,30.972028732299805,-0.0018627643585205078,0.9981033802032471,2019.946044921875,-0.0004858970642089844,0.9976108074188232,162.23910522460938,0.002090156078338623,0.9978718161582947,0.021076979115605354,0.0023905038833618164,0.9985924959182739,9.83847427368164,-0.0002180337905883789,0.9983869791030884,16.678794860839844,0.002254784107208252,26,381,0.000639796257019043
SLIM*MIX_oms_pat5_fn-full_extended_const-small_ints_latent64,9057152a-801c-11f1-8d02-2c7ba0e6fa90,synthetic_prior,0,61,0.9986798763275146,0.11049747467041016,67965.0,0.9971032738685608,30.972028732299805,-0.0018627643585205078,0.9981033802032471,2019.946044921875,-0.0004858970642089844,0.9976108074188232,162.23910522460938,0.002090156078338623,0.9978718161582947,0.021076979115605354,0.0023905038833618164,0.9985924959182739,9.83847427368164,-0.0002180337905883789,0.9983869791030884,16.678794860839844,0.002254784107208252,26,381,0.000639796257019043
SLIM*MIX_oms_pat5_fn-full_extended_const-small_ints_latent64,9057152a-801c-11f1-8d02-2c7ba0e6fa90,synthetic_prior,0,62,0.9986798763275146,0.09566640853881836,67854.0,0.9971032738685608,30.972028732299805,-0.0018627643585205078,0.9981033802032471,2019.946044921875,-0.0004858970642089844,0.9976108074188232,162.23910522460938,0.002090156078338623,0.9978718161582947,0.021076979115605354,0.0023905038833618164,0.9985924959182739,9.83847427368164,-0.0002180337905883789,0.9983869791030884,16.678794860839844,0.002254784107208252,26,381,0.000639796257019043
SLIM*MIX_oms_pat5_fn-full_extended_const-small_ints_latent64,9057152a-801c-11f1-8d02-2c7ba0e6fa90,synthetic_prior,0,63,0.9986798763275146,0.12865805625915527,68586.0,0.9971032738685608,30.972028732299805,-0.0018627643585205078,0.9981033802032471,2019.946044921875,-0.0004858970642089844,0.9976108074188232,162.23910522460938,0.002090156078338623,0.9978718161582947,0.021076979115605354,0.0023905038833618164,0.9985924959182739,9.83847427368164,-0.0002180337905883789,0.9983869791030884,16.678794860839844,0.002254784107208252,26,381,0.000639796257019043
SLIM*MIX_oms_pat5_fn-full_extended_const-small_ints_latent64,9057152a-801c-11f1-8d02-2c7ba0e6fa90,synthetic_prior,0,64,0.9986672401428223,0.07539582252502441,70577.0,0.9970791935920715,30.971282958984375,-0.0018143653869628906,0.9982607960700989,2020.2647705078125,-0.0008013248443603516,0.998006284236908,162.3034210205078,0.0012987852096557617,0.9998928308486938,0.02111966721713543,-0.0016546249389648438,0.9985798001289368,9.838348388671875,-0.00019252300262451172,0.9989011287689209,16.68738555908203,0.0012268424034118652,27,387,0.0006650686264038086
SLIM*MIX_oms_pat5_fn-full_extended_const-small_ints_latent64,9057152a-801c-11f1-8d02-2c7ba0e6fa90,synthetic_prior,0,65,0.9986672401428223,0.09384751319885254,71087.0,0.9970791935920715,30.971282958984375,-0.0018143653869628906,0.9982607960700989,2020.2647705078125,-0.0008013248443603516,0.998006284236908,162.3034210205078,0.0012987852096557617,0.9998928308486938,0.02111966721713543,-0.0016546249389648438,0.9985798001289368,9.838348388671875,-0.00019252300262451172,0.9989011287689209,16.68738555908203,0.0012268424034118652,27,387,0.0006650686264038086
SLIM*MIX_oms_pat5_fn-full_extended_const-small_ints_latent64,9057152a-801c-11f1-8d02-2c7ba0e6fa90,synthetic_prior,0,66,0.9986631274223328,0.09306836128234863,73601.0,0.997252345085144,30.976659774780273,-0.002162337303161621,0.9984402656555176,2020.6279296875,-0.001161336898803711,0.9978750348091125,162.28208923339844,0.0015614032745361328,1.0001567602157593,0.02112524025142193,-0.0021834373474121094,0.9985979795455933,9.838526725769043,-0.0002288818359375,0.9987953901290894,16.685619354248047,0.0014382600784301758,29,420,0.0006732940673828125
SLIM*MIX_oms_pat5_fn-full_extended_const-small_ints_latent64,9057152a-801c-11f1-8d02-2c7ba0e6fa90,synthetic_prior,0,67,0.9986627101898193,0.09408378601074219,75450.0,0.9972622394561768,30.97696876525879,-0.0021822452545166016,0.9983610510826111,2020.4676513671875,-0.0010025501251220703,0.997897744178772,162.28578186035156,0.0015159249305725098,1.0001678466796875,0.02112547494471073,-0.0022056102752685547,0.9985989332199097,9.838536262512207,-0.0002307891845703125,0.9987994432449341,16.685684204101562,0.001430213451385498,28,404,0.0006741881370544434
SLIM*MIX_oms_pat5_fn-full_extended_const-small_ints_latent64,9057152a-801c-11f1-8d02-2c7ba0e6fa90,synthetic_prior,0,68,0.9986617565155029,0.09485316276550293,76583.0,0.9970417022705078,30.970117568969727,-0.0017390251159667969,0.9981427192687988,2020.02587890625,-0.0005646944046020508,0.9980331659317017,162.30780029296875,0.001244962215423584,1.0000027418136597,0.02112198807299137,-0.0018748044967651367,0.9986013174057007,9.8385591506958,-0.00023555755615234375,0.999085009098053,16.69045639038086,0.0008591413497924805,29,419,0.0006760358810424805
SLIM*MIX_oms_pat5_fn-full_extended_const-small_ints_latent64,9057152a-801c-11f1-8d02-2c7ba0e6fa90,synthetic_prior,0,69,0.9986617565155029,0.11223626136779785,78313.0,0.9970417022705078,30.970117568969727,-0.0017390251159667969,0.9981427192687988,2020.02587890625,-0.0005646944046020508,0.9980331659317017,162.30780029296875,0.001244962215423584,1.0000027418136597,0.02112198807299137,-0.0018748044967651367,0.9986013174057007,9.8385591506958,-0.00023555755615234375,0.999085009098053,16.69045639038086,0.0008591413497924805,29,419,0.0006760358810424805
SLIM*MIX_oms_pat5_fn-full_extended_const-small_ints_latent64,9057152a-801c-11f1-8d02-2c7ba0e6fa90,synthetic_prior,0,70,0.9986324906349182,0.10710859298706055,80098.0,0.9968268275260925,30.963441848754883,-0.0013072490692138672,0.9981924295425415,2020.1263427734375,-0.0006643533706665039,0.9981307983398438,162.32366943359375,0.0010495185852050781,0.9994492530822754,0.021110299974679947,-0.0007660388946533203,0.9985569715499878,9.83812427520752,-0.0001468658447265625,0.9991509318351746,16.691556930541992,0.0007271766662597656,28,417,0.0007345676422119141
SLIM*MIX_oms_pat5_fn-full_extended_const-small_ints_latent64,9057152a-801c-11f1-8d02-2c7ba0e6fa90,synthetic_prior,0,71,0.9986299872398376,0.10351967811584473,80647.0,0.9969678521156311,30.967823028564453,-0.001590728759765625,0.9982907772064209,2020.3255615234375,-0.0008616447448730469,0.9983941912651062,162.3665008544922,0.0005222558975219727,0.9994875192642212,0.021111106500029564,-0.0008426904678344727,0.9985619187355042,9.83817195892334,-0.00015664100646972656,0.9992278218269348,16.692842483520508,0.0005734562873840332,27,397,0.0007396936416625977
SLIM*MIX_oms_pat5_fn-full_extended_const-small_ints_latent64,9057152a-801c-11f1-8d02-2c7ba0e6fa90,synthetic_prior,0,72,0.9986287951469421,0.1254737377166748,81089.0,0.9969007968902588,30.965742111206055,-0.0014559030532836914,0.9984954595565796,2020.739501953125,-0.001271963119506836,0.9980842471122742,162.3161163330078,0.001142740249633789,0.999567449092865,0.021112794056534767,-0.0010027885437011719,0.9985727667808533,9.838279724121094,-0.00017845630645751953,0.9991526007652283,16.691585540771484,0.0007238984107971191,29,430,0.0007419586181640625
SLIM*MIX_oms_pat5_fn-full_extended_const-small_ints_latent64,9057152a-801c-11f1-8d02-2c7ba0e6fa90,synthetic_prior,0,73,0.9986287951469421,0.10972428321838379,81420.0,0.9969007968902588,30.965742111206055,-0.0014559030532836914,0.9984954595565796,2020.739501953125,-0.001271963119506836,0.9980842471122742,162.3161163330078,0.001142740249633789,0.999567449092865,0.021112794056534767,-0.0010027885437011719,0.9985727667808533,9.838279724121094,-0.00017845630645751953,0.9991526007652283,16.691585540771484,0.0007238984107971191,29,430,0.0007419586181640625
SLIM*MIX_oms_pat5_fn-full_extended_const-small_ints_latent64,9057152a-801c-11f1-8d02-2c7ba0e6fa90,synthetic_prior,0,74,0.9986208081245422,0.09353446960449219,82312.0,0.9968920946121216,30.965469360351562,-0.0014383792877197266,0.9984138607978821,2020.5745849609375,-0.001108407974243164,0.9983253479003906,162.35531616210938,0.0006601214408874512,0.999356210231781,0.02110833115875721,-0.0005797147750854492,0.9985575079917908,9.838129043579102,-0.00014781951904296875,0.9992682933807373,16.693517684936523,0.0004925727844238281,29,424,0.0007579922676086426
SLIM*MIX_oms_pat5_fn-full_extended_const-small_ints_latent64,9057152a-801c-11f1-8d02-2c7ba0e6fa90,synthetic_prior,0,75,0.9986184239387512,0.12558960914611816,82957.0,0.9975232481956482,30.985074996948242,-0.00270688533782959,0.9983809590339661,2020.5078125,-0.0010423660278320312,0.998252809047699,162.343505859375,0.0008053183555603027,0.9995617270469666,0.021112672984600067,-0.000991225242614746,0.998558521270752,9.838138580322266,-0.00014984607696533203,0.9994510412216187,16.696571350097656,0.00012683868408203125,26,380,0.0007627606391906738
SLIM*MIX_oms_pat5_fn-full_extended_const-small_ints_latent64,9057152a-801c-11f1-8d02-2c7ba0e6fa90,synthetic_prior,0,76,0.9985992312431335,0.08684492111206055,83590.0,0.9974424839019775,30.98256492614746,-0.002544403076171875,0.9980972409248352,2019.933837890625,-0.0004734992980957031,0.9979011416435242,162.28631591796875,0.0015091896057128906,0.9994063973426819,0.021109391003847122,-0.0006802082061767578,0.9985525608062744,9.838080406188965,-0.0001380443572998047,0.9994586110115051,16.696697235107422,0.00011175870895385742,29,434,0.0008012056350708008
SLIM*MIX_oms_pat5_fn-full_extended_const-small_ints_latent64,9057152a-801c-11f1-8d02-2c7ba0e6fa90,synthetic_prior,0,77,0.9985957741737366,0.10931134223937988,83755.0,0.997019350528717,30.96942138671875,-0.0016940832138061523,0.9987581372261047,2021.271240234375,-0.001798868179321289,0.9976009726524353,162.2375030517578,0.0021097660064697266,0.9995695352554321,0.0211128368973732,-0.0010069608688354492,0.9985823035240173,9.838373184204102,-0.00019752979278564453,0.9995250105857849,16.69780731201172,-2.110004425048828e-05,29,425,0.0008081197738647461
SLIM*MIX_oms_pat5_fn-full_extended_const-small_ints_latent64,9057152a-801c-11f1-8d02-2c7ba0e6fa90,synthetic_prior,0,78,0.9985957741737366,0.09388494491577148,83359.0,0.997019350528717,30.96942138671875,-0.0016940832138061523,0.9987581372261047,2021.271240234375,-0.001798868179321289,0.9976009726524353,162.2375030517578,0.0021097660064697266,0.9995695352554321,0.0211128368973732,-0.0010069608688354492,0.9985823035240173,9.838373184204102,-0.00019752979278564453,0.9995250105857849,16.69780731201172,-2.110004425048828e-05,29,425,0.0008081197738647461
SLIM*MIX_oms_pat5_fn-full_extended_const-small_ints_latent64,9057152a-801c-11f1-8d02-2c7ba0e6fa90,synthetic_prior,0,79,0.998595654964447,0.09429049491882324,82269.0,0.9970725774765015,30.9710750579834,-0.0018010139465332031,0.998831033706665,2021.418701171875,-0.0019450187683105469,0.997551441192627,162.2294464111328,0.0022089481353759766,0.999608039855957,0.021113650873303413,-0.0010840892791748047,0.9985883235931396,9.838433265686035,-0.00020968914031982422,0.9995272159576416,16.697843551635742,-2.5510787963867188e-05,30,439,0.0008082985877990723
SLIM*MIX_oms_pat5_fn-full_extended_const-small_ints_latent64,9057152a-801c-11f1-8d02-2c7ba0e6fa90,synthetic_prior,0,80,0.9985950589179993,0.0947568416595459,81951.0,0.997687578201294,30.990177154541016,-0.0030372142791748047,0.9982961416244507,2020.336181640625,-0.0008722543716430664,0.9985404014587402,162.39028930664062,0.0002295970916748047,0.9995118379592896,0.021111618727445602,-0.0008913278579711914,0.9985578060150146,9.83813190460205,-0.00014853477478027344,0.9994709491729736,16.696903228759766,8.70823860168457e-05,31,458,0.0008094906806945801
SLIM*MIX_oms_pat5_fn-full_extended_const-small_ints_latent64,9057152a-801c-11f1-8d02-2c7ba0e6fa90,synthetic_prior,0,81,0.9985950589179993,0.09439826011657715,82484.0,0.997687578201294,30.990177154541016,-0.0030372142791748047,0.9982961416244507,2020.336181640625,-0.0008722543716430664,0.9985404014587402,162.39028930664062,0.0002295970916748047,0.9995118379592896,0.021111618727445602,-0.0008913278579711914,0.9985578060150146,9.83813190460205,-0.00014853477478027344,0.9994709491729736,16.696903228759766,8.70823860168457e-05,31,458,0.0008094906806945801
SLIM*MIX_oms_pat5_fn-full_extended_const-small_ints_latent64,9057152a-801c-11f1-8d02-2c7ba0e6fa90,synthetic_prior,0,82,0.9985950589179993,0.10472583770751953,83044.0,0.997687578201294,30.990177154541016,-0.0030372142791748047,0.9982961416244507,2020.336181640625,-0.0008722543716430664,0.9985404014587402,162.39028930664062,0.0002295970916748047,0.9995118379592896,0.021111618727445602,-0.0008913278579711914,0.9985578060150146,9.83813190460205,-0.00014853477478027344,0.9994709491729736,16.696903228759766,8.70823860168457e-05,31,458,0.0008094906806945801
SLIM*MIX_oms_pat5_fn-full_extended_const-small_ints_latent64,9057152a-801c-11f1-8d02-2c7ba0e6fa90,synthetic_prior,0,83,0.9985881447792053,0.11123371124267578,83247.0,0.998440682888031,31.013572692871094,-0.004552125930786133,0.9986397624015808,2021.0316162109375,-0.0015615224838256836,0.9977326989173889,162.25892639160156,0.0018461942672729492,0.9994930028915405,0.021111221984028816,-0.0008536577224731445,0.9985482096672058,9.838037490844727,-0.00012934207916259766,0.9994376301765442,16.696346282958984,0.00015372037887573242,32,486,0.0008233785629272461
SLIM*MIX_oms_pat5_fn-full_extended_const-small_ints_latent64,9057152a-801c-11f1-8d02-2c7ba0e6fa90,synthetic_prior,0,84,0.9985881447792053,0.09972524642944336,83957.0,0.998440682888031,31.013572692871094,-0.004552125930786133,0.9986397624015808,2021.0316162109375,-0.0015615224838256836,0.9977326989173889,162.25892639160156,0.0018461942672729492,0.9994930028915405,0.021111221984028816,-0.0008536577224731445,0.9985482096672058,9.838037490844727,-0.00012934207916259766,0.9994376301765442,16.696346282958984,0.00015372037887573242,32,486,0.0008233785629272461
SLIM*MIX_oms_pat5_fn-full_extended_const-small_ints_latent64,9057152a-801c-11f1-8d02-2c7ba0e6fa90,synthetic_prior,0,85,0.9985881447792053,0.105743408203125,84720.0,0.998440682888031,31.013572692871094,-0.004552125930786133,0.9986397624015808,2021.0316162109375,-0.0015615224838256836,0.9977326989173889,162.25892639160156,0.0018461942672729492,0.9994930028915405,0.021111221984028816,-0.0008536577224731445,0.9985482096672058,9.838037490844727,-0.00012934207916259766,0.9994376301765442,16.696346282958984,0.00015372037887573242,32,486,0.0008233785629272461
SLIM*MIX_oms_pat5_fn-full_extended_const-small_ints_latent64,9057152a-801c-11f1-8d02-2c7ba0e6fa90,synthetic_prior,0,86,0.9985881447792053,0.10957598686218262,88127.0,0.998440682888031,31.013572692871094,-0.004552125930786133,0.9986397624015808,2021.0316162109375,-0.0015615224838256836,0.9977326989173889,162.25892639160156,0.0018461942672729492,0.9994930028915405,0.021111221984028816,-0.0008536577224731445,0.9985482096672058,9.838037490844727,-0.00012934207916259766,0.9994376301765442,16.696346282958984,0.00015372037887573242,32,486,0.0008233785629272461
SLIM*MIX_oms_pat5_fn-full_extended_const-small_ints_latent64,9057152a-801c-11f1-8d02-2c7ba0e6fa90,synthetic_prior,0,87,0.9985871911048889,0.10034942626953125,90566.0,0.9972139596939087,30.975467681884766,-0.0020852088928222656,0.9990163445472717,2021.793701171875,-0.0023169517517089844,0.9974408745765686,162.21145629882812,0.002430140972137451,0.9996389746665955,0.021114304661750793,-0.001146078109741211,0.9985900521278381,9.838449478149414,-0.0002130270004272461,0.9993428587913513,16.69476318359375,0.00034332275390625,31,455,0.0008252859115600586
SLIM*MIX_oms_pat5_fn-full_extended_const-small_ints_latent64,9057152a-801c-11f1-8d02-2c7ba0e6fa90,synthetic_prior,0,88,0.9985729455947876,0.11055779457092285,92548.0,0.9982084631919861,31.006359100341797,-0.004084944725036621,0.9985724687576294,2020.8955078125,-0.0014265775680541992,0.997574508190155,162.2332000732422,0.0021628141403198242,0.9994292855262756,0.021109875291585922,-0.0007259845733642578,0.9985507726669312,9.838062286376953,-0.00013434886932373047,0.9995093941688538,16.697546005249023,1.0073184967041016e-05,31,472,0.0008537173271179199
SLIM*MIX_oms_pat5_fn-full_extended_const-small_ints_latent64,9057152a-801c-11f1-8d02-2c7ba0e6fa90,synthetic_prior,0,89,0.9985729455947876,0.12772130966186523,94361.0,0.9982084631919861,31.006359100341797,-0.004084944725036621,0.9985724687576294,2020.8955078125,-0.0014265775680541992,0.997574508190155,162.2332000732422,0.0021628141403198242,0.9994292855262756,0.021109875291585922,-0.0007259845733642578,0.9985507726669312,9.838062286376953,-0.00013434886932373047,0.9995093941688538,16.697546005249023,1.0073184967041016e-05,31,472,0.0008537173271179199
SLIM*MIX_oms_pat5_fn-full_extended_const-small_ints_latent64,9057152a-801c-11f1-8d02-2c7ba0e6fa90,synthetic_prior,0,90,0.99857097864151,0.09545350074768066,95714.0,0.9982545375823975,31.00779151916504,-0.004177570343017578,0.9985337257385254,2020.817138671875,-0.0013488531112670898,0.9976149797439575,162.2397918701172,0.002081751823425293,0.9993990063667297,0.021109238266944885,-0.0006654262542724609,0.9985477924346924,9.838032722473145,-0.0001283884048461914,0.9995408058166504,16.698068618774414,-5.269050598144531e-05,32,494,0.0008577108383178711
SLIM*MIX_oms_pat5_fn-full_extended_const-small_ints_latent64,9057152a-801c-11f1-8d02-2c7ba0e6fa90,synthetic_prior,0,91,0.9985707998275757,0.14080023765563965,96747.0,0.9978203177452087,30.99430274963379,-0.0033042430877685547,0.9993774890899658,2022.5247802734375,-0.0030417442321777344,0.9977630972862244,162.2638702392578,0.0017854571342468262,0.9995168447494507,0.02111172489821911,-0.000901341438293457,0.9985694289207458,9.83824634552002,-0.00017178058624267578,0.9995255470275879,16.69781494140625,-2.2172927856445312e-05,32,484,0.0008580684661865234
SLIM*MIX_oms_pat5_fn-full_extended_const-small_ints_latent64,9057152a-801c-11f1-8d02-2c7ba0e6fa90,synthetic_prior,0,92,0.9985648989677429,0.0952298641204834,96995.0,0.9980266094207764,31.000709533691406,-0.0037192106246948242,0.9995636343955994,2022.9013671875,-0.0034154653549194336,0.9983544945716858,162.36004638671875,0.0006017684936523438,0.9995474815368652,0.02111237309873104,-0.0009627342224121094,0.9985734820365906,9.838286399841309,-0.0001800060272216797,0.9995877146720886,16.698854446411133,-0.00014662742614746094,31,464,0.0008699297904968262
SLIM*MIX_oms_pat5_fn-full_extended_const-small_ints_latent64,9057152a-801c-11f1-8d02-2c7ba0e6fa90,synthetic_prior,0,93,0.9985648393630981,0.10308623313903809,96992.0,0.9980193972587585,31.000484466552734,-0.003704547882080078,0.9995524883270264,2022.8787841796875,-0.0033930540084838867,0.9983516931533813,162.35960388183594,0.0006073117256164551,0.9995448589324951,0.021112315356731415,-0.000957489013671875,0.9985733032226562,9.83828353881836,-0.00017952919006347656,0.9995874166488647,16.698850631713867,-0.00014603137969970703,32,479,0.000870048999786377
SLIM*MIX_oms_pat5_fn-full_extended_const-small_ints_latent64,9057152a-801c-11f1-8d02-2c7ba0e6fa90,synthetic_prior,0,94,0.9985648393630981,0.10063290596008301,98357.0,0.9980193972587585,31.000484466552734,-0.003704547882080078,0.9995524883270264,2022.8787841796875,-0.0033930540084838867,0.9983516931533813,162.35960388183594,0.0006073117256164551,0.9995448589324951,0.021112315356731415,-0.000957489013671875,0.9985733032226562,9.83828353881836,-0.00017952919006347656,0.9995874166488647,16.698850631713867,-0.00014603137969970703,32,479,0.000870048999786377
SLIM*MIX_oms_pat5_fn-full_extended_const-small_ints_latent64,9057152a-801c-11f1-8d02-2c7ba0e6fa90,synthetic_prior,0,95,0.9985648393630981,0.14049220085144043,98441.0,0.9980193972587585,31.000484466552734,-0.003704547882080078,0.9995524883270264,2022.8787841796875,-0.0033930540084838867,0.9983516931533813,162.35960388183594,0.0006073117256164551,0.9995448589324951,0.021112315356731415,-0.000957489013671875,0.9985733032226562,9.83828353881836,-0.00017952919006347656,0.9995874166488647,16.698850631713867,-0.00014603137969970703,32,479,0.000870048999786377
SLIM*MIX_oms_pat5_fn-full_extended_const-small_ints_latent64,9057152a-801c-11f1-8d02-2c7ba0e6fa90,synthetic_prior,0,96,0.9985648393630981,0.09526419639587402,98066.0,0.9980193972587585,31.000484466552734,-0.003704547882080078,0.9995524883270264,2022.8787841796875,-0.0033930540084838867,0.9983516931533813,162.35960388183594,0.0006073117256164551,0.9995448589324951,0.021112315356731415,-0.000957489013671875,0.9985733032226562,9.83828353881836,-0.00017952919006347656,0.9995874166488647,16.698850631713867,-0.00014603137969970703,32,479,0.000870048999786377
SLIM*MIX_oms_pat5_fn-full_extended_const-small_ints_latent64,9057152a-801c-11f1-8d02-2c7ba0e6fa90,synthetic_prior,0,97,0.998559296131134,0.09535551071166992,97822.0,0.9981716871261597,31.005216598510742,-0.004010915756225586,0.99925297498703,2022.272705078125,-0.002791881561279297,0.9976698756217957,162.24871826171875,0.001971900463104248,0.9994398951530457,0.02111010067164898,-0.0007473230361938477,0.9985823035240173,9.838373184204102,-0.00019752979278564453,0.9995049834251404,16.697471618652344,1.895427703857422e-05,35,528,0.0008811354637145996
SLIM*MIX_oms_pat5_fn-full_extended_const-small_ints_latent64,9057152a-801c-11f1-8d02-2c7ba0e6fa90,synthetic_prior,0,98,0.9985539317131042,0.10996532440185547,97801.0,0.9989303946495056,31.02878189086914,-0.005537748336791992,0.9991649985313416,2022.0946044921875,-0.002615213394165039,0.9973188042640686,162.19161987304688,0.0026742219924926758,0.9996687173843384,0.021114930510520935,-0.0012055635452270508,0.9985281825065613,9.83784008026123,-8.916854858398438e-05,0.9996572136878967,16.700016021728516,-0.0002856254577636719,36,543,0.0008918046951293945
SLIM*MIX_oms_pat5_fn-full_extended_const-small_ints_latent64,9057152a-801c-11f1-8d02-2c7ba0e6fa90,synthetic_prior,0,99,0.9985539317131042,0.09494805335998535,97700.0,0.9989303946495056,31.02878189086914,-0.005537748336791992,0.9991649985313416,2022.0946044921875,-0.002615213394165039,0.9973188042640686,162.19161987304688,0.0026742219924926758,0.9996687173843384,0.021114930510520935,-0.0012055635452270508,0.9985281825065613,9.83784008026123,-8.916854858398438e-05,0.9996572136878967,16.700016021728516,-0.0002856254577636719,36,543,0.0008918046951293945
SLIM*MIX_oms_pat5_fn-full_extended_const-small_ints_latent64,9057152a-801c-11f1-8d02-2c7ba0e6fa90,synthetic_prior,0,100,0.9985530376434326,0.09374737739562988,98929.0,0.9991604089736938,31.035930633544922,-0.006000876426696777,0.9992274045944214,2022.220947265625,-0.00274050235748291,0.9972251057624817,162.1763916015625,0.0028615593910217285,0.9996721148490906,0.021115005016326904,-0.0012123584747314453,0.9985284805297852,9.83784294128418,-8.96453857421875e-05,0.9997271299362183,16.701183319091797,-0.00042569637298583984,37,555,0.0008935332298278809
SLIM*MIX_oms_pat5_fn-full_extended_const-small_ints_latent64,9057152a-801c-11f1-8d02-2c7ba0e6fa90,synthetic_prior,0,101,0.9985358715057373,0.12136387825012207,100838.0,0.9988282918930054,31.025611877441406,-0.005332231521606445,0.9991515874862671,2022.067626953125,-0.0025883913040161133,0.9970949292182922,162.15521240234375,0.0031219124794006348,0.9996179938316345,0.021113863214850426,-0.0011039972305297852,0.9985324144363403,9.837881088256836,-9.763240814208984e-05,0.9997674822807312,16.701858520507812,-0.000506281852722168,36,541,0.000928044319152832
SLIM*MIX_oms_pat5_fn-full_extended_const-small_ints_latent64,9057152a-801c-11f1-8d02-2c7ba0e6fa90,synthetic_prior,0,102,0.9985358715057373,0.13415980339050293,103049.0,0.9988282918930054,31.025611877441406,-0.005332231521606445,0.9991515874862671,2022.067626953125,-0.0025883913040161133,0.9970949292182922,162.15521240234375,0.0031219124794006348,0.9996179938316345,0.021113863214850426,-0.0011039972305297852,0.9985324144363403,9.837881088256836,-9.763240814208984e-05,0.9997674822807312,16.701858520507812,-0.000506281852722168,36,541,0.000928044319152832
SLIM*MIX_oms_pat5_fn-full_extended_const-small_ints_latent64,9057152a-801c-11f1-8d02-2c7ba0e6fa90,synthetic_prior,0,103,0.9985358715057373,0.22193360328674316,103696.0,0.9988282918930054,31.025611877441406,-0.005332231521606445,0.9991515874862671,2022.067626953125,-0.0025883913040161133,0.9970949292182922,162.15521240234375,0.0031219124794006348,0.9996179938316345,0.021113863214850426,-0.0011039972305297852,0.9985324144363403,9.837881088256836,-9.763240814208984e-05,0.9997674822807312,16.701858520507812,-0.000506281852722168,36,541,0.000928044319152832
SLIM*MIX_oms_pat5_fn-full_extended_const-small_ints_latent64,9057152a-801c-11f1-8d02-2c7ba0e6fa90,synthetic_prior,0,104,0.9985358715057373,0.22820734977722168,104565.0,0.9988282918930054,31.025611877441406,-0.005332231521606445,0.9991515874862671,2022.067626953125,-0.0025883913040161133,0.9970949292182922,162.15521240234375,0.0031219124794006348,0.9996179938316345,0.021113863214850426,-0.0011039972305297852,0.9985324144363403,9.837881088256836,-9.763240814208984e-05,0.9997674822807312,16.701858520507812,-0.000506281852722168,35,524,0.000928044319152832
SLIM*MIX_oms_pat5_fn-full_extended_const-small_ints_latent64,9057152a-801c-11f1-8d02-2c7ba0e6fa90,synthetic_prior,0,105,0.9985309839248657,0.22427105903625488,106621.0,0.9990818500518799,31.03348731994629,-0.005842685699462891,0.9993062019348145,2022.3804931640625,-0.002898693084716797,0.9970269799232483,162.1441650390625,0.00325775146484375,0.9997002482414246,0.02111559920012951,-0.0012687444686889648,0.9985513091087341,9.838068008422852,-0.00013554096221923828,0.9997948408126831,16.702314376831055,-0.0005611181259155273,36,541,0.0009377598762512207
SLIM*MIX_oms_pat5_fn-full_extended_const-small_ints_latent64,9057152a-801c-11f1-8d02-2c7ba0e6fa90,synthetic_prior,0,106,0.998530387878418,0.22091150283813477,107271.0,0.9985461235046387,31.016847610473633,-0.0047643184661865234,0.9990416765213013,2021.8450927734375,-0.002367734909057617,0.9972636103630066,162.18264770507812,0.0027846693992614746,0.9998137950897217,0.02111799642443657,-0.0014961957931518555,0.9985623955726624,9.838176727294922,-0.0001577138900756836,0.9997430443763733,16.70145034790039,-0.00045740604400634766,35,525,0.0009389519691467285
SLIM*MIX_oms_pat5_fn-full_extended_const-small_ints_latent64,9057152a-801c-11f1-8d02-2c7ba0e6fa90,synthetic_prior,0,107,0.998530387878418,0.24145221710205078,108382.0,0.9985461235046387,31.016847610473633,-0.0047643184661865234,0.9990416765213013,2021.8450927734375,-0.002367734909057617,0.9972636103630066,162.18264770507812,0.0027846693992614746,0.9998137950897217,0.02111799642443657,-0.0014961957931518555,0.9985623955726624,9.838176727294922,-0.0001577138900756836,0.9997430443763733,16.70145034790039,-0.00045740604400634766,35,525,0.0009389519691467285
SLIM*MIX_oms_pat5_fn-full_extended_const-small_ints_latent64,9057152a-801c-11f1-8d02-2c7ba0e6fa90,synthetic_prior,0,108,0.998530387878418,0.2019176483154297,108997.0,0.9985461235046387,31.016847610473633,-0.0047643184661865234,0.9990416765213013,2021.8450927734375,-0.002367734909057617,0.9972636103630066,162.18264770507812,0.0027846693992614746,0.9998137950897217,0.02111799642443657,-0.0014961957931518555,0.9985623955726624,9.838176727294922,-0.0001577138900756836,0.9997430443763733,16.70145034790039,-0.00045740604400634766,35,525,0.0009389519691467285
SLIM*MIX_oms_pat5_fn-full_extended_const-small_ints_latent64,9057152a-801c-11f1-8d02-2c7ba0e6fa90,synthetic_prior,0,109,0.998528778553009,0.21852993965148926,108222.0,0.9990993142127991,31.034032821655273,-0.005877971649169922,0.9994388818740845,2022.64892578125,-0.003165006637573242,0.9968841075897217,162.1209259033203,0.0035434365272521973,0.9997221827507019,0.021116061136126518,-0.0013126134872436523,0.9985529184341431,9.83808422088623,-0.0001386404037475586,0.999748945236206,16.701547622680664,-0.0004693269729614258,37,549,0.0009421110153198242
SLIM*MIX_oms_pat5_fn-full_extended_const-small_ints_latent64,9057152a-801c-11f1-8d02-2c7ba0e6fa90,synthetic_prior,0,110,0.9985255599021912,0.2188279628753662,108177.0,0.9991399049758911,31.03529167175293,-0.005959630012512207,0.9995387196540833,2022.8509521484375,-0.0033653974533081055,0.9968696236610413,162.11856079101562,0.0035723447799682617,0.9997580051422119,0.021116817370057106,-0.0013843774795532227,0.998555600643158,9.838109970092773,-0.00014412403106689453,0.9997491836547852,16.701553344726562,-0.0004698038101196289,36,533,0.0009486675262451172
SLIM*MIX_oms_pat5_fn-full_extended_const-small_ints_latent64,9057152a-801c-11f1-8d02-2c7ba0e6fa90,synthetic_prior,0,111,0.9985255599021912,0.20288944244384766,106756.0,0.9991399049758911,31.03529167175293,-0.005959630012512207,0.9995387196540833,2022.8509521484375,-0.0033653974533081055,0.9968696236610413,162.11856079101562,0.0035723447799682617,0.9997580051422119,0.021116817370057106,-0.0013843774795532227,0.998555600643158,9.838109970092773,-0.00014412403106689453,0.9997491836547852,16.701553344726562,-0.0004698038101196289,36,533,0.0009486675262451172
SLIM*MIX_oms_pat5_fn-full_extended_const-small_ints_latent64,9057152a-801c-11f1-8d02-2c7ba0e6fa90,synthetic_prior,0,112,0.9985241889953613,0.20319819450378418,105728.0,0.9998221397399902,31.056482315063477,-0.007333874702453613,0.9998546838760376,2023.490478515625,-0.003999948501586914,0.9969689249992371,162.1347198486328,0.003373861312866211,1.0000165700912476,0.0211222805082798,-0.001902461051940918,0.9985674619674683,9.838226318359375,-0.0001678466796875,0.999864399433136,16.703475952148438,-0.0007003545761108398,36,535,0.0009514093399047852
SLIM*MIX_oms_pat5_fn-full_extended_const-small_ints_latent64,9057152a-801c-11f1-8d02-2c7ba0e6fa90,synthetic_prior,0,113,0.9985206127166748,0.22810673713684082,105434.0,0.9998717308044434,31.058025360107422,-0.007433891296386719,0.9999051690101624,2023.5926513671875,-0.004101276397705078,0.9969378709793091,162.12966918945312,0.0034359097480773926,1.0000784397125244,0.02112358622252941,-0.0020264387130737305,0.9985687732696533,9.838239669799805,-0.0001704692840576172,0.9998829364776611,16.703786849975586,-0.0007375478744506836,37,547,0.000958561897277832
SLIM*MIX_oms_pat5_fn-full_extended_const-small_ints_latent64,9057152a-801c-11f1-8d02-2c7ba0e6fa90,synthetic_prior,0,114,0.9985206127166748,0.20308589935302734,104472.0,0.9998717308044434,31.058025360107422,-0.007433891296386719,0.9999051690101624,2023.5926513671875,-0.004101276397705078,0.9969378709793091,162.12966918945312,0.0034359097480773926,1.0000784397125244,0.02112358622252941,-0.0020264387130737305,0.9985687732696533,9.838239669799805,-0.0001704692840576172,0.9998829364776611,16.703786849975586,-0.0007375478744506836,37,547,0.000958561897277832
SLIM*MIX_oms_pat5_fn-full_extended_const-small_ints_latent64,9057152a-801c-11f1-8d02-2c7ba0e6fa90,synthetic_prior,0,115,0.9985083341598511,0.20372343063354492,104237.0,0.9990934133529663,31.03384780883789,-0.005865931510925293,0.9991235136985779,2022.0106201171875,-0.0025320053100585938,0.9972437024116516,162.17941284179688,0.00282442569732666,0.9999887943267822,0.021121693775057793,-0.001846909523010254,0.9985621571540833,9.838173866271973,-0.00015723705291748047,0.9998500347137451,16.703235626220703,-0.0006715059280395508,36,530,0.0009829998016357422
SLIM*MIX_oms_pat5_fn-full_extended_const-small_ints_latent64,9057152a-801c-11f1-8d02-2c7ba0e6fa90,synthetic_prior,0,116,0.9985083341598511,0.21896886825561523,105234.0,0.9990934133529663,31.03384780883789,-0.005865931510925293,0.9991235136985779,2022.0106201171875,-0.0025320053100585938,0.9972437024116516,162.17941284179688,0.00282442569732666,0.9999887943267822,0.021121693775057793,-0.001846909523010254,0.9985621571540833,9.838173866271973,-0.00015723705291748047,0.9998500347137451,16.703235626220703,-0.0006715059280395508,36,530,0.0009829998016357422
SLIM*MIX_oms_pat5_fn-full_extended_const-small_ints_latent64,9057152a-801c-11f1-8d02-2c7ba0e6fa90,synthetic_prior,0,117,0.9985048174858093,0.2131483554840088,106088.0,0.9988496899604797,31.026277542114258,-0.005375266075134277,0.9995507001876831,2022.8751220703125,-0.0033894777297973633,0.9964686632156372,162.05335998535156,0.004373788833618164,0.9999725222587585,0.021121351048350334,-0.0018142461776733398,0.9985731244087219,9.838282585144043,-0.00017917156219482422,0.9998282194137573,16.702871322631836,-0.0006278753280639648,40,594,0.0009900927543640137
SLIM*MIX_oms_pat5_fn-full_extended_const-small_ints_latent64,9057152a-801c-11f1-8d02-2c7ba0e6fa90,synthetic_prior,0,118,0.9985048174858093,0.2039179801940918,108005.0,0.9988496899604797,31.026277542114258,-0.005375266075134277,0.9995507001876831,2022.8751220703125,-0.0033894777297973633,0.9964686632156372,162.05335998535156,0.004373788833618164,0.9999725222587585,0.021121351048350334,-0.0018142461776733398,0.9985731244087219,9.838282585144043,-0.00017917156219482422,0.9998282194137573,16.702871322631836,-0.0006278753280639648,40,594,0.0009900927543640137
SLIM*MIX_oms_pat5_fn-full_extended_const-small_ints_latent64,9057152a-801c-11f1-8d02-2c7ba0e6fa90,synthetic_prior,0,119,0.9985048174858093,0.21095776557922363,109318.0,0.9988496899604797,31.026277542114258,-0.005375266075134277,0.9995507001876831,2022.8751220703125,-0.0033894777297973633,0.9964686632156372,162.05335998535156,0.004373788833618164,0.9999725222587585,0.021121351048350334,-0.0018142461776733398,0.9985731244087219,9.838282585144043,-0.00017917156219482422,0.9998282194137573,16.702871322631836,-0.0006278753280639648,40,594,0.0009900927543640137
SLIM*MIX_oms_pat5_fn-full_extended_const-small_ints_latent64,9057152a-801c-11f1-8d02-2c7ba0e6fa90,synthetic_prior,0,120,0.9985048174858093,0.21910381317138672,112309.0,0.9988496899604797,31.026277542114258,-0.005375266075134277,0.9995507001876831,2022.8751220703125,-0.0033894777297973633,0.9964686632156372,162.05335998535156,0.004373788833618164,0.9999725222587585,0.021121351048350334,-0.0018142461776733398,0.9985731244087219,9.838282585144043,-0.00017917156219482422,0.9998282194137573,16.702871322631836,-0.0006278753280639648,40,594,0.0009900927543640137
SLIM*MIX_oms_pat5_fn-full_extended_const-small_ints_latent64,9057152a-801c-11f1-8d02-2c7ba0e6fa90,synthetic_prior,0,121,0.9985048174858093,0.2032160758972168,112081.0,0.9988496899604797,31.026277542114258,-0.005375266075134277,0.9995507001876831,2022.8751220703125,-0.0033894777297973633,0.9964686632156372,162.05335998535156,0.004373788833618164,0.9999725222587585,0.021121351048350334,-0.0018142461776733398,0.9985731244087219,9.838282585144043,-0.00017917156219482422,0.9998282194137573,16.702871322631836,-0.0006278753280639648,40,594,0.0009900927543640137
SLIM*MIX_oms_pat5_fn-full_extended_const-small_ints_latent64,9057152a-801c-11f1-8d02-2c7ba0e6fa90,synthetic_prior,0,122,0.9985048174858093,0.25075459480285645,57385.0,0.9988496899604797,31.026277542114258,-0.005375266075134277,0.9995507001876831,2022.8751220703125,-0.0033894777297973633,0.9964686632156372,162.05335998535156,0.004373788833618164,0.9999725222587585,0.021121351048350334,-0.0018142461776733398,0.9985731244087219,9.838282585144043,-0.00017917156219482422,0.9998282194137573,16.702871322631836,-0.0006278753280639648,40,594,0.0009900927543640137
SLIM*MIX_oms_pat5_fn-full_extended_const-small_ints_latent64,9057152a-801c-11f1-8d02-2c7ba0e6fa90,synthetic_prior,0,123,0.9985048174858093,0.2048637866973877,87922.0,0.9988496899604797,31.026277542114258,-0.005375266075134277,0.9995507001876831,2022.8751220703125,-0.0033894777297973633,0.9964686632156372,162.05335998535156,0.004373788833618164,0.9999725222587585,0.021121351048350334,-0.0018142461776733398,0.9985731244087219,9.838282585144043,-0.00017917156219482422,0.9998282194137573,16.702871322631836,-0.0006278753280639648,40,594,0.0009900927543640137
SLIM*MIX_oms_pat5_fn-full_extended_const-small_ints_latent64,9057152a-801c-11f1-8d02-2c7ba0e6fa90,synthetic_prior,0,124,0.9985048174858093,0.2094731330871582,106166.0,0.9988496899604797,31.026277542114258,-0.005375266075134277,0.9995507001876831,2022.8751220703125,-0.0033894777297973633,0.9964686632156372,162.05335998535156,0.004373788833618164,0.9999725222587585,0.021121351048350334,-0.0018142461776733398,0.9985731244087219,9.838282585144043,-0.00017917156219482422,0.9998282194137573,16.702871322631836,-0.0006278753280639648,40,594,0.0009900927543640137
SLIM*MIX_oms_pat5_fn-full_extended_const-small_ints_latent64,9057152a-801c-11f1-8d02-2c7ba0e6fa90,synthetic_prior,0,125,0.9985031485557556,0.19646692276000977,113244.0,0.9980272054672241,31.000728607177734,-0.0037202835083007812,1.000847339630127,2025.4993896484375,-0.005994439125061035,0.996527910232544,162.06298828125,0.004255414009094238,0.9988933801651001,0.021098557859659195,0.00034683942794799805,0.9985997676849365,9.838544845581055,-0.00023257732391357422,0.9995254874229431,16.69781494140625,-2.205371856689453e-05,42,623,0.000993490219116211
SLIM*MIX_oms_pat5_fn-full_extended_const-small_ints_latent64,9057152a-801c-11f1-8d02-2c7ba0e6fa90,synthetic_prior,0,126,0.9984944462776184,0.1874830722808838,114471.0,0.9977290034294128,30.991464614868164,-0.0031205415725708008,1.0007935762405396,2025.3905029296875,-0.005886435508728027,0.996414840221405,162.0446014404297,0.004481375217437744,0.9989330768585205,0.0210993941873312,0.00026738643646240234,0.9986108541488647,9.838653564453125,-0.00025475025177001953,0.9995585680007935,16.698368072509766,-8.821487426757812e-05,43,634,0.0010108351707458496
SLIM*MIX_oms_pat5_fn-full_extended_const-small_ints_latent64,9057152a-801c-11f1-8d02-2c7ba0e6fa90,synthetic_prior,0,127,0.9984944462776184,0.2295832633972168,116861.0,0.9977290034294128,30.991464614868164,-0.0031205415725708008,1.0007935762405396,2025.3905029296875,-0.005886435508728027,0.996414840221405,162.0446014404297,0.004481375217437744,0.9989330768585205,0.0210993941873312,0.00026738643646240234,0.9986108541488647,9.838653564453125,-0.00025475025177001953,0.9995585680007935,16.698368072509766,-8.821487426757812e-05,43,634,0.0010108351707458496
SLIM*MIX_oms_pat5_fn-full_extended_const-small_ints_latent64,9057152a-801c-11f1-8d02-2c7ba0e6fa90,synthetic_prior,0,128,0.9984731674194336,0.22800946235656738,116239.0,0.997604250907898,30.987590789794922,-0.002869725227355957,1.0004141330718994,2024.62255859375,-0.005123734474182129,0.9969338774681091,162.12901306152344,0.0034439563751220703,0.9989789724349976,0.0211003627628088,0.00017559528350830078,0.9985535144805908,9.838088989257812,-0.0001398324966430664,0.9998021125793457,16.702436447143555,-0.0005756616592407227,45,675,0.0010533332824707031
SLIM*MIX_oms_pat5_fn-full_extended_const-small_ints_latent64,9057152a-801c-11f1-8d02-2c7ba0e6fa90,synthetic_prior,0,129,0.9984731674194336,0.2097463607788086,116070.0,0.997604250907898,30.987590789794922,-0.002869725227355957,1.0004141330718994,2024.62255859375,-0.005123734474182129,0.9969338774681091,162.12901306152344,0.0034439563751220703,0.9989789724349976,0.0211003627628088,0.00017559528350830078,0.9985535144805908,9.838088989257812,-0.0001398324966430664,0.9998021125793457,16.702436447143555,-0.0005756616592407227,45,675,0.0010533332824707031
SLIM*MIX_oms_pat5_fn-full_extended_const-small_ints_latent64,9057152a-801c-11f1-8d02-2c7ba0e6fa90,synthetic_prior,0,130,0.9984731674194336,0.18743658065795898,117652.0,0.997604250907898,30.987590789794922,-0.002869725227355957,1.0004141330718994,2024.62255859375,-0.005123734474182129,0.9969338774681091,162.12901306152344,0.0034439563751220703,0.9989789724349976,0.0211003627628088,0.00017559528350830078,0.9985535144805908,9.838088989257812,-0.0001398324966430664,0.9998021125793457,16.702436447143555,-0.0005756616592407227,45,675,0.0010533332824707031
SLIM*MIX_oms_pat5_fn-full_extended_const-small_ints_latent64,9057152a-801c-11f1-8d02-2c7ba0e6fa90,synthetic_prior,0,131,0.9984731674194336,0.20426559448242188,118692.0,0.997604250907898,30.987590789794922,-0.002869725227355957,1.0004141330718994,2024.62255859375,-0.005123734474182129,0.9969338774681091,162.12901306152344,0.0034439563751220703,0.9989789724349976,0.0211003627628088,0.00017559528350830078,0.9985535144805908,9.838088989257812,-0.0001398324966430664,0.9998021125793457,16.702436447143555,-0.0005756616592407227,45,675,0.0010533332824707031
SLIM*MIX_oms_pat5_fn-full_extended_const-small_ints_latent64,9057152a-801c-11f1-8d02-2c7ba0e6fa90,synthetic_prior,0,132,0.9984731674194336,0.1980125904083252,120809.0,0.997604250907898,30.987590789794922,-0.002869725227355957,1.0004141330718994,2024.62255859375,-0.005123734474182129,0.9969338774681091,162.12901306152344,0.0034439563751220703,0.9989789724349976,0.0211003627628088,0.00017559528350830078,0.9985535144805908,9.838088989257812,-0.0001398324966430664,0.9998021125793457,16.702436447143555,-0.0005756616592407227,45,675,0.0010533332824707031
SLIM*MIX_oms_pat5_fn-full_extended_const-small_ints_latent64,9057152a-801c-11f1-8d02-2c7ba0e6fa90,synthetic_prior,0,133,0.9984731674194336,0.25098156929016113,62724.0,0.997604250907898,30.987590789794922,-0.002869725227355957,1.0004141330718994,2024.62255859375,-0.005123734474182129,0.9969338774681091,162.12901306152344,0.0034439563751220703,0.9989789724349976,0.0211003627628088,0.00017559528350830078,0.9985535144805908,9.838088989257812,-0.0001398324966430664,0.9998021125793457,16.702436447143555,-0.0005756616592407227,45,675,0.0010533332824707031
SLIM*MIX_oms_pat5_fn-full_extended_const-small_ints_latent64,9057152a-801c-11f1-8d02-2c7ba0e6fa90,synthetic_prior,0,134,0.9984706044197083,0.20339107513427734,92072.0,0.9969072937965393,30.965940475463867,-0.0014688968658447266,0.998674213886261,2021.1014404296875,-0.001630544662475586,0.9974722266197205,162.21656799316406,0.002367377281188965,0.9989205598831177,0.021099131554365158,0.0002924203872680664,0.998554527759552,9.838099479675293,-0.00014197826385498047,0.9997304677963257,16.70123863220215,-0.0004322528839111328,47,706,0.0010585784912109375
SLIM*MIX_oms_pat5_fn-full_extended_const-small_ints_latent64,9057152a-801c-11f1-8d02-2c7ba0e6fa90,synthetic_prior,0,135,0.9984706044197083,0.21291780471801758,119233.0,0.9969072937965393,30.965940475463867,-0.0014688968658447266,0.998674213886261,2021.1014404296875,-0.001630544662475586,0.9974722266197205,162.21656799316406,0.002367377281188965,0.9989205598831177,0.021099131554365158,0.0002924203872680664,0.998554527759552,9.838099479675293,-0.00014197826385498047,0.9997304677963257,16.70123863220215,-0.0004322528839111328,47,706,0.0010585784912109375
SLIM*MIX_oms_pat5_fn-full_extended_const-small_ints_latent64,9057152a-801c-11f1-8d02-2c7ba0e6fa90,synthetic_prior,0,136,0.9984622597694397,0.2249894142150879,129575.0,0.9970963597297668,30.97181510925293,-0.0018489360809326172,0.9988031983375549,2021.3623046875,-0.0018892288208007812,0.9974663853645325,162.2156219482422,0.0023790597915649414,0.998927652835846,0.021099280565977097,0.00027823448181152344,0.9985560774803162,9.838114738464355,-0.00014495849609375,0.9997355341911316,16.701324462890625,-0.0004425048828125,48,722,0.0010752677917480469
SLIM*MIX_oms_pat5_fn-full_extended_const-small_ints_latent64,9057152a-801c-11f1-8d02-2c7ba0e6fa90,synthetic_prior,0,137,0.9984501600265503,0.22989296913146973,130785.0,0.9968976974487305,30.96564483642578,-0.0014497041702270508,0.9989091753959656,2021.576904296875,-0.002101898193359375,0.9976724982261658,162.24913024902344,0.0019667744636535645,0.998982846736908,0.021100446581840515,0.0001678466796875,0.9985526204109192,9.838080406188965,-0.00013816356658935547,0.9997362494468689,16.701337814331055,-0.0004439353942871094,47,702,0.0010994672775268555
SLIM*MIX_oms_pat5_fn-full_extended_const-small_ints_latent64,9057152a-801c-11f1-8d02-2c7ba0e6fa90,synthetic_prior,0,138,0.9984347820281982,0.22046208381652832,133680.0,0.9968156814575195,30.963096618652344,-0.001284956932067871,0.9991334676742554,2022.03076171875,-0.0025519132614135742,0.9976155757904053,162.23988342285156,0.0020806193351745605,0.9989294409751892,0.02109931968152523,0.0002745985984802246,0.9985522031784058,9.8380765914917,-0.0001373291015625,0.9997408986091614,16.701412200927734,-0.00045311450958251953,46,687,0.0011302828788757324
SLIM*MIX_oms_pat5_fn-full_extended_const-small_ints_latent64,9057152a-801c-11f1-8d02-2c7ba0e6fa90,synthetic_prior,0,139,0.9984347820281982,0.21213746070861816,135234.0,0.9968156814575195,30.963096618652344,-0.001284956932067871,0.9991334676742554,2022.03076171875,-0.0025519132614135742,0.9976155757904053,162.23988342285156,0.0020806193351745605,0.9989294409751892,0.02109931968152523,0.0002745985984802246,0.9985522031784058,9.8380765914917,-0.0001373291015625,0.9997408986091614,16.701412200927734,-0.00045311450958251953,46,687,0.0011302828788757324
SLIM*MIX_oms_pat5_fn-full_extended_const-small_ints_latent64,9057152a-801c-11f1-8d02-2c7ba0e6fa90,synthetic_prior,0,140,0.9984347820281982,0.24311447143554688,136427.0,0.9968156814575195,30.963096618652344,-0.001284956932067871,0.9991334676742554,2022.03076171875,-0.0025519132614135742,0.9976155757904053,162.23988342285156,0.0020806193351745605,0.9989294409751892,0.02109931968152523,0.0002745985984802246,0.9985522031784058,9.8380765914917,-0.0001373291015625,0.9997408986091614,16.701412200927734,-0.00045311450958251953,46,687,0.0011302828788757324
SLIM*MIX_oms_pat5_fn-full_extended_const-small_ints_latent64,9057152a-801c-11f1-8d02-2c7ba0e6fa90,synthetic_prior,0,141,0.9984347820281982,0.24399065971374512,138021.0,0.9968156814575195,30.963096618652344,-0.001284956932067871,0.9991334676742554,2022.03076171875,-0.0025519132614135742,0.9976155757904053,162.23988342285156,0.0020806193351745605,0.9989294409751892,0.02109931968152523,0.0002745985984802246,0.9985522031784058,9.8380765914917,-0.0001373291015625,0.9997408986091614,16.701412200927734,-0.00045311450958251953,46,687,0.0011302828788757324
SLIM*MIX_oms_pat5_fn-full_extended_const-small_ints_latent64,9057152a-801c-11f1-8d02-2c7ba0e6fa90,synthetic_prior,0,142,0.9984309077262878,0.25008487701416016,139046.0,0.996849536895752,30.964149475097656,-0.0013529062271118164,0.9992184638977051,2022.202880859375,-0.002722501754760742,0.9975714683532715,162.2327117919922,0.0021688342094421387,0.9989390969276428,0.021099520847201347,0.00025534629821777344,0.998555600643158,9.838109970092773,-0.00014412403106689453,0.9997527599334717,16.701610565185547,-0.000476837158203125,45,673,0.0011380314826965332
SLIM*MIX_oms_pat5_fn-full_extended_const-small_ints_latent64,9057152a-801c-11f1-8d02-2c7ba0e6fa90,synthetic_prior,0,143,0.9984309077262878,0.20555353164672852,141584.0,0.996849536895752,30.964149475097656,-0.0013529062271118164,0.9992184638977051,2022.202880859375,-0.002722501754760742,0.9975714683532715,162.2327117919922,0.0021688342094421387,0.9989390969276428,0.021099520847201347,0.00025534629821777344,0.998555600643158,9.838109970092773,-0.00014412403106689453,0.9997527599334717,16.701610565185547,-0.000476837158203125,45,673,0.0011380314826965332
SLIM*MIX_oms_pat5_fn-full_extended_const-small_ints_latent64,9057152a-801c-11f1-8d02-2c7ba0e6fa90,synthetic_prior,0,144,0.9984309077262878,0.2226850986480713,141843.0,0.996849536895752,30.964149475097656,-0.0013529062271118164,0.9992184638977051,2022.202880859375,-0.002722501754760742,0.9975714683532715,162.2327117919922,0.0021688342094421387,0.9989390969276428,0.021099520847201347,0.00025534629821777344,0.998555600643158,9.838109970092773,-0.00014412403106689453,0.9997527599334717,16.701610565185547,-0.000476837158203125,45,673,0.0011380314826965332
SLIM*MIX_oms_pat5_fn-full_extended_const-small_ints_latent64,9057152a-801c-11f1-8d02-2c7ba0e6fa90,synthetic_prior,0,145,0.9984309077262878,0.3156402111053467,141737.0,0.996849536895752,30.964149475097656,-0.0013529062271118164,0.9992184638977051,2022.202880859375,-0.002722501754760742,0.9975714683532715,162.2327117919922,0.0021688342094421387,0.9989390969276428,0.021099520847201347,0.00025534629821777344,0.998555600643158,9.838109970092773,-0.00014412403106689453,0.9997527599334717,16.701610565185547,-0.000476837158203125,45,673,0.0011380314826965332
SLIM*MIX_oms_pat5_fn-full_extended_const-small_ints_latent64,9057152a-801c-11f1-8d02-2c7ba0e6fa90,synthetic_prior,0,146,0.9984226822853088,0.3637261390686035,138589.0,0.996904730796814,30.96586036682129,-0.001463770866394043,0.9989297389984131,2021.61865234375,-0.002143263816833496,0.9979419708251953,162.29296875,0.00142747163772583,0.9987893104553223,0.021096358075737953,0.0005551576614379883,0.9985576868057251,9.838129997253418,-0.0001481771469116211,0.9997614026069641,16.701757431030273,-0.0004942417144775391,43,642,0.0011544227600097656
SLIM*MIX_oms_pat5_fn-full_extended_const-small_ints_latent64,9057152a-801c-11f1-8d02-2c7ba0e6fa90,synthetic_prior,0,147,0.9984226822853088,0.3002173900604248,137403.0,0.996904730796814,30.96586036682129,-0.001463770866394043,0.9989297389984131,2021.61865234375,-0.002143263816833496,0.9979419708251953,162.29296875,0.00142747163772583,0.9987893104553223,0.021096358075737953,0.0005551576614379883,0.9985576868057251,9.838129997253418,-0.0001481771469116211,0.9997614026069641,16.701757431030273,-0.0004942417144775391,43,642,0.0011544227600097656
SLIM*MIX_oms_pat5_fn-full_extended_const-small_ints_latent64,9057152a-801c-11f1-8d02-2c7ba0e6fa90,synthetic_prior,0,148,0.9984226822853088,0.33278822898864746,137671.0,0.996904730796814,30.96586036682129,-0.001463770866394043,0.9989297389984131,2021.61865234375,-0.002143263816833496,0.9979419708251953,162.29296875,0.00142747163772583,0.9987893104553223,0.021096358075737953,0.0005551576614379883,0.9985576868057251,9.838129997253418,-0.0001481771469116211,0.9997614026069641,16.701757431030273,-0.0004942417144775391,43,642,0.0011544227600097656
SLIM*MIX_oms_pat5_fn-full_extended_const-small_ints_latent64,9057152a-801c-11f1-8d02-2c7ba0e6fa90,synthetic_prior,0,149,0.9984226822853088,0.28936147689819336,136917.0,0.996904730796814,30.96586036682129,-0.001463770866394043,0.9989297389984131,2021.61865234375,-0.002143263816833496,0.9979419708251953,162.29296875,0.00142747163772583,0.9987893104553223,0.021096358075737953,0.0005551576614379883,0.9985576868057251,9.838129997253418,-0.0001481771469116211,0.9997614026069641,16.701757431030273,-0.0004942417144775391,43,642,0.0011544227600097656
SLIM*MIX_oms_pat5_fn-full_extended_const-small_ints_latent64,9057152a-801c-11f1-8d02-2c7ba0e6fa90,synthetic_prior,0,150,0.9984226822853088,0.20620942115783691,135956.0,0.996904730796814,30.96586036682129,-0.001463770866394043,0.9989297389984131,2021.61865234375,-0.002143263816833496,0.9979419708251953,162.29296875,0.00142747163772583,0.9987893104553223,0.021096358075737953,0.0005551576614379883,0.9985576868057251,9.838129997253418,-0.0001481771469116211,0.9997614026069641,16.701757431030273,-0.0004942417144775391,43,642,0.0011544227600097656
SLIM*MIX_oms_pat5_fn-full_extended_const-small_ints_latent64,9057152a-801c-11f1-8d02-2c7ba0e6fa90,synthetic_prior,0,151,0.9984226822853088,0.2736685276031494,67741.0,0.996904730796814,30.96586036682129,-0.001463770866394043,0.9989297389984131,2021.61865234375,-0.002143263816833496,0.9979419708251953,162.29296875,0.00142747163772583,0.9987893104553223,0.021096358075737953,0.0005551576614379883,0.9985576868057251,9.838129997253418,-0.0001481771469116211,0.9997614026069641,16.701757431030273,-0.0004942417144775391,43,642,0.0011544227600097656
SLIM*MIX_oms_pat5_fn-full_extended_const-small_ints_latent64,9057152a-801c-11f1-8d02-2c7ba0e6fa90,synthetic_prior,0,152,0.9984224438667297,0.21880245208740234,103724.0,0.9968770742416382,30.965003967285156,-0.001408219337463379,0.9988451600074768,2021.447265625,-0.0019735097885131836,0.9979643225669861,162.29660034179688,0.0013827681541442871,0.9987627267837524,0.021095795556902885,0.0006083846092224121,0.9985588192939758,9.838141441345215,-0.00015044212341308594,0.9997757077217102,16.701995849609375,-0.0005228519439697266,44,654,0.0011549592018127441
SLIM*MIX_oms_pat5_fn-full_extended_const-small_ints_latent64,9057152a-801c-11f1-8d02-2c7ba0e6fa90,synthetic_prior,0,153,0.9984224438667297,0.2376995086669922,131610.0,0.9968770742416382,30.965003967285156,-0.001408219337463379,0.9988451600074768,2021.447265625,-0.0019735097885131836,0.9979643225669861,162.29660034179688,0.0013827681541442871,0.9987627267837524,0.021095795556902885,0.0006083846092224121,0.9985588192939758,9.838141441345215,-0.00015044212341308594,0.9997757077217102,16.701995849609375,-0.0005228519439697266,44,654,0.0011549592018127441
SLIM*MIX_oms_pat5_fn-full_extended_const-small_ints_latent64,9057152a-801c-11f1-8d02-2c7ba0e6fa90,synthetic_prior,0,154,0.9984224438667297,0.23674297332763672,135200.0,0.9968770742416382,30.965003967285156,-0.001408219337463379,0.9988451600074768,2021.447265625,-0.0019735097885131836,0.9979643225669861,162.29660034179688,0.0013827681541442871,0.9987627267837524,0.021095795556902885,0.0006083846092224121,0.9985588192939758,9.838141441345215,-0.00015044212341308594,0.9997757077217102,16.701995849609375,-0.0005228519439697266,44,654,0.0011549592018127441
SLIM*MIX_oms_pat5_fn-full_extended_const-small_ints_latent64,9057152a-801c-11f1-8d02-2c7ba0e6fa90,synthetic_prior,0,155,0.9984224438667297,0.22470593452453613,134994.0,0.9968770742416382,30.965003967285156,-0.001408219337463379,0.9988451600074768,2021.447265625,-0.0019735097885131836,0.9979643225669861,162.29660034179688,0.0013827681541442871,0.9987627267837524,0.021095795556902885,0.0006083846092224121,0.9985588192939758,9.838141441345215,-0.00015044212341308594,0.9997757077217102,16.701995849609375,-0.0005228519439697266,44,654,0.0011549592018127441
SLIM*MIX_oms_pat5_fn-full_extended_const-small_ints_latent64,9057152a-801c-11f1-8d02-2c7ba0e6fa90,synthetic_prior,0,156,0.9984213709831238,0.20535540580749512,135325.0,0.9970555901527405,30.97054672241211,-0.0017669200897216797,0.999210000038147,2022.1856689453125,-0.0027055740356445312,0.9977415204048157,162.26036071777344,0.001828610897064209,0.9988404512405396,0.021097438409924507,0.0004528164863586426,0.9985737800598145,9.838289260864258,-0.0001804828643798828,0.9997885227203369,16.702207565307617,-0.0005484819412231445,43,642,0.0011570453643798828
SLIM*MIX_oms_pat5_fn-full_extended_const-small_ints_latent64,9057152a-801c-11f1-8d02-2c7ba0e6fa90,synthetic_prior,0,157,0.9984213709831238,0.28415727615356445,135009.0,0.9970555901527405,30.97054672241211,-0.0017669200897216797,0.999210000038147,2022.1856689453125,-0.0027055740356445312,0.9977415204048157,162.26036071777344,0.001828610897064209,0.9988404512405396,0.021097438409924507,0.0004528164863586426,0.9985737800598145,9.838289260864258,-0.0001804828643798828,0.9997885227203369,16.702207565307617,-0.0005484819412231445,43,642,0.0011570453643798828
SLIM*MIX_oms_pat5_fn-full_extended_const-small_ints_latent64,9057152a-801c-11f1-8d02-2c7ba0e6fa90,synthetic_prior,0,158,0.9984213709831238,0.22855305671691895,133386.0,0.9970555901527405,30.97054672241211,-0.0017669200897216797,0.999210000038147,2022.1856689453125,-0.0027055740356445312,0.9977415204048157,162.26036071777344,0.001828610897064209,0.9988404512405396,0.021097438409924507,0.0004528164863586426,0.9985737800598145,9.838289260864258,-0.0001804828643798828,0.9997885227203369,16.702207565307617,-0.0005484819412231445,43,642,0.0011570453643798828
SLIM*MIX_oms_pat5_fn-full_extended_const-small_ints_latent64,9057152a-801c-11f1-8d02-2c7ba0e6fa90,synthetic_prior,0,159,0.9984213709831238,0.2446739673614502,132889.0,0.9970555901527405,30.97054672241211,-0.0017669200897216797,0.999210000038147,2022.1856689453125,-0.0027055740356445312,0.9977415204048157,162.26036071777344,0.001828610897064209,0.9988404512405396,0.021097438409924507,0.0004528164863586426,0.9985737800598145,9.838289260864258,-0.0001804828643798828,0.9997885227203369,16.702207565307617,-0.0005484819412231445,43,642,0.0011570453643798828
SLIM*MIX_oms_pat5_fn-full_extended_const-small_ints_latent64,9057152a-801c-11f1-8d02-2c7ba0e6fa90,synthetic_prior,0,160,0.9984213709831238,0.2319478988647461,130447.0,0.9970555901527405,30.97054672241211,-0.0017669200897216797,0.999210000038147,2022.1856689453125,-0.0027055740356445312,0.9977415204048157,162.26036071777344,0.001828610897064209,0.9988404512405396,0.021097438409924507,0.0004528164863586426,0.9985737800598145,9.838289260864258,-0.0001804828643798828,0.9997885227203369,16.702207565307617,-0.0005484819412231445,43,642,0.0011570453643798828
SLIM*MIX_oms_pat5_fn-full_extended_const-small_ints_latent64,9057152a-801c-11f1-8d02-2c7ba0e6fa90,synthetic_prior,0,161,0.9984213709831238,0.2702789306640625,64952.0,0.9970555901527405,30.97054672241211,-0.0017669200897216797,0.999210000038147,2022.1856689453125,-0.0027055740356445312,0.9977415204048157,162.26036071777344,0.001828610897064209,0.9988404512405396,0.021097438409924507,0.0004528164863586426,0.9985737800598145,9.838289260864258,-0.0001804828643798828,0.9997885227203369,16.702207565307617,-0.0005484819412231445,43,642,0.0011570453643798828
SLIM*MIX_oms_pat5_fn-full_extended_const-small_ints_latent64,9057152a-801c-11f1-8d02-2c7ba0e6fa90,synthetic_prior,0,162,0.9984213709831238,0.20729899406433105,101802.0,0.9970555901527405,30.97054672241211,-0.0017669200897216797,0.999210000038147,2022.1856689453125,-0.0027055740356445312,0.9977415204048157,162.26036071777344,0.001828610897064209,0.9988404512405396,0.021097438409924507,0.0004528164863586426,0.9985737800598145,9.838289260864258,-0.0001804828643798828,0.9997885227203369,16.702207565307617,-0.0005484819412231445,43,642,0.0011570453643798828
SLIM*MIX_oms_pat5_fn-full_extended_const-small_ints_latent64,9057152a-801c-11f1-8d02-2c7ba0e6fa90,synthetic_prior,0,163,0.9984213709831238,0.2219228744506836,123714.0,0.9970555901527405,30.97054672241211,-0.0017669200897216797,0.999210000038147,2022.1856689453125,-0.0027055740356445312,0.9977415204048157,162.26036071777344,0.001828610897064209,0.9988404512405396,0.021097438409924507,0.0004528164863586426,0.9985737800598145,9.838289260864258,-0.0001804828643798828,0.9997885227203369,16.702207565307617,-0.0005484819412231445,43,642,0.0011570453643798828
SLIM*MIX_oms_pat5_fn-full_extended_const-small_ints_latent64,9057152a-801c-11f1-8d02-2c7ba0e6fa90,synthetic_prior,0,164,0.9984213709831238,0.2214193344116211,131914.0,0.9970555901527405,30.97054672241211,-0.0017669200897216797,0.999210000038147,2022.1856689453125,-0.0027055740356445312,0.9977415204048157,162.26036071777344,0.001828610897064209,0.9988404512405396,0.021097438409924507,0.0004528164863586426,0.9985737800598145,9.838289260864258,-0.0001804828643798828,0.9997885227203369,16.702207565307617,-0.0005484819412231445,43,642,0.0011570453643798828
SLIM*MIX_oms_pat5_fn-full_extended_const-small_ints_latent64,9057152a-801c-11f1-8d02-2c7ba0e6fa90,synthetic_prior,0,165,0.9984196424484253,0.2209939956665039,131533.0,0.9971826076507568,30.9744930267334,-0.0020221471786499023,0.9990752339363098,2021.9129638671875,-0.0024350881576538086,0.9978320002555847,162.2750701904297,0.0016475319862365723,0.9988129734992981,0.021096857264637947,0.0005077719688415527,0.9985562562942505,9.838116645812988,-0.00014531612396240234,0.9998012185096741,16.702421188354492,-0.0005738735198974609,44,657,0.0011605024337768555
SLIM*MIX_oms_pat5_fn-full_extended_const-small_ints_latent64,9057152a-801c-11f1-8d02-2c7ba0e6fa90,synthetic_prior,0,166,0.9984196424484253,0.19991731643676758,130321.0,0.9971826076507568,30.9744930267334,-0.0020221471786499023,0.9990752339363098,2021.9129638671875,-0.0024350881576538086,0.9978320002555847,162.2750701904297,0.0016475319862365723,0.9988129734992981,0.021096857264637947,0.0005077719688415527,0.9985562562942505,9.838116645812988,-0.00014531612396240234,0.9998012185096741,16.702421188354492,-0.0005738735198974609,44,657,0.0011605024337768555
SLIM*MIX_oms_pat5_fn-full_extended_const-small_ints_latent64,9057152a-801c-11f1-8d02-2c7ba0e6fa90,synthetic_prior,0,167,0.9984192848205566,0.22209405899047852,130744.0,0.9970976114273071,30.971853256225586,-0.0018513202667236328,0.9992371797561646,2022.2406005859375,-0.002760171890258789,0.9977717995643616,162.26528930664062,0.0017680525779724121,0.9988067150115967,0.02109672501683235,0.0005203485488891602,0.9985703825950623,9.838255882263184,-0.00017368793487548828,0.9998037815093994,16.702465057373047,-0.0005789995193481445,43,648,0.0011612772941589355
SLIM*MIX_oms_pat5_fn-full_extended_const-small_ints_latent64,9057152a-801c-11f1-8d02-2c7ba0e6fa90,synthetic_prior,0,168,0.9984190464019775,0.20612764358520508,130691.0,0.9970104098320007,30.969144821166992,-0.0016760826110839844,0.9987334609031677,2021.2213134765625,-0.0017493963241577148,0.9981112480163574,162.32049560546875,0.0010887384414672852,0.9988776445388794,0.021098224446177483,0.0003783106803894043,0.9985502362251282,9.838057518005371,-0.00013327598571777344,0.9999769926071167,16.70535659790039,-0.0009257793426513672,47,701,0.0011616945266723633
SLIM*MIX_oms_pat5_fn-full_extended_const-small_ints_latent64,9057152a-801c-11f1-8d02-2c7ba0e6fa90,synthetic_prior,0,169,0.9984190464019775,0.2604649066925049,131404.0,0.9970104098320007,30.969144821166992,-0.0016760826110839844,0.9987334609031677,2021.2213134765625,-0.0017493963241577148,0.9981112480163574,162.32049560546875,0.0010887384414672852,0.9988776445388794,0.021098224446177483,0.0003783106803894043,0.9985502362251282,9.838057518005371,-0.00013327598571777344,0.9999769926071167,16.70535659790039,-0.0009257793426513672,47,701,0.0011616945266723633
SLIM*MIX_oms_pat5_fn-full_extended_const-small_ints_latent64,9057152a-801c-11f1-8d02-2c7ba0e6fa90,synthetic_prior,0,170,0.9984157085418701,0.23826241493225098,132284.0,0.9969975352287292,30.968746185302734,-0.0016503334045410156,0.9987199306488037,2021.19384765625,-0.0017222166061401367,0.9980959892272949,162.31800842285156,0.0011191964149475098,0.9988587498664856,0.021097823977470398,0.00041615962982177734,0.9985519647598267,9.838074684143066,-0.00013685226440429688,0.9999825358390808,16.7054500579834,-0.0009368658065795898,46,686,0.001168370246887207
SLIM*MIX_oms_pat5_fn-full_extended_const-small_ints_latent64,9057152a-801c-11f1-8d02-2c7ba0e6fa90,synthetic_prior,0,171,0.9984045624732971,0.2816593647003174,133493.0,0.9973133206367493,30.97855567932129,-0.002285003662109375,0.9988285303115845,2021.4136962890625,-0.0019401311874389648,0.998145341873169,162.3260498046875,0.0010204911231994629,0.9988991618156433,0.021098678931593895,0.00033527612686157227,0.9985564947128296,9.838118553161621,-0.00014579296112060547,0.9999940991401672,16.705642700195312,-0.0009599924087524414,48,717,0.001190781593322754
SLIM*MIX_oms_pat5_fn-full_extended_const-small_ints_latent64,9057152a-801c-11f1-8d02-2c7ba0e6fa90,synthetic_prior,0,172,0.9984045624732971,0.3182373046875,134419.0,0.9973133206367493,30.97855567932129,-0.002285003662109375,0.9988285303115845,2021.4136962890625,-0.0019401311874389648,0.998145341873169,162.3260498046875,0.0010204911231994629,0.9988991618156433,0.021098678931593895,0.00033527612686157227,0.9985564947128296,9.838118553161621,-0.00014579296112060547,0.9999940991401672,16.705642700195312,-0.0009599924087524414,48,717,0.001190781593322754
SLIM*MIX_oms_pat5_fn-full_extended_const-small_ints_latent64,9057152a-801c-11f1-8d02-2c7ba0e6fa90,synthetic_prior,0,173,0.9984045624732971,0.3189370632171631,135990.0,0.9973133206367493,30.97855567932129,-0.002285003662109375,0.9988285303115845,2021.4136962890625,-0.0019401311874389648,0.998145341873169,162.3260498046875,0.0010204911231994629,0.9988991618156433,0.021098678931593895,0.00033527612686157227,0.9985564947128296,9.838118553161621,-0.00014579296112060547,0.9999940991401672,16.705642700195312,-0.0009599924087524414,48,717,0.001190781593322754
SLIM*MIX_oms_pat5_fn-full_extended_const-small_ints_latent64,9057152a-801c-11f1-8d02-2c7ba0e6fa90,synthetic_prior,0,174,0.9984045624732971,0.2714815139770508,136928.0,0.9973133206367493,30.97855567932129,-0.002285003662109375,0.9988285303115845,2021.4136962890625,-0.0019401311874389648,0.998145341873169,162.3260498046875,0.0010204911231994629,0.9988991618156433,0.021098678931593895,0.00033527612686157227,0.9985564947128296,9.838118553161621,-0.00014579296112060547,0.9999940991401672,16.705642700195312,-0.0009599924087524414,48,717,0.001190781593322754
SLIM*MIX_oms_pat5_fn-full_extended_const-small_ints_latent64,9057152a-801c-11f1-8d02-2c7ba0e6fa90,synthetic_prior,0,175,0.9984045624732971,0.2174844741821289,138281.0,0.9973133206367493,30.97855567932129,-0.002285003662109375,0.9988285303115845,2021.4136962890625,-0.0019401311874389648,0.998145341873169,162.3260498046875,0.0010204911231994629,0.9988991618156433,0.021098678931593895,0.00033527612686157227,0.9985564947128296,9.838118553161621,-0.00014579296112060547,0.9999940991401672,16.705642700195312,-0.0009599924087524414,48,717,0.001190781593322754
SLIM*MIX_oms_pat5_fn-full_extended_const-small_ints_latent64,9057152a-801c-11f1-8d02-2c7ba0e6fa90,synthetic_prior,0,176,0.9983983635902405,0.22602009773254395,138663.0,0.9974392056465149,30.982465744018555,-0.002537965774536133,0.9994252324104309,2022.6212158203125,-0.0031375885009765625,0.9980128407478333,162.30447387695312,0.0012856721878051758,0.9989525675773621,0.02109980769455433,0.00022840499877929688,0.998554527759552,9.838099479675293,-0.00014197826385498047,0.9999648928642273,16.705156326293945,-0.0009015798568725586,47,702,0.0012030601501464844
SLIM*MIX_oms_pat5_fn-full_extended_const-small_ints_latent64,9057152a-801c-11f1-8d02-2c7ba0e6fa90,synthetic_prior,0,177,0.9983983635902405,0.22280621528625488,139020.0,0.9974392056465149,30.982465744018555,-0.002537965774536133,0.9994252324104309,2022.6212158203125,-0.0031375885009765625,0.9980128407478333,162.30447387695312,0.0012856721878051758,0.9989525675773621,0.02109980769455433,0.00022840499877929688,0.998554527759552,9.838099479675293,-0.00014197826385498047,0.9999648928642273,16.705156326293945,-0.0009015798568725586,47,702,0.0012030601501464844
SLIM*MIX_oms_pat5_fn-full_extended_const-small_ints_latent64,9057152a-801c-11f1-8d02-2c7ba0e6fa90,synthetic_prior,0,178,0.9983983635902405,0.22209906578063965,138325.0,0.9974392056465149,30.982465744018555,-0.002537965774536133,0.9994252324104309,2022.6212158203125,-0.0031375885009765625,0.9980128407478333,162.30447387695312,0.0012856721878051758,0.9989525675773621,0.02109980769455433,0.00022840499877929688,0.998554527759552,9.838099479675293,-0.00014197826385498047,0.9999648928642273,16.705156326293945,-0.0009015798568725586,47,702,0.0012030601501464844
SLIM*MIX_oms_pat5_fn-full_extended_const-small_ints_latent64,9057152a-801c-11f1-8d02-2c7ba0e6fa90,synthetic_prior,0,179,0.9983742833137512,0.22469162940979004,138454.0,0.9977030754089355,30.990659713745117,-0.0030684471130371094,0.9996225237846375,2023.020751953125,-0.0035337209701538086,0.9978933930397034,162.2850799560547,0.0015246272087097168,0.9987868070602417,0.021096305921673775,0.0005601644515991211,0.9985551238059998,9.838105201721191,-0.00014317035675048828,0.9998195171356201,16.702726364135742,-0.0006104707717895508,48,714,0.0012512803077697754
SLIM*MIX_oms_pat5_fn-full_extended_const-small_ints_latent64,9057152a-801c-11f1-8d02-2c7ba0e6fa90,synthetic_prior,0,180,0.9983742833137512,0.222639799118042,138836.0,0.9977030754089355,30.990659713745117,-0.0030684471130371094,0.9996225237846375,2023.020751953125,-0.0035337209701538086,0.9978933930397034,162.2850799560547,0.0015246272087097168,0.9987868070602417,0.021096305921673775,0.0005601644515991211,0.9985551238059998,9.838105201721191,-0.00014317035675048828,0.9998195171356201,16.702726364135742,-0.0006104707717895508,48,714,0.0012512803077697754
SLIM*MIX_oms_pat5_fn-full_extended_const-small_ints_latent64,9057152a-801c-11f1-8d02-2c7ba0e6fa90,synthetic_prior,0,181,0.9983699321746826,0.22605156898498535,139225.0,0.997871994972229,30.995906829833984,-0.003408074378967285,0.999925434589386,2023.6336669921875,-0.004142045974731445,0.9978334307670593,162.2753143310547,0.0016446709632873535,0.9988860487937927,0.02109839953482151,0.00036156177520751953,0.9985557794570923,9.838111877441406,-0.0001443624496459961,0.9998171329498291,16.702688217163086,-0.0006057024002075195,49,726,0.0012600421905517578
SLIM*MIX_oms_pat5_fn-full_extended_const-small_ints_latent64,9057152a-801c-11f1-8d02-2c7ba0e6fa90,synthetic_prior,0,182,0.9983699321746826,0.22136139869689941,139955.0,0.997871994972229,30.995906829833984,-0.003408074378967285,0.999925434589386,2023.6336669921875,-0.004142045974731445,0.9978334307670593,162.2753143310547,0.0016446709632873535,0.9988860487937927,0.02109839953482151,0.00036156177520751953,0.9985557794570923,9.838111877441406,-0.0001443624496459961,0.9998171329498291,16.702688217163086,-0.0006057024002075195,49,726,0.0012600421905517578
SLIM*MIX_oms_pat5_fn-full_extended_const-small_ints_latent64,9057152a-801c-11f1-8d02-2c7ba0e6fa90,synthetic_prior,0,183,0.9983629584312439,0.23935866355895996,142729.0,0.9979867339134216,30.99947166442871,-0.0036388635635375977,1.0002068281173706,2024.2030029296875,-0.0047070980072021484,0.9979879260063171,162.30043029785156,0.0013355612754821777,0.9988132119178772,0.021096862852573395,0.000507354736328125,0.9985513091087341,9.838068008422852,-0.0001354217529296875,0.9998425841331482,16.70311164855957,-0.0006567239761352539,48,717,0.0012739300727844238
SLIM*MIX_oms_pat5_fn-full_extended_const-small_ints_latent64,9057152a-801c-11f1-8d02-2c7ba0e6fa90,synthetic_prior,0,184,0.9983614683151245,0.21991348266601562,143125.0,0.9980520009994507,31.00149917602539,-0.003770112991333008,0.9995613694190979,2022.8968505859375,-0.003410935401916504,0.9979250431060791,162.2902069091797,0.001461327075958252,0.9987835884094238,0.021096237003803253,0.0005666613578796387,0.9985581040382385,9.838134765625,-0.00014901161193847656,0.9998474717140198,16.70319366455078,-0.000666499137878418,49,725,0.0012769103050231934
SLIM*MIX_oms_pat5_fn-full_extended_const-small_ints_latent64,9057152a-801c-11f1-8d02-2c7ba0e6fa90,synthetic_prior,0,185,0.9983614683151245,0.2245464324951172,144008.0,0.9980520009994507,31.00149917602539,-0.003770112991333008,0.9995613694190979,2022.8968505859375,-0.003410935401916504,0.9979250431060791,162.2902069091797,0.001461327075958252,0.9987835884094238,0.021096237003803253,0.0005666613578796387,0.9985581040382385,9.838134765625,-0.00014901161193847656,0.9998474717140198,16.70319366455078,-0.000666499137878418,49,725,0.0012769103050231934
SLIM*MIX_oms_pat5_fn-full_extended_const-small_ints_latent64,9057152a-801c-11f1-8d02-2c7ba0e6fa90,synthetic_prior,0,186,0.9983598589897156,0.2222886085510254,143937.0,0.9976186752319336,30.988039016723633,-0.002898693084716797,0.9999373555183411,2023.65771484375,-0.0041658878326416016,0.997767984867096,162.26467895507812,0.0017756223678588867,0.9987567663192749,0.021095670759677887,0.0006203055381774902,0.9985678791999817,9.838231086730957,-0.00016868114471435547,0.9997909665107727,16.702251434326172,-0.0005533695220947266,49,734,0.0012801289558410645
SLIM*MIX_oms_pat5_fn-full_extended_const-small_ints_latent64,9057152a-801c-11f1-8d02-2c7ba0e6fa90,synthetic_prior,0,187,0.9983598589897156,0.21163368225097656,143422.0,0.9976186752319336,30.988039016723633,-0.002898693084716797,0.9999373555183411,2023.65771484375,-0.0041658878326416016,0.997767984867096,162.26467895507812,0.0017756223678588867,0.9987567663192749,0.021095670759677887,0.0006203055381774902,0.9985678791999817,9.838231086730957,-0.00016868114471435547,0.9997909665107727,16.702251434326172,-0.0005533695220947266,49,734,0.0012801289558410645
SLIM*MIX_oms_pat5_fn-full_extended_const-small_ints_latent64,9057152a-801c-11f1-8d02-2c7ba0e6fa90,synthetic_prior,0,188,0.9983598589897156,0.22282195091247559,143075.0,0.9976186752319336,30.988039016723633,-0.002898693084716797,0.9999373555183411,2023.65771484375,-0.0041658878326416016,0.997767984867096,162.26467895507812,0.0017756223678588867,0.9987567663192749,0.021095670759677887,0.0006203055381774902,0.9985678791999817,9.838231086730957,-0.00016868114471435547,0.9997909665107727,16.702251434326172,-0.0005533695220947266,49,734,0.0012801289558410645
SLIM*MIX_oms_pat5_fn-full_extended_const-small_ints_latent64,9057152a-801c-11f1-8d02-2c7ba0e6fa90,synthetic_prior,0,189,0.9983561635017395,0.22464275360107422,141848.0,0.9979748725891113,30.999103546142578,-0.0036150217056274414,1.0002763271331787,2024.34375,-0.004846811294555664,0.9980221390724182,162.30599975585938,0.001267075538635254,0.99882572889328,0.021097129210829735,0.00048226118087768555,0.9985577464103699,9.838129997253418,-0.00014829635620117188,0.999887228012085,16.703859329223633,-0.0007460117340087891,49,730,0.0012875199317932129
SLIM*MIX_oms_pat5_fn-full_extended_const-small_ints_latent64,9057152a-801c-11f1-8d02-2c7ba0e6fa90,synthetic_prior,0,190,0.9983545541763306,0.2260448932647705,140485.0,0.9974947571754456,30.984188079833984,-0.002649664878845215,1.0002704858779907,2024.3319091796875,-0.0048351287841796875,0.9976264238357544,162.24163818359375,0.0020588040351867676,0.9986308813095093,0.021093010902404785,0.000872194766998291,0.9985570311546326,9.83812427520752,-0.00014698505401611328,0.9997661709785461,16.70183563232422,-0.0005036592483520508,49,730,0.0012907981872558594
SLIM*MIX_oms_pat5_fn-full_extended_const-small_ints_latent64,9057152a-801c-11f1-8d02-2c7ba0e6fa90,synthetic_prior,0,191,0.9983545541763306,0.2308204174041748,141601.0,0.9974947571754456,30.984188079833984,-0.002649664878845215,1.0002704858779907,2024.3319091796875,-0.0048351287841796875,0.9976264238357544,162.24163818359375,0.0020588040351867676,0.9986308813095093,0.021093010902404785,0.000872194766998291,0.9985570311546326,9.83812427520752,-0.00014698505401611328,0.9997661709785461,16.70183563232422,-0.0005036592483520508,49,730,0.0012907981872558594
SLIM*MIX_oms_pat5_fn-full_extended_const-small_ints_latent64,9057152a-801c-11f1-8d02-2c7ba0e6fa90,synthetic_prior,0,192,0.9983500838279724,0.1969623565673828,142201.0,0.9979800581932068,30.9992618560791,-0.00362551212310791,1.0003927946090698,2024.579345703125,-0.005080819129943848,0.9981061220169067,162.3196563720703,0.0010989904403686523,0.9988052248954773,0.021096695214509964,0.0005233287811279297,0.9985533952713013,9.838088989257812,-0.00013971328735351562,0.9999353885650635,16.70466423034668,-0.0008424520492553711,51,763,0.001299738883972168
SLIM*MIX_oms_pat5_fn-full_extended_const-small_ints_latent64,9057152a-801c-11f1-8d02-2c7ba0e6fa90,synthetic_prior,0,193,0.9983500838279724,0.20664310455322266,142631.0,0.9979800581932068,30.9992618560791,-0.00362551212310791,1.0003927946090698,2024.579345703125,-0.005080819129943848,0.9981061220169067,162.3196563720703,0.0010989904403686523,0.9988052248954773,0.021096695214509964,0.0005233287811279297,0.9985533952713013,9.838088989257812,-0.00013971328735351562,0.9999353885650635,16.70466423034668,-0.0008424520492553711,51,763,0.001299738883972168
SLIM*MIX_oms_pat5_fn-full_extended_const-small_ints_latent64,9057152a-801c-11f1-8d02-2c7ba0e6fa90,synthetic_prior,0,194,0.9983500838279724,0.22132182121276855,143656.0,0.9979800581932068,30.9992618560791,-0.00362551212310791,1.0003927946090698,2024.579345703125,-0.005080819129943848,0.9981061220169067,162.3196563720703,0.0010989904403686523,0.9988052248954773,0.021096695214509964,0.0005233287811279297,0.9985533952713013,9.838088989257812,-0.00013971328735351562,0.9999353885650635,16.70466423034668,-0.0008424520492553711,51,763,0.001299738883972168
SLIM*MIX_oms_pat5_fn-full_extended_const-small_ints_latent64,9057152a-801c-11f1-8d02-2c7ba0e6fa90,synthetic_prior,0,195,0.9983488321304321,0.2212355136871338,144718.0,0.9975490570068359,30.985877990722656,-0.0027587413787841797,0.9997119307518005,2023.2015380859375,-0.003713250160217285,0.9982140064239502,162.3372039794922,0.0008829236030578613,0.9987978935241699,0.021096540614962578,0.0005379319190979004,0.9985435605049133,9.837991714477539,-0.00011992454528808594,0.9998475909233093,16.703195571899414,-0.0006667375564575195,52,776,0.0013022422790527344
SLIM*MIX_oms_pat5_fn-full_extended_const-small_ints_latent64,9057152a-801c-11f1-8d02-2c7ba0e6fa90,synthetic_prior,0,196,0.9983440637588501,0.20186090469360352,145121.0,0.9979217052459717,30.997453689575195,-0.0035080909729003906,1.0001200437545776,2024.0274658203125,-0.004532814025878906,0.9981501698493958,162.32681274414062,0.0010107755661010742,0.9988095164299011,0.021096784621477127,0.0005147457122802734,0.9985525012016296,9.838079452514648,-0.00013780593872070312,0.9999113082885742,16.704259872436523,-0.0007941722869873047,52,774,0.001311659812927246
SLIM*MIX_oms_pat5_fn-full_extended_const-small_ints_latent64,9057152a-801c-11f1-8d02-2c7ba0e6fa90,synthetic_prior,0,197,0.9983440637588501,0.21878361701965332,146114.0,0.9979217052459717,30.997453689575195,-0.0035080909729003906,1.0001200437545776,2024.0274658203125,-0.004532814025878906,0.9981501698493958,162.32681274414062,0.0010107755661010742,0.9988095164299011,0.021096784621477127,0.0005147457122802734,0.9985525012016296,9.838079452514648,-0.00013780593872070312,0.9999113082885742,16.704259872436523,-0.0007941722869873047,52,774,0.001311659812927246
SLIM*MIX_oms_pat5_fn-full_extended_const-small_ints_latent64,9057152a-801c-11f1-8d02-2c7ba0e6fa90,synthetic_prior,0,198,0.998340368270874,0.20737075805664062,148116.0,0.9971687197685242,30.974063873291016,-0.0019943714141845703,0.9995313286781311,2022.8360595703125,-0.0033506155014038086,0.9980655908584595,162.31307983398438,0.0011800527572631836,0.9988274574279785,0.02109716460108757,0.0004788041114807129,0.9985418319702148,9.837973594665527,-0.00011646747589111328,0.9998924732208252,16.70394515991211,-0.0007566213607788086,52,771,0.00131911039352417
SLIM*MIX_oms_pat5_fn-full_extended_const-small_ints_latent64,9057152a-801c-11f1-8d02-2c7ba0e6fa90,synthetic_prior,0,199,0.998340368270874,0.22594261169433594,149211.0,0.9971687197685242,30.974063873291016,-0.0019943714141845703,0.9995313286781311,2022.8360595703125,-0.0033506155014038086,0.9980655908584595,162.31307983398438,0.0011800527572631836,0.9988274574279785,0.02109716460108757,0.0004788041114807129,0.9985418319702148,9.837973594665527,-0.00011646747589111328,0.9998924732208252,16.70394515991211,-0.0007566213607788086,52,771,0.00131911039352417
SLIM*MIX_oms_pat5_fn-full_extended_const-small_ints_latent64,9057152a-801c-11f1-8d02-2c7ba0e6fa90,synthetic_prior,0,200,0.9983398914337158,0.2936387062072754,150200.0,0.9980894327163696,31.002662658691406,-0.0038454532623291016,1.0001360177993774,2024.059814453125,-0.004565000534057617,0.9979753494262695,162.29840087890625,0.0013607144355773926,0.9987321496009827,0.02109515108168125,0.0006695389747619629,0.9985554218292236,9.83810806274414,-0.0001437664031982422,0.9998818635940552,16.703767776489258,-0.0007352828979492188,53,796,0.0013201236724853516
SLIM*MIX_oms_pat5_fn-full_extended_const-small_ints_latent128,9057152a-801c-11f1-8d02-2c7ba0e6fa90,synthetic_prior,0,0,0.9990221858024597,0.20528030395507812,925.0,0.9961986541748047,30.943931579589844,-4.565715789794922e-05,0.9978837370872498,2019.501708984375,-4.553794860839844e-05,0.9986777305603027,162.41261291503906,-4.553794860839844e-05,0.9990894198417664,0.021102696657180786,-4.553794860839844e-05,0.9985063672065735,9.837624549865723,-4.5418739318847656e-05,0.9995371699333191,16.698009490966797,-4.5418739318847656e-05,1,5,-4.5418739318847656e-05
SLIM*MIX_oms_pat5_fn-full_extended_const-small_ints_latent128,9057152a-801c-11f1-8d02-2c7ba0e6fa90,synthetic_prior,0,1,0.9990106225013733,0.2529423236846924,2454.0,0.9960376620292664,30.93893051147461,0.00027745962142944336,0.9980068206787109,2019.750732421875,-0.0002923011779785156,0.9988829493522644,162.44598388671875,-0.0004565715789794922,0.99871426820755,0.021094772964715958,0.0007053613662719727,0.9986900091171265,9.839433670043945,-0.0004132986068725586,0.9996458292007446,16.699825286865234,-0.00026285648345947266,2,32,-2.2292137145996094e-05
SLIM*MIX_oms_pat5_fn-full_extended_const-small_ints_latent128,9057152a-801c-11f1-8d02-2c7ba0e6fa90,synthetic_prior,0,2,0.9990106225013733,0.26599836349487305,2868.0,0.9960376620292664,30.93893051147461,0.00027745962142944336,0.9980068206787109,2019.750732421875,-0.0002923011779785156,0.9988829493522644,162.44598388671875,-0.0004565715789794922,0.99871426820755,0.021094772964715958,0.0007053613662719727,0.9986900091171265,9.839433670043945,-0.0004132986068725586,0.9996458292007446,16.699825286865234,-0.00026285648345947266,2,32,-2.2292137145996094e-05
SLIM*MIX_oms_pat5_fn-full_extended_const-small_ints_latent128,9057152a-801c-11f1-8d02-2c7ba0e6fa90,synthetic_prior,0,3,0.9989972710609436,0.25435400009155273,4074.0,0.9960094690322876,30.93805503845215,0.00033402442932128906,0.997760534286499,2019.2523193359375,0.00020140409469604492,0.9986076951026917,162.4012451171875,9.47713851928711e-05,0.9988192915916443,0.02109699137508869,0.0004951357841491699,0.9963575601577759,9.81645393371582,0.004254162311553955,0.9990844130516052,16.690446853637695,0.0008603334426879883,2,17,4.5299530029296875e-06
SLIM*MIX_oms_pat5_fn-full_extended_const-small_ints_latent128,9057152a-801c-11f1-8d02-2c7ba0e6fa90,synthetic_prior,0,4,0.9989778399467468,0.19035959243774414,5014.0,0.9946491718292236,30.895801544189453,0.0030627846717834473,0.9991097450256348,2021.9827880859375,-0.0025043487548828125,0.9994058012962341,162.53102111816406,-0.0015041828155517578,0.996241569519043,0.02104254439473152,0.005647540092468262,0.9889165759086609,9.743143081665039,0.019071459770202637,1.0030359029769897,16.756460189819336,-0.007058858871459961,5,54,4.3332576751708984e-05
SLIM*MIX_oms_pat5_fn-full_extended_const-small_ints_latent128,9057152a-801c-11f1-8d02-2c7ba0e6fa90,synthetic_prior,0,5,0.9989256858825684,0.20673179626464844,6816.0,0.9963066577911377,30.94728660583496,-0.0002626180648803711,0.9975029826164246,2018.731201171875,0.0007174015045166016,0.9985548257827759,162.39263916015625,0.00020056962966918945,1.0019947290420532,0.0211640652269125,-0.005870342254638672,1.001477599143982,9.866899490356445,-0.006006002426147461,0.9998142719268799,16.702638626098633,-0.000599980354309082,2,18,0.00014775991439819336
SLIM*MIX_oms_pat5_fn-full_extended_const-small_ints_latent128,9057152a-801c-11f1-8d02-2c7ba0e6fa90,synthetic_prior,0,6,0.9989256858825684,0.1908128261566162,7682.0,0.9963066577911377,30.94728660583496,-0.0002626180648803711,0.9975029826164246,2018.731201171875,0.0007174015045166016,0.9985548257827759,162.39263916015625,0.00020056962966918945,1.0019947290420532,0.0211640652269125,-0.005870342254638672,1.001477599143982,9.866899490356445,-0.006006002426147461,0.9998142719268799,16.702638626098633,-0.000599980354309082,2,18,0.00014775991439819336
SLIM*MIX_oms_pat5_fn-full_extended_const-small_ints_latent128,9057152a-801c-11f1-8d02-2c7ba0e6fa90,synthetic_prior,0,7,0.9989256858825684,0.18941617012023926,7575.0,0.9963066577911377,30.94728660583496,-0.0002626180648803711,0.9975029826164246,2018.731201171875,0.0007174015045166016,0.9985548257827759,162.39263916015625,0.00020056962966918945,1.0019947290420532,0.0211640652269125,-0.005870342254638672,1.001477599143982,9.866899490356445,-0.006006002426147461,0.9998142719268799,16.702638626098633,-0.000599980354309082,2,18,0.00014775991439819336
SLIM*MIX_oms_pat5_fn-full_extended_const-small_ints_latent128,9057152a-801c-11f1-8d02-2c7ba0e6fa90,synthetic_prior,0,8,0.998920738697052,0.20330262184143066,8065.0,0.9960479736328125,30.93924903869629,0.0002568364143371582,0.9981626868247986,2020.066162109375,-0.0006047487258911133,0.9984501600265503,162.3756103515625,0.0004101395606994629,0.9975025057792664,0.021069178357720375,0.0031287670135498047,0.9971127510070801,9.823894500732422,0.0027441978454589844,1.0004879236221313,16.71389389038086,-0.0019488334655761719,5,59,0.0001576542854309082
SLIM*MIX_oms_pat5_fn-full_extended_const-small_ints_latent128,9057152a-801c-11f1-8d02-2c7ba0e6fa90,synthetic_prior,0,9,0.998878002166748,0.20552849769592285,9959.0,0.9958046674728394,30.93169403076172,0.0007451176643371582,0.9978627562522888,2019.4591064453125,-3.4570693969726562e-06,0.9985487461090088,162.39163208007812,0.00021278858184814453,0.9979590177536011,0.021078819409012794,0.0022162199020385742,1.0028626918792725,9.880545616149902,-0.00879061222076416,0.9986438155174255,16.683086395263672,0.0017413496971130371,5,71,0.00024324655532836914
SLIM*MIX_oms_pat5_fn-full_extended_const-small_ints_latent128,9057152a-801c-11f1-8d02-2c7ba0e6fa90,synthetic_prior,0,10,0.998878002166748,0.2063276767730713,11702.0,0.9958046674728394,30.93169403076172,0.0007451176643371582,0.9978627562522888,2019.4591064453125,-3.4570693969726562e-06,0.9985487461090088,162.39163208007812,0.00021278858184814453,0.9979590177536011,0.021078819409012794,0.0022162199020385742,1.0028626918792725,9.880545616149902,-0.00879061222076416,0.9986438155174255,16.683086395263672,0.0017413496971130371,5,71,0.00024324655532836914
SLIM*MIX_oms_pat5_fn-full_extended_const-small_ints_latent128,9057152a-801c-11f1-8d02-2c7ba0e6fa90,synthetic_prior,0,11,0.9988585114479065,0.20487117767333984,14290.0,0.9964242577552795,30.950937271118164,-0.0004987716674804688,0.997866153717041,2019.4661865234375,-1.0371208190917969e-05,0.9984279274940491,162.3719940185547,0.0004547238349914551,0.9963580965995789,0.021045006811618805,0.005414783954620361,0.9980882406234741,9.833504676818848,0.0007919669151306152,0.9998315572738647,16.70292854309082,-0.0006346702575683594,10,142,0.0002822279930114746
SLIM*MIX_oms_pat5_fn-full_extended_const-small_ints_latent128,9057152a-801c-11f1-8d02-2c7ba0e6fa90,synthetic_prior,0,12,0.9988503456115723,0.27053284645080566,16165.0,0.9966139793395996,30.956830978393555,-0.0008797645568847656,0.9978938698768616,2019.522216796875,-6.580352783203125e-05,0.998201310634613,162.3351287841797,0.0009084343910217285,0.9960340261459351,0.021038159728050232,0.006061732769012451,0.9980974197387695,9.833595275878906,0.0007736086845397949,0.9997291564941406,16.701217651367188,-0.0004296302795410156,10,144,0.00029861927032470703
SLIM*MIX_oms_pat5_fn-full_extended_const-small_ints_latent128,9057152a-801c-11f1-8d02-2c7ba0e6fa90,synthetic_prior,0,13,0.9988446831703186,0.22335147857666016,17347.0,0.9966233968734741,30.957122802734375,-0.0008985996246337891,0.997916579246521,2019.5682373046875,-0.00011134147644042969,0.9981412887573242,162.3253936767578,0.0010285377502441406,0.9953888654708862,0.021024534478783607,0.007348954677581787,0.9980674982070923,9.833301544189453,0.0008334517478942871,1.0001131296157837,16.707632064819336,-0.001198410987854004,11,156,0.00030988454818725586
SLIM*MIX_oms_pat5_fn-full_extended_const-small_ints_latent128,9057152a-801c-11f1-8d02-2c7ba0e6fa90,synthetic_prior,0,14,0.9988266229629517,0.21361470222473145,19676.0,0.9967427253723145,30.960830688476562,-0.0011383295059204102,0.9975758194923401,2018.8785400390625,0.0005714893341064453,0.9991112351417542,162.48312377929688,-0.0009138584136962891,1.0005602836608887,0.02113376557826996,-0.00299227237701416,1.0027799606323242,9.879729270935059,-0.008624076843261719,0.9985654354095459,16.68177604675293,0.0018981099128723145,7,85,0.00034606456756591797
SLIM*MIX_oms_pat5_fn-full_extended_const-small_ints_latent128,9057152a-801c-11f1-8d02-2c7ba0e6fa90,synthetic_prior,0,15,0.9987836480140686,0.2232832908630371,21933.0,0.9972234964370728,30.975765228271484,-0.0021042823791503906,0.9973114728927612,2018.343505859375,0.0011011362075805664,0.9991430640220642,162.48829650878906,-0.0009777545928955078,1.0024826526641846,0.021174365654587746,-0.006850004196166992,1.0064170360565186,9.915563583374023,-0.015953898429870605,0.9983630180358887,16.678394317626953,0.002302706241607666,8,98,0.00043213367462158203
SLIM*MIX_oms_pat5_fn-full_extended_const-small_ints_latent128,9057152a-801c-11f1-8d02-2c7ba0e6fa90,synthetic_prior,0,16,0.9987836480140686,0.20338988304138184,24181.0,0.9972234964370728,30.975765228271484,-0.0021042823791503906,0.9973114728927612,2018.343505859375,0.0011011362075805664,0.9991430640220642,162.48829650878906,-0.0009777545928955078,1.0024826526641846,0.021174365654587746,-0.006850004196166992,1.0064170360565186,9.915563583374023,-0.015953898429870605,0.9983630180358887,16.678394317626953,0.002302706241607666,8,98,0.00043213367462158203
SLIM*MIX_oms_pat5_fn-full_extended_const-small_ints_latent128,9057152a-801c-11f1-8d02-2c7ba0e6fa90,synthetic_prior,0,17,0.9987249970436096,0.23434090614318848,27092.0,0.996322751045227,30.947784423828125,-0.00029480457305908203,0.9979215860366821,2019.5782470703125,-0.00012135505676269531,0.9985110759735107,162.38551330566406,0.00028824806213378906,0.9963219165802002,0.02104424126446247,0.0054871439933776855,0.9980483651161194,9.833112716674805,0.0008717179298400879,0.999421238899231,16.696073532104492,0.00018650293350219727,10,146,0.0005494952201843262
SLIM*MIX_oms_pat5_fn-full_extended_const-small_ints_latent128,9057152a-801c-11f1-8d02-2c7ba0e6fa90,synthetic_prior,0,18,0.9987249970436096,0.2039475440979004,28198.0,0.996322751045227,30.947784423828125,-0.00029480457305908203,0.9979215860366821,2019.5782470703125,-0.00012135505676269531,0.9985110759735107,162.38551330566406,0.00028824806213378906,0.9963219165802002,0.02104424126446247,0.0054871439933776855,0.9980483651161194,9.833112716674805,0.0008717179298400879,0.999421238899231,16.696073532104492,0.00018650293350219727,10,146,0.0005494952201843262
SLIM*MIX_oms_pat5_fn-full_extended_const-small_ints_latent128,9057152a-801c-11f1-8d02-2c7ba0e6fa90,synthetic_prior,0,19,0.9987195134162903,0.2134082317352295,28515.0,0.9964346289634705,30.95125961303711,-0.0005195140838623047,0.9979439377784729,2019.6234130859375,-0.00016617774963378906,0.9984053373336792,162.36830139160156,0.0004999637603759766,0.9963249564170837,0.021044306457042694,0.005480945110321045,0.9980383515357971,9.833013534545898,0.0008918642997741699,0.9994055032730103,16.695810317993164,0.0002180337905883789,10,146,0.0005605220794677734
SLIM*MIX_oms_pat5_fn-full_extended_const-small_ints_latent128,9057152a-801c-11f1-8d02-2c7ba0e6fa90,synthetic_prior,0,20,0.9987195134162903,0.20326471328735352,30748.0,0.9964346289634705,30.95125961303711,-0.0005195140838623047,0.9979439377784729,2019.6234130859375,-0.00016617774963378906,0.9984053373336792,162.36830139160156,0.0004999637603759766,0.9963249564170837,0.021044306457042694,0.005480945110321045,0.9980383515357971,9.833013534545898,0.0008918642997741699,0.9994055032730103,16.695810317993164,0.0002180337905883789,10,146,0.0005605220794677734
SLIM*MIX_oms_pat5_fn-full_extended_const-small_ints_latent128,9057152a-801c-11f1-8d02-2c7ba0e6fa90,synthetic_prior,0,21,0.9987137913703918,0.20603632926940918,32400.0,0.9966393113136292,30.957616806030273,-0.0009305477142333984,0.9980217218399048,2019.7808837890625,-0.00032210350036621094,0.9982333183288574,162.34034729003906,0.0008443593978881836,0.9947875738143921,0.021011833101511,0.00854790210723877,0.9978237748146057,9.830899238586426,0.0013214349746704102,0.9993563294410706,16.694988250732422,0.00031638145446777344,16,234,0.0005719661712646484
SLIM*MIX_oms_pat5_fn-full_extended_const-small_ints_latent128,9057152a-801c-11f1-8d02-2c7ba0e6fa90,synthetic_prior,0,22,0.9986807703971863,0.25086283683776855,33490.0,0.9968747496604919,30.96493148803711,-0.0014035701751708984,0.998114824295044,2019.9693603515625,-0.0005087852478027344,0.9981316924095154,162.32382202148438,0.0010477900505065918,0.994685709476471,0.02100968174636364,0.008750855922698975,0.997679591178894,9.829479217529297,0.0016099214553833008,0.9993172287940979,16.6943359375,0.0003947019577026367,17,248,0.0006380081176757812
SLIM*MIX_oms_pat5_fn-full_extended_const-small_ints_latent128,9057152a-801c-11f1-8d02-2c7ba0e6fa90,synthetic_prior,0,23,0.9986390471458435,0.23547649383544922,36872.0,0.9962372183799744,30.94512939453125,-0.00012314319610595703,0.997978687286377,2019.6937255859375,-0.0002357959747314453,0.9986802339553833,162.41302490234375,-5.054473876953125e-05,0.9854942560195923,0.020815540105104446,0.026985645294189453,0.9967295527458191,9.82011890411377,0.0035105347633361816,0.9985976219177246,16.682313919067383,0.001833796501159668,10,152,0.0007214546203613281
SLIM*MIX_oms_pat5_fn-full_extended_const-small_ints_latent128,9057152a-801c-11f1-8d02-2c7ba0e6fa90,synthetic_prior,0,24,0.9985871315002441,0.22002196311950684,39146.0,0.9963151216506958,30.947547912597656,-0.00027942657470703125,0.9979568719863892,2019.64990234375,-0.00019216537475585938,0.9990028738975525,162.46548461914062,-0.0006967782974243164,0.9773706197738647,0.02064395323395729,0.0429610013961792,0.9959593415260315,9.812530517578125,0.005049943923950195,0.9980607032775879,16.6733455657959,0.00290679931640625,11,161,0.000825345516204834
SLIM*MIX_oms_pat5_fn-full_extended_const-small_ints_latent128,9057152a-801c-11f1-8d02-2c7ba0e6fa90,synthetic_prior,0,25,0.9985813498497009,0.20884132385253906,39369.0,0.99629807472229,30.947019577026367,-0.0002453327178955078,0.9979652166366577,2019.66650390625,-0.00020885467529296875,0.9989672303199768,162.45970153808594,-0.0006253719329833984,0.9768744111061096,0.020633473992347717,0.043932557106018066,0.9958205223083496,9.811162948608398,0.005327284336090088,0.9979193210601807,16.670982360839844,0.003189265727996826,12,176,0.0008369684219360352
SLIM*MIX_oms_pat5_fn-full_extended_const-small_ints_latent128,9057152a-801c-11f1-8d02-2c7ba0e6fa90,synthetic_prior,0,26,0.998566746711731,0.2193281650543213,39362.0,0.996713399887085,30.95992088317871,-0.001079559326171875,0.9981798529624939,2020.100830078125,-0.0006390810012817383,0.9991559386253357,162.49037170410156,-0.0010033845901489258,0.9785473346710205,0.02066880837082863,0.04065513610839844,0.9949970841407776,9.80305004119873,0.0069716572761535645,0.9980948567390442,16.67391586303711,0.0028385519981384277,13,194,0.0008661746978759766
SLIM*MIX_oms_pat5_fn-full_extended_const-small_ints_latent128,9057152a-801c-11f1-8d02-2c7ba0e6fa90,synthetic_prior,0,27,0.998566746711731,0.23585247993469238,40058.0,0.996713399887085,30.95992088317871,-0.001079559326171875,0.9981798529624939,2020.100830078125,-0.0006390810012817383,0.9991559386253357,162.49037170410156,-0.0010033845901489258,0.9785473346710205,0.02066880837082863,0.04065513610839844,0.9949970841407776,9.80305004119873,0.0069716572761535645,0.9980948567390442,16.67391586303711,0.0028385519981384277,13,194,0.0008661746978759766
SLIM*MIX_oms_pat5_fn-full_extended_const-small_ints_latent128,9057152a-801c-11f1-8d02-2c7ba0e6fa90,synthetic_prior,0,28,0.998566746711731,0.19394421577453613,41042.0,0.996713399887085,30.95992088317871,-0.001079559326171875,0.9981798529624939,2020.100830078125,-0.0006390810012817383,0.9991559386253357,162.49037170410156,-0.0010033845901489258,0.9785473346710205,0.02066880837082863,0.04065513610839844,0.9949970841407776,9.80305004119873,0.0069716572761535645,0.9980948567390442,16.67391586303711,0.0028385519981384277,13,194,0.0008661746978759766
SLIM*MIX_oms_pat5_fn-full_extended_const-small_ints_latent128,9057152a-801c-11f1-8d02-2c7ba0e6fa90,synthetic_prior,0,29,0.9985304474830627,0.2360067367553711,41354.0,0.9968945384025574,30.965545654296875,-0.0014432668685913086,0.9980387091636658,2019.815185546875,-0.0003560781478881836,0.9986705183982849,162.4114532470703,-3.1113624572753906e-05,0.9849326610565186,0.020803678780794144,0.02809429168701172,0.995506227016449,9.808066368103027,0.005955100059509277,0.9979143738746643,16.6708984375,0.0031992197036743164,14,212,0.0009387731552124023
SLIM*MIX_oms_pat5_fn-full_extended_const-small_ints_latent128,9057152a-801c-11f1-8d02-2c7ba0e6fa90,synthetic_prior,0,30,0.9985304474830627,0.21995234489440918,42862.0,0.9968945384025574,30.965545654296875,-0.0014432668685913086,0.9980387091636658,2019.815185546875,-0.0003560781478881836,0.9986705183982849,162.4114532470703,-3.1113624572753906e-05,0.9849326610565186,0.020803678780794144,0.02809429168701172,0.995506227016449,9.808066368103027,0.005955100059509277,0.9979143738746643,16.6708984375,0.0031992197036743164,14,212,0.0009387731552124023
SLIM*MIX_oms_pat5_fn-full_extended_const-small_ints_latent128,9057152a-801c-11f1-8d02-2c7ba0e6fa90,synthetic_prior,0,31,0.9985187649726868,0.22021150588989258,42898.0,0.9968528747558594,30.964252471923828,-0.001359701156616211,0.998035728931427,2019.8092041015625,-0.00035011768341064453,0.9986787438392639,162.41278076171875,-4.756450653076172e-05,0.9854362607002258,0.0208143163472414,0.027100205421447754,0.9955573081970215,9.808570861816406,0.005852997303009033,0.9978820085525513,16.670358657836914,0.0032637715339660645,15,230,0.0009621977806091309
SLIM*MIX_oms_pat5_fn-full_extended_const-small_ints_latent128,9057152a-801c-11f1-8d02-2c7ba0e6fa90,synthetic_prior,0,32,0.9985135197639465,0.2511928081512451,43072.0,0.9967189431190491,30.960092544555664,-0.0010905265808105469,0.9979969263076782,2019.7308349609375,-0.00027239322662353516,0.998708188533783,162.4175567626953,-0.00010645389556884766,0.9877652525901794,0.02086350880563259,0.02249598503112793,0.9961414337158203,9.814324378967285,0.004686176776885986,0.9982380867004395,16.676307678222656,0.002552330493927002,15,243,0.0009726285934448242
SLIM*MIX_oms_pat5_fn-full_extended_const-small_ints_latent128,9057152a-801c-11f1-8d02-2c7ba0e6fa90,synthetic_prior,0,33,0.9984762668609619,0.2976391315460205,43654.0,0.9966087341308594,30.956666946411133,-0.0008691549301147461,0.9980142116546631,2019.7657470703125,-0.0003070831298828125,0.9986045956611633,162.40072631835938,0.00010091066360473633,0.9847529530525208,0.02079988457262516,0.028448879718780518,0.9962624311447144,9.815516471862793,0.004444241523742676,0.9976462125778198,16.666419982910156,0.0037348270416259766,16,247,0.0010472536087036133
SLIM*MIX_oms_pat5_fn-full_extended_const-small_ints_latent128,9057152a-801c-11f1-8d02-2c7ba0e6fa90,synthetic_prior,0,34,0.9984762668609619,0.2351384162902832,44635.0,0.9966087341308594,30.956666946411133,-0.0008691549301147461,0.9980142116546631,2019.7657470703125,-0.0003070831298828125,0.9986045956611633,162.40072631835938,0.00010091066360473633,0.9847529530525208,0.02079988457262516,0.028448879718780518,0.9962624311447144,9.815516471862793,0.004444241523742676,0.9976462125778198,16.666419982910156,0.0037348270416259766,16,247,0.0010472536087036133
SLIM*MIX_oms_pat5_fn-full_extended_const-small_ints_latent128,9057152a-801c-11f1-8d02-2c7ba0e6fa90,synthetic_prior,0,35,0.9984762668609619,0.23827600479125977,45268.0,0.9966087341308594,30.956666946411133,-0.0008691549301147461,0.9980142116546631,2019.7657470703125,-0.0003070831298828125,0.9986045956611633,162.40072631835938,0.00010091066360473633,0.9847529530525208,0.02079988457262516,0.028448879718780518,0.9962624311447144,9.815516471862793,0.004444241523742676,0.9976462125778198,16.666419982910156,0.0037348270416259766,16,247,0.0010472536087036133
SLIM*MIX_oms_pat5_fn-full_extended_const-small_ints_latent128,9057152a-801c-11f1-8d02-2c7ba0e6fa90,synthetic_prior,0,36,0.9984762668609619,0.2657740116119385,45899.0,0.9966087341308594,30.956666946411133,-0.0008691549301147461,0.9980142116546631,2019.7657470703125,-0.0003070831298828125,0.9986045956611633,162.40072631835938,0.00010091066360473633,0.9847529530525208,0.02079988457262516,0.028448879718780518,0.9962624311447144,9.815516471862793,0.004444241523742676,0.9976462125778198,16.666419982910156,0.0037348270416259766,16,247,0.0010472536087036133
SLIM*MIX_oms_pat5_fn-full_extended_const-small_ints_latent128,9057152a-801c-11f1-8d02-2c7ba0e6fa90,synthetic_prior,0,37,0.9984762668609619,0.22005963325500488,46956.0,0.9966087341308594,30.956666946411133,-0.0008691549301147461,0.9980142116546631,2019.7657470703125,-0.0003070831298828125,0.9986045956611633,162.40072631835938,0.00010091066360473633,0.9847529530525208,0.02079988457262516,0.028448879718780518,0.9962624311447144,9.815516471862793,0.004444241523742676,0.9976462125778198,16.666419982910156,0.0037348270416259766,16,247,0.0010472536087036133
SLIM*MIX_oms_pat5_fn-full_extended_const-small_ints_latent128,9057152a-801c-11f1-8d02-2c7ba0e6fa90,synthetic_prior,0,38,0.998468816280365,0.20413899421691895,47742.0,0.9965804815292358,30.955791473388672,-0.000812530517578125,0.9979512095451355,2019.63818359375,-0.00018072128295898438,0.9983698129653931,162.362548828125,0.0005710124969482422,0.9804648756980896,0.020709309726953506,0.03689169883728027,0.9958088397979736,9.811047554016113,0.005350708961486816,0.9972228407859802,16.659347534179688,0.004580199718475342,17,262,0.0010620951652526855
SLIM*MIX_oms_pat5_fn-full_extended_const-small_ints_latent128,9057152a-801c-11f1-8d02-2c7ba0e6fa90,synthetic_prior,0,39,0.998468816280365,0.2243356704711914,47398.0,0.9965804815292358,30.955791473388672,-0.000812530517578125,0.9979512095451355,2019.63818359375,-0.00018072128295898438,0.9983698129653931,162.362548828125,0.0005710124969482422,0.9804648756980896,0.020709309726953506,0.03689169883728027,0.9958088397979736,9.811047554016113,0.005350708961486816,0.9972228407859802,16.659347534179688,0.004580199718475342,17,262,0.0010620951652526855
SLIM*MIX_oms_pat5_fn-full_extended_const-small_ints_latent128,9057152a-801c-11f1-8d02-2c7ba0e6fa90,synthetic_prior,0,40,0.998468816280365,0.19936108589172363,47419.0,0.9965804815292358,30.955791473388672,-0.000812530517578125,0.9979512095451355,2019.63818359375,-0.00018072128295898438,0.9983698129653931,162.362548828125,0.0005710124969482422,0.9804648756980896,0.020709309726953506,0.03689169883728027,0.9958088397979736,9.811047554016113,0.005350708961486816,0.9972228407859802,16.659347534179688,0.004580199718475342,17,262,0.0010620951652526855
SLIM*MIX_oms_pat5_fn-full_extended_const-small_ints_latent128,9057152a-801c-11f1-8d02-2c7ba0e6fa90,synthetic_prior,0,41,0.998468816280365,0.23924565315246582,47758.0,0.9965804815292358,30.955791473388672,-0.000812530517578125,0.9979512095451355,2019.63818359375,-0.00018072128295898438,0.9983698129653931,162.362548828125,0.0005710124969482422,0.9804648756980896,0.020709309726953506,0.03689169883728027,0.9958088397979736,9.811047554016113,0.005350708961486816,0.9972228407859802,16.659347534179688,0.004580199718475342,17,262,0.0010620951652526855
SLIM*MIX_oms_pat5_fn-full_extended_const-small_ints_latent128,9057152a-801c-11f1-8d02-2c7ba0e6fa90,synthetic_prior,0,42,0.9984583854675293,0.2508432865142822,49303.0,0.9966579079627991,30.95819664001465,-0.0009679794311523438,0.99793541431427,2019.606201171875,-0.00014913082122802734,0.9983885884284973,162.3656005859375,0.0005334615707397461,0.981922447681427,0.020740095525979996,0.03402602672576904,0.9959642291069031,9.812579154968262,0.005040109157562256,0.9970359206199646,16.656227111816406,0.004953265190124512,18,274,0.0010830163955688477
SLIM*MIX_oms_pat5_fn-full_extended_const-small_ints_latent128,9057152a-801c-11f1-8d02-2c7ba0e6fa90,synthetic_prior,0,43,0.998444139957428,0.23576569557189941,51516.0,0.9964597225189209,30.952041625976562,-0.0005699396133422852,0.9980658292770386,2019.8701171875,-0.0004105567932128906,0.9984399080276489,162.3739471435547,0.00043070316314697266,0.9881390333175659,0.02087140455842018,0.021755993366241455,0.9970903992652893,9.823674201965332,0.0027887821197509766,0.9982589483261108,16.67665672302246,0.002510666847229004,17,271,0.001111447811126709
SLIM*MIX_oms_pat5_fn-full_extended_const-small_ints_latent128,9057152a-801c-11f1-8d02-2c7ba0e6fa90,synthetic_prior,0,44,0.998444139957428,0.23569178581237793,51513.0,0.9964597225189209,30.952041625976562,-0.0005699396133422852,0.9980658292770386,2019.8701171875,-0.0004105567932128906,0.9984399080276489,162.3739471435547,0.00043070316314697266,0.9881390333175659,0.02087140455842018,0.021755993366241455,0.9970903992652893,9.823674201965332,0.0027887821197509766,0.9982589483261108,16.67665672302246,0.002510666847229004,17,271,0.001111447811126709
SLIM*MIX_oms_pat5_fn-full_extended_const-small_ints_latent128,9057152a-801c-11f1-8d02-2c7ba0e6fa90,synthetic_prior,0,45,0.998444139957428,0.2193460464477539,52030.0,0.9964597225189209,30.952041625976562,-0.0005699396133422852,0.9980658292770386,2019.8701171875,-0.0004105567932128906,0.9984399080276489,162.3739471435547,0.00043070316314697266,0.9881390333175659,0.02087140455842018,0.021755993366241455,0.9970903992652893,9.823674201965332,0.0027887821197509766,0.9982589483261108,16.67665672302246,0.002510666847229004,17,271,0.001111447811126709
SLIM*MIX_oms_pat5_fn-full_extended_const-small_ints_latent128,9057152a-801c-11f1-8d02-2c7ba0e6fa90,synthetic_prior,0,46,0.998444139957428,0.23532867431640625,52783.0,0.9964597225189209,30.952041625976562,-0.0005699396133422852,0.9980658292770386,2019.8701171875,-0.0004105567932128906,0.9984399080276489,162.3739471435547,0.00043070316314697266,0.9881390333175659,0.02087140455842018,0.021755993366241455,0.9970903992652893,9.823674201965332,0.0027887821197509766,0.9982589483261108,16.67665672302246,0.002510666847229004,17,271,0.001111447811126709
SLIM*MIX_oms_pat5_fn-full_extended_const-small_ints_latent128,9057152a-801c-11f1-8d02-2c7ba0e6fa90,synthetic_prior,0,47,0.998444139957428,0.234147310256958,54213.0,0.9964597225189209,30.952041625976562,-0.0005699396133422852,0.9980658292770386,2019.8701171875,-0.0004105567932128906,0.9984399080276489,162.3739471435547,0.00043070316314697266,0.9881390333175659,0.02087140455842018,0.021755993366241455,0.9970903992652893,9.823674201965332,0.0027887821197509766,0.9982589483261108,16.67665672302246,0.002510666847229004,17,271,0.001111447811126709
SLIM*MIX_oms_pat5_fn-full_extended_const-small_ints_latent128,9057152a-801c-11f1-8d02-2c7ba0e6fa90,synthetic_prior,0,48,0.9984397292137146,0.23752903938293457,55221.0,0.9964191317558289,30.95077896118164,-0.0004884004592895508,0.998091995716095,2019.9232177734375,-0.0004630088806152344,0.9986394047737122,162.40638732910156,3.123283386230469e-05,0.990920901298523,0.02093016356229782,0.016240239143371582,0.9972240328788757,9.824990272521973,0.0025215744972229004,0.9984555244445801,16.679941177368164,0.0021178126335144043,17,277,0.0011203885078430176
SLIM*MIX_oms_pat5_fn-full_extended_const-small_ints_latent128,9057152a-801c-11f1-8d02-2c7ba0e6fa90,synthetic_prior,0,49,0.9984397292137146,0.25105810165405273,55713.0,0.9964191317558289,30.95077896118164,-0.0004884004592895508,0.998091995716095,2019.9232177734375,-0.0004630088806152344,0.9986394047737122,162.40638732910156,3.123283386230469e-05,0.990920901298523,0.02093016356229782,0.016240239143371582,0.9972240328788757,9.824990272521973,0.0025215744972229004,0.9984555244445801,16.679941177368164,0.0021178126335144043,17,277,0.0011203885078430176
SLIM*MIX_oms_pat5_fn-full_extended_const-small_ints_latent128,9057152a-801c-11f1-8d02-2c7ba0e6fa90,synthetic_prior,0,50,0.9984143972396851,0.2506544589996338,55601.0,0.9964632987976074,30.952150344848633,-0.0005769729614257812,0.9981111884117126,2019.9619140625,-0.0005015134811401367,0.9987518191337585,162.42466735839844,-0.0001939535140991211,0.9906460046768188,0.02092435397207737,0.016786038875579834,0.9970738887786865,9.823511123657227,0.0028219223022460938,0.9986712336540222,16.683544158935547,0.0016865730285644531,16,250,0.0011710524559020996
SLIM*MIX_oms_pat5_fn-full_extended_const-small_ints_latent128,9057152a-801c-11f1-8d02-2c7ba0e6fa90,synthetic_prior,0,51,0.9984108209609985,0.21885323524475098,56514.0,0.9966020584106445,30.95646095275879,-0.0008558034896850586,0.9981414079666138,2020.0230712890625,-0.0005620718002319336,0.9986403584480286,162.40655517578125,2.9265880584716797e-05,0.9899212718009949,0.02090904861688614,0.018224060535430908,0.9972414374351501,9.825161933898926,0.0024866461753845215,0.9989568591117859,16.688316345214844,0.0011153817176818848,17,263,0.0011782050132751465
SLIM*MIX_oms_pat5_fn-full_extended_const-small_ints_latent128,9057152a-801c-11f1-8d02-2c7ba0e6fa90,synthetic_prior,0,52,0.9984108209609985,0.23506927490234375,58062.0,0.9966020584106445,30.95646095275879,-0.0008558034896850586,0.9981414079666138,2020.0230712890625,-0.0005620718002319336,0.9986403584480286,162.40655517578125,2.9265880584716797e-05,0.9899212718009949,0.02090904861688614,0.018224060535430908,0.9972414374351501,9.825161933898926,0.0024866461753845215,0.9989568591117859,16.688316345214844,0.0011153817176818848,17,263,0.0011782050132751465
SLIM*MIX_oms_pat5_fn-full_extended_const-small_ints_latent128,9057152a-801c-11f1-8d02-2c7ba0e6fa90,synthetic_prior,0,53,0.9983951449394226,0.2439732551574707,58034.0,0.9965347051620483,30.95436668395996,-0.0007205009460449219,0.998013436794281,2019.76416015625,-0.00030553340911865234,0.9982277154922485,162.3394317626953,0.000855565071105957,0.9797362685203552,0.02069392055273056,0.0383225679397583,0.9968222379684448,9.821032524108887,0.003325223922729492,0.9973028302192688,16.66068458557129,0.00442051887512207,20,298,0.001209557056427002
SLIM*MIX_oms_pat5_fn-full_extended_const-small_ints_latent128,9057152a-801c-11f1-8d02-2c7ba0e6fa90,synthetic_prior,0,54,0.9983949661254883,0.25118041038513184,57273.0,0.996532142162323,30.954286575317383,-0.0007152557373046875,0.9980130195617676,2019.763427734375,-0.0003046989440917969,0.9982313513755798,162.34002685546875,0.0008482933044433594,0.9798361659049988,0.02069603092968464,0.038126468658447266,0.9968359470367432,9.821167945861816,0.003297746181488037,0.9973196387290955,16.660964965820312,0.004386961460113525,21,310,0.0012099146842956543
SLIM*MIX_oms_pat5_fn-full_extended_const-small_ints_latent128,9057152a-801c-11f1-8d02-2c7ba0e6fa90,synthetic_prior,0,55,0.9983949661254883,0.23785710334777832,58852.0,0.996532142162323,30.954286575317383,-0.0007152557373046875,0.9980130195617676,2019.763427734375,-0.0003046989440917969,0.9982313513755798,162.34002685546875,0.0008482933044433594,0.9798361659049988,0.02069603092968464,0.038126468658447266,0.9968359470367432,9.821167945861816,0.003297746181488037,0.9973196387290955,16.660964965820312,0.004386961460113525,21,310,0.0012099146842956543
SLIM*MIX_oms_pat5_fn-full_extended_const-small_ints_latent128,9057152a-801c-11f1-8d02-2c7ba0e6fa90,synthetic_prior,0,56,0.9983794689178467,0.23829150199890137,58803.0,0.9965760707855225,30.955652236938477,-0.0008035898208618164,0.9980194568634033,2019.7763671875,-0.00031757354736328125,0.9983094334602356,162.35272216796875,0.0006920099258422852,0.978707492351532,0.020672190934419632,0.04034101963043213,0.9969487190246582,9.82227897644043,0.0030721426010131836,0.997214138507843,16.659202575683594,0.004597485065460205,22,323,0.0012409090995788574
SLIM*MIX_oms_pat5_fn-full_extended_const-small_ints_latent128,9057152a-801c-11f1-8d02-2c7ba0e6fa90,synthetic_prior,0,57,0.9983794689178467,0.21962189674377441,59082.0,0.9965760707855225,30.955652236938477,-0.0008035898208618164,0.9980194568634033,2019.7763671875,-0.00031757354736328125,0.9983094334602356,162.35272216796875,0.0006920099258422852,0.978707492351532,0.020672190934419632,0.04034101963043213,0.9969487190246582,9.82227897644043,0.0030721426010131836,0.997214138507843,16.659202575683594,0.004597485065460205,22,323,0.0012409090995788574
SLIM*MIX_oms_pat5_fn-full_extended_const-small_ints_latent128,9057152a-801c-11f1-8d02-2c7ba0e6fa90,synthetic_prior,0,58,0.9983757734298706,0.23936843872070312,60124.0,0.9969350695610046,30.96680450439453,-0.0015246868133544922,0.9980285167694092,2019.794677734375,-0.0003358125686645508,0.9982732534408569,162.34683227539062,0.0007644295692443848,0.9792385101318359,0.02068340592086315,0.03929942846298218,0.9958296418190002,9.811251640319824,0.005309104919433594,0.9964807033538818,16.646949768066406,0.006061196327209473,24,358,0.0012483000755310059
SLIM*MIX_oms_pat5_fn-full_extended_const-small_ints_latent128,9057152a-801c-11f1-8d02-2c7ba0e6fa90,synthetic_prior,0,59,0.9983757734298706,0.2390151023864746,60039.0,0.9969350695610046,30.96680450439453,-0.0015246868133544922,0.9980285167694092,2019.794677734375,-0.0003358125686645508,0.9982732534408569,162.34683227539062,0.0007644295692443848,0.9792385101318359,0.02068340592086315,0.03929942846298218,0.9958296418190002,9.811251640319824,0.005309104919433594,0.9964807033538818,16.646949768066406,0.006061196327209473,24,358,0.0012483000755310059
SLIM*MIX_oms_pat5_fn-full_extended_const-small_ints_latent128,9057152a-801c-11f1-8d02-2c7ba0e6fa90,synthetic_prior,0,60,0.9983757734298706,0.22370076179504395,61792.0,0.9969350695610046,30.96680450439453,-0.0015246868133544922,0.9980285167694092,2019.794677734375,-0.0003358125686645508,0.9982732534408569,162.34683227539062,0.0007644295692443848,0.9792385101318359,0.02068340592086315,0.03929942846298218,0.9958296418190002,9.811251640319824,0.005309104919433594,0.9964807033538818,16.646949768066406,0.006061196327209473,24,358,0.0012483000755310059
SLIM*MIX_oms_pat5_fn-full_extended_const-small_ints_latent128,9057152a-801c-11f1-8d02-2c7ba0e6fa90,synthetic_prior,0,61,0.9983757734298706,0.22197937965393066,61945.0,0.9969350695610046,30.96680450439453,-0.0015246868133544922,0.9980285167694092,2019.794677734375,-0.0003358125686645508,0.9982732534408569,162.34683227539062,0.0007644295692443848,0.9792385101318359,0.02068340592086315,0.03929942846298218,0.9958296418190002,9.811251640319824,0.005309104919433594,0.9964807033538818,16.646949768066406,0.006061196327209473,24,358,0.0012483000755310059
SLIM*MIX_oms_pat5_fn-full_extended_const-small_ints_latent128,9057152a-801c-11f1-8d02-2c7ba0e6fa90,synthetic_prior,0,62,0.9983674883842468,0.20639753341674805,63687.0,0.9967758059501648,30.96185874938965,-0.0012047290802001953,0.9980244040489197,2019.7862548828125,-0.0003274679183959961,0.9985817670822144,162.39700317382812,0.00014674663543701172,0.9799400568008423,0.020698225125670433,0.037922441959381104,0.9965656995773315,9.818504333496094,0.003838181495666504,0.9968570470809937,16.653236389160156,0.005310356616973877,20,289,0.0012648701667785645
SLIM*MIX_oms_pat5_fn-full_extended_const-small_ints_latent128,9057152a-801c-11f1-8d02-2c7ba0e6fa90,synthetic_prior,0,63,0.9983674883842468,0.2505466938018799,64485.0,0.9967758059501648,30.96185874938965,-0.0012047290802001953,0.9980244040489197,2019.7862548828125,-0.0003274679183959961,0.9985817670822144,162.39700317382812,0.00014674663543701172,0.9799400568008423,0.020698225125670433,0.037922441959381104,0.9965656995773315,9.818504333496094,0.003838181495666504,0.9968570470809937,16.653236389160156,0.005310356616973877,20,289,0.0012648701667785645
SLIM*MIX_oms_pat5_fn-full_extended_const-small_ints_latent128,9057152a-801c-11f1-8d02-2c7ba0e6fa90,synthetic_prior,0,64,0.9983665943145752,0.22265172004699707,64899.0,0.9967541098594666,30.961185455322266,-0.0011612176895141602,0.997966468334198,2019.6690673828125,-0.00021135807037353516,0.9983558058738708,162.36026000976562,0.0005991458892822266,0.981741189956665,0.020736269652843475,0.034382522106170654,0.9963870048522949,9.816744804382324,0.004195272922515869,0.9969769716262817,16.655241012573242,0.005070984363555908,23,343,0.0012666583061218262
SLIM*MIX_oms_pat5_fn-full_extended_const-small_ints_latent128,9057152a-801c-11f1-8d02-2c7ba0e6fa90,synthetic_prior,0,65,0.9983625411987305,0.23821568489074707,64973.0,0.9967764616012573,30.96187973022461,-0.0012061595916748047,0.9980155229568481,2019.7684326171875,-0.0003097057342529297,0.9985809922218323,162.39688110351562,0.00014823675155639648,0.980131208896637,0.020702263340353966,0.03754699230194092,0.9966197609901428,9.819037437438965,0.00372999906539917,0.9968942403793335,16.653858184814453,0.005236148834228516,21,301,0.0012748241424560547
SLIM*MIX_oms_pat5_fn-full_extended_const-small_ints_latent128,9057152a-801c-11f1-8d02-2c7ba0e6fa90,synthetic_prior,0,66,0.9983530640602112,0.27048373222351074,66585.0,0.9964389801025391,30.951393127441406,-0.0005282163619995117,0.9980170130729675,2019.7713623046875,-0.0003126859664916992,0.9980035424232483,162.30296325683594,0.0013042688369750977,0.9786772131919861,0.020671552047133446,0.04040050506591797,0.9971853494644165,9.824609756469727,0.002598881721496582,0.9969988465309143,16.65560531616211,0.005027294158935547,27,438,0.0012937188148498535
SLIM*MIX_oms_pat5_fn-full_extended_const-small_ints_latent128,9057152a-801c-11f1-8d02-2c7ba0e6fa90,synthetic_prior,0,67,0.9983426332473755,0.23649239540100098,68733.0,0.9966170191764832,30.956926345825195,-0.0008858442306518555,0.9979426264762878,2019.6209716796875,-0.00016367435455322266,0.9989542365074158,162.45758056640625,-0.0005993843078613281,0.9993914365768433,0.02110907807946205,-0.0006502866744995117,0.9950900077819824,9.80396556854248,0.0067861080169677734,0.9957666993141174,16.635021209716797,0.007485091686248779,24,381,0.0013146400451660156
SLIM*MIX_oms_pat5_fn-full_extended_const-small_ints_latent128,9057152a-801c-11f1-8d02-2c7ba0e6fa90,synthetic_prior,0,68,0.998327910900116,0.22096848487854004,68959.0,0.996580958366394,30.9558048248291,-0.0008133649826049805,0.9980143904685974,2019.76611328125,-0.00030744075775146484,0.9984162449836731,162.37010192871094,0.0004780888557434082,0.983115553855896,0.02076529897749424,0.03167712688446045,0.9972881078720093,9.82562255859375,0.002393364906311035,0.9984269142150879,16.679462432861328,0.002174973487854004,22,345,0.0013440847396850586
SLIM*MIX_oms_pat5_fn-full_extended_const-small_ints_latent128,9057152a-801c-11f1-8d02-2c7ba0e6fa90,synthetic_prior,0,69,0.998327910900116,0.221177339553833,69035.0,0.996580958366394,30.9558048248291,-0.0008133649826049805,0.9980143904685974,2019.76611328125,-0.00030744075775146484,0.9984162449836731,162.37010192871094,0.0004780888557434082,0.983115553855896,0.02076529897749424,0.03167712688446045,0.9972881078720093,9.82562255859375,0.002393364906311035,0.9984269142150879,16.679462432861328,0.002174973487854004,22,345,0.0013440847396850586
SLIM*MIX_oms_pat5_fn-full_extended_const-small_ints_latent128,9057152a-801c-11f1-8d02-2c7ba0e6fa90,synthetic_prior,0,70,0.998327910900116,0.24889111518859863,68931.0,0.996580958366394,30.9558048248291,-0.0008133649826049805,0.9980143904685974,2019.76611328125,-0.00030744075775146484,0.9984162449836731,162.37010192871094,0.0004780888557434082,0.983115553855896,0.02076529897749424,0.03167712688446045,0.9972881078720093,9.82562255859375,0.002393364906311035,0.9984269142150879,16.679462432861328,0.002174973487854004,22,345,0.0013440847396850586
SLIM*MIX_oms_pat5_fn-full_extended_const-small_ints_latent128,9057152a-801c-11f1-8d02-2c7ba0e6fa90,synthetic_prior,0,71,0.9983267188072205,0.23945069313049316,70193.0,0.996575653553009,30.95564079284668,-0.0008027553558349609,0.9980106353759766,2019.75830078125,-0.0002999305725097656,0.9984130263328552,162.36956787109375,0.0004845857620239258,0.9831749200820923,0.020766552537679672,0.03156018257141113,0.9972889423370361,9.825630187988281,0.0023916959762573242,0.998430609703064,16.679523468017578,0.0021675825119018555,23,364,0.0013464689254760742
SLIM*MIX_oms_pat5_fn-full_extended_const-small_ints_latent128,9057152a-801c-11f1-8d02-2c7ba0e6fa90,synthetic_prior,0,72,0.9983224868774414,0.2527344226837158,69870.0,0.9964954853057861,30.95315170288086,-0.0006418228149414062,0.9979754686355591,2019.687255859375,-0.00022935867309570312,0.9983531832695007,162.35983276367188,0.0006044507026672363,0.9836586117744446,0.020776767283678055,0.03060704469680786,0.9975754618644714,9.828452110290527,0.0018184185028076172,0.9986628890037537,16.68340301513672,0.0017032623291015625,22,336,0.0013549327850341797
SLIM*MIX_oms_pat5_fn-full_extended_const-small_ints_latent128,9057152a-801c-11f1-8d02-2c7ba0e6fa90,synthetic_prior,0,73,0.9983155131340027,0.20685958862304688,70479.0,0.9964702725410461,30.95236587524414,-0.0005911588668823242,0.9979603290557861,2019.6566162109375,-0.0001989603042602539,0.9983747005462646,162.3633270263672,0.0005612969398498535,0.9831348061561584,0.020765705034136772,0.031639158725738525,0.9969906806945801,9.822691917419434,0.0029883384704589844,0.9984842538833618,16.680419921875,0.0020603537559509277,23,360,0.001368880271911621
SLIM*MIX_oms_pat5_fn-full_extended_const-small_ints_latent128,9057152a-801c-11f1-8d02-2c7ba0e6fa90,synthetic_prior,0,74,0.9983155131340027,0.23760151863098145,71720.0,0.9964702725410461,30.95236587524414,-0.0005911588668823242,0.9979603290557861,2019.6566162109375,-0.0001989603042602539,0.9983747005462646,162.3633270263672,0.0005612969398498535,0.9831348061561584,0.020765705034136772,0.031639158725738525,0.9969906806945801,9.822691917419434,0.0029883384704589844,0.9984842538833618,16.680419921875,0.0020603537559509277,23,360,0.001368880271911621
SLIM*MIX_oms_pat5_fn-full_extended_const-small_ints_latent128,9057152a-801c-11f1-8d02-2c7ba0e6fa90,synthetic_prior,0,75,0.9983144402503967,0.26837658882141113,71956.0,0.9963539242744446,30.948755264282227,-0.00035750865936279297,0.997992217540741,2019.72119140625,-0.00026297569274902344,0.9988352656364441,162.43824768066406,-0.0003610849380493164,0.9993184804916382,0.021107535809278488,-0.0005041360855102539,0.9954606890678406,9.807618141174316,0.006045997142791748,0.9957893490791321,16.635400772094727,0.007439911365509033,26,410,0.0013709664344787598
SLIM*MIX_oms_pat5_fn-full_extended_const-small_ints_latent128,9057152a-801c-11f1-8d02-2c7ba0e6fa90,synthetic_prior,0,76,0.9982991218566895,0.25444722175598145,71947.0,0.9965150952339172,30.953758239746094,-0.0006811618804931641,0.9980266094207764,2019.790771484375,-0.0003319978713989258,0.9985964298248291,162.39939880371094,0.00011730194091796875,0.9852204322814941,0.020809756591916084,0.027526259422302246,0.9971755146980286,9.82451343536377,0.002618551254272461,0.9985474348068237,16.681476593017578,0.001934051513671875,22,342,0.001401662826538086
SLIM*MIX_oms_pat5_fn-full_extended_const-small_ints_latent128,9057152a-801c-11f1-8d02-2c7ba0e6fa90,synthetic_prior,0,77,0.998294472694397,0.24369597434997559,69915.0,0.9965516328811646,30.95489501953125,-0.0007544755935668945,0.9980553984642029,2019.84912109375,-0.0003896951675415039,0.9985987544059753,162.3997802734375,0.00011271238327026367,0.9839844703674316,0.020783649757504463,0.0299646258354187,0.9970685839653015,9.82345962524414,0.002832472324371338,0.9984788298606873,16.680328369140625,0.0020711421966552734,21,330,0.0014109611511230469
SLIM*MIX_oms_pat5_fn-full_extended_const-small_ints_latent128,9057152a-801c-11f1-8d02-2c7ba0e6fa90,synthetic_prior,0,78,0.998294472694397,0.23709321022033691,69812.0,0.9965516328811646,30.95489501953125,-0.0007544755935668945,0.9980553984642029,2019.84912109375,-0.0003896951675415039,0.9985987544059753,162.3997802734375,0.00011271238327026367,0.9839844703674316,0.020783649757504463,0.0299646258354187,0.9970685839653015,9.82345962524414,0.002832472324371338,0.9984788298606873,16.680328369140625,0.0020711421966552734,21,330,0.0014109611511230469
SLIM*MIX_oms_pat5_fn-full_extended_const-small_ints_latent128,9057152a-801c-11f1-8d02-2c7ba0e6fa90,synthetic_prior,0,79,0.998294472694397,0.25363612174987793,69787.0,0.9965516328811646,30.95489501953125,-0.0007544755935668945,0.9980553984642029,2019.84912109375,-0.0003896951675415039,0.9985987544059753,162.3997802734375,0.00011271238327026367,0.9839844703674316,0.020783649757504463,0.0299646258354187,0.9970685839653015,9.82345962524414,0.002832472324371338,0.9984788298606873,16.680328369140625,0.0020711421966552734,21,330,0.0014109611511230469
SLIM*MIX_oms_pat5_fn-full_extended_const-small_ints_latent128,9057152a-801c-11f1-8d02-2c7ba0e6fa90,synthetic_prior,0,80,0.9982635378837585,0.24261999130249023,70437.0,0.9964426755905151,30.951509475708008,-0.0005357265472412109,0.9980375170707703,2019.8128662109375,-0.00035381317138671875,0.9985436797142029,162.3908233642578,0.00022292137145996094,0.987801194190979,0.020864266902208328,0.02242487668991089,0.9969810247421265,9.822596549987793,0.0030077099800109863,0.9982350468635559,16.676258087158203,0.0025583505630493164,22,346,0.0014728903770446777
SLIM*MIX_oms_pat5_fn-full_extended_const-small_ints_latent128,9057152a-801c-11f1-8d02-2c7ba0e6fa90,synthetic_prior,0,81,0.9982635378837585,0.22066783905029297,70968.0,0.9964426755905151,30.951509475708008,-0.0005357265472412109,0.9980375170707703,2019.8128662109375,-0.00035381317138671875,0.9985436797142029,162.3908233642578,0.00022292137145996094,0.987801194190979,0.020864266902208328,0.02242487668991089,0.9969810247421265,9.822596549987793,0.0030077099800109863,0.9982350468635559,16.676258087158203,0.0025583505630493164,22,346,0.0014728903770446777
SLIM*MIX_oms_pat5_fn-full_extended_const-small_ints_latent128,9057152a-801c-11f1-8d02-2c7ba0e6fa90,synthetic_prior,0,82,0.9982635378837585,0.1944715976715088,70628.0,0.9964426755905151,30.951509475708008,-0.0005357265472412109,0.9980375170707703,2019.8128662109375,-0.00035381317138671875,0.9985436797142029,162.3908233642578,0.00022292137145996094,0.987801194190979,0.020864266902208328,0.02242487668991089,0.9969810247421265,9.822596549987793,0.0030077099800109863,0.9982350468635559,16.676258087158203,0.0025583505630493164,22,346,0.0014728903770446777
SLIM*MIX_oms_pat5_fn-full_extended_const-small_ints_latent128,9057152a-801c-11f1-8d02-2c7ba0e6fa90,synthetic_prior,0,83,0.9982635378837585,0.2061781883239746,70338.0,0.9964426755905151,30.951509475708008,-0.0005357265472412109,0.9980375170707703,2019.8128662109375,-0.00035381317138671875,0.9985436797142029,162.3908233642578,0.00022292137145996094,0.987801194190979,0.020864266902208328,0.02242487668991089,0.9969810247421265,9.822596549987793,0.0030077099800109863,0.9982350468635559,16.676258087158203,0.0025583505630493164,22,346,0.0014728903770446777
SLIM*MIX_oms_pat5_fn-full_extended_const-small_ints_latent128,9057152a-801c-11f1-8d02-2c7ba0e6fa90,synthetic_prior,0,84,0.9982635378837585,0.23720049858093262,71526.0,0.9964426755905151,30.951509475708008,-0.0005357265472412109,0.9980375170707703,2019.8128662109375,-0.00035381317138671875,0.9985436797142029,162.3908233642578,0.00022292137145996094,0.987801194190979,0.020864266902208328,0.02242487668991089,0.9969810247421265,9.822596549987793,0.0030077099800109863,0.9982350468635559,16.676258087158203,0.0025583505630493164,22,346,0.0014728903770446777
SLIM*MIX_oms_pat5_fn-full_extended_const-small_ints_latent128,9057152a-801c-11f1-8d02-2c7ba0e6fa90,synthetic_prior,0,85,0.998263418674469,0.2382490634918213,71946.0,0.9964423179626465,30.95149803161621,-0.0005350112915039062,0.9980378746986389,2019.8135986328125,-0.00035452842712402344,0.998543918132782,162.39085388183594,0.0002225041389465332,0.9878069162368774,0.020864389836788177,0.02241349220275879,0.996982216835022,9.82260799407959,0.00300520658493042,0.9982361197471619,16.676273345947266,0.0025562644004821777,21,332,0.001473069190979004
SLIM*MIX_oms_pat5_fn-full_extended_const-small_ints_latent128,9057152a-801c-11f1-8d02-2c7ba0e6fa90,synthetic_prior,0,86,0.998263418674469,0.22625160217285156,70856.0,0.9964423179626465,30.95149803161621,-0.0005350112915039062,0.9980378746986389,2019.8135986328125,-0.00035452842712402344,0.998543918132782,162.39085388183594,0.0002225041389465332,0.9878069162368774,0.020864389836788177,0.02241349220275879,0.996982216835022,9.82260799407959,0.00300520658493042,0.9982361197471619,16.676273345947266,0.0025562644004821777,21,332,0.001473069190979004
SLIM*MIX_oms_pat5_fn-full_extended_const-small_ints_latent128,9057152a-801c-11f1-8d02-2c7ba0e6fa90,synthetic_prior,0,87,0.998250424861908,0.23749685287475586,71328.0,0.9964684247970581,30.952312469482422,-0.00058746337890625,0.9980680346488953,2019.8746337890625,-0.00041496753692626953,0.9984105825424194,162.36917114257812,0.0004894137382507324,0.9910325407981873,0.020932519808411598,0.016018569469451904,0.9969019889831543,9.821818351745605,0.0031656622886657715,0.9980930089950562,16.673885345458984,0.002842247486114502,24,373,0.0014990568161010742
SLIM*MIX_oms_pat5_fn-full_extended_const-small_ints_latent128,9057152a-801c-11f1-8d02-2c7ba0e6fa90,synthetic_prior,0,88,0.998250424861908,0.3327782154083252,71647.0,0.9964684247970581,30.952312469482422,-0.00058746337890625,0.9980680346488953,2019.8746337890625,-0.00041496753692626953,0.9984105825424194,162.36917114257812,0.0004894137382507324,0.9910325407981873,0.020932519808411598,0.016018569469451904,0.9969019889831543,9.821818351745605,0.0031656622886657715,0.9980930089950562,16.673885345458984,0.002842247486114502,24,373,0.0014990568161010742
SLIM*MIX_oms_pat5_fn-full_extended_const-small_ints_latent128,9057152a-801c-11f1-8d02-2c7ba0e6fa90,synthetic_prior,0,89,0.998250424861908,0.23851513862609863,71334.0,0.9964684247970581,30.952312469482422,-0.00058746337890625,0.9980680346488953,2019.8746337890625,-0.00041496753692626953,0.9984105825424194,162.36917114257812,0.0004894137382507324,0.9910325407981873,0.020932519808411598,0.016018569469451904,0.9969019889831543,9.821818351745605,0.0031656622886657715,0.9980930089950562,16.673885345458984,0.002842247486114502,24,373,0.0014990568161010742
SLIM*MIX_oms_pat5_fn-full_extended_const-small_ints_latent128,9057152a-801c-11f1-8d02-2c7ba0e6fa90,synthetic_prior,0,90,0.9982429146766663,0.2855072021484375,71108.0,0.9963428974151611,30.94841194152832,-0.00033533573150634766,0.9978495240211487,2019.432373046875,2.300739288330078e-05,0.9981725811958313,162.33047485351562,0.0009658932685852051,0.9916026592254639,0.020944563671946526,0.014886081218719482,0.9972631931304932,9.825376510620117,0.002443253993988037,0.998650312423706,16.68319320678711,0.0017284154891967773,23,357,0.001514136791229248
SLIM*MIX_oms_pat5_fn-full_extended_const-small_ints_latent128,9057152a-801c-11f1-8d02-2c7ba0e6fa90,synthetic_prior,0,91,0.9982429146766663,0.2837197780609131,72211.0,0.9963428974151611,30.94841194152832,-0.00033533573150634766,0.9978495240211487,2019.432373046875,2.300739288330078e-05,0.9981725811958313,162.33047485351562,0.0009658932685852051,0.9916026592254639,0.020944563671946526,0.014886081218719482,0.9972631931304932,9.825376510620117,0.002443253993988037,0.998650312423706,16.68319320678711,0.0017284154891967773,23,357,0.001514136791229248
SLIM*MIX_oms_pat5_fn-full_extended_const-small_ints_latent128,9057152a-801c-11f1-8d02-2c7ba0e6fa90,synthetic_prior,0,92,0.9982330203056335,0.2199087142944336,72198.0,0.9963239431381226,30.94782066345215,-0.00029718875885009766,0.997856616973877,2019.44677734375,8.761882781982422e-06,0.9982208013534546,162.3383026123047,0.0008693933486938477,0.9906840920448303,0.020925160497426987,0.016710400581359863,0.9971283078193665,9.824048042297363,0.002713024616241455,0.9984573125839233,16.679969787597656,0.002114236354827881,24,371,0.0015339255332946777
SLIM*MIX_oms_pat5_fn-full_extended_const-small_ints_latent128,9057152a-801c-11f1-8d02-2c7ba0e6fa90,synthetic_prior,0,93,0.9982330203056335,0.22391724586486816,72037.0,0.9963239431381226,30.94782066345215,-0.00029718875885009766,0.997856616973877,2019.44677734375,8.761882781982422e-06,0.9982208013534546,162.3383026123047,0.0008693933486938477,0.9906840920448303,0.020925160497426987,0.016710400581359863,0.9971283078193665,9.824048042297363,0.002713024616241455,0.9984573125839233,16.679969787597656,0.002114236354827881,24,371,0.0015339255332946777
SLIM*MIX_oms_pat5_fn-full_extended_const-small_ints_latent128,9057152a-801c-11f1-8d02-2c7ba0e6fa90,synthetic_prior,0,94,0.9982330203056335,0.24251079559326172,72820.0,0.9963239431381226,30.94782066345215,-0.00029718875885009766,0.997856616973877,2019.44677734375,8.761882781982422e-06,0.9982208013534546,162.3383026123047,0.0008693933486938477,0.9906840920448303,0.020925160497426987,0.016710400581359863,0.9971283078193665,9.824048042297363,0.002713024616241455,0.9984573125839233,16.679969787597656,0.002114236354827881,24,371,0.0015339255332946777
SLIM*MIX_oms_pat5_fn-full_extended_const-small_ints_latent128,9057152a-801c-11f1-8d02-2c7ba0e6fa90,synthetic_prior,0,95,0.9982330203056335,0.2852511405944824,72167.0,0.9963239431381226,30.94782066345215,-0.00029718875885009766,0.997856616973877,2019.44677734375,8.761882781982422e-06,0.9982208013534546,162.3383026123047,0.0008693933486938477,0.9906840920448303,0.020925160497426987,0.016710400581359863,0.9971283078193665,9.824048042297363,0.002713024616241455,0.9984573125839233,16.679969787597656,0.002114236354827881,24,371,0.0015339255332946777
SLIM*MIX_oms_pat5_fn-full_extended_const-small_ints_latent128,9057152a-801c-11f1-8d02-2c7ba0e6fa90,synthetic_prior,0,96,0.9982330203056335,0.24288082122802734,73873.0,0.9963239431381226,30.94782066345215,-0.00029718875885009766,0.997856616973877,2019.44677734375,8.761882781982422e-06,0.9982208013534546,162.3383026123047,0.0008693933486938477,0.9906840920448303,0.020925160497426987,0.016710400581359863,0.9971283078193665,9.824048042297363,0.002713024616241455,0.9984573125839233,16.679969787597656,0.002114236354827881,24,371,0.0015339255332946777
SLIM*MIX_oms_pat5_fn-full_extended_const-small_ints_latent128,9057152a-801c-11f1-8d02-2c7ba0e6fa90,synthetic_prior,0,97,0.9982330203056335,0.27564549446105957,36552.0,0.9963239431381226,30.94782066345215,-0.00029718875885009766,0.997856616973877,2019.44677734375,8.761882781982422e-06,0.9982208013534546,162.3383026123047,0.0008693933486938477,0.9906840920448303,0.020925160497426987,0.016710400581359863,0.9971283078193665,9.824048042297363,0.002713024616241455,0.9984573125839233,16.679969787597656,0.002114236354827881,24,371,0.0015339255332946777
SLIM*MIX_oms_pat5_fn-full_extended_const-small_ints_latent128,9057152a-801c-11f1-8d02-2c7ba0e6fa90,synthetic_prior,0,98,0.9982255697250366,0.22104573249816895,53285.0,0.9964045286178589,30.95032501220703,-0.0004590749740600586,0.9978727102279663,2019.4794921875,-2.3484230041503906e-05,0.998258113861084,162.34437561035156,0.0007947087287902832,0.990091860294342,0.0209126528352499,0.017885565757751465,0.9971944093704224,9.824699401855469,0.002580702304840088,0.998552143573761,16.681554794311523,0.0019246339797973633,22,345,0.0015488266944885254
SLIM*MIX_oms_pat5_fn-full_extended_const-small_ints_latent128,9057152a-801c-11f1-8d02-2c7ba0e6fa90,synthetic_prior,0,99,0.9982255697250366,0.23727059364318848,69594.0,0.9964045286178589,30.95032501220703,-0.0004590749740600586,0.9978727102279663,2019.4794921875,-2.3484230041503906e-05,0.998258113861084,162.34437561035156,0.0007947087287902832,0.990091860294342,0.0209126528352499,0.017885565757751465,0.9971944093704224,9.824699401855469,0.002580702304840088,0.998552143573761,16.681554794311523,0.0019246339797973633,22,345,0.0015488266944885254
SLIM*MIX_oms_pat5_fn-full_extended_const-small_ints_latent128,9057152a-801c-11f1-8d02-2c7ba0e6fa90,synthetic_prior,0,100,0.9982255697250366,0.2530536651611328,71831.0,0.9964045286178589,30.95032501220703,-0.0004590749740600586,0.9978727102279663,2019.4794921875,-2.3484230041503906e-05,0.998258113861084,162.34437561035156,0.0007947087287902832,0.990091860294342,0.0209126528352499,0.017885565757751465,0.9971944093704224,9.824699401855469,0.002580702304840088,0.998552143573761,16.681554794311523,0.0019246339797973633,22,345,0.0015488266944885254
SLIM*MIX_oms_pat5_fn-full_extended_const-small_ints_latent128,9057152a-801c-11f1-8d02-2c7ba0e6fa90,synthetic_prior,0,101,0.9982255697250366,0.2214198112487793,71647.0,0.9964045286178589,30.95032501220703,-0.0004590749740600586,0.9978727102279663,2019.4794921875,-2.3484230041503906e-05,0.998258113861084,162.34437561035156,0.0007947087287902832,0.990091860294342,0.0209126528352499,0.017885565757751465,0.9971944093704224,9.824699401855469,0.002580702304840088,0.998552143573761,16.681554794311523,0.0019246339797973633,22,345,0.0015488266944885254
SLIM*MIX_oms_pat5_fn-full_extended_const-small_ints_latent128,9057152a-801c-11f1-8d02-2c7ba0e6fa90,synthetic_prior,0,102,0.9982255697250366,0.2208092212677002,71727.0,0.9964045286178589,30.95032501220703,-0.0004590749740600586,0.9978727102279663,2019.4794921875,-2.3484230041503906e-05,0.998258113861084,162.34437561035156,0.0007947087287902832,0.990091860294342,0.0209126528352499,0.017885565757751465,0.9971944093704224,9.824699401855469,0.002580702304840088,0.998552143573761,16.681554794311523,0.0019246339797973633,22,345,0.0015488266944885254
SLIM*MIX_oms_pat5_fn-full_extended_const-small_ints_latent128,9057152a-801c-11f1-8d02-2c7ba0e6fa90,synthetic_prior,0,103,0.9982255697250366,0.26123666763305664,36065.0,0.9964045286178589,30.95032501220703,-0.0004590749740600586,0.9978727102279663,2019.4794921875,-2.3484230041503906e-05,0.998258113861084,162.34437561035156,0.0007947087287902832,0.990091860294342,0.0209126528352499,0.017885565757751465,0.9971944093704224,9.824699401855469,0.002580702304840088,0.998552143573761,16.681554794311523,0.0019246339797973633,22,345,0.0015488266944885254
SLIM*MIX_oms_pat5_fn-full_extended_const-small_ints_latent128,9057152a-801c-11f1-8d02-2c7ba0e6fa90,synthetic_prior,0,104,0.9982003569602966,0.26009058952331543,55168.0,0.9963713884353638,30.949296951293945,-0.00039255619049072266,0.9980331659317017,2019.8040771484375,-0.0003451108932495117,0.9984800815582275,162.38047790527344,0.0003502368927001953,0.9893348217010498,0.020896662026643753,0.01938694715499878,0.997443437576294,9.827152252197266,0.0020825862884521484,0.9982147216796875,16.675918579101562,0.002599060535430908,23,349,0.0015991926193237305
SLIM*MIX_oms_pat5_fn-full_extended_const-small_ints_latent128,9057152a-801c-11f1-8d02-2c7ba0e6fa90,synthetic_prior,0,105,0.9982003569602966,0.23808574676513672,63899.0,0.9963713884353638,30.949296951293945,-0.00039255619049072266,0.9980331659317017,2019.8040771484375,-0.0003451108932495117,0.9984800815582275,162.38047790527344,0.0003502368927001953,0.9893348217010498,0.020896662026643753,0.01938694715499878,0.997443437576294,9.827152252197266,0.0020825862884521484,0.9982147216796875,16.675918579101562,0.002599060535430908,23,349,0.0015991926193237305
SLIM*MIX_oms_pat5_fn-full_extended_const-small_ints_latent128,9057152a-801c-11f1-8d02-2c7ba0e6fa90,synthetic_prior,0,106,0.9982003569602966,0.2548677921295166,69137.0,0.9963713884353638,30.949296951293945,-0.00039255619049072266,0.9980331659317017,2019.8040771484375,-0.0003451108932495117,0.9984800815582275,162.38047790527344,0.0003502368927001953,0.9893348217010498,0.020896662026643753,0.01938694715499878,0.997443437576294,9.827152252197266,0.0020825862884521484,0.9982147216796875,16.675918579101562,0.002599060535430908,23,349,0.0015991926193237305
SLIM*MIX_oms_pat5_fn-full_extended_const-small_ints_latent128,9057152a-801c-11f1-8d02-2c7ba0e6fa90,synthetic_prior,0,107,0.9982003569602966,0.23565411567687988,69884.0,0.9963713884353638,30.949296951293945,-0.00039255619049072266,0.9980331659317017,2019.8040771484375,-0.0003451108932495117,0.9984800815582275,162.38047790527344,0.0003502368927001953,0.9893348217010498,0.020896662026643753,0.01938694715499878,0.997443437576294,9.827152252197266,0.0020825862884521484,0.9982147216796875,16.675918579101562,0.002599060535430908,23,349,0.0015991926193237305
SLIM*MIX_oms_pat5_fn-full_extended_const-small_ints_latent128,9057152a-801c-11f1-8d02-2c7ba0e6fa90,synthetic_prior,0,108,0.9982003569602966,0.20627903938293457,69273.0,0.9963713884353638,30.949296951293945,-0.00039255619049072266,0.9980331659317017,2019.8040771484375,-0.0003451108932495117,0.9984800815582275,162.38047790527344,0.0003502368927001953,0.9893348217010498,0.020896662026643753,0.01938694715499878,0.997443437576294,9.827152252197266,0.0020825862884521484,0.9982147216796875,16.675918579101562,0.002599060535430908,23,349,0.0015991926193237305
SLIM*MIX_oms_pat5_fn-full_extended_const-small_ints_latent128,9057152a-801c-11f1-8d02-2c7ba0e6fa90,synthetic_prior,0,109,0.9981948733329773,0.2533893585205078,69813.0,0.996399462223053,30.950166702270508,-0.0004488229751586914,0.9980866312980652,2019.9122314453125,-0.0004521608352661133,0.9984992742538452,162.38360595703125,0.00031191110610961914,0.9879258275032043,0.02086690068244934,0.02217811346054077,0.9973924160003662,9.826650619506836,0.002184629440307617,0.9982002973556519,16.675676345825195,0.0026279091835021973,25,377,0.0016102194786071777
SLIM*MIX_oms_pat5_fn-full_extended_const-small_ints_latent128,9057152a-801c-11f1-8d02-2c7ba0e6fa90,synthetic_prior,0,110,0.9981896281242371,0.2381739616394043,69958.0,0.996394157409668,30.950002670288086,-0.00043833255767822266,0.9980871081352234,2019.9132080078125,-0.0004532337188720703,0.9984946846961975,162.3828582763672,0.0003209710121154785,0.9886330366134644,0.020881837233901024,0.020777761936187744,0.9975048899650574,9.827757835388184,0.0019596219062805176,0.9982689023017883,16.67682456970215,0.0024907588958740234,26,393,0.0016207695007324219
SLIM*MIX_oms_pat5_fn-full_extended_const-small_ints_latent128,9057152a-801c-11f1-8d02-2c7ba0e6fa90,synthetic_prior,0,111,0.9981896281242371,0.20552468299865723,71060.0,0.996394157409668,30.950002670288086,-0.00043833255767822266,0.9980871081352234,2019.9132080078125,-0.0004532337188720703,0.9984946846961975,162.3828582763672,0.0003209710121154785,0.9886330366134644,0.020881837233901024,0.020777761936187744,0.9975048899650574,9.827757835388184,0.0019596219062805176,0.9982689023017883,16.67682456970215,0.0024907588958740234,26,393,0.0016207695007324219
SLIM*MIX_oms_pat5_fn-full_extended_const-small_ints_latent128,9057152a-801c-11f1-8d02-2c7ba0e6fa90,synthetic_prior,0,112,0.9981896281242371,0.22193598747253418,71025.0,0.996394157409668,30.950002670288086,-0.00043833255767822266,0.9980871081352234,2019.9132080078125,-0.0004532337188720703,0.9984946846961975,162.3828582763672,0.0003209710121154785,0.9886330366134644,0.020881837233901024,0.020777761936187744,0.9975048899650574,9.827757835388184,0.0019596219062805176,0.9982689023017883,16.67682456970215,0.0024907588958740234,26,393,0.0016207695007324219
SLIM*MIX_oms_pat5_fn-full_extended_const-small_ints_latent128,9057152a-801c-11f1-8d02-2c7ba0e6fa90,synthetic_prior,0,113,0.9981896281242371,0.21143627166748047,71325.0,0.996394157409668,30.950002670288086,-0.00043833255767822266,0.9980871081352234,2019.9132080078125,-0.0004532337188720703,0.9984946846961975,162.3828582763672,0.0003209710121154785,0.9886330366134644,0.020881837233901024,0.020777761936187744,0.9975048899650574,9.827757835388184,0.0019596219062805176,0.9982689023017883,16.67682456970215,0.0024907588958740234,26,393,0.0016207695007324219
SLIM*MIX_oms_pat5_fn-full_extended_const-small_ints_latent128,9057152a-801c-11f1-8d02-2c7ba0e6fa90,synthetic_prior,0,114,0.9981896281242371,0.2386634349822998,72391.0,0.996394157409668,30.950002670288086,-0.00043833255767822266,0.9980871081352234,2019.9132080078125,-0.0004532337188720703,0.9984946846961975,162.3828582763672,0.0003209710121154785,0.9886330366134644,0.020881837233901024,0.020777761936187744,0.9975048899650574,9.827757835388184,0.0019596219062805176,0.9982689023017883,16.67682456970215,0.0024907588958740234,26,393,0.0016207695007324219
SLIM*MIX_oms_pat5_fn-full_extended_const-small_ints_latent128,9057152a-801c-11f1-8d02-2c7ba0e6fa90,synthetic_prior,0,115,0.9981853365898132,0.25088071823120117,72636.0,0.9963854551315308,30.94973373413086,-0.0004208087921142578,0.9980884194374084,2019.915771484375,-0.0004558563232421875,0.9984988570213318,162.38351440429688,0.0003127455711364746,0.9888514876365662,0.02088645100593567,0.020344913005828857,0.9975412487983704,9.828115463256836,0.001886904239654541,0.9983012080192566,16.6773624420166,0.0024262070655822754,25,375,0.0016292929649353027
SLIM*MIX_oms_pat5_fn-full_extended_const-small_ints_latent128,9057152a-801c-11f1-8d02-2c7ba0e6fa90,synthetic_prior,0,116,0.9981853365898132,0.22633934020996094,72003.0,0.9963854551315308,30.94973373413086,-0.0004208087921142578,0.9980884194374084,2019.915771484375,-0.0004558563232421875,0.9984988570213318,162.38351440429688,0.0003127455711364746,0.9888514876365662,0.02088645100593567,0.020344913005828857,0.9975412487983704,9.828115463256836,0.001886904239654541,0.9983012080192566,16.6773624420166,0.0024262070655822754,25,375,0.0016292929649353027
SLIM*MIX_oms_pat5_fn-full_extended_const-small_ints_latent128,9057152a-801c-11f1-8d02-2c7ba0e6fa90,synthetic_prior,0,117,0.9981853365898132,0.22522521018981934,72619.0,0.9963854551315308,30.94973373413086,-0.0004208087921142578,0.9980884194374084,2019.915771484375,-0.0004558563232421875,0.9984988570213318,162.38351440429688,0.0003127455711364746,0.9888514876365662,0.02088645100593567,0.020344913005828857,0.9975412487983704,9.828115463256836,0.001886904239654541,0.9983012080192566,16.6773624420166,0.0024262070655822754,25,375,0.0016292929649353027
SLIM*MIX_oms_pat5_fn-full_extended_const-small_ints_latent128,9057152a-801c-11f1-8d02-2c7ba0e6fa90,synthetic_prior,0,118,0.9981853365898132,0.25304150581359863,73114.0,0.9963854551315308,30.94973373413086,-0.0004208087921142578,0.9980884194374084,2019.915771484375,-0.0004558563232421875,0.9984988570213318,162.38351440429688,0.0003127455711364746,0.9888514876365662,0.02088645100593567,0.020344913005828857,0.9975412487983704,9.828115463256836,0.001886904239654541,0.9983012080192566,16.6773624420166,0.0024262070655822754,25,375,0.0016292929649353027
SLIM*MIX_oms_pat5_fn-full_extended_const-small_ints_latent128,9057152a-801c-11f1-8d02-2c7ba0e6fa90,synthetic_prior,0,119,0.998173177242279,0.21506905555725098,72835.0,0.9964633584022522,30.9521541595459,-0.0005772113800048828,0.9981441497802734,2020.0286865234375,-0.0005675554275512695,0.9986637234687805,162.41033935546875,-1.7404556274414062e-05,0.9883888363838196,0.020876681432127953,0.02126133441925049,0.9976227879524231,9.828919410705566,0.001723647117614746,0.9980955719947815,16.673925399780273,0.0028371810913085938,22,336,0.0016536712646484375
SLIM*MIX_oms_pat5_fn-full_extended_const-small_ints_latent128,9057152a-801c-11f1-8d02-2c7ba0e6fa90,synthetic_prior,0,120,0.998173177242279,0.20614337921142578,72849.0,0.9964633584022522,30.9521541595459,-0.0005772113800048828,0.9981441497802734,2020.0286865234375,-0.0005675554275512695,0.9986637234687805,162.41033935546875,-1.7404556274414062e-05,0.9883888363838196,0.020876681432127953,0.02126133441925049,0.9976227879524231,9.828919410705566,0.001723647117614746,0.9980955719947815,16.673925399780273,0.0028371810913085938,22,336,0.0016536712646484375
SLIM*MIX_oms_pat5_fn-full_extended_const-small_ints_latent128,9057152a-801c-11f1-8d02-2c7ba0e6fa90,synthetic_prior,0,121,0.998173177242279,0.21948575973510742,73690.0,0.9964633584022522,30.9521541595459,-0.0005772113800048828,0.9981441497802734,2020.0286865234375,-0.0005675554275512695,0.9986637234687805,162.41033935546875,-1.7404556274414062e-05,0.9883888363838196,0.020876681432127953,0.02126133441925049,0.9976227879524231,9.828919410705566,0.001723647117614746,0.9980955719947815,16.673925399780273,0.0028371810913085938,22,336,0.0016536712646484375
SLIM*MIX_oms_pat5_fn-full_extended_const-small_ints_latent128,9057152a-801c-11f1-8d02-2c7ba0e6fa90,synthetic_prior,0,122,0.998173177242279,0.22160720825195312,73813.0,0.9964633584022522,30.9521541595459,-0.0005772113800048828,0.9981441497802734,2020.0286865234375,-0.0005675554275512695,0.9986637234687805,162.41033935546875,-1.7404556274414062e-05,0.9883888363838196,0.020876681432127953,0.02126133441925049,0.9976227879524231,9.828919410705566,0.001723647117614746,0.9980955719947815,16.673925399780273,0.0028371810913085938,22,336,0.0016536712646484375
SLIM*MIX_oms_pat5_fn-full_extended_const-small_ints_latent128,9057152a-801c-11f1-8d02-2c7ba0e6fa90,synthetic_prior,0,123,0.998173177242279,0.25385332107543945,73572.0,0.9964633584022522,30.9521541595459,-0.0005772113800048828,0.9981441497802734,2020.0286865234375,-0.0005675554275512695,0.9986637234687805,162.41033935546875,-1.7404556274414062e-05,0.9883888363838196,0.020876681432127953,0.02126133441925049,0.9976227879524231,9.828919410705566,0.001723647117614746,0.9980955719947815,16.673925399780273,0.0028371810913085938,22,336,0.0016536712646484375
SLIM*MIX_oms_pat5_fn-full_extended_const-small_ints_latent128,9057152a-801c-11f1-8d02-2c7ba0e6fa90,synthetic_prior,0,124,0.998173177242279,0.252260684967041,36979.0,0.9964633584022522,30.9521541595459,-0.0005772113800048828,0.9981441497802734,2020.0286865234375,-0.0005675554275512695,0.9986637234687805,162.41033935546875,-1.7404556274414062e-05,0.9883888363838196,0.020876681432127953,0.02126133441925049,0.9976227879524231,9.828919410705566,0.001723647117614746,0.9980955719947815,16.673925399780273,0.0028371810913085938,22,336,0.0016536712646484375
SLIM*MIX_oms_pat5_fn-full_extended_const-small_ints_latent128,9057152a-801c-11f1-8d02-2c7ba0e6fa90,synthetic_prior,0,125,0.9981608986854553,0.23723435401916504,58738.0,0.9966632723808289,30.958364486694336,-0.000978708267211914,0.9981253147125244,2019.9903564453125,-0.0005297660827636719,0.9985729455947876,162.3955841064453,0.00016427040100097656,0.9910596013069153,0.020933091640472412,0.015964865684509277,0.9977784156799316,9.830452919006348,0.0014121532440185547,0.998430609703064,16.679523468017578,0.0021675825119018555,26,398,0.001678168773651123
SLIM*MIX_oms_pat5_fn-full_extended_const-small_ints_latent128,9057152a-801c-11f1-8d02-2c7ba0e6fa90,synthetic_prior,0,126,0.9981608986854553,0.2343759536743164,69624.0,0.9966632723808289,30.958364486694336,-0.000978708267211914,0.9981253147125244,2019.9903564453125,-0.0005297660827636719,0.9985729455947876,162.3955841064453,0.00016427040100097656,0.9910596013069153,0.020933091640472412,0.015964865684509277,0.9977784156799316,9.830452919006348,0.0014121532440185547,0.998430609703064,16.679523468017578,0.0021675825119018555,26,398,0.001678168773651123
SLIM*MIX_oms_pat5_fn-full_extended_const-small_ints_latent128,9057152a-801c-11f1-8d02-2c7ba0e6fa90,synthetic_prior,0,127,0.9981608986854553,0.25351500511169434,72470.0,0.9966632723808289,30.958364486694336,-0.000978708267211914,0.9981253147125244,2019.9903564453125,-0.0005297660827636719,0.9985729455947876,162.3955841064453,0.00016427040100097656,0.9910596013069153,0.020933091640472412,0.015964865684509277,0.9977784156799316,9.830452919006348,0.0014121532440185547,0.998430609703064,16.679523468017578,0.0021675825119018555,26,398,0.001678168773651123
SLIM*MIX_oms_pat5_fn-full_extended_const-small_ints_latent128,9057152a-801c-11f1-8d02-2c7ba0e6fa90,synthetic_prior,0,128,0.9981608986854553,0.22043800354003906,73068.0,0.9966632723808289,30.958364486694336,-0.000978708267211914,0.9981253147125244,2019.9903564453125,-0.0005297660827636719,0.9985729455947876,162.3955841064453,0.00016427040100097656,0.9910596013069153,0.020933091640472412,0.015964865684509277,0.9977784156799316,9.830452919006348,0.0014121532440185547,0.998430609703064,16.679523468017578,0.0021675825119018555,26,398,0.001678168773651123
SLIM*MIX_oms_pat5_fn-full_extended_const-small_ints_latent128,9057152a-801c-11f1-8d02-2c7ba0e6fa90,synthetic_prior,0,129,0.9981608986854553,0.26777076721191406,72715.0,0.9966632723808289,30.958364486694336,-0.000978708267211914,0.9981253147125244,2019.9903564453125,-0.0005297660827636719,0.9985729455947876,162.3955841064453,0.00016427040100097656,0.9910596013069153,0.020933091640472412,0.015964865684509277,0.9977784156799316,9.830452919006348,0.0014121532440185547,0.998430609703064,16.679523468017578,0.0021675825119018555,26,398,0.001678168773651123
SLIM*MIX_oms_pat5_fn-full_extended_const-small_ints_latent128,9057152a-801c-11f1-8d02-2c7ba0e6fa90,synthetic_prior,0,130,0.9981608986854553,0.25412750244140625,36612.0,0.9966632723808289,30.958364486694336,-0.000978708267211914,0.9981253147125244,2019.9903564453125,-0.0005297660827636719,0.9985729455947876,162.3955841064453,0.00016427040100097656,0.9910596013069153,0.020933091640472412,0.015964865684509277,0.9977784156799316,9.830452919006348,0.0014121532440185547,0.998430609703064,16.679523468017578,0.0021675825119018555,26,398,0.001678168773651123
SLIM*MIX_oms_pat5_fn-full_extended_const-small_ints_latent128,9057152a-801c-11f1-8d02-2c7ba0e6fa90,synthetic_prior,0,131,0.9981608390808105,0.22684931755065918,54648.0,0.9966683983802795,30.958520889282227,-0.0009889602661132812,0.9981168508529663,2019.9735107421875,-0.0005128383636474609,0.998609185218811,162.40147399902344,9.173154830932617e-05,0.9913223385810852,0.02093864232301712,0.015443027019500732,0.9978023171424866,9.8306884765625,0.001364290714263916,0.99840247631073,16.679054260253906,0.0022238492965698242,28,427,0.0016782879829406738
SLIM*MIX_oms_pat5_fn-full_extended_const-small_ints_latent128,9057152a-801c-11f1-8d02-2c7ba0e6fa90,synthetic_prior,0,132,0.9981600642204285,0.2362980842590332,70075.0,0.9966766834259033,30.958778381347656,-0.0010056495666503906,0.9980822205543518,2019.9034423828125,-0.00044345855712890625,0.9985405802726746,162.3903045654297,0.00022917985916137695,0.9915944337844849,0.020944388583302498,0.01490253210067749,0.997682511806488,9.829507827758789,0.0016041398048400879,0.9982079863548279,16.675804138183594,0.002612471580505371,27,412,0.001679837703704834
SLIM*MIX_oms_pat5_fn-full_extended_const-small_ints_latent128,9057152a-801c-11f1-8d02-2c7ba0e6fa90,synthetic_prior,0,133,0.9981600642204285,0.252657413482666,74105.0,0.9966766834259033,30.958778381347656,-0.0010056495666503906,0.9980822205543518,2019.9034423828125,-0.00044345855712890625,0.9985405802726746,162.3903045654297,0.00022917985916137695,0.9915944337844849,0.020944388583302498,0.01490253210067749,0.997682511806488,9.829507827758789,0.0016041398048400879,0.9982079863548279,16.675804138183594,0.002612471580505371,27,412,0.001679837703704834
SLIM*MIX_oms_pat5_fn-full_extended_const-small_ints_latent128,9057152a-801c-11f1-8d02-2c7ba0e6fa90,synthetic_prior,0,134,0.9981600642204285,0.22274088859558105,74534.0,0.9966766834259033,30.958778381347656,-0.0010056495666503906,0.9980822205543518,2019.9034423828125,-0.00044345855712890625,0.9985405802726746,162.3903045654297,0.00022917985916137695,0.9915944337844849,0.020944388583302498,0.01490253210067749,0.997682511806488,9.829507827758789,0.0016041398048400879,0.9982079863548279,16.675804138183594,0.002612471580505371,27,412,0.001679837703704834
SLIM*MIX_oms_pat5_fn-full_extended_const-small_ints_latent128,9057152a-801c-11f1-8d02-2c7ba0e6fa90,synthetic_prior,0,135,0.9981600642204285,0.23818421363830566,75628.0,0.9966766834259033,30.958778381347656,-0.0010056495666503906,0.9980822205543518,2019.9034423828125,-0.00044345855712890625,0.9985405802726746,162.3903045654297,0.00022917985916137695,0.9915944337844849,0.020944388583302498,0.01490253210067749,0.997682511806488,9.829507827758789,0.0016041398048400879,0.9982079863548279,16.675804138183594,0.002612471580505371,27,412,0.001679837703704834
SLIM*MIX_oms_pat5_fn-full_extended_const-small_ints_latent128,9057152a-801c-11f1-8d02-2c7ba0e6fa90,synthetic_prior,0,136,0.9981539845466614,0.25115036964416504,76875.0,0.9966611266136169,30.958295822143555,-0.0009744167327880859,0.9981200695037842,2019.9798583984375,-0.0005192756652832031,0.9986077547073364,162.4012451171875,9.459257125854492e-05,0.9912563562393188,0.020937247201800346,0.015574097633361816,0.9978368282318115,9.831028938293457,0.0012952685356140137,0.998418927192688,16.67932891845703,0.002191007137298584,27,412,0.0016919970512390137
SLIM*MIX_oms_pat5_fn-full_extended_const-small_ints_latent128,9057152a-801c-11f1-8d02-2c7ba0e6fa90,synthetic_prior,0,137,0.9981467127799988,0.23122954368591309,77820.0,0.9958221316337585,30.932235717773438,0.0007101297378540039,0.9980276823043823,2019.79296875,-0.00033402442932128906,0.9979287981987,162.29083251953125,0.0014538168907165527,0.9911751747131348,0.020935533568263054,0.015735328197479248,0.9986230731010437,9.838774681091309,-0.0002791881561279297,0.9991863965988159,16.692150115966797,0.0006562471389770508,27,420,0.001706540584564209
SLIM*MIX_oms_pat5_fn-full_extended_const-small_ints_latent128,9057152a-801c-11f1-8d02-2c7ba0e6fa90,synthetic_prior,0,138,0.9981337785720825,0.23874545097351074,78634.0,0.9963197708129883,30.94769287109375,-0.00028884410858154297,0.9980347752571106,2019.807373046875,-0.0003483295440673828,0.9982089400291443,162.3363800048828,0.0008931756019592285,0.9913740158081055,0.02093973383307457,0.01534038782119751,0.9961550831794739,9.814458847045898,0.004658818244934082,0.9980387687683105,16.672977447509766,0.0029506683349609375,29,443,0.0017324090003967285
SLIM*MIX_oms_pat5_fn-full_extended_const-small_ints_latent128,9057152a-801c-11f1-8d02-2c7ba0e6fa90,synthetic_prior,0,139,0.9981313347816467,0.2512063980102539,79626.0,0.9960029125213623,30.937850952148438,0.0003471970558166504,0.9981969594955444,2020.1356201171875,-0.0006735324859619141,0.9980603456497192,162.3122100830078,0.0011906027793884277,0.9908807873725891,0.02092931419610977,0.016319870948791504,0.9989436268806458,9.841933250427246,-0.0009214878082275391,0.9993605613708496,16.695058822631836,0.00030797719955444336,26,427,0.001737356185913086
SLIM*MIX_oms_pat5_fn-full_extended_const-small_ints_latent128,9057152a-801c-11f1-8d02-2c7ba0e6fa90,synthetic_prior,0,140,0.9981313347816467,0.2368912696838379,79688.0,0.9960029125213623,30.937850952148438,0.0003471970558166504,0.9981969594955444,2020.1356201171875,-0.0006735324859619141,0.9980603456497192,162.3122100830078,0.0011906027793884277,0.9908807873725891,0.02092931419610977,0.016319870948791504,0.9989436268806458,9.841933250427246,-0.0009214878082275391,0.9993605613708496,16.695058822631836,0.00030797719955444336,26,427,0.001737356185913086
SLIM*MIX_oms_pat5_fn-full_extended_const-small_ints_latent128,9057152a-801c-11f1-8d02-2c7ba0e6fa90,synthetic_prior,0,141,0.9981313347816467,0.22412681579589844,80050.0,0.9960029125213623,30.937850952148438,0.0003471970558166504,0.9981969594955444,2020.1356201171875,-0.0006735324859619141,0.9980603456497192,162.3122100830078,0.0011906027793884277,0.9908807873725891,0.02092931419610977,0.016319870948791504,0.9989436268806458,9.841933250427246,-0.0009214878082275391,0.9993605613708496,16.695058822631836,0.00030797719955444336,26,427,0.001737356185913086
SLIM*MIX_oms_pat5_fn-full_extended_const-small_ints_latent128,9057152a-801c-11f1-8d02-2c7ba0e6fa90,synthetic_prior,0,142,0.998085618019104,0.23583674430847168,80260.0,0.9967261552810669,30.96031379699707,-0.0011049509048461914,0.9980303645133972,2019.79833984375,-0.0003393888473510742,0.9982770681381226,162.3474578857422,0.0007567405700683594,0.9907847046852112,0.02092728763818741,0.01651066541671753,0.9965704679489136,9.818552017211914,0.003828585147857666,0.997767448425293,16.66844367980957,0.00349271297454834,25,380,0.0018287897109985352
SLIM*MIX_oms_pat5_fn-full_extended_const-small_ints_latent128,9057152a-801c-11f1-8d02-2c7ba0e6fa90,synthetic_prior,0,143,0.998085618019104,0.22173857688903809,80903.0,0.9967261552810669,30.96031379699707,-0.0011049509048461914,0.9980303645133972,2019.79833984375,-0.0003393888473510742,0.9982770681381226,162.3474578857422,0.0007567405700683594,0.9907847046852112,0.02092728763818741,0.01651066541671753,0.9965704679489136,9.818552017211914,0.003828585147857666,0.997767448425293,16.66844367980957,0.00349271297454834,25,380,0.0018287897109985352
SLIM*MIX_oms_pat5_fn-full_extended_const-small_ints_latent128,9057152a-801c-11f1-8d02-2c7ba0e6fa90,synthetic_prior,0,144,0.998085618019104,0.20639753341674805,81056.0,0.9967261552810669,30.96031379699707,-0.0011049509048461914,0.9980303645133972,2019.79833984375,-0.0003393888473510742,0.9982770681381226,162.3474578857422,0.0007567405700683594,0.9907847046852112,0.02092728763818741,0.01651066541671753,0.9965704679489136,9.818552017211914,0.003828585147857666,0.997767448425293,16.66844367980957,0.00349271297454834,25,380,0.0018287897109985352
SLIM*MIX_oms_pat5_fn-full_extended_const-small_ints_latent128,9057152a-801c-11f1-8d02-2c7ba0e6fa90,synthetic_prior,0,145,0.998085618019104,0.23722553253173828,81758.0,0.9967261552810669,30.96031379699707,-0.0011049509048461914,0.9980303645133972,2019.79833984375,-0.0003393888473510742,0.9982770681381226,162.3474578857422,0.0007567405700683594,0.9907847046852112,0.02092728763818741,0.01651066541671753,0.9965704679489136,9.818552017211914,0.003828585147857666,0.997767448425293,16.66844367980957,0.00349271297454834,25,380,0.0018287897109985352
SLIM*MIX_oms_pat5_fn-full_extended_const-small_ints_latent128,9057152a-801c-11f1-8d02-2c7ba0e6fa90,synthetic_prior,0,146,0.998085618019104,0.2420346736907959,81218.0,0.9967261552810669,30.96031379699707,-0.0011049509048461914,0.9980303645133972,2019.79833984375,-0.0003393888473510742,0.9982770681381226,162.3474578857422,0.0007567405700683594,0.9907847046852112,0.02092728763818741,0.01651066541671753,0.9965704679489136,9.818552017211914,0.003828585147857666,0.997767448425293,16.66844367980957,0.00349271297454834,25,380,0.0018287897109985352
SLIM*MIX_oms_pat5_fn-full_extended_const-small_ints_latent128,9057152a-801c-11f1-8d02-2c7ba0e6fa90,synthetic_prior,0,147,0.998085618019104,0.25949668884277344,41737.0,0.9967261552810669,30.96031379699707,-0.0011049509048461914,0.9980303645133972,2019.79833984375,-0.0003393888473510742,0.9982770681381226,162.3474578857422,0.0007567405700683594,0.9907847046852112,0.02092728763818741,0.01651066541671753,0.9965704679489136,9.818552017211914,0.003828585147857666,0.997767448425293,16.66844367980957,0.00349271297454834,25,380,0.0018287897109985352
SLIM*MIX_oms_pat5_fn-full_extended_const-small_ints_latent128,9057152a-801c-11f1-8d02-2c7ba0e6fa90,synthetic_prior,0,148,0.998085618019104,0.22921204566955566,64847.0,0.9967261552810669,30.96031379699707,-0.0011049509048461914,0.9980303645133972,2019.79833984375,-0.0003393888473510742,0.9982770681381226,162.3474578857422,0.0007567405700683594,0.9907847046852112,0.02092728763818741,0.01651066541671753,0.9965704679489136,9.818552017211914,0.003828585147857666,0.997767448425293,16.66844367980957,0.00349271297454834,25,380,0.0018287897109985352
SLIM*MIX_oms_pat5_fn-full_extended_const-small_ints_latent128,9057152a-801c-11f1-8d02-2c7ba0e6fa90,synthetic_prior,0,149,0.998085618019104,0.2399120330810547,79777.0,0.9967261552810669,30.96031379699707,-0.0011049509048461914,0.9980303645133972,2019.79833984375,-0.0003393888473510742,0.9982770681381226,162.3474578857422,0.0007567405700683594,0.9907847046852112,0.02092728763818741,0.01651066541671753,0.9965704679489136,9.818552017211914,0.003828585147857666,0.997767448425293,16.66844367980957,0.00349271297454834,25,380,0.0018287897109985352
SLIM*MIX_oms_pat5_fn-full_extended_const-small_ints_latent128,9057152a-801c-11f1-8d02-2c7ba0e6fa90,synthetic_prior,0,150,0.9980765581130981,0.2533140182495117,81485.0,0.9972317814826965,30.976022720336914,-0.0021209716796875,0.9980747699737549,2019.88818359375,-0.0004284381866455078,0.9983857870101929,162.36514282226562,0.0005391240119934082,0.9902634024620056,0.020916275680065155,0.01754528284072876,0.9969907402992249,9.822691917419434,0.0029882192611694336,0.9980400800704956,16.67300033569336,0.002947986125946045,24,354,0.0018467903137207031
SLIM*MIX_oms_pat5_fn-full_extended_const-small_ints_latent128,9057152a-801c-11f1-8d02-2c7ba0e6fa90,synthetic_prior,0,151,0.9980765581130981,0.22053313255310059,79364.0,0.9972317814826965,30.976022720336914,-0.0021209716796875,0.9980747699737549,2019.88818359375,-0.0004284381866455078,0.9983857870101929,162.36514282226562,0.0005391240119934082,0.9902634024620056,0.020916275680065155,0.01754528284072876,0.9969907402992249,9.822691917419434,0.0029882192611694336,0.9980400800704956,16.67300033569336,0.002947986125946045,24,354,0.0018467903137207031
SLIM*MIX_oms_pat5_fn-full_extended_const-small_ints_latent128,9057152a-801c-11f1-8d02-2c7ba0e6fa90,synthetic_prior,0,152,0.9980765581130981,0.22780919075012207,77186.0,0.9972317814826965,30.976022720336914,-0.0021209716796875,0.9980747699737549,2019.88818359375,-0.0004284381866455078,0.9983857870101929,162.36514282226562,0.0005391240119934082,0.9902634024620056,0.020916275680065155,0.01754528284072876,0.9969907402992249,9.822691917419434,0.0029882192611694336,0.9980400800704956,16.67300033569336,0.002947986125946045,24,354,0.0018467903137207031
SLIM*MIX_oms_pat5_fn-full_extended_const-small_ints_latent128,9057152a-801c-11f1-8d02-2c7ba0e6fa90,synthetic_prior,0,153,0.9980765581130981,0.24489736557006836,76365.0,0.9972317814826965,30.976022720336914,-0.0021209716796875,0.9980747699737549,2019.88818359375,-0.0004284381866455078,0.9983857870101929,162.36514282226562,0.0005391240119934082,0.9902634024620056,0.020916275680065155,0.01754528284072876,0.9969907402992249,9.822691917419434,0.0029882192611694336,0.9980400800704956,16.67300033569336,0.002947986125946045,24,354,0.0018467903137207031
SLIM*MIX_oms_pat5_fn-full_extended_const-small_ints_latent128,9057152a-801c-11f1-8d02-2c7ba0e6fa90,synthetic_prior,0,154,0.9980765581130981,0.26969218254089355,76665.0,0.9972317814826965,30.976022720336914,-0.0021209716796875,0.9980747699737549,2019.88818359375,-0.0004284381866455078,0.9983857870101929,162.36514282226562,0.0005391240119934082,0.9902634024620056,0.020916275680065155,0.01754528284072876,0.9969907402992249,9.822691917419434,0.0029882192611694336,0.9980400800704956,16.67300033569336,0.002947986125946045,24,354,0.0018467903137207031
SLIM*MIX_oms_pat5_fn-full_extended_const-small_ints_latent128,9057152a-801c-11f1-8d02-2c7ba0e6fa90,synthetic_prior,0,155,0.9980672597885132,0.25354838371276855,76018.0,0.9967350363731384,30.960590362548828,-0.0011228322982788086,0.9980331063270569,2019.803955078125,-0.00034487247467041016,0.9983036518096924,162.35177612304688,0.0007035732269287109,0.9919969439506531,0.020952891558408737,0.014102518558502197,0.9965807795524597,9.818653106689453,0.0038079023361206055,0.9977964162826538,16.668928146362305,0.0034348368644714355,25,388,0.0018655061721801758
SLIM*MIX_oms_pat5_fn-full_extended_const-small_ints_latent128,9057152a-801c-11f1-8d02-2c7ba0e6fa90,synthetic_prior,0,156,0.9980672597885132,0.21165084838867188,73644.0,0.9967350363731384,30.960590362548828,-0.0011228322982788086,0.9980331063270569,2019.803955078125,-0.00034487247467041016,0.9983036518096924,162.35177612304688,0.0007035732269287109,0.9919969439506531,0.020952891558408737,0.014102518558502197,0.9965807795524597,9.818653106689453,0.0038079023361206055,0.9977964162826538,16.668928146362305,0.0034348368644714355,25,388,0.0018655061721801758
SLIM*MIX_oms_pat5_fn-full_extended_const-small_ints_latent128,9057152a-801c-11f1-8d02-2c7ba0e6fa90,synthetic_prior,0,157,0.9980672597885132,0.23834490776062012,74184.0,0.9967350363731384,30.960590362548828,-0.0011228322982788086,0.9980331063270569,2019.803955078125,-0.00034487247467041016,0.9983036518096924,162.35177612304688,0.0007035732269287109,0.9919969439506531,0.020952891558408737,0.014102518558502197,0.9965807795524597,9.818653106689453,0.0038079023361206055,0.9977964162826538,16.668928146362305,0.0034348368644714355,25,388,0.0018655061721801758
SLIM*MIX_oms_pat5_fn-full_extended_const-small_ints_latent128,9057152a-801c-11f1-8d02-2c7ba0e6fa90,synthetic_prior,0,158,0.9980649948120117,0.22284698486328125,74864.0,0.9975825548171997,30.98691749572754,-0.002826213836669922,0.9980105757713318,2019.75830078125,-0.00029981136322021484,0.997933566570282,162.29159545898438,0.0014442801475524902,0.9917596578598022,0.020947877317667007,0.014574170112609863,0.996506929397583,9.817925453186035,0.0039556026458740234,0.9976908564567566,16.667165756225586,0.003645598888397217,27,423,0.0018700361251831055
SLIM*MIX_oms_pat5_fn-full_extended_const-small_ints_latent128,9057152a-801c-11f1-8d02-2c7ba0e6fa90,synthetic_prior,0,159,0.9980649948120117,0.25289154052734375,73331.0,0.9975825548171997,30.98691749572754,-0.002826213836669922,0.9980105757713318,2019.75830078125,-0.00029981136322021484,0.997933566570282,162.29159545898438,0.0014442801475524902,0.9917596578598022,0.020947877317667007,0.014574170112609863,0.996506929397583,9.817925453186035,0.0039556026458740234,0.9976908564567566,16.667165756225586,0.003645598888397217,27,423,0.0018700361251831055
SLIM*MIX_oms_pat5_fn-full_extended_const-small_ints_latent128,9057152a-801c-11f1-8d02-2c7ba0e6fa90,synthetic_prior,0,160,0.9980649948120117,0.2387239933013916,73686.0,0.9975825548171997,30.98691749572754,-0.002826213836669922,0.9980105757713318,2019.75830078125,-0.00029981136322021484,0.997933566570282,162.29159545898438,0.0014442801475524902,0.9917596578598022,0.020947877317667007,0.014574170112609863,0.996506929397583,9.817925453186035,0.0039556026458740234,0.9976908564567566,16.667165756225586,0.003645598888397217,27,423,0.0018700361251831055
SLIM*MIX_oms_pat5_fn-full_extended_const-small_ints_latent128,9057152a-801c-11f1-8d02-2c7ba0e6fa90,synthetic_prior,0,161,0.9980649948120117,0.2350931167602539,71901.0,0.9975825548171997,30.98691749572754,-0.002826213836669922,0.9980105757713318,2019.75830078125,-0.00029981136322021484,0.997933566570282,162.29159545898438,0.0014442801475524902,0.9917596578598022,0.020947877317667007,0.014574170112609863,0.996506929397583,9.817925453186035,0.0039556026458740234,0.9976908564567566,16.667165756225586,0.003645598888397217,27,423,0.0018700361251831055
SLIM*MIX_oms_pat5_fn-full_extended_const-small_ints_latent128,9057152a-801c-11f1-8d02-2c7ba0e6fa90,synthetic_prior,0,162,0.9980649948120117,0.24152112007141113,71925.0,0.9975825548171997,30.98691749572754,-0.002826213836669922,0.9980105757713318,2019.75830078125,-0.00029981136322021484,0.997933566570282,162.29159545898438,0.0014442801475524902,0.9917596578598022,0.020947877317667007,0.014574170112609863,0.996506929397583,9.817925453186035,0.0039556026458740234,0.9976908564567566,16.667165756225586,0.003645598888397217,27,423,0.0018700361251831055
SLIM*MIX_oms_pat5_fn-full_extended_const-small_ints_latent128,9057152a-801c-11f1-8d02-2c7ba0e6fa90,synthetic_prior,0,163,0.9980649948120117,0.3023643493652344,37111.0,0.9975825548171997,30.98691749572754,-0.002826213836669922,0.9980105757713318,2019.75830078125,-0.00029981136322021484,0.997933566570282,162.29159545898438,0.0014442801475524902,0.9917596578598022,0.020947877317667007,0.014574170112609863,0.996506929397583,9.817925453186035,0.0039556026458740234,0.9976908564567566,16.667165756225586,0.003645598888397217,27,423,0.0018700361251831055
SLIM*MIX_oms_pat5_fn-full_extended_const-small_ints_latent128,9057152a-801c-11f1-8d02-2c7ba0e6fa90,synthetic_prior,0,164,0.9980649948120117,0.22208070755004883,52774.0,0.9975825548171997,30.98691749572754,-0.002826213836669922,0.9980105757713318,2019.75830078125,-0.00029981136322021484,0.997933566570282,162.29159545898438,0.0014442801475524902,0.9917596578598022,0.020947877317667007,0.014574170112609863,0.996506929397583,9.817925453186035,0.0039556026458740234,0.9976908564567566,16.667165756225586,0.003645598888397217,27,423,0.0018700361251831055
SLIM*MIX_oms_pat5_fn-full_extended_const-small_ints_latent128,9057152a-801c-11f1-8d02-2c7ba0e6fa90,synthetic_prior,0,165,0.9980649948120117,0.2189188003540039,65520.0,0.9975825548171997,30.98691749572754,-0.002826213836669922,0.9980105757713318,2019.75830078125,-0.00029981136322021484,0.997933566570282,162.29159545898438,0.0014442801475524902,0.9917596578598022,0.020947877317667007,0.014574170112609863,0.996506929397583,9.817925453186035,0.0039556026458740234,0.9976908564567566,16.667165756225586,0.003645598888397217,27,423,0.0018700361251831055
SLIM*MIX_oms_pat5_fn-full_extended_const-small_ints_latent128,9057152a-801c-11f1-8d02-2c7ba0e6fa90,synthetic_prior,0,166,0.9980649948120117,0.2705800533294678,71439.0,0.9975825548171997,30.98691749572754,-0.002826213836669922,0.9980105757713318,2019.75830078125,-0.00029981136322021484,0.997933566570282,162.29159545898438,0.0014442801475524902,0.9917596578598022,0.020947877317667007,0.014574170112609863,0.996506929397583,9.817925453186035,0.0039556026458740234,0.9976908564567566,16.667165756225586,0.003645598888397217,27,423,0.0018700361251831055
SLIM*MIX_oms_pat5_fn-full_extended_const-small_ints_latent128,9057152a-801c-11f1-8d02-2c7ba0e6fa90,synthetic_prior,0,167,0.9980422258377075,0.22109293937683105,73647.0,0.9966468214988708,30.957849502563477,-0.0009456872940063477,0.9980505704879761,2019.8392333984375,-0.00037992000579833984,0.998978316783905,162.46151733398438,-0.0006476640701293945,0.9934019446372986,0.020982567220926285,0.011307835578918457,0.9973831176757812,9.826557159423828,0.0022032856941223145,0.9983978271484375,16.67897605895996,0.0022330880165100098,25,383,0.0019155144691467285
SLIM*MIX_oms_pat5_fn-full_extended_const-small_ints_latent128,9057152a-801c-11f1-8d02-2c7ba0e6fa90,synthetic_prior,0,168,0.9980422258377075,0.2062366008758545,74298.0,0.9966468214988708,30.957849502563477,-0.0009456872940063477,0.9980505704879761,2019.8392333984375,-0.00037992000579833984,0.998978316783905,162.46151733398438,-0.0006476640701293945,0.9934019446372986,0.020982567220926285,0.011307835578918457,0.9973831176757812,9.826557159423828,0.0022032856941223145,0.9983978271484375,16.67897605895996,0.0022330880165100098,25,383,0.0019155144691467285
SLIM*MIX_oms_pat5_fn-full_extended_const-small_ints_latent128,9057152a-801c-11f1-8d02-2c7ba0e6fa90,synthetic_prior,0,169,0.9980422258377075,0.22064995765686035,73488.0,0.9966468214988708,30.957849502563477,-0.0009456872940063477,0.9980505704879761,2019.8392333984375,-0.00037992000579833984,0.998978316783905,162.46151733398438,-0.0006476640701293945,0.9934019446372986,0.020982567220926285,0.011307835578918457,0.9973831176757812,9.826557159423828,0.0022032856941223145,0.9983978271484375,16.67897605895996,0.0022330880165100098,25,383,0.0019155144691467285
SLIM*MIX_oms_pat5_fn-full_extended_const-small_ints_latent128,9057152a-801c-11f1-8d02-2c7ba0e6fa90,synthetic_prior,0,170,0.9980422258377075,0.22041559219360352,74815.0,0.9966468214988708,30.957849502563477,-0.0009456872940063477,0.9980505704879761,2019.8392333984375,-0.00037992000579833984,0.998978316783905,162.46151733398438,-0.0006476640701293945,0.9934019446372986,0.020982567220926285,0.011307835578918457,0.9973831176757812,9.826557159423828,0.0022032856941223145,0.9983978271484375,16.67897605895996,0.0022330880165100098,25,383,0.0019155144691467285
SLIM*MIX_oms_pat5_fn-full_extended_const-small_ints_latent128,9057152a-801c-11f1-8d02-2c7ba0e6fa90,synthetic_prior,0,171,0.9980422258377075,0.25360560417175293,75788.0,0.9966468214988708,30.957849502563477,-0.0009456872940063477,0.9980505704879761,2019.8392333984375,-0.00037992000579833984,0.998978316783905,162.46151733398438,-0.0006476640701293945,0.9934019446372986,0.020982567220926285,0.011307835578918457,0.9973831176757812,9.826557159423828,0.0022032856941223145,0.9983978271484375,16.67897605895996,0.0022330880165100098,25,383,0.0019155144691467285
SLIM*MIX_oms_pat5_fn-full_extended_const-small_ints_latent128,9057152a-801c-11f1-8d02-2c7ba0e6fa90,synthetic_prior,0,172,0.9980422258377075,0.2701704502105713,39807.0,0.9966468214988708,30.957849502563477,-0.0009456872940063477,0.9980505704879761,2019.8392333984375,-0.00037992000579833984,0.998978316783905,162.46151733398438,-0.0006476640701293945,0.9934019446372986,0.020982567220926285,0.011307835578918457,0.9973831176757812,9.826557159423828,0.0022032856941223145,0.9983978271484375,16.67897605895996,0.0022330880165100098,25,383,0.0019155144691467285
SLIM*MIX_oms_pat5_fn-full_extended_const-small_ints_latent128,9057152a-801c-11f1-8d02-2c7ba0e6fa90,synthetic_prior,0,173,0.9980422258377075,0.27049851417541504,59016.0,0.9966468214988708,30.957849502563477,-0.0009456872940063477,0.9980505704879761,2019.8392333984375,-0.00037992000579833984,0.998978316783905,162.46151733398438,-0.0006476640701293945,0.9934019446372986,0.020982567220926285,0.011307835578918457,0.9973831176757812,9.826557159423828,0.0022032856941223145,0.9983978271484375,16.67897605895996,0.0022330880165100098,25,383,0.0019155144691467285
SLIM*MIX_oms_pat5_fn-full_extended_const-small_ints_latent128,9057152a-801c-11f1-8d02-2c7ba0e6fa90,synthetic_prior,0,174,0.9980422258377075,0.22165918350219727,71901.0,0.9966468214988708,30.957849502563477,-0.0009456872940063477,0.9980505704879761,2019.8392333984375,-0.00037992000579833984,0.998978316783905,162.46151733398438,-0.0006476640701293945,0.9934019446372986,0.020982567220926285,0.011307835578918457,0.9973831176757812,9.826557159423828,0.0022032856941223145,0.9983978271484375,16.67897605895996,0.0022330880165100098,25,383,0.0019155144691467285
SLIM*MIX_oms_pat5_fn-full_extended_const-small_ints_latent128,9057152a-801c-11f1-8d02-2c7ba0e6fa90,synthetic_prior,0,175,0.9980320930480957,0.22348737716674805,78554.0,0.9966766834259033,30.958782196044922,-0.0010056495666503906,0.9980660080909729,2019.87060546875,-0.00041091442108154297,0.9990718960762024,162.4767303466797,-0.0008350610733032227,0.9928929209709167,0.020971817895770073,0.012320756912231445,0.9973168969154358,9.825905799865723,0.0023357272148132324,0.9983180165290833,16.677642822265625,0.0023926496505737305,27,418,0.0019358992576599121
SLIM*MIX_oms_pat5_fn-full_extended_const-small_ints_latent128,9057152a-801c-11f1-8d02-2c7ba0e6fa90,synthetic_prior,0,176,0.9980320930480957,0.2384357452392578,80475.0,0.9966766834259033,30.958782196044922,-0.0010056495666503906,0.9980660080909729,2019.87060546875,-0.00041091442108154297,0.9990718960762024,162.4767303466797,-0.0008350610733032227,0.9928929209709167,0.020971817895770073,0.012320756912231445,0.9973168969154358,9.825905799865723,0.0023357272148132324,0.9983180165290833,16.677642822265625,0.0023926496505737305,27,418,0.0019358992576599121
SLIM*MIX_oms_pat5_fn-full_extended_const-small_ints_latent128,9057152a-801c-11f1-8d02-2c7ba0e6fa90,synthetic_prior,0,177,0.9980270266532898,0.27597832679748535,82114.0,0.9972506761550903,30.97661018371582,-0.0021589994430541992,0.9979590177536011,2019.654052734375,-0.0001964569091796875,0.9986364245414734,162.40589904785156,3.719329833984375e-05,0.9956188201904297,0.02102939411997795,0.00689011812210083,0.9974856376647949,9.827568054199219,0.00199812650680542,0.9984771609306335,16.680301666259766,0.002074599266052246,30,465,0.0019459128379821777
SLIM*MIX_oms_pat5_fn-full_extended_const-small_ints_latent128,9057152a-801c-11f1-8d02-2c7ba0e6fa90,synthetic_prior,0,178,0.9980239868164062,0.22832798957824707,82791.0,0.9963565468788147,30.948833465576172,-0.00036263465881347656,0.9979164600372314,2019.56787109375,-0.00011110305786132812,0.999715268611908,162.5813446044922,-0.0021244287490844727,0.9916679859161377,0.020945942029356956,0.014756381511688232,0.997972309589386,9.83236312866211,0.0010240674018859863,0.9985213875770569,16.681039810180664,0.001986086368560791,27,410,0.001952052116394043
SLIM*MIX_oms_pat5_fn-full_extended_const-small_ints_latent128,9057152a-801c-11f1-8d02-2c7ba0e6fa90,synthetic_prior,0,179,0.9980239868164062,0.2373485565185547,83842.0,0.9963565468788147,30.948833465576172,-0.00036263465881347656,0.9979164600372314,2019.56787109375,-0.00011110305786132812,0.999715268611908,162.5813446044922,-0.0021244287490844727,0.9916679859161377,0.020945942029356956,0.014756381511688232,0.997972309589386,9.83236312866211,0.0010240674018859863,0.9985213875770569,16.681039810180664,0.001986086368560791,27,410,0.001952052116394043
SLIM*MIX_oms_pat5_fn-full_extended_const-small_ints_latent128,9057152a-801c-11f1-8d02-2c7ba0e6fa90,synthetic_prior,0,180,0.9980213046073914,0.2534458637237549,84284.0,0.9969675540924072,30.967815399169922,-0.001590132713317871,0.9982156157493591,2020.17333984375,-0.0007108449935913086,0.9994369745254517,162.5360870361328,-0.0015666484832763672,0.988671600818634,0.020882651209831238,0.020701289176940918,0.9970225691795349,9.823005676269531,0.002924501895904541,0.9979341626167297,16.67123031616211,0.0031595826148986816,28,423,0.001957416534423828
SLIM*MIX_oms_pat5_fn-full_extended_const-small_ints_latent128,9057152a-801c-11f1-8d02-2c7ba0e6fa90,synthetic_prior,0,181,0.9980213046073914,0.25310659408569336,85152.0,0.9969675540924072,30.967815399169922,-0.001590132713317871,0.9982156157493591,2020.17333984375,-0.0007108449935913086,0.9994369745254517,162.5360870361328,-0.0015666484832763672,0.988671600818634,0.020882651209831238,0.020701289176940918,0.9970225691795349,9.823005676269531,0.002924501895904541,0.9979341626167297,16.67123031616211,0.0031595826148986816,28,423,0.001957416534423828
SLIM*MIX_oms_pat5_fn-full_extended_const-small_ints_latent128,9057152a-801c-11f1-8d02-2c7ba0e6fa90,synthetic_prior,0,182,0.9980164766311646,0.2531120777130127,84992.0,0.9963654279708862,30.949111938476562,-0.00038051605224609375,0.9979210495948792,2019.5771484375,-0.00012028217315673828,0.9997068643569946,162.57998657226562,-0.0021077394485473633,0.9919240474700928,0.020951351150870323,0.014247417449951172,0.9979119896888733,9.831768989562988,0.001144707202911377,0.9984526634216309,16.67989158630371,0.0021234750747680664,28,424,0.0019670724868774414
SLIM*MIX_oms_pat5_fn-full_extended_const-small_ints_latent128,9057152a-801c-11f1-8d02-2c7ba0e6fa90,synthetic_prior,0,183,0.9980120062828064,0.24719619750976562,85625.0,0.9963952302932739,30.950037002563477,-0.00044035911560058594,0.9979082942008972,2019.5513916015625,-9.47713851928711e-05,0.9995877146720886,162.56060791015625,-0.0018688440322875977,0.9924774765968323,0.020963041111826897,0.013147175312042236,0.9979300498962402,9.831947326660156,0.0011086463928222656,0.99852055311203,16.681028366088867,0.001987755298614502,29,439,0.0019759535789489746
SLIM*MIX_oms_pat5_fn-full_extended_const-small_ints_latent128,9057152a-801c-11f1-8d02-2c7ba0e6fa90,synthetic_prior,0,184,0.9980120062828064,0.2530205249786377,86120.0,0.9963952302932739,30.950037002563477,-0.00044035911560058594,0.9979082942008972,2019.5513916015625,-9.47713851928711e-05,0.9995877146720886,162.56060791015625,-0.0018688440322875977,0.9924774765968323,0.020963041111826897,0.013147175312042236,0.9979300498962402,9.831947326660156,0.0011086463928222656,0.99852055311203,16.681028366088867,0.001987755298614502,29,439,0.0019759535789489746
SLIM*MIX_oms_pat5_fn-full_extended_const-small_ints_latent128,9057152a-801c-11f1-8d02-2c7ba0e6fa90,synthetic_prior,0,185,0.9980120062828064,0.249863862991333,86439.0,0.9963952302932739,30.950037002563477,-0.00044035911560058594,0.9979082942008972,2019.5513916015625,-9.47713851928711e-05,0.9995877146720886,162.56060791015625,-0.0018688440322875977,0.9924774765968323,0.020963041111826897,0.013147175312042236,0.9979300498962402,9.831947326660156,0.0011086463928222656,0.99852055311203,16.681028366088867,0.001987755298614502,29,439,0.0019759535789489746
SLIM*MIX_oms_pat5_fn-full_extended_const-small_ints_latent128,9057152a-801c-11f1-8d02-2c7ba0e6fa90,synthetic_prior,0,186,0.9980039596557617,0.2225799560546875,87307.0,0.9969125986099243,30.966108322143555,-0.0014796257019042969,0.9981079697608948,2019.9554443359375,-0.0004950761795043945,0.999295175075531,162.51303100585938,-0.0012824535369873047,0.988776683807373,0.02088487334549427,0.02049309015274048,0.997028112411499,9.823060989379883,0.002913355827331543,0.9979225993156433,16.671035766601562,0.003182709217071533,27,408,0.0019921064376831055
SLIM*MIX_oms_pat5_fn-full_extended_const-small_ints_latent128,9057152a-801c-11f1-8d02-2c7ba0e6fa90,synthetic_prior,0,187,0.9980039596557617,0.2918412685394287,88521.0,0.9969125986099243,30.966108322143555,-0.0014796257019042969,0.9981079697608948,2019.9554443359375,-0.0004950761795043945,0.999295175075531,162.51303100585938,-0.0012824535369873047,0.988776683807373,0.02088487334549427,0.02049309015274048,0.997028112411499,9.823060989379883,0.002913355827331543,0.9979225993156433,16.671035766601562,0.003182709217071533,27,408,0.0019921064376831055
SLIM*MIX_oms_pat5_fn-full_extended_const-small_ints_latent128,9057152a-801c-11f1-8d02-2c7ba0e6fa90,synthetic_prior,0,188,0.9980039596557617,0.28268957138061523,88415.0,0.9969125986099243,30.966108322143555,-0.0014796257019042969,0.9981079697608948,2019.9554443359375,-0.0004950761795043945,0.999295175075531,162.51303100585938,-0.0012824535369873047,0.988776683807373,0.02088487334549427,0.02049309015274048,0.997028112411499,9.823060989379883,0.002913355827331543,0.9979225993156433,16.671035766601562,0.003182709217071533,27,408,0.0019921064376831055
SLIM*MIX_oms_pat5_fn-full_extended_const-small_ints_latent128,9057152a-801c-11f1-8d02-2c7ba0e6fa90,synthetic_prior,0,189,0.997988224029541,0.24991607666015625,88361.0,0.9970383048057556,30.970012664794922,-0.0017322301864624023,0.9981052875518799,2019.9500732421875,-0.0004897117614746094,0.9992659091949463,162.50827026367188,-0.0012238025665283203,0.9874019622802734,0.02085583470761776,0.02321493625640869,0.9967558979988098,9.820378303527832,0.0034578442573547363,0.997850775718689,16.669837951660156,0.0033261775970458984,28,422,0.0020235180854797363
SLIM*MIX_oms_pat5_fn-full_extended_const-small_ints_latent128,9057152a-801c-11f1-8d02-2c7ba0e6fa90,synthetic_prior,0,190,0.997988224029541,0.21816682815551758,87417.0,0.9970383048057556,30.970012664794922,-0.0017322301864624023,0.9981052875518799,2019.9500732421875,-0.0004897117614746094,0.9992659091949463,162.50827026367188,-0.0012238025665283203,0.9874019622802734,0.02085583470761776,0.02321493625640869,0.9967558979988098,9.820378303527832,0.0034578442573547363,0.997850775718689,16.669837951660156,0.0033261775970458984,28,422,0.0020235180854797363
SLIM*MIX_oms_pat5_fn-full_extended_const-small_ints_latent128,9057152a-801c-11f1-8d02-2c7ba0e6fa90,synthetic_prior,0,191,0.997988224029541,0.27425312995910645,86569.0,0.9970383048057556,30.970012664794922,-0.0017322301864624023,0.9981052875518799,2019.9500732421875,-0.0004897117614746094,0.9992659091949463,162.50827026367188,-0.0012238025665283203,0.9874019622802734,0.02085583470761776,0.02321493625640869,0.9967558979988098,9.820378303527832,0.0034578442573547363,0.997850775718689,16.669837951660156,0.0033261775970458984,28,422,0.0020235180854797363
SLIM*MIX_oms_pat5_fn-full_extended_const-small_ints_latent128,9057152a-801c-11f1-8d02-2c7ba0e6fa90,synthetic_prior,0,192,0.997988224029541,0.2546374797821045,86103.0,0.9970383048057556,30.970012664794922,-0.0017322301864624023,0.9981052875518799,2019.9500732421875,-0.0004897117614746094,0.9992659091949463,162.50827026367188,-0.0012238025665283203,0.9874019622802734,0.02085583470761776,0.02321493625640869,0.9967558979988098,9.820378303527832,0.0034578442573547363,0.997850775718689,16.669837951660156,0.0033261775970458984,28,422,0.0020235180854797363
SLIM*MIX_oms_pat5_fn-full_extended_const-small_ints_latent128,9057152a-801c-11f1-8d02-2c7ba0e6fa90,synthetic_prior,0,193,0.997988224029541,0.21288228034973145,84772.0,0.9970383048057556,30.970012664794922,-0.0017322301864624023,0.9981052875518799,2019.9500732421875,-0.0004897117614746094,0.9992659091949463,162.50827026367188,-0.0012238025665283203,0.9874019622802734,0.02085583470761776,0.02321493625640869,0.9967558979988098,9.820378303527832,0.0034578442573547363,0.997850775718689,16.669837951660156,0.0033261775970458984,28,422,0.0020235180854797363
SLIM*MIX_oms_pat5_fn-full_extended_const-small_ints_latent128,9057152a-801c-11f1-8d02-2c7ba0e6fa90,synthetic_prior,0,194,0.997988224029541,0.25102853775024414,41860.0,0.9970383048057556,30.970012664794922,-0.0017322301864624023,0.9981052875518799,2019.9500732421875,-0.0004897117614746094,0.9992659091949463,162.50827026367188,-0.0012238025665283203,0.9874019622802734,0.02085583470761776,0.02321493625640869,0.9967558979988098,9.820378303527832,0.0034578442573547363,0.997850775718689,16.669837951660156,0.0033261775970458984,28,422,0.0020235180854797363
SLIM*MIX_oms_pat5_fn-full_extended_const-small_ints_latent128,9057152a-801c-11f1-8d02-2c7ba0e6fa90,synthetic_prior,0,195,0.997988224029541,0.25046372413635254,60699.0,0.9970383048057556,30.970012664794922,-0.0017322301864624023,0.9981052875518799,2019.9500732421875,-0.0004897117614746094,0.9992659091949463,162.50827026367188,-0.0012238025665283203,0.9874019622802734,0.02085583470761776,0.02321493625640869,0.9967558979988098,9.820378303527832,0.0034578442573547363,0.997850775718689,16.669837951660156,0.0033261775970458984,28,422,0.0020235180854797363
SLIM*MIX_oms_pat5_fn-full_extended_const-small_ints_latent128,9057152a-801c-11f1-8d02-2c7ba0e6fa90,synthetic_prior,0,196,0.997988224029541,0.21833157539367676,74618.0,0.9970383048057556,30.970012664794922,-0.0017322301864624023,0.9981052875518799,2019.9500732421875,-0.0004897117614746094,0.9992659091949463,162.50827026367188,-0.0012238025665283203,0.9874019622802734,0.02085583470761776,0.02321493625640869,0.9967558979988098,9.820378303527832,0.0034578442573547363,0.997850775718689,16.669837951660156,0.0033261775970458984,28,422,0.0020235180854797363
SLIM*MIX_oms_pat5_fn-full_extended_const-small_ints_latent128,9057152a-801c-11f1-8d02-2c7ba0e6fa90,synthetic_prior,0,197,0.997988224029541,0.23549842834472656,80174.0,0.9970383048057556,30.970012664794922,-0.0017322301864624023,0.9981052875518799,2019.9500732421875,-0.0004897117614746094,0.9992659091949463,162.50827026367188,-0.0012238025665283203,0.9874019622802734,0.02085583470761776,0.02321493625640869,0.9967558979988098,9.820378303527832,0.0034578442573547363,0.997850775718689,16.669837951660156,0.0033261775970458984,28,422,0.0020235180854797363
SLIM*MIX_oms_pat5_fn-full_extended_const-small_ints_latent128,9057152a-801c-11f1-8d02-2c7ba0e6fa90,synthetic_prior,0,198,0.997988224029541,0.26671409606933594,80906.0,0.9970383048057556,30.970012664794922,-0.0017322301864624023,0.9981052875518799,2019.9500732421875,-0.0004897117614746094,0.9992659091949463,162.50827026367188,-0.0012238025665283203,0.9874019622802734,0.02085583470761776,0.02321493625640869,0.9967558979988098,9.820378303527832,0.0034578442573547363,0.997850775718689,16.669837951660156,0.0033261775970458984,28,422,0.0020235180854797363
SLIM*MIX_oms_pat5_fn-full_extended_const-small_ints_latent128,9057152a-801c-11f1-8d02-2c7ba0e6fa90,synthetic_prior,0,199,0.997988224029541,0.29712867736816406,40797.0,0.9970383048057556,30.970012664794922,-0.0017322301864624023,0.9981052875518799,2019.9500732421875,-0.0004897117614746094,0.9992659091949463,162.50827026367188,-0.0012238025665283203,0.9874019622802734,0.02085583470761776,0.02321493625640869,0.9967558979988098,9.820378303527832,0.0034578442573547363,0.997850775718689,16.669837951660156,0.0033261775970458984,28,422,0.0020235180854797363
SLIM*MIX_oms_pat5_fn-full_extended_const-small_ints_latent128,9057152a-801c-11f1-8d02-2c7ba0e6fa90,synthetic_prior,0,200,0.997988224029541,0.20453977584838867,62246.0,0.9970383048057556,30.970012664794922,-0.0017322301864624023,0.9981052875518799,2019.9500732421875,-0.0004897117614746094,0.9992659091949463,162.50827026367188,-0.0012238025665283203,0.9874019622802734,0.02085583470761776,0.02321493625640869,0.9967558979988098,9.820378303527832,0.0034578442573547363,0.997850775718689,16.669837951660156,0.0033261775970458984,28,422,0.0020235180854797363
SLIM*MIX_oms_pat5_fn-full_extended_const-small_ints_latent256,9057152a-801c-11f1-8d02-2c7ba0e6fa90,synthetic_prior,0,0,0.9989995360374451,0.20436954498291016,913.0,0.9961758852005005,30.94322395324707,0.0,0.9978610277175903,2019.455810546875,0.0,0.9986550211906433,162.408935546875,0.0,0.9990666508674622,0.021102217957377434,0.0,0.9984836578369141,9.837401390075684,0.0,0.9995144605636597,16.6976318359375,0.0,1,2,0.0
SLIM*MIX_oms_pat5_fn-full_extended_const-small_ints_latent256,9057152a-801c-11f1-8d02-2c7ba0e6fa90,synthetic_prior,0,1,0.9989995360374451,0.24067091941833496,2422.0,0.9961758852005005,30.94322395324707,0.0,0.9978610277175903,2019.455810546875,0.0,0.9986550211906433,162.408935546875,0.0,0.9990666508674622,0.021102217957377434,0.0,0.9984836578369141,9.837401390075684,0.0,0.9995144605636597,16.6976318359375,0.0,1,2,0.0
SLIM*MIX_oms_pat5_fn-full_extended_const-small_ints_latent256,9057152a-801c-11f1-8d02-2c7ba0e6fa90,synthetic_prior,0,2,0.9989995360374451,0.23812437057495117,2911.0,0.9961758852005005,30.94322395324707,0.0,0.9978610277175903,2019.455810546875,0.0,0.9986550211906433,162.408935546875,0.0,0.9990666508674622,0.021102217957377434,0.0,0.9984836578369141,9.837401390075684,0.0,0.9995144605636597,16.6976318359375,0.0,1,2,0.0
SLIM*MIX_oms_pat5_fn-full_extended_const-small_ints_latent256,9057152a-801c-11f1-8d02-2c7ba0e6fa90,synthetic_prior,0,3,0.9989995360374451,0.25472497940063477,3644.0,0.9961758852005005,30.94322395324707,0.0,0.9978610277175903,2019.455810546875,0.0,0.9986550211906433,162.408935546875,0.0,0.9990666508674622,0.021102217957377434,0.0,0.9984836578369141,9.837401390075684,0.0,0.9995144605636597,16.6976318359375,0.0,1,2,0.0
SLIM*MIX_oms_pat5_fn-full_extended_const-small_ints_latent256,9057152a-801c-11f1-8d02-2c7ba0e6fa90,synthetic_prior,0,4,0.9989970922470093,0.25351881980895996,4088.0,0.9960958957672119,30.940738677978516,0.00016057491302490234,0.9978657364845276,2019.46533203125,-9.5367431640625e-06,0.9986680150032043,162.41102600097656,-2.6106834411621094e-05,0.9991336464881897,0.0211036317050457,-0.00013399124145507812,0.998434841632843,9.836920738220215,9.775161743164062e-05,0.9994420409202576,16.696422576904297,0.00014483928680419922,4,42,4.887580871582031e-06
SLIM*MIX_oms_pat5_fn-full_extended_const-small_ints_latent256,9057152a-801c-11f1-8d02-2c7ba0e6fa90,synthetic_prior,0,5,0.9989898800849915,0.23873686790466309,5130.0,0.996105432510376,30.941036224365234,0.00014144182205200195,0.9979089498519897,2019.5526123046875,-9.608268737792969e-05,0.9986454844474792,162.40737915039062,1.9073486328125e-05,0.9993265271186829,0.021107705309987068,-0.0005203485488891602,0.9982988238334656,9.835579872131348,0.00037026405334472656,0.9995653033256531,16.6984806060791,-0.00010180473327636719,5,55,1.9311904907226562e-05
SLIM*MIX_oms_pat5_fn-full_extended_const-small_ints_latent256,9057152a-801c-11f1-8d02-2c7ba0e6fa90,synthetic_prior,0,6,0.9989804029464722,0.2616751194000244,5682.0,0.9960430860519409,30.939098358154297,0.00026667118072509766,0.9979336261749268,2019.6025390625,-0.0001455545425415039,0.9986403584480286,162.40652465820312,2.9385089874267578e-05,0.99958735704422,0.021113215014338493,-0.0010426044464111328,0.9981255531311035,9.83387279510498,0.0007172226905822754,0.9996103048324585,16.69923210144043,-0.00019180774688720703,6,69,3.826618194580078e-05
SLIM*MIX_oms_pat5_fn-full_extended_const-small_ints_latent256,9057152a-801c-11f1-8d02-2c7ba0e6fa90,synthetic_prior,0,7,0.9989745020866394,0.20759177207946777,6321.0,0.9961003661155701,30.94087791442871,0.00015163421630859375,0.9980012774467468,2019.739501953125,-0.0002810955047607422,0.9986492395401001,162.40798950195312,1.1622905731201172e-05,0.9994312524795532,0.021109918132424355,-0.0007300376892089844,0.9982805252075195,9.835399627685547,0.0004069209098815918,0.999445915222168,16.69648551940918,0.00013715028762817383,7,82,5.0008296966552734e-05
SLIM*MIX_oms_pat5_fn-full_extended_const-small_ints_latent256,9057152a-801c-11f1-8d02-2c7ba0e6fa90,synthetic_prior,0,8,0.9989659786224365,0.1832270622253418,6790.0,0.9959673881530762,30.93674659729004,0.00041854381561279297,0.9979748725891113,2019.68603515625,-0.0002282857894897461,0.9986438751220703,162.40711975097656,2.2351741790771484e-05,0.9995838403701782,0.021113138645887375,-0.0010355710983276367,0.9985101819038391,9.837661743164062,-5.3048133850097656e-05,0.999602735042572,16.69910430908203,-0.0001766681671142578,8,95,6.711483001708984e-05
SLIM*MIX_oms_pat5_fn-full_extended_const-small_ints_latent256,9057152a-801c-11f1-8d02-2c7ba0e6fa90,synthetic_prior,0,9,0.9989659786224365,0.1994023323059082,8682.0,0.9959673881530762,30.93674659729004,0.00041854381561279297,0.9979748725891113,2019.68603515625,-0.0002282857894897461,0.9986438751220703,162.40711975097656,2.2351741790771484e-05,0.9995838403701782,0.021113138645887375,-0.0010355710983276367,0.9985101819038391,9.837661743164062,-5.3048133850097656e-05,0.999602735042572,16.69910430908203,-0.0001766681671142578,8,95,6.711483001708984e-05
SLIM*MIX_oms_pat5_fn-full_extended_const-small_ints_latent256,9057152a-801c-11f1-8d02-2c7ba0e6fa90,synthetic_prior,0,10,0.9989544153213501,0.2160637378692627,10667.0,0.9958701133728027,30.933725357055664,0.0006137490272521973,0.9980436563491821,2019.8253173828125,-0.0003660917282104492,0.9986163973808289,162.40264892578125,7.730722427368164e-05,0.9999170303344727,0.02112017758190632,-0.001703023910522461,0.9985122680664062,9.837682723999023,-5.7220458984375e-05,0.9996553063392639,16.699983596801758,-0.0002818107604980469,9,107,9.02414321899414e-05
SLIM*MIX_oms_pat5_fn-full_extended_const-small_ints_latent256,9057152a-801c-11f1-8d02-2c7ba0e6fa90,synthetic_prior,0,11,0.9989508986473083,0.20002508163452148,11547.0,0.9959946870803833,30.93759536743164,0.000363767147064209,0.9980268478393555,2019.7913818359375,-0.0003324747085571289,0.9984900951385498,162.38211059570312,0.00033020973205566406,0.9994085431098938,0.021109437569975853,-0.0006844997406005859,0.9983040690422058,9.83563232421875,0.0003597140312194824,0.999573826789856,16.698623657226562,-0.0001188516616821289,10,125,9.72747802734375e-05
SLIM*MIX_oms_pat5_fn-full_extended_const-small_ints_latent256,9057152a-801c-11f1-8d02-2c7ba0e6fa90,synthetic_prior,0,12,0.9989405870437622,0.19205737113952637,14448.0,0.9956997632980347,30.928436279296875,0.0009556412696838379,0.9980659484863281,2019.8702392578125,-0.0004107952117919922,0.9986103773117065,162.40167236328125,8.940696716308594e-05,0.9995324015617371,0.021112052723765373,-0.0009325742721557617,0.998390793800354,9.836485862731934,0.00018608570098876953,0.9996177554130554,16.699356079101562,-0.00020682811737060547,10,121,0.00011795759201049805
SLIM*MIX_oms_pat5_fn-full_extended_const-small_ints_latent256,9057152a-801c-11f1-8d02-2c7ba0e6fa90,synthetic_prior,0,13,0.9989207983016968,0.20666098594665527,17288.0,0.9959114789962769,30.93501091003418,0.0005307793617248535,0.9981219172477722,2019.9837646484375,-0.0005230903625488281,0.9986392259597778,162.4063720703125,3.159046173095703e-05,1.0010836124420166,0.021144818514585495,-0.004041790962219238,0.9981787204742432,9.834397315979004,0.0006107091903686523,0.9997233748435974,16.701122283935547,-0.00041806697845458984,12,146,0.0001575946807861328
SLIM*MIX_oms_pat5_fn-full_extended_const-small_ints_latent256,9057152a-801c-11f1-8d02-2c7ba0e6fa90,synthetic_prior,0,14,0.9989069104194641,0.19994616508483887,20589.0,0.9957995414733887,30.93153190612793,0.0007554292678833008,0.9980859160423279,2019.9107666015625,-0.0004507303237915039,0.9983832240104675,162.36473083496094,0.0005441904067993164,0.9997005462646484,0.021115606650710106,-0.0012694597244262695,0.998016893863678,9.832802772521973,0.0009348392486572266,1.0003080368041992,16.710887908935547,-0.001588582992553711,11,144,0.00018531084060668945
SLIM*MIX_oms_pat5_fn-full_extended_const-small_ints_latent256,9057152a-801c-11f1-8d02-2c7ba0e6fa90,synthetic_prior,0,15,0.9988864660263062,0.22370123863220215,22599.0,0.9959450960159302,30.936052322387695,0.0004634261131286621,0.9981422424316406,2020.0247802734375,-0.0005637407302856445,0.9986687302589417,162.41114807128906,-2.7418136596679688e-05,1.0016326904296875,0.021156415343284607,-0.005143404006958008,0.9976955652236938,9.829636573791504,0.0015780329704284668,0.9996997714042664,16.700727462768555,-0.00037086009979248047,13,158,0.0002262592315673828
SLIM*MIX_oms_pat5_fn-full_extended_const-small_ints_latent256,9057152a-801c-11f1-8d02-2c7ba0e6fa90,synthetic_prior,0,16,0.9988864660263062,0.2084217071533203,24936.0,0.9959450960159302,30.936052322387695,0.0004634261131286621,0.9981422424316406,2020.0247802734375,-0.0005637407302856445,0.9986687302589417,162.41114807128906,-2.7418136596679688e-05,1.0016326904296875,0.021156415343284607,-0.005143404006958008,0.9976955652236938,9.829636573791504,0.0015780329704284668,0.9996997714042664,16.700727462768555,-0.00037086009979248047,13,158,0.0002262592315673828
SLIM*MIX_oms_pat5_fn-full_extended_const-small_ints_latent256,9057152a-801c-11f1-8d02-2c7ba0e6fa90,synthetic_prior,0,17,0.9988759756088257,0.27139806747436523,28342.0,0.9960879683494568,30.940492630004883,0.00017654895782470703,0.9976805448532104,2019.0904541015625,0.0003616213798522949,0.998786449432373,162.4302978515625,-0.000263214111328125,0.9992497563362122,0.021106084808707237,-0.00036656856536865234,0.9976192116737366,9.82888412475586,0.001730799674987793,0.9995953440666199,16.69898223876953,-0.00016176700592041016,13,170,0.0002472400665283203
SLIM*MIX_oms_pat5_fn-full_extended_const-small_ints_latent256,9057152a-801c-11f1-8d02-2c7ba0e6fa90,synthetic_prior,0,18,0.9988246560096741,0.2383420467376709,29645.0,0.9959876537322998,30.937376022338867,0.00037783384323120117,0.9983776211738586,2020.501220703125,-0.0010356903076171875,0.9986501932144165,162.4081268310547,9.715557098388672e-06,1.0025802850723267,0.021176429465413094,-0.007046103477478027,0.9968324899673462,9.821133613586426,0.003304600715637207,0.999944269657135,16.704811096191406,-0.0008603334426879883,14,175,0.00034993886947631836
SLIM*MIX_oms_pat5_fn-full_extended_const-small_ints_latent256,9057152a-801c-11f1-8d02-2c7ba0e6fa90,synthetic_prior,0,19,0.998822033405304,0.20803046226501465,32316.0,0.9959465861320496,30.93610191345215,0.0004603266716003418,0.9984267354011536,2020.6005859375,-0.0011341571807861328,0.9986401200294495,162.40650939941406,2.9802322387695312e-05,1.0021171569824219,0.021166648715734482,-0.006115913391113281,0.9965943694114685,9.81878662109375,0.003780841827392578,0.9999483823776245,16.704879760742188,-0.0008684396743774414,15,190,0.00035518407821655273
SLIM*MIX_oms_pat5_fn-full_extended_const-small_ints_latent256,9057152a-801c-11f1-8d02-2c7ba0e6fa90,synthetic_prior,0,20,0.9987886548042297,0.20714545249938965,35137.0,0.9963810443878174,30.949594497680664,-0.0004118680953979492,0.9982433319091797,2020.2293701171875,-0.0007663965225219727,0.9984168410301208,162.3701934814453,0.0004769563674926758,1.0027536153793335,0.02118009328842163,-0.007394552230834961,0.9960663318634033,9.81358528137207,0.004836142063140869,1.0000933408737183,16.707300186157227,-0.0011587142944335938,16,209,0.0004221200942993164
SLIM*MIX_oms_pat5_fn-full_extended_const-small_ints_latent256,9057152a-801c-11f1-8d02-2c7ba0e6fa90,synthetic_prior,0,21,0.9987865686416626,0.20729374885559082,36735.0,0.99644935131073,30.95171546936035,-0.0005490779876708984,0.9981765151023865,2020.0943603515625,-0.0006325244903564453,0.9983541369438171,162.3599853515625,0.0006024837493896484,1.002719521522522,0.02117937244474888,-0.007325887680053711,0.9958418607711792,9.811373710632324,0.005284667015075684,1.0000340938568115,16.706310272216797,-0.0010399818420410156,17,228,0.00042629241943359375
SLIM*MIX_oms_pat5_fn-full_extended_const-small_ints_latent256,9057152a-801c-11f1-8d02-2c7ba0e6fa90,synthetic_prior,0,22,0.9987757802009583,0.1922464370727539,37802.0,0.9960426688194275,30.939085006713867,0.0002675056457519531,0.9978334903717041,2019.39990234375,5.519390106201172e-05,0.999137282371521,162.4873504638672,-0.0009660720825195312,0.9994753003120422,0.02111084759235382,-0.0008182525634765625,0.9975473284721375,9.82817554473877,0.0018746256828308105,0.9996993541717529,16.700719833374023,-0.000370025634765625,17,231,0.0004477500915527344
SLIM*MIX_oms_pat5_fn-full_extended_const-small_ints_latent256,9057152a-801c-11f1-8d02-2c7ba0e6fa90,synthetic_prior,0,23,0.9987593293190002,0.21117520332336426,39061.0,0.9960495233535767,30.939300537109375,0.0002537369728088379,0.9979182481765747,2019.571533203125,-0.00011467933654785156,0.9992489218711853,162.50550842285156,-0.0011898279190063477,0.9990769624710083,0.021102434024214745,-2.0623207092285156e-05,0.9982308149337769,9.83491039276123,0.0005064606666564941,0.9997636079788208,16.701793670654297,-0.000498652458190918,18,255,0.0004807710647583008
SLIM*MIX_oms_pat5_fn-full_extended_const-small_ints_latent256,9057152a-801c-11f1-8d02-2c7ba0e6fa90,synthetic_prior,0,24,0.9987593293190002,0.22184538841247559,41499.0,0.9960495233535767,30.939300537109375,0.0002537369728088379,0.9979182481765747,2019.571533203125,-0.00011467933654785156,0.9992489218711853,162.50550842285156,-0.0011898279190063477,0.9990769624710083,0.021102434024214745,-2.0623207092285156e-05,0.9982308149337769,9.83491039276123,0.0005064606666564941,0.9997636079788208,16.701793670654297,-0.000498652458190918,18,255,0.0004807710647583008
SLIM*MIX_oms_pat5_fn-full_extended_const-small_ints_latent256,9057152a-801c-11f1-8d02-2c7ba0e6fa90,synthetic_prior,0,25,0.9988579750061035,0.25586748123168945,43620.0,0.9963037371635437,30.947193145751953,-0.00025665760040283203,0.9975811243057251,2018.8892822265625,0.0005608797073364258,0.9982723593711853,162.34669494628906,0.0007661581039428711,0.9995021224021912,0.021111413836479187,-0.0008718967437744141,0.9978457093238831,9.83111572265625,0.0012774467468261719,0.999235212802887,16.692964553833008,0.0005587339401245117,17,250,0.00028330087661743164
SLIM*MIX_oms_pat5_fn-full_extended_const-small_ints_latent256,9057152a-801c-11f1-8d02-2c7ba0e6fa90,synthetic_prior,0,26,0.9987213611602783,0.23765826225280762,45486.0,0.9959808588027954,30.937166213989258,0.00039142370223999023,0.9978119134902954,2019.3564453125,9.840726852416992e-05,0.999485433101654,162.54397583007812,-0.0016636848449707031,0.9989737272262573,0.021100251004099846,0.00018608570098876953,0.9982746243476868,9.835341453552246,0.00041872262954711914,0.9998600482940674,16.70340347290039,-0.0006916522979736328,19,271,0.0005567669868469238
SLIM*MIX_oms_pat5_fn-full_extended_const-small_ints_latent256,9057152a-801c-11f1-8d02-2c7ba0e6fa90,synthetic_prior,0,27,0.9986991882324219,0.23244810104370117,48135.0,0.9964054226875305,30.95035171508789,-0.0004608631134033203,0.9983833432197571,2020.5126953125,-0.0010471343994140625,1.000097393989563,162.64349365234375,-0.0028907060623168945,0.9995243549346924,0.021111883223056793,-0.0009164810180664062,0.9986898899078369,9.839432716369629,-0.00041306018829345703,0.9998889565467834,16.703886032104492,-0.0007494688034057617,20,289,0.0006010532379150391
SLIM*MIX_oms_pat5_fn-full_extended_const-small_ints_latent256,9057152a-801c-11f1-8d02-2c7ba0e6fa90,synthetic_prior,0,28,0.9986754059791565,0.23913335800170898,51403.0,0.9956770539283752,30.927730560302734,0.0010012388229370117,0.9973359704017639,2018.39306640625,0.0010520219802856445,0.9992103576660156,162.49923706054688,-0.0011124610900878906,0.9998474717140198,0.021118709817528725,-0.0015637874603271484,0.9971194863319397,9.82396125793457,0.0027306079864501953,1.0001376867294312,16.70804214477539,-0.0012475252151489258,20,288,0.0006486773490905762
SLIM*MIX_oms_pat5_fn-full_extended_const-small_ints_latent256,9057152a-801c-11f1-8d02-2c7ba0e6fa90,synthetic_prior,0,29,0.9986754059791565,0.2255871295928955,53097.0,0.9956770539283752,30.927730560302734,0.0010012388229370117,0.9973359704017639,2018.39306640625,0.0010520219802856445,0.9992103576660156,162.49923706054688,-0.0011124610900878906,0.9998474717140198,0.021118709817528725,-0.0015637874603271484,0.9971194863319397,9.82396125793457,0.0027306079864501953,1.0001376867294312,16.70804214477539,-0.0012475252151489258,20,288,0.0006486773490905762
SLIM*MIX_oms_pat5_fn-full_extended_const-small_ints_latent256,9057152a-801c-11f1-8d02-2c7ba0e6fa90,synthetic_prior,0,30,0.9986754059791565,0.1898033618927002,54353.0,0.9956770539283752,30.927730560302734,0.0010012388229370117,0.9973359704017639,2018.39306640625,0.0010520219802856445,0.9992103576660156,162.49923706054688,-0.0011124610900878906,0.9998474717140198,0.021118709817528725,-0.0015637874603271484,0.9971194863319397,9.82396125793457,0.0027306079864501953,1.0001376867294312,16.70804214477539,-0.0012475252151489258,20,288,0.0006486773490905762
SLIM*MIX_oms_pat5_fn-full_extended_const-small_ints_latent256,9057152a-801c-11f1-8d02-2c7ba0e6fa90,synthetic_prior,0,31,0.9986754059791565,0.20459651947021484,54522.0,0.9956770539283752,30.927730560302734,0.0010012388229370117,0.9973359704017639,2018.39306640625,0.0010520219802856445,0.9992103576660156,162.49923706054688,-0.0011124610900878906,0.9998474717140198,0.021118709817528725,-0.0015637874603271484,0.9971194863319397,9.82396125793457,0.0027306079864501953,1.0001376867294312,16.70804214477539,-0.0012475252151489258,20,288,0.0006486773490905762
SLIM*MIX_oms_pat5_fn-full_extended_const-small_ints_latent256,9057152a-801c-11f1-8d02-2c7ba0e6fa90,synthetic_prior,0,32,0.9986754059791565,0.25493669509887695,55631.0,0.9956770539283752,30.927730560302734,0.0010012388229370117,0.9973359704017639,2018.39306640625,0.0010520219802856445,0.9992103576660156,162.49923706054688,-0.0011124610900878906,0.9998474717140198,0.021118709817528725,-0.0015637874603271484,0.9971194863319397,9.82396125793457,0.0027306079864501953,1.0001376867294312,16.70804214477539,-0.0012475252151489258,20,288,0.0006486773490905762
SLIM*MIX_oms_pat5_fn-full_extended_const-small_ints_latent256,9057152a-801c-11f1-8d02-2c7ba0e6fa90,synthetic_prior,0,33,0.9987457990646362,0.28699302673339844,29633.0,0.9955535531044006,30.923892974853516,0.0012491345405578613,0.997338593006134,2018.3984375,0.0010468363761901855,0.9990859627723694,162.47900390625,-0.0008633136749267578,0.9996163845062256,0.02111382782459259,-0.001100778579711914,0.9981411695480347,9.834027290344238,0.0006859302520751953,1.0001883506774902,16.708887100219727,-0.0013488531112670898,21,300,0.0005078911781311035
SLIM*MIX_oms_pat5_fn-full_extended_const-small_ints_latent256,9057152a-801c-11f1-8d02-2c7ba0e6fa90,synthetic_prior,0,34,0.9986445903778076,0.22392678260803223,45532.0,0.9958769679069519,30.93393898010254,0.0006000399589538574,0.9975666403770447,2018.8599853515625,0.000589907169342041,0.9992108345031738,162.4993133544922,-0.0011134147644042969,0.9998559355735779,0.0211188867688179,-0.0015805959701538086,0.9967772364616394,9.820589065551758,0.0034151673316955566,1.0002893209457397,16.710573196411133,-0.001550912857055664,24,351,0.0007104277610778809
SLIM*MIX_oms_pat5_fn-full_extended_const-small_ints_latent256,9057152a-801c-11f1-8d02-2c7ba0e6fa90,synthetic_prior,0,35,0.9987124800682068,0.2226715087890625,55330.0,0.9954896569252014,30.921907424926758,0.0013772845268249512,0.9973357319831848,2018.3927001953125,0.001052558422088623,0.9993801712989807,162.52684020996094,-0.001452803611755371,0.9996930360794067,0.02111544832587242,-0.0012543201446533203,0.9971712231636047,9.824470520019531,0.002627134323120117,1.0001622438430786,16.708450317382812,-0.0012966394424438477,20,290,0.0005745291709899902
SLIM*MIX_oms_pat5_fn-full_extended_const-small_ints_latent256,9057152a-801c-11f1-8d02-2c7ba0e6fa90,synthetic_prior,0,36,0.998724639415741,0.23917269706726074,59769.0,0.9954009652137756,30.919151306152344,0.0015552043914794922,0.9972970485687256,2018.314453125,0.0011300444602966309,0.9986664652824402,162.4107666015625,-2.288818359375e-05,1.0003911256790161,0.021130193024873734,-0.0026532411575317383,0.9945591688156128,9.798735618591309,0.007845520973205566,1.003197193145752,16.759151458740234,-0.007382631301879883,19,291,0.0005502104759216309
SLIM*MIX_oms_pat5_fn-full_extended_const-small_ints_latent256,9057152a-801c-11f1-8d02-2c7ba0e6fa90,synthetic_prior,0,37,0.9986279606819153,0.22264409065246582,61942.0,0.9950895309448242,30.90947914123535,0.0021799206733703613,0.9972991347312927,2018.318603515625,0.0011258125305175781,0.9990347027778625,162.47067260742188,-0.0007605552673339844,0.9992527365684509,0.021106146275997162,-0.0003725290298461914,0.9969719648361206,9.822507858276367,0.0030257701873779297,1.0008748769760132,16.72035789489746,-0.0027239322662353516,23,345,0.0007437467575073242
SLIM*MIX_oms_pat5_fn-full_extended_const-small_ints_latent256,9057152a-801c-11f1-8d02-2c7ba0e6fa90,synthetic_prior,0,38,0.9986005425453186,0.24059844017028809,64729.0,0.9955347180366516,30.92330551147461,0.001286923885345459,0.9978871941566467,2019.508544921875,-5.233287811279297e-05,0.9989035129547119,162.44932556152344,-0.0004976987838745117,0.9990834593772888,0.021102571859955788,-3.361701965332031e-05,0.9968780875205994,9.821582794189453,0.0032134652137756348,1.0012216567993164,16.72614860534668,-0.0034189224243164062,23,335,0.0007985830307006836
SLIM*MIX_oms_pat5_fn-full_extended_const-small_ints_latent256,9057152a-801c-11f1-8d02-2c7ba0e6fa90,synthetic_prior,0,39,0.9985673427581787,0.23983168601989746,65630.0,0.9958652853965759,30.933574676513672,0.0006235241889953613,0.9977774620056152,2019.2864990234375,0.00016754865646362305,0.9994925260543823,162.54513549804688,-0.0016779899597167969,1.000633955001831,0.021135322749614716,-0.003140091896057129,0.9975774884223938,9.828473091125488,0.0018142461776733398,0.9999147653579712,16.704317092895508,-0.0008012056350708008,26,382,0.0008649826049804688
SLIM*MIX_oms_pat5_fn-full_extended_const-small_ints_latent256,9057152a-801c-11f1-8d02-2c7ba0e6fa90,synthetic_prior,0,40,0.9985673427581787,0.23880267143249512,67728.0,0.9958652853965759,30.933574676513672,0.0006235241889953613,0.9977774620056152,2019.2864990234375,0.00016754865646362305,0.9994925260543823,162.54513549804688,-0.0016779899597167969,1.000633955001831,0.021135322749614716,-0.003140091896057129,0.9975774884223938,9.828473091125488,0.0018142461776733398,0.9999147653579712,16.704317092895508,-0.0008012056350708008,26,382,0.0008649826049804688
SLIM*MIX_oms_pat5_fn-full_extended_const-small_ints_latent256,9057152a-801c-11f1-8d02-2c7ba0e6fa90,synthetic_prior,0,41,0.998563826084137,0.20747613906860352,69087.0,0.9958953857421875,30.934511184692383,0.0005630254745483398,0.9978044629096985,2019.34130859375,0.00011336803436279297,0.9995225071907043,162.5500030517578,-0.0017380714416503906,1.0006604194641113,0.021135879680514336,-0.0031931400299072266,0.9975885152816772,9.828581809997559,0.0017922520637512207,0.9998974800109863,16.704030990600586,-0.0007666349411010742,25,370,0.0008720159530639648
SLIM*MIX_oms_pat5_fn-full_extended_const-small_ints_latent256,9057152a-801c-11f1-8d02-2c7ba0e6fa90,synthetic_prior,0,42,0.9985623359680176,0.20652437210083008,70305.0,0.9959385991096497,30.935850143432617,0.00047641992568969727,0.9978026151657104,2019.3375244140625,0.0001170039176940918,0.9993575215339661,162.52316284179688,-0.0014073848724365234,1.0003701448440552,0.021129745990037918,-0.0026110410690307617,0.9977405667304993,9.830080032348633,0.0014879703521728516,0.9998276233673096,16.702861785888672,-0.000626683235168457,24,352,0.0008749961853027344
SLIM*MIX_oms_pat5_fn-full_extended_const-small_ints_latent256,9057152a-801c-11f1-8d02-2c7ba0e6fa90,synthetic_prior,0,43,0.9985623359680176,0.23850011825561523,71503.0,0.9959385991096497,30.935850143432617,0.00047641992568969727,0.9978026151657104,2019.3375244140625,0.0001170039176940918,0.9993575215339661,162.52316284179688,-0.0014073848724365234,1.0003701448440552,0.021129745990037918,-0.0026110410690307617,0.9977405667304993,9.830080032348633,0.0014879703521728516,0.9998276233673096,16.702861785888672,-0.000626683235168457,24,352,0.0008749961853027344
SLIM*MIX_oms_pat5_fn-full_extended_const-small_ints_latent256,9057152a-801c-11f1-8d02-2c7ba0e6fa90,synthetic_prior,0,44,0.9985595941543579,0.22188591957092285,72691.0,0.9959097504615784,30.93495750427246,0.0005342960357666016,0.9978033304214478,2019.3388671875,0.00011563301086425781,0.999465823173523,162.54078674316406,-0.001624464988708496,1.000561237335205,0.02113378420472145,-0.0029941797256469727,0.9976399540901184,9.829089164733887,0.001689314842224121,0.9998735785484314,16.703630447387695,-0.0007188320159912109,25,364,0.0008805394172668457
SLIM*MIX_oms_pat5_fn-full_extended_const-small_ints_latent256,9057152a-801c-11f1-8d02-2c7ba0e6fa90,synthetic_prior,0,45,0.9985595941543579,0.2235267162322998,73449.0,0.9959097504615784,30.93495750427246,0.0005342960357666016,0.9978033304214478,2019.3388671875,0.00011563301086425781,0.999465823173523,162.54078674316406,-0.001624464988708496,1.000561237335205,0.02113378420472145,-0.0029941797256469727,0.9976399540901184,9.829089164733887,0.001689314842224121,0.9998735785484314,16.703630447387695,-0.0007188320159912109,25,364,0.0008805394172668457
SLIM*MIX_oms_pat5_fn-full_extended_const-small_ints_latent256,9057152a-801c-11f1-8d02-2c7ba0e6fa90,synthetic_prior,0,46,0.9985509514808655,0.22268271446228027,74537.0,0.9961682558059692,30.94298553466797,1.537799835205078e-05,0.9975984692573547,2018.9244384765625,0.0005261898040771484,0.9996654987335205,162.57325744628906,-0.0020246505737304688,1.0006670951843262,0.021136019378900528,-0.0032063722610473633,0.9976496696472168,9.829184532165527,0.0016698241233825684,0.9999076724052429,16.704198837280273,-0.0007870197296142578,24,344,0.000897824764251709
SLIM*MIX_oms_pat5_fn-full_extended_const-small_ints_latent256,9057152a-801c-11f1-8d02-2c7ba0e6fa90,synthetic_prior,0,47,0.998519778251648,0.24255943298339844,74454.0,0.9965487718582153,30.954805374145508,-0.000748753547668457,0.9975667595863342,2018.8602294921875,0.0005896687507629395,0.9988860487937927,162.4464874267578,-0.0004627704620361328,1.0006250143051147,0.021135132759809494,-0.003122091293334961,0.9982069134712219,9.834673881530762,0.0005543231964111328,0.999538779258728,16.698036193847656,-4.863739013671875e-05,24,343,0.000960230827331543
SLIM*MIX_oms_pat5_fn-full_extended_const-small_ints_latent256,9057152a-801c-11f1-8d02-2c7ba0e6fa90,synthetic_prior,0,48,0.998519778251648,0.20742130279541016,74968.0,0.9965487718582153,30.954805374145508,-0.000748753547668457,0.9975667595863342,2018.8602294921875,0.0005896687507629395,0.9988860487937927,162.4464874267578,-0.0004627704620361328,1.0006250143051147,0.021135132759809494,-0.003122091293334961,0.9982069134712219,9.834673881530762,0.0005543231964111328,0.999538779258728,16.698036193847656,-4.863739013671875e-05,24,343,0.000960230827331543
SLIM*MIX_oms_pat5_fn-full_extended_const-small_ints_latent256,9057152a-801c-11f1-8d02-2c7ba0e6fa90,synthetic_prior,0,49,0.998519778251648,0.23863530158996582,74983.0,0.9965487718582153,30.954805374145508,-0.000748753547668457,0.9975667595863342,2018.8602294921875,0.0005896687507629395,0.9988860487937927,162.4464874267578,-0.0004627704620361328,1.0006250143051147,0.021135132759809494,-0.003122091293334961,0.9982069134712219,9.834673881530762,0.0005543231964111328,0.999538779258728,16.698036193847656,-4.863739013671875e-05,24,343,0.000960230827331543
SLIM*MIX_oms_pat5_fn-full_extended_const-small_ints_latent256,9057152a-801c-11f1-8d02-2c7ba0e6fa90,synthetic_prior,0,50,0.998519778251648,0.20375323295593262,74974.0,0.9965487718582153,30.954805374145508,-0.000748753547668457,0.9975667595863342,2018.8602294921875,0.0005896687507629395,0.9988860487937927,162.4464874267578,-0.0004627704620361328,1.0006250143051147,0.021135132759809494,-0.003122091293334961,0.9982069134712219,9.834673881530762,0.0005543231964111328,0.999538779258728,16.698036193847656,-4.863739013671875e-05,24,343,0.000960230827331543
SLIM*MIX_oms_pat5_fn-full_extended_const-small_ints_latent256,9057152a-801c-11f1-8d02-2c7ba0e6fa90,synthetic_prior,0,51,0.9985132217407227,0.22284960746765137,75290.0,0.9964461326599121,30.951618194580078,-0.0005426406860351562,0.9967130422592163,2017.132568359375,0.002299487590789795,0.9997792840003967,162.59176635742188,-0.002252817153930664,1.0000711679458618,0.021123433485627174,-0.002011895179748535,0.997885525226593,9.831507682800293,0.00119781494140625,1.0002191066741943,16.709402084350586,-0.001410365104675293,27,397,0.0009733438491821289
SLIM*MIX_oms_pat5_fn-full_extended_const-small_ints_latent256,9057152a-801c-11f1-8d02-2c7ba0e6fa90,synthetic_prior,0,52,0.9984465837478638,0.22312688827514648,75687.0,0.996269166469574,30.94611930847168,-0.00018715858459472656,0.9974769353866577,2018.67822265625,0.0007696747779846191,0.9991464614868164,162.48886108398438,-0.0009845495223999023,1.0002014636993408,0.021126186475157738,-0.002273082733154297,0.9976818561553955,9.82950210571289,0.001605391502380371,0.9994705319404602,16.696895599365234,8.791685104370117e-05,24,357,0.0011066794395446777
SLIM*MIX_oms_pat5_fn-full_extended_const-small_ints_latent256,9057152a-801c-11f1-8d02-2c7ba0e6fa90,synthetic_prior,0,53,0.9984465837478638,0.2400038242340088,75438.0,0.996269166469574,30.94611930847168,-0.00018715858459472656,0.9974769353866577,2018.67822265625,0.0007696747779846191,0.9991464614868164,162.48886108398438,-0.0009845495223999023,1.0002014636993408,0.021126186475157738,-0.002273082733154297,0.9976818561553955,9.82950210571289,0.001605391502380371,0.9994705319404602,16.696895599365234,8.791685104370117e-05,24,357,0.0011066794395446777
SLIM*MIX_oms_pat5_fn-full_extended_const-small_ints_latent256,9057152a-801c-11f1-8d02-2c7ba0e6fa90,synthetic_prior,0,54,0.9984465837478638,0.22216010093688965,74799.0,0.996269166469574,30.94611930847168,-0.00018715858459472656,0.9974769353866577,2018.67822265625,0.0007696747779846191,0.9991464614868164,162.48886108398438,-0.0009845495223999023,1.0002014636993408,0.021126186475157738,-0.002273082733154297,0.9976818561553955,9.82950210571289,0.001605391502380371,0.9994705319404602,16.696895599365234,8.791685104370117e-05,24,357,0.0011066794395446777
SLIM*MIX_oms_pat5_fn-full_extended_const-small_ints_latent256,9057152a-801c-11f1-8d02-2c7ba0e6fa90,synthetic_prior,0,55,0.9984351396560669,0.20864319801330566,74234.0,0.9960156083106995,30.93824577331543,0.0003217458724975586,0.9974054098129272,2018.5335693359375,0.0009130239486694336,0.9989603757858276,162.45858764648438,-0.0006116628646850586,0.9998968243598938,0.021119751036167145,-0.0016624927520751953,0.9978075623512268,9.83073902130127,0.001353919506072998,0.9996180534362793,16.69936180114746,-0.00020742416381835938,25,370,0.0011295080184936523
SLIM*MIX_oms_pat5_fn-full_extended_const-small_ints_latent256,9057152a-801c-11f1-8d02-2c7ba0e6fa90,synthetic_prior,0,56,0.9984351396560669,0.22319793701171875,73356.0,0.9960156083106995,30.93824577331543,0.0003217458724975586,0.9974054098129272,2018.5335693359375,0.0009130239486694336,0.9989603757858276,162.45858764648438,-0.0006116628646850586,0.9998968243598938,0.021119751036167145,-0.0016624927520751953,0.9978075623512268,9.83073902130127,0.001353919506072998,0.9996180534362793,16.69936180114746,-0.00020742416381835938,25,370,0.0011295080184936523
SLIM*MIX_oms_pat5_fn-full_extended_const-small_ints_latent256,9057152a-801c-11f1-8d02-2c7ba0e6fa90,synthetic_prior,0,57,0.9983824491500854,0.2071549892425537,73595.0,0.9957315921783447,30.92942237854004,0.0008918046951293945,0.9971263408660889,2017.9688720703125,0.0014719367027282715,0.9990298748016357,162.46987915039062,-0.0007508993148803711,0.9995782971382141,0.021113023161888123,-0.001024484634399414,0.9976277947425842,9.82896900177002,0.0017136335372924805,0.999200165271759,16.692378997802734,0.0006288290023803711,26,382,0.0012350082397460938
SLIM*MIX_oms_pat5_fn-full_extended_const-small_ints_latent256,9057152a-801c-11f1-8d02-2c7ba0e6fa90,synthetic_prior,0,58,0.9983608722686768,0.23848819732666016,73806.0,0.9956921935081482,30.928197860717773,0.0009709000587463379,0.9968563914299011,2017.422607421875,0.0020125508308410645,0.9992744326591492,162.5096435546875,-0.0012409687042236328,0.999767005443573,0.021117009222507477,-0.0014024972915649414,0.9973620772361755,9.826351165771484,0.002245306968688965,0.999089777469635,16.690534591674805,0.000849604606628418,27,399,0.0012780427932739258
SLIM*MIX_oms_pat5_fn-full_extended_const-small_ints_latent256,9057152a-801c-11f1-8d02-2c7ba0e6fa90,synthetic_prior,0,59,0.9983608722686768,0.23862171173095703,74077.0,0.9956921935081482,30.928197860717773,0.0009709000587463379,0.9968563914299011,2017.422607421875,0.0020125508308410645,0.9992744326591492,162.5096435546875,-0.0012409687042236328,0.999767005443573,0.021117009222507477,-0.0014024972915649414,0.9973620772361755,9.826351165771484,0.002245306968688965,0.999089777469635,16.690534591674805,0.000849604606628418,27,399,0.0012780427932739258
SLIM*MIX_oms_pat5_fn-full_extended_const-small_ints_latent256,9057152a-801c-11f1-8d02-2c7ba0e6fa90,synthetic_prior,0,60,0.9983277916908264,0.25800180435180664,74670.0,0.9946095943450928,30.89457130432129,0.003142118453979492,0.9971126914024353,2017.941162109375,0.0014993548393249512,0.9986431002616882,162.406982421875,2.384185791015625e-05,1.0017050504684448,0.021157942712306976,-0.005288600921630859,0.9960465431213379,9.813389778137207,0.004875659942626953,1.0015803575515747,16.732141494750977,-0.004137992858886719,26,384,0.0013443231582641602
SLIM*MIX_oms_pat5_fn-full_extended_const-small_ints_latent256,9057152a-801c-11f1-8d02-2c7ba0e6fa90,synthetic_prior,0,61,0.9983275532722473,0.23140954971313477,75222.0,0.9945089221000671,30.891441345214844,0.0033439993858337402,0.9970677495002747,2017.8502197265625,0.001589357852935791,0.99864661693573,162.4075469970703,1.6868114471435547e-05,1.001989483833313,0.021163953468203545,-0.005859732627868652,0.9958884716033936,9.811832427978516,0.005191504955291748,1.001739501953125,16.73480224609375,-0.004457235336303711,27,396,0.0013447999954223633
SLIM*MIX_oms_pat5_fn-full_extended_const-small_ints_latent256,9057152a-801c-11f1-8d02-2c7ba0e6fa90,synthetic_prior,0,62,0.9983275532722473,0.19443964958190918,76335.0,0.9945089221000671,30.891441345214844,0.0033439993858337402,0.9970677495002747,2017.8502197265625,0.001589357852935791,0.99864661693573,162.4075469970703,1.6868114471435547e-05,1.001989483833313,0.021163953468203545,-0.005859732627868652,0.9958884716033936,9.811832427978516,0.005191504955291748,1.001739501953125,16.73480224609375,-0.004457235336303711,27,396,0.0013447999954223633
SLIM*MIX_oms_pat5_fn-full_extended_const-small_ints_latent256,9057152a-801c-11f1-8d02-2c7ba0e6fa90,synthetic_prior,0,63,0.9983214735984802,0.22215890884399414,76595.0,0.996537446975708,30.95445442199707,-0.0007261037826538086,0.9969173073768616,2017.5458984375,0.0018905997276306152,0.998652458190918,162.40850830078125,5.125999450683594e-06,1.0027929544448853,0.021180924028158188,-0.007473587989807129,0.9977017641067505,9.829697608947754,0.0015655755996704102,1.00057852268219,16.71540641784668,-0.002130270004272461,28,411,0.001356959342956543
SLIM*MIX_oms_pat5_fn-full_extended_const-small_ints_latent256,9057152a-801c-11f1-8d02-2c7ba0e6fa90,synthetic_prior,0,64,0.9983126521110535,0.2381300926208496,78000.0,0.9965323209762573,30.954296112060547,-0.0007157325744628906,0.996931791305542,2017.5751953125,0.0018616318702697754,0.9986284375190735,162.4045867919922,5.322694778442383e-05,1.0027803182601929,0.0211806558072567,-0.007448077201843262,0.9976652264595032,9.829337120056152,0.0016387701034545898,1.0006083250045776,16.715906143188477,-0.002190113067626953,27,398,0.0013746023178100586
SLIM*MIX_oms_pat5_fn-full_extended_const-small_ints_latent256,9057152a-801c-11f1-8d02-2c7ba0e6fa90,synthetic_prior,0,65,0.9983072876930237,0.2168428897857666,79038.0,0.9954214096069336,30.91978645324707,0.0015142560005187988,0.9965497851371765,2016.8018798828125,0.0026264190673828125,0.998563826084137,162.3940887451172,0.00018262863159179688,1.0024807453155518,0.02117432840168476,-0.006846189498901367,0.9975665211677551,9.828365325927734,0.001836240291595459,1.0014251470565796,16.729551315307617,-0.0038268566131591797,28,419,0.001385331153869629
SLIM*MIX_oms_pat5_fn-full_extended_const-small_ints_latent256,9057152a-801c-11f1-8d02-2c7ba0e6fa90,synthetic_prior,0,66,0.9983004331588745,0.22217607498168945,80776.0,0.996563196182251,30.95525550842285,-0.0007777214050292969,0.9969512224197388,2017.6142578125,0.0018227100372314453,0.9987139105796814,162.4185028076172,-0.00011789798736572266,1.0012329816818237,0.021147971972823143,-0.004341244697570801,0.9977885484695435,9.83055305480957,0.0013918280601501465,0.9999427795410156,16.70478630065918,-0.000857234001159668,28,415,0.0013990402221679688
SLIM*MIX_oms_pat5_fn-full_extended_const-small_ints_latent256,9057152a-801c-11f1-8d02-2c7ba0e6fa90,synthetic_prior,0,67,0.9982657432556152,0.2551572322845459,80865.0,0.9956910014152527,30.92816162109375,0.0009732842445373535,0.9971234798431396,2017.9630126953125,0.001477658748626709,0.9988134503364563,162.4346923828125,-0.0003173351287841797,0.9997422695159912,0.021116485819220543,-0.0013529062271118164,0.9981061816215515,9.8336820602417,0.0007559657096862793,0.9986149668693542,16.68260383605957,0.0017990469932556152,32,457,0.0014684200286865234
SLIM*MIX_oms_pat5_fn-full_extended_const-small_ints_latent256,9057152a-801c-11f1-8d02-2c7ba0e6fa90,synthetic_prior,0,68,0.9982431530952454,0.25301456451416016,81616.0,0.9940367937088013,30.876779556274414,0.00429004430770874,0.9972031116485596,2018.1241455078125,0.001318216323852539,0.99898761510849,162.46302795410156,-0.0006662607192993164,1.0016542673110962,0.02115687169134617,-0.005186676979064941,0.9981957674026489,9.834564208984375,0.0005766749382019043,0.9992967247962952,16.693994522094727,0.0004355907440185547,33,484,0.001513659954071045
SLIM*MIX_oms_pat5_fn-full_extended_const-small_ints_latent256,9057152a-801c-11f1-8d02-2c7ba0e6fa90,synthetic_prior,0,69,0.9982431530952454,0.28363466262817383,82346.0,0.9940367937088013,30.876779556274414,0.00429004430770874,0.9972031116485596,2018.1241455078125,0.001318216323852539,0.99898761510849,162.46302795410156,-0.0006662607192993164,1.0016542673110962,0.02115687169134617,-0.005186676979064941,0.9981957674026489,9.834564208984375,0.0005766749382019043,0.9992967247962952,16.693994522094727,0.0004355907440185547,33,484,0.001513659954071045
SLIM*MIX_oms_pat5_fn-full_extended_const-small_ints_latent256,9057152a-801c-11f1-8d02-2c7ba0e6fa90,synthetic_prior,0,70,0.9982431530952454,0.2504091262817383,83671.0,0.9940367937088013,30.876779556274414,0.00429004430770874,0.9972031116485596,2018.1241455078125,0.001318216323852539,0.99898761510849,162.46302795410156,-0.0006662607192993164,1.0016542673110962,0.02115687169134617,-0.005186676979064941,0.9981957674026489,9.834564208984375,0.0005766749382019043,0.9992967247962952,16.693994522094727,0.0004355907440185547,33,484,0.001513659954071045
SLIM*MIX_oms_pat5_fn-full_extended_const-small_ints_latent256,9057152a-801c-11f1-8d02-2c7ba0e6fa90,synthetic_prior,0,71,0.9982431530952454,0.2507646083831787,84519.0,0.9940367937088013,30.876779556274414,0.00429004430770874,0.9972031116485596,2018.1241455078125,0.001318216323852539,0.99898761510849,162.46302795410156,-0.0006662607192993164,1.0016542673110962,0.02115687169134617,-0.005186676979064941,0.9981957674026489,9.834564208984375,0.0005766749382019043,0.9992967247962952,16.693994522094727,0.0004355907440185547,33,484,0.001513659954071045
SLIM*MIX_oms_pat5_fn-full_extended_const-small_ints_latent256,9057152a-801c-11f1-8d02-2c7ba0e6fa90,synthetic_prior,0,72,0.9982033967971802,0.2507014274597168,86345.0,0.9951465725898743,30.911251068115234,0.0020654797554016113,0.9969930648803711,2017.69921875,0.001738905906677246,0.999110758304596,162.4830322265625,-0.0009129047393798828,0.99993896484375,0.021120639517903328,-0.0017470121383666992,0.9975937008857727,9.828633308410645,0.0017818212509155273,0.9987471699714661,16.684812545776367,0.0015347003936767578,34,496,0.0015931129455566406
SLIM*MIX_oms_pat5_fn-full_extended_const-small_ints_latent256,9057152a-801c-11f1-8d02-2c7ba0e6fa90,synthetic_prior,0,73,0.9982033967971802,0.25080180168151855,86419.0,0.9951465725898743,30.911251068115234,0.0020654797554016113,0.9969930648803711,2017.69921875,0.001738905906677246,0.999110758304596,162.4830322265625,-0.0009129047393798828,0.99993896484375,0.021120639517903328,-0.0017470121383666992,0.9975937008857727,9.828633308410645,0.0017818212509155273,0.9987471699714661,16.684812545776367,0.0015347003936767578,34,496,0.0015931129455566406
SLIM*MIX_oms_pat5_fn-full_extended_const-small_ints_latent256,9057152a-801c-11f1-8d02-2c7ba0e6fa90,synthetic_prior,0,74,0.9982033967971802,0.2506434917449951,89005.0,0.9951465725898743,30.911251068115234,0.0020654797554016113,0.9969930648803711,2017.69921875,0.001738905906677246,0.999110758304596,162.4830322265625,-0.0009129047393798828,0.99993896484375,0.021120639517903328,-0.0017470121383666992,0.9975937008857727,9.828633308410645,0.0017818212509155273,0.9987471699714661,16.684812545776367,0.0015347003936767578,34,496,0.0015931129455566406
SLIM*MIX_oms_pat5_fn-full_extended_const-small_ints_latent256,9057152a-801c-11f1-8d02-2c7ba0e6fa90,synthetic_prior,0,75,0.9982033967971802,0.23640990257263184,91084.0,0.9951465725898743,30.911251068115234,0.0020654797554016113,0.9969930648803711,2017.69921875,0.001738905906677246,0.999110758304596,162.4830322265625,-0.0009129047393798828,0.99993896484375,0.021120639517903328,-0.0017470121383666992,0.9975937008857727,9.828633308410645,0.0017818212509155273,0.9987471699714661,16.684812545776367,0.0015347003936767578,34,496,0.0015931129455566406
SLIM*MIX_oms_pat5_fn-full_extended_const-small_ints_latent256,9057152a-801c-11f1-8d02-2c7ba0e6fa90,synthetic_prior,0,76,0.9982033967971802,0.21825408935546875,91541.0,0.9951465725898743,30.911251068115234,0.0020654797554016113,0.9969930648803711,2017.69921875,0.001738905906677246,0.999110758304596,162.4830322265625,-0.0009129047393798828,0.99993896484375,0.021120639517903328,-0.0017470121383666992,0.9975937008857727,9.828633308410645,0.0017818212509155273,0.9987471699714661,16.684812545776367,0.0015347003936767578,34,496,0.0015931129455566406
SLIM*MIX_oms_pat5_fn-full_extended_const-small_ints_latent256,9057152a-801c-11f1-8d02-2c7ba0e6fa90,synthetic_prior,0,77,0.9981983304023743,0.23827338218688965,93264.0,0.9942981600761414,30.88489532470703,0.003766357898712158,0.9964634776115417,2016.6273193359375,0.0027991533279418945,0.9996271729469299,162.5670166015625,-0.0019478797912597656,1.00014066696167,0.02112490125000477,-0.0021512508392333984,0.9970493912696838,9.823269844055176,0.0028708577156066895,0.9980941414833069,16.67390251159668,0.002839982509613037,33,483,0.0016033053398132324
SLIM*MIX_oms_pat5_fn-full_extended_const-small_ints_latent256,9057152a-801c-11f1-8d02-2c7ba0e6fa90,synthetic_prior,0,78,0.9981983304023743,0.23575544357299805,94838.0,0.9942981600761414,30.88489532470703,0.003766357898712158,0.9964634776115417,2016.6273193359375,0.0027991533279418945,0.9996271729469299,162.5670166015625,-0.0019478797912597656,1.00014066696167,0.02112490125000477,-0.0021512508392333984,0.9970493912696838,9.823269844055176,0.0028708577156066895,0.9980941414833069,16.67390251159668,0.002839982509613037,33,483,0.0016033053398132324
SLIM*MIX_oms_pat5_fn-full_extended_const-small_ints_latent256,9057152a-801c-11f1-8d02-2c7ba0e6fa90,synthetic_prior,0,79,0.9981878399848938,0.20361113548278809,95531.0,0.9947190880775452,30.897974014282227,0.002922654151916504,0.9969231486320496,2017.5576171875,0.0018789172172546387,0.9992477893829346,162.5053253173828,-0.001187443733215332,0.9997751116752625,0.021117180585861206,-0.0014187097549438477,0.9975438714027405,9.828142166137695,0.0018815994262695312,0.998443603515625,16.67974090576172,0.0021416544914245605,35,510,0.0016242265701293945
SLIM*MIX_oms_pat5_fn-full_extended_const-small_ints_latent256,9057152a-801c-11f1-8d02-2c7ba0e6fa90,synthetic_prior,0,80,0.9981878399848938,0.25072669982910156,95334.0,0.9947190880775452,30.897974014282227,0.002922654151916504,0.9969231486320496,2017.5576171875,0.0018789172172546387,0.9992477893829346,162.5053253173828,-0.001187443733215332,0.9997751116752625,0.021117180585861206,-0.0014187097549438477,0.9975438714027405,9.828142166137695,0.0018815994262695312,0.998443603515625,16.67974090576172,0.0021416544914245605,35,510,0.0016242265701293945
SLIM*MIX_oms_pat5_fn-full_extended_const-small_ints_latent256,9057152a-801c-11f1-8d02-2c7ba0e6fa90,synthetic_prior,0,81,0.9981580972671509,0.2266829013824463,96183.0,0.9948400855064392,30.901729583740234,0.0026801228523254395,0.9967395067214966,2017.1859130859375,0.0022464990615844727,0.9992213249206543,162.5010223388672,-0.0011345148086547852,0.9995866417884827,0.02111319825053215,-0.0010411739349365234,0.9975555539131165,9.82825756072998,0.0018581151962280273,0.9986782073974609,16.68366050720215,0.0016725659370422363,34,496,0.0016838312149047852
SLIM*MIX_oms_pat5_fn-full_extended_const-small_ints_latent256,9057152a-801c-11f1-8d02-2c7ba0e6fa90,synthetic_prior,0,82,0.9981580972671509,0.2198796272277832,96897.0,0.9948400855064392,30.901729583740234,0.0026801228523254395,0.9967395067214966,2017.1859130859375,0.0022464990615844727,0.9992213249206543,162.5010223388672,-0.0011345148086547852,0.9995866417884827,0.02111319825053215,-0.0010411739349365234,0.9975555539131165,9.82825756072998,0.0018581151962280273,0.9986782073974609,16.68366050720215,0.0016725659370422363,34,496,0.0016838312149047852
SLIM*MIX_oms_pat5_fn-full_extended_const-small_ints_latent256,9057152a-801c-11f1-8d02-2c7ba0e6fa90,synthetic_prior,0,83,0.9981580972671509,0.20270848274230957,97165.0,0.9948400855064392,30.901729583740234,0.0026801228523254395,0.9967395067214966,2017.1859130859375,0.0022464990615844727,0.9992213249206543,162.5010223388672,-0.0011345148086547852,0.9995866417884827,0.02111319825053215,-0.0010411739349365234,0.9975555539131165,9.82825756072998,0.0018581151962280273,0.9986782073974609,16.68366050720215,0.0016725659370422363,34,496,0.0016838312149047852
SLIM*MIX_oms_pat5_fn-full_extended_const-small_ints_latent256,9057152a-801c-11f1-8d02-2c7ba0e6fa90,synthetic_prior,0,84,0.9981557726860046,0.2362205982208252,97650.0,0.9949979782104492,30.906635284423828,0.002363443374633789,0.9968103170394897,2017.3292236328125,0.0021048784255981445,0.9992151260375977,162.50001525878906,-0.001122117042541504,1.0002853870391846,0.021127959713339806,-0.0024412870407104492,0.9972478747367859,9.825224876403809,0.002473890781402588,0.9983837604522705,16.678741455078125,0.002261221408843994,34,498,0.0016883611679077148
SLIM*MIX_oms_pat5_fn-full_extended_const-small_ints_latent256,9057152a-801c-11f1-8d02-2c7ba0e6fa90,synthetic_prior,0,85,0.9980958104133606,0.2351217269897461,98069.0,0.996637761592865,30.957571029663086,-0.0009274482727050781,0.997437596321106,2018.598876953125,0.0008484125137329102,0.9989555478096008,162.45779418945312,-0.0006020069122314453,1.0026590824127197,0.021178094670176506,-0.007204413414001465,0.9969764947891235,9.822551727294922,0.0030167102813720703,0.9987163543701172,16.684297561645508,0.0015963912010192871,31,441,0.0018083453178405762
SLIM*MIX_oms_pat5_fn-full_extended_const-small_ints_latent256,9057152a-801c-11f1-8d02-2c7ba0e6fa90,synthetic_prior,0,86,0.9980958104133606,0.21896839141845703,98005.0,0.996637761592865,30.957571029663086,-0.0009274482727050781,0.997437596321106,2018.598876953125,0.0008484125137329102,0.9989555478096008,162.45779418945312,-0.0006020069122314453,1.0026590824127197,0.021178094670176506,-0.007204413414001465,0.9969764947891235,9.822551727294922,0.0030167102813720703,0.9987163543701172,16.684297561645508,0.0015963912010192871,31,441,0.0018083453178405762
SLIM*MIX_oms_pat5_fn-full_extended_const-small_ints_latent256,9057152a-801c-11f1-8d02-2c7ba0e6fa90,synthetic_prior,0,87,0.9980481863021851,0.25072240829467773,97184.0,0.9971657395362854,30.973968505859375,-0.0019881725311279297,0.9974014759063721,2018.5257568359375,0.0009208321571350098,0.9989745020866394,162.46087646484375,-0.0006399154663085938,1.002379298210144,0.021172186359763145,-0.006642460823059082,0.9968197345733643,9.82100772857666,0.003330230712890625,0.9985336661338806,16.681245803833008,0.00196152925491333,33,464,0.0019036531448364258
SLIM*MIX_oms_pat5_fn-full_extended_const-small_ints_latent256,9057152a-801c-11f1-8d02-2c7ba0e6fa90,synthetic_prior,0,88,0.9980481863021851,0.2506101131439209,98010.0,0.9971657395362854,30.973968505859375,-0.0019881725311279297,0.9974014759063721,2018.5257568359375,0.0009208321571350098,0.9989745020866394,162.46087646484375,-0.0006399154663085938,1.002379298210144,0.021172186359763145,-0.006642460823059082,0.9968197345733643,9.82100772857666,0.003330230712890625,0.9985336661338806,16.681245803833008,0.00196152925491333,33,464,0.0019036531448364258
SLIM*MIX_oms_pat5_fn-full_extended_const-small_ints_latent256,9057152a-801c-11f1-8d02-2c7ba0e6fa90,synthetic_prior,0,89,0.9980481863021851,0.2361297607421875,98282.0,0.9971657395362854,30.973968505859375,-0.0019881725311279297,0.9974014759063721,2018.5257568359375,0.0009208321571350098,0.9989745020866394,162.46087646484375,-0.0006399154663085938,1.002379298210144,0.021172186359763145,-0.006642460823059082,0.9968197345733643,9.82100772857666,0.003330230712890625,0.9985336661338806,16.681245803833008,0.00196152925491333,33,464,0.0019036531448364258
SLIM*MIX_oms_pat5_fn-full_extended_const-small_ints_latent256,9057152a-801c-11f1-8d02-2c7ba0e6fa90,synthetic_prior,0,90,0.9980309009552002,0.25055885314941406,97655.0,0.9970430731773376,30.97015953063965,-0.0017417669296264648,0.9974347352981567,2018.5928955078125,0.0008542537689208984,0.9989511966705322,162.45709228515625,-0.0005931854248046875,1.002746820449829,0.02117994800209999,-0.007380843162536621,0.9968816041946411,9.821617126464844,0.003206491470336914,0.9986402988433838,16.683025360107422,0.0017483830451965332,33,465,0.001938164234161377
SLIM*MIX_oms_pat5_fn-full_extended_const-small_ints_latent256,9057152a-801c-11f1-8d02-2c7ba0e6fa90,synthetic_prior,0,91,0.9979662299156189,0.21925139427185059,97590.0,0.9979578256607056,30.998573303222656,-0.003580808639526367,0.9975758790969849,2018.878662109375,0.0005713701248168945,0.999167799949646,162.4923095703125,-0.001027226448059082,1.005743384361267,0.02124324068427086,-0.013410568237304688,0.9968712329864502,9.821515083312988,0.0032271742820739746,0.9994753003120422,16.696977615356445,7.832050323486328e-05,31,436,0.0020675063133239746
SLIM*MIX_oms_pat5_fn-full_extended_const-small_ints_latent256,9057152a-801c-11f1-8d02-2c7ba0e6fa90,synthetic_prior,0,92,0.9979662299156189,0.2169177532196045,97378.0,0.9979578256607056,30.998573303222656,-0.003580808639526367,0.9975758790969849,2018.878662109375,0.0005713701248168945,0.999167799949646,162.4923095703125,-0.001027226448059082,1.005743384361267,0.02124324068427086,-0.013410568237304688,0.9968712329864502,9.821515083312988,0.0032271742820739746,0.9994753003120422,16.696977615356445,7.832050323486328e-05,31,436,0.0020675063133239746
SLIM*MIX_oms_pat5_fn-full_extended_const-small_ints_latent256,9057152a-801c-11f1-8d02-2c7ba0e6fa90,synthetic_prior,0,93,0.9979662299156189,0.21817874908447266,96412.0,0.9979578256607056,30.998573303222656,-0.003580808639526367,0.9975758790969849,2018.878662109375,0.0005713701248168945,0.999167799949646,162.4923095703125,-0.001027226448059082,1.005743384361267,0.02124324068427086,-0.013410568237304688,0.9968712329864502,9.821515083312988,0.0032271742820739746,0.9994753003120422,16.696977615356445,7.832050323486328e-05,31,436,0.0020675063133239746
SLIM*MIX_oms_pat5_fn-full_extended_const-small_ints_latent256,9057152a-801c-11f1-8d02-2c7ba0e6fa90,synthetic_prior,0,94,0.9979662299156189,0.23402690887451172,96419.0,0.9979578256607056,30.998573303222656,-0.003580808639526367,0.9975758790969849,2018.878662109375,0.0005713701248168945,0.999167799949646,162.4923095703125,-0.001027226448059082,1.005743384361267,0.02124324068427086,-0.013410568237304688,0.9968712329864502,9.821515083312988,0.0032271742820739746,0.9994753003120422,16.696977615356445,7.832050323486328e-05,31,436,0.0020675063133239746
SLIM*MIX_oms_pat5_fn-full_extended_const-small_ints_latent256,9057152a-801c-11f1-8d02-2c7ba0e6fa90,synthetic_prior,0,95,0.9979662299156189,0.21936440467834473,96116.0,0.9979578256607056,30.998573303222656,-0.003580808639526367,0.9975758790969849,2018.878662109375,0.0005713701248168945,0.999167799949646,162.4923095703125,-0.001027226448059082,1.005743384361267,0.02124324068427086,-0.013410568237304688,0.9968712329864502,9.821515083312988,0.0032271742820739746,0.9994753003120422,16.696977615356445,7.832050323486328e-05,31,436,0.0020675063133239746
SLIM*MIX_oms_pat5_fn-full_extended_const-small_ints_latent256,9057152a-801c-11f1-8d02-2c7ba0e6fa90,synthetic_prior,0,96,0.9979566335678101,0.20382165908813477,95617.0,0.9976645112037659,30.98946189880371,-0.0029908418655395508,0.9973686337471008,2018.459228515625,0.0009865760803222656,0.9992826581001282,162.510986328125,-0.0012574195861816406,1.0072940587997437,0.021275995299220085,-0.016538023948669434,0.9965121150016785,9.817976951599121,0.0039452314376831055,0.9994533061981201,16.696609497070312,0.00012230873107910156,32,449,0.0020866990089416504
SLIM*MIX_oms_pat5_fn-full_extended_const-small_ints_latent256,9057152a-801c-11f1-8d02-2c7ba0e6fa90,synthetic_prior,0,97,0.9979566335678101,0.2164599895477295,96112.0,0.9976645112037659,30.98946189880371,-0.0029908418655395508,0.9973686337471008,2018.459228515625,0.0009865760803222656,0.9992826581001282,162.510986328125,-0.0012574195861816406,1.0072940587997437,0.021275995299220085,-0.016538023948669434,0.9965121150016785,9.817976951599121,0.0039452314376831055,0.9994533061981201,16.696609497070312,0.00012230873107910156,32,449,0.0020866990089416504
SLIM*MIX_oms_pat5_fn-full_extended_const-small_ints_latent256,9057152a-801c-11f1-8d02-2c7ba0e6fa90,synthetic_prior,0,98,0.9979566335678101,0.24055886268615723,95737.0,0.9976645112037659,30.98946189880371,-0.0029908418655395508,0.9973686337471008,2018.459228515625,0.0009865760803222656,0.9992826581001282,162.510986328125,-0.0012574195861816406,1.0072940587997437,0.021275995299220085,-0.016538023948669434,0.9965121150016785,9.817976951599121,0.0039452314376831055,0.9994533061981201,16.696609497070312,0.00012230873107910156,32,449,0.0020866990089416504
SLIM*MIX_oms_pat5_fn-full_extended_const-small_ints_latent256,9057152a-801c-11f1-8d02-2c7ba0e6fa90,synthetic_prior,0,99,0.9979566335678101,0.23539495468139648,95679.0,0.9976645112037659,30.98946189880371,-0.0029908418655395508,0.9973686337471008,2018.459228515625,0.0009865760803222656,0.9992826581001282,162.510986328125,-0.0012574195861816406,1.0072940587997437,0.021275995299220085,-0.016538023948669434,0.9965121150016785,9.817976951599121,0.0039452314376831055,0.9994533061981201,16.696609497070312,0.00012230873107910156,32,449,0.0020866990089416504
SLIM*MIX_oms_pat5_fn-full_extended_const-small_ints_latent256,9057152a-801c-11f1-8d02-2c7ba0e6fa90,synthetic_prior,0,100,0.9979556202888489,0.17285919189453125,94724.0,0.99767005443573,30.98963737487793,-0.003002166748046875,0.9973750114440918,2018.47216796875,0.0009738802909851074,0.999282956123352,162.5110321044922,-0.0012580156326293945,1.0073087215423584,0.021276306360960007,-0.016567707061767578,0.9965067505836487,9.817923545837402,0.003955960273742676,0.999452531337738,16.696596145629883,0.00012385845184326172,33,468,0.0020886659622192383
SLIM*MIX_oms_pat5_fn-full_extended_const-small_ints_latent256,9057152a-801c-11f1-8d02-2c7ba0e6fa90,synthetic_prior,0,101,0.9979475140571594,0.23488235473632812,94195.0,0.9977877140045166,30.993289947509766,-0.003238677978515625,0.997285783290863,2018.2913818359375,0.001152634620666504,0.999349057674408,162.52178955078125,-0.0013904571533203125,1.0087285041809082,0.021306294947862625,-0.01943528652191162,0.9963233470916748,9.816117286682129,0.004322528839111328,0.9994471073150635,16.696504592895508,0.0001347661018371582,35,487,0.00210493803024292
SLIM*MIX_oms_pat5_fn-full_extended_const-small_ints_latent256,9057152a-801c-11f1-8d02-2c7ba0e6fa90,synthetic_prior,0,102,0.9979475140571594,0.2132105827331543,93666.0,0.9977877140045166,30.993289947509766,-0.003238677978515625,0.997285783290863,2018.2913818359375,0.001152634620666504,0.999349057674408,162.52178955078125,-0.0013904571533203125,1.0087285041809082,0.021306294947862625,-0.01943528652191162,0.9963233470916748,9.816117286682129,0.004322528839111328,0.9994471073150635,16.696504592895508,0.0001347661018371582,35,487,0.00210493803024292
SLIM*MIX_oms_pat5_fn-full_extended_const-small_ints_latent256,9057152a-801c-11f1-8d02-2c7ba0e6fa90,synthetic_prior,0,103,0.9979475140571594,0.2519540786743164,92212.0,0.9977877140045166,30.993289947509766,-0.003238677978515625,0.997285783290863,2018.2913818359375,0.001152634620666504,0.999349057674408,162.52178955078125,-0.0013904571533203125,1.0087285041809082,0.021306294947862625,-0.01943528652191162,0.9963233470916748,9.816117286682129,0.004322528839111328,0.9994471073150635,16.696504592895508,0.0001347661018371582,35,487,0.00210493803024292
SLIM*MIX_oms_pat5_fn-full_extended_const-small_ints_latent256,9057152a-801c-11f1-8d02-2c7ba0e6fa90,synthetic_prior,0,104,0.9979177117347717,0.2472515106201172,91822.0,0.9970903992652893,30.971630096435547,-0.0018368959426879883,0.9972793459892273,2018.2786865234375,0.0011654496192932129,0.9988406896591187,162.43911743164062,-0.0003719329833984375,1.0111665725708008,0.021357787773013115,-0.024369001388549805,0.9963962435722351,9.816835403442383,0.004176914691925049,0.9995434880256653,16.6981143951416,-5.817413330078125e-05,34,460,0.002164602279663086
SLIM*MIX_oms_pat5_fn-full_extended_const-small_ints_latent256,9057152a-801c-11f1-8d02-2c7ba0e6fa90,synthetic_prior,0,105,0.9979177117347717,0.21700072288513184,91531.0,0.9970903992652893,30.971630096435547,-0.0018368959426879883,0.9972793459892273,2018.2786865234375,0.0011654496192932129,0.9988406896591187,162.43911743164062,-0.0003719329833984375,1.0111665725708008,0.021357787773013115,-0.024369001388549805,0.9963962435722351,9.816835403442383,0.004176914691925049,0.9995434880256653,16.6981143951416,-5.817413330078125e-05,34,460,0.002164602279663086
SLIM*MIX_oms_pat5_fn-full_extended_const-small_ints_latent256,9057152a-801c-11f1-8d02-2c7ba0e6fa90,synthetic_prior,0,106,0.9978664517402649,0.22310304641723633,92220.0,0.9967597723007202,30.96135902404785,-0.0011725425720214844,0.9973363280296326,2018.393798828125,0.0010513067245483398,0.9987787008285522,162.42904663085938,-0.00024771690368652344,1.0105860233306885,0.021345527842640877,-0.02319324016571045,0.9965890645980835,9.818734169006348,0.0037913918495178223,0.9996068477630615,16.699172973632812,-0.00018477439880371094,34,471,0.0022670626640319824
SLIM*MIX_oms_pat5_fn-full_extended_const-small_ints_latent256,9057152a-801c-11f1-8d02-2c7ba0e6fa90,synthetic_prior,0,107,0.9978664517402649,0.23467373847961426,93288.0,0.9967597723007202,30.96135902404785,-0.0011725425720214844,0.9973363280296326,2018.393798828125,0.0010513067245483398,0.9987787008285522,162.42904663085938,-0.00024771690368652344,1.0105860233306885,0.021345527842640877,-0.02319324016571045,0.9965890645980835,9.818734169006348,0.0037913918495178223,0.9996068477630615,16.699172973632812,-0.00018477439880371094,34,471,0.0022670626640319824
SLIM*MIX_oms_pat5_fn-full_extended_const-small_ints_latent256,9057152a-801c-11f1-8d02-2c7ba0e6fa90,synthetic_prior,0,108,0.9978664517402649,0.23701000213623047,93031.0,0.9967597723007202,30.96135902404785,-0.0011725425720214844,0.9973363280296326,2018.393798828125,0.0010513067245483398,0.9987787008285522,162.42904663085938,-0.00024771690368652344,1.0105860233306885,0.021345527842640877,-0.02319324016571045,0.9965890645980835,9.818734169006348,0.0037913918495178223,0.9996068477630615,16.699172973632812,-0.00018477439880371094,34,471,0.0022670626640319824
SLIM*MIX_oms_pat5_fn-full_extended_const-small_ints_latent256,9057152a-801c-11f1-8d02-2c7ba0e6fa90,synthetic_prior,0,109,0.9978469610214233,0.23475098609924316,93569.0,0.996487557888031,30.95290184020996,-0.0006257295608520508,0.9974075555801392,2018.5379638671875,0.0009086728096008301,0.998792827129364,162.43133544921875,-0.0002760887145996094,1.0106674432754517,0.021347247064113617,-0.02335798740386963,0.9965111613273621,9.817968368530273,0.003947079181671143,0.9996271133422852,16.699512481689453,-0.00022542476654052734,34,454,0.0023061037063598633
SLIM*MIX_oms_pat5_fn-full_extended_const-small_ints_latent256,9057152a-801c-11f1-8d02-2c7ba0e6fa90,synthetic_prior,0,110,0.9978469610214233,0.24485158920288086,94193.0,0.996487557888031,30.95290184020996,-0.0006257295608520508,0.9974075555801392,2018.5379638671875,0.0009086728096008301,0.998792827129364,162.43133544921875,-0.0002760887145996094,1.0106674432754517,0.021347247064113617,-0.02335798740386963,0.9965111613273621,9.817968368530273,0.003947079181671143,0.9996271133422852,16.699512481689453,-0.00022542476654052734,34,454,0.0023061037063598633
SLIM*MIX_oms_pat5_fn-full_extended_const-small_ints_latent256,9057152a-801c-11f1-8d02-2c7ba0e6fa90,synthetic_prior,0,111,0.9978469610214233,0.23576879501342773,95825.0,0.996487557888031,30.95290184020996,-0.0006257295608520508,0.9974075555801392,2018.5379638671875,0.0009086728096008301,0.998792827129364,162.43133544921875,-0.0002760887145996094,1.0106674432754517,0.021347247064113617,-0.02335798740386963,0.9965111613273621,9.817968368530273,0.003947079181671143,0.9996271133422852,16.699512481689453,-0.00022542476654052734,34,454,0.0023061037063598633
SLIM*MIX_oms_pat5_fn-full_extended_const-small_ints_latent256,9057152a-801c-11f1-8d02-2c7ba0e6fa90,synthetic_prior,0,112,0.9978469610214233,0.2194061279296875,95877.0,0.996487557888031,30.95290184020996,-0.0006257295608520508,0.9974075555801392,2018.5379638671875,0.0009086728096008301,0.998792827129364,162.43133544921875,-0.0002760887145996094,1.0106674432754517,0.021347247064113617,-0.02335798740386963,0.9965111613273621,9.817968368530273,0.003947079181671143,0.9996271133422852,16.699512481689453,-0.00022542476654052734,34,454,0.0023061037063598633
SLIM*MIX_oms_pat5_fn-full_extended_const-small_ints_latent256,9057152a-801c-11f1-8d02-2c7ba0e6fa90,synthetic_prior,0,113,0.9978210926055908,0.23422574996948242,96186.0,0.9968677759170532,30.9647159576416,-0.001389622688293457,0.997816801071167,2019.3662109375,8.863210678100586e-05,0.9988753199577332,162.4447479248047,-0.0004411935806274414,1.0123326778411865,0.021382419392466545,-0.0267331600189209,0.9961516857147217,9.81442642211914,0.004665553569793701,0.9995463490486145,16.698163986206055,-6.377696990966797e-05,38,529,0.002357780933380127
SLIM*MIX_oms_pat5_fn-full_extended_const-small_ints_latent256,9057152a-801c-11f1-8d02-2c7ba0e6fa90,synthetic_prior,0,114,0.9978210926055908,0.24419522285461426,96222.0,0.9968677759170532,30.9647159576416,-0.001389622688293457,0.997816801071167,2019.3662109375,8.863210678100586e-05,0.9988753199577332,162.4447479248047,-0.0004411935806274414,1.0123326778411865,0.021382419392466545,-0.0267331600189209,0.9961516857147217,9.81442642211914,0.004665553569793701,0.9995463490486145,16.698163986206055,-6.377696990966797e-05,38,529,0.002357780933380127
SLIM*MIX_oms_pat5_fn-full_extended_const-small_ints_latent256,9057152a-801c-11f1-8d02-2c7ba0e6fa90,synthetic_prior,0,115,0.997802734375,0.23456859588623047,96592.0,0.9974017143249512,30.981298446655273,-0.0024625062942504883,0.9977193474769592,2019.1689453125,0.00028389692306518555,0.9990505576133728,162.47323608398438,-0.0007922649383544922,1.0113192796707153,0.021361013874411583,-0.024678349494934082,0.9955224394798279,9.8082275390625,0.0059226155281066895,0.9994968175888062,16.697336196899414,3.522634506225586e-05,39,558,0.0023944973945617676
SLIM*MIX_oms_pat5_fn-full_extended_const-small_ints_latent256,9057152a-801c-11f1-8d02-2c7ba0e6fa90,synthetic_prior,0,116,0.997802734375,0.23455500602722168,96595.0,0.9974017143249512,30.981298446655273,-0.0024625062942504883,0.9977193474769592,2019.1689453125,0.00028389692306518555,0.9990505576133728,162.47323608398438,-0.0007922649383544922,1.0113192796707153,0.021361013874411583,-0.024678349494934082,0.9955224394798279,9.8082275390625,0.0059226155281066895,0.9994968175888062,16.697336196899414,3.522634506225586e-05,39,558,0.0023944973945617676
SLIM*MIX_oms_pat5_fn-full_extended_const-small_ints_latent256,9057152a-801c-11f1-8d02-2c7ba0e6fa90,synthetic_prior,0,117,0.9977830052375793,0.21473312377929688,96858.0,0.9969002604484558,30.96572494506836,-0.0014548301696777344,0.9973182082176208,2018.357177734375,0.0010877251625061035,0.9988293051719666,162.43727111816406,-0.0003490447998046875,1.0115394592285156,0.021365666761994362,-0.02512490749359131,0.9964485764503479,9.817350387573242,0.004072308540344238,0.9996181726455688,16.699363708496094,-0.00020754337310791016,34,454,0.0024340152740478516
SLIM*MIX_oms_pat5_fn-full_extended_const-small_ints_latent256,9057152a-801c-11f1-8d02-2c7ba0e6fa90,synthetic_prior,0,118,0.997779369354248,0.2444314956665039,97354.0,0.9971674084663391,30.974021911621094,-0.0019916296005249023,0.9979133009910583,2019.5615234375,-0.0001049041748046875,0.9988629221916199,162.4427490234375,-0.0004163980484008789,1.012486457824707,0.021385665982961655,-0.027045011520385742,0.9960556626319885,9.813480377197266,0.004857480525970459,0.9996062517166138,16.69916343688965,-0.00018358230590820312,39,542,0.0024412870407104492
SLIM*MIX_oms_pat5_fn-full_extended_const-small_ints_latent256,9057152a-801c-11f1-8d02-2c7ba0e6fa90,synthetic_prior,0,119,0.9977567195892334,0.21929121017456055,97965.0,0.9972001314163208,30.97503662109375,-0.002057313919067383,0.997313380241394,2018.3472900390625,0.0010973215103149414,0.9990071058273315,162.4661865234375,-0.0007052421569824219,1.0094355344772339,0.02132122777402401,-0.02086484432220459,0.9963715076446533,9.816591262817383,0.004226386547088623,0.9996355772018433,16.69965362548828,-0.00024235248565673828,35,472,0.0024865269660949707
SLIM*MIX_oms_pat5_fn-full_extended_const-small_ints_latent256,9057152a-801c-11f1-8d02-2c7ba0e6fa90,synthetic_prior,0,120,0.9977567195892334,0.23282718658447266,98839.0,0.9972001314163208,30.97503662109375,-0.002057313919067383,0.997313380241394,2018.3472900390625,0.0010973215103149414,0.9990071058273315,162.4661865234375,-0.0007052421569824219,1.0094355344772339,0.02132122777402401,-0.02086484432220459,0.9963715076446533,9.816591262817383,0.004226386547088623,0.9996355772018433,16.69965362548828,-0.00024235248565673828,35,472,0.0024865269660949707
SLIM*MIX_oms_pat5_fn-full_extended_const-small_ints_latent256,9057152a-801c-11f1-8d02-2c7ba0e6fa90,synthetic_prior,0,121,0.9977567195892334,0.22180461883544922,99444.0,0.9972001314163208,30.97503662109375,-0.002057313919067383,0.997313380241394,2018.3472900390625,0.0010973215103149414,0.9990071058273315,162.4661865234375,-0.0007052421569824219,1.0094355344772339,0.02132122777402401,-0.02086484432220459,0.9963715076446533,9.816591262817383,0.004226386547088623,0.9996355772018433,16.69965362548828,-0.00024235248565673828,35,472,0.0024865269660949707
SLIM*MIX_oms_pat5_fn-full_extended_const-small_ints_latent256,9057152a-801c-11f1-8d02-2c7ba0e6fa90,synthetic_prior,0,122,0.9977534413337708,0.2504124641418457,100299.0,0.9968949556350708,30.965559005737305,-0.0014442205429077148,0.9970625042915344,2017.8397216796875,0.0015997886657714844,0.9992580413818359,162.50698852539062,-0.0012080669403076172,1.0107500553131104,0.021348992362618446,-0.023525357246398926,0.9967553019523621,9.820372581481934,0.0034589767456054688,0.9997743368148804,16.70197296142578,-0.0005201101303100586,36,485,0.0024930834770202637
SLIM*MIX_oms_pat5_fn-full_extended_const-small_ints_latent256,9057152a-801c-11f1-8d02-2c7ba0e6fa90,synthetic_prior,0,123,0.9977331161499023,0.2400064468383789,100988.0,0.9967553615570068,30.96122169494629,-0.0011636018753051758,0.9971440434455872,2018.0047607421875,0.001436471939086914,0.9993208646774292,162.51719665527344,-0.0013338327407836914,1.0101953744888306,0.021337276324629784,-0.022402167320251465,0.9967381358146667,9.820204734802246,0.0034933090209960938,0.9997426271438599,16.70144271850586,-0.0004565715789794922,37,499,0.0025336742401123047
SLIM*MIX_oms_pat5_fn-full_extended_const-small_ints_latent256,9057152a-801c-11f1-8d02-2c7ba0e6fa90,synthetic_prior,0,124,0.9977213740348816,0.2458493709564209,100985.0,0.9968664646148682,30.964675903320312,-0.001386880874633789,0.997180163860321,2018.0777587890625,0.0013641119003295898,0.9993591904640198,162.5234375,-0.0014107227325439453,1.0112136602401733,0.021358784288167953,-0.02446436882019043,0.9966791272163391,9.819622993469238,0.003611266613006592,0.9997453689575195,16.70149040222168,-0.0004621744155883789,38,523,0.0025571584701538086
SLIM*MIX_oms_pat5_fn-full_extended_const-small_ints_latent256,9057152a-801c-11f1-8d02-2c7ba0e6fa90,synthetic_prior,0,125,0.997694730758667,0.21857190132141113,101381.0,0.996852695941925,30.964248657226562,-0.0013593435287475586,0.9970296621322632,2017.7733154296875,0.0016655921936035156,0.9994174838066101,162.53292846679688,-0.001527547836303711,1.0089596509933472,0.02131117507815361,-0.019902586936950684,0.9967336058616638,9.820158958435059,0.003502368927001953,0.9996517896652222,16.699926376342773,-0.00027489662170410156,39,526,0.002610445022583008
SLIM*MIX_oms_pat5_fn-full_extended_const-small_ints_latent256,9057152a-801c-11f1-8d02-2c7ba0e6fa90,synthetic_prior,0,126,0.997691810131073,0.2184596061706543,100946.0,0.9968442916870117,30.963987350463867,-0.0013424158096313477,0.9970486760139465,2017.811767578125,0.0016274452209472656,0.999403715133667,162.53067016601562,-0.0015000104904174805,1.0087519884109497,0.02130678854882717,-0.019482731819152832,0.9967557787895203,9.820377349853516,0.0034580230712890625,0.9996461272239685,16.6998291015625,-0.00026345252990722656,38,514,0.002616286277770996
SLIM*MIX_oms_pat5_fn-full_extended_const-small_ints_latent256,9057152a-801c-11f1-8d02-2c7ba0e6fa90,synthetic_prior,0,127,0.997691810131073,0.2366034984588623,100831.0,0.9968442916870117,30.963987350463867,-0.0013424158096313477,0.9970486760139465,2017.811767578125,0.0016274452209472656,0.999403715133667,162.53067016601562,-0.0015000104904174805,1.0087519884109497,0.02130678854882717,-0.019482731819152832,0.9967557787895203,9.820377349853516,0.0034580230712890625,0.9996461272239685,16.6998291015625,-0.00026345252990722656,38,514,0.002616286277770996
SLIM*MIX_oms_pat5_fn-full_extended_const-small_ints_latent256,9057152a-801c-11f1-8d02-2c7ba0e6fa90,synthetic_prior,0,128,0.9976843595504761,0.22374606132507324,101841.0,0.9969145655632019,30.966167449951172,-0.0014835596084594727,0.9970791935920715,2017.8734130859375,0.0015664100646972656,0.9994089007377625,162.53152465820312,-0.0015103816986083984,1.008512020111084,0.021301720291376114,-0.018997669219970703,0.9967637658119202,9.820456504821777,0.003442108631134033,0.9996430277824402,16.699777603149414,-0.00025725364685058594,37,499,0.002631247043609619
SLIM*MIX_oms_pat5_fn-full_extended_const-small_ints_latent256,9057152a-801c-11f1-8d02-2c7ba0e6fa90,synthetic_prior,0,129,0.9976843595504761,0.21867728233337402,101539.0,0.9969145655632019,30.966167449951172,-0.0014835596084594727,0.9970791935920715,2017.8734130859375,0.0015664100646972656,0.9994089007377625,162.53152465820312,-0.0015103816986083984,1.008512020111084,0.021301720291376114,-0.018997669219970703,0.9967637658119202,9.820456504821777,0.003442108631134033,0.9996430277824402,16.699777603149414,-0.00025725364685058594,37,499,0.002631247043609619
SLIM*MIX_oms_pat5_fn-full_extended_const-small_ints_latent256,9057152a-801c-11f1-8d02-2c7ba0e6fa90,synthetic_prior,0,130,0.9976843595504761,0.21913504600524902,101613.0,0.9969145655632019,30.966167449951172,-0.0014835596084594727,0.9970791935920715,2017.8734130859375,0.0015664100646972656,0.9994089007377625,162.53152465820312,-0.0015103816986083984,1.008512020111084,0.021301720291376114,-0.018997669219970703,0.9967637658119202,9.820456504821777,0.003442108631134033,0.9996430277824402,16.699777603149414,-0.00025725364685058594,37,499,0.002631247043609619
SLIM*MIX_oms_pat5_fn-full_extended_const-small_ints_latent256,9057152a-801c-11f1-8d02-2c7ba0e6fa90,synthetic_prior,0,131,0.9976843595504761,0.2498636245727539,102272.0,0.9969145655632019,30.966167449951172,-0.0014835596084594727,0.9970791935920715,2017.8734130859375,0.0015664100646972656,0.9994089007377625,162.53152465820312,-0.0015103816986083984,1.008512020111084,0.021301720291376114,-0.018997669219970703,0.9967637658119202,9.820456504821777,0.003442108631134033,0.9996430277824402,16.699777603149414,-0.00025725364685058594,37,499,0.002631247043609619
SLIM*MIX_oms_pat5_fn-full_extended_const-small_ints_latent256,9057152a-801c-11f1-8d02-2c7ba0e6fa90,synthetic_prior,0,132,0.9976843595504761,0.25103020668029785,103494.0,0.9969145655632019,30.966167449951172,-0.0014835596084594727,0.9970791935920715,2017.8734130859375,0.0015664100646972656,0.9994089007377625,162.53152465820312,-0.0015103816986083984,1.008512020111084,0.021301720291376114,-0.018997669219970703,0.9967637658119202,9.820456504821777,0.003442108631134033,0.9996430277824402,16.699777603149414,-0.00025725364685058594,37,499,0.002631247043609619
SLIM*MIX_oms_pat5_fn-full_extended_const-small_ints_latent256,9057152a-801c-11f1-8d02-2c7ba0e6fa90,synthetic_prior,0,133,0.9976491928100586,0.22229862213134766,103162.0,0.9970382452011108,30.970008850097656,-0.0017321109771728516,0.9975043535232544,2018.7340087890625,0.0007146596908569336,0.9992822408676147,162.51092529296875,-0.0012565851211547852,1.0078680515289307,0.02128812111914158,-0.017696857452392578,0.9974157810211182,9.826879501342773,0.002137899398803711,0.9998200535774231,16.702735900878906,-0.0006115436553955078,37,503,0.0027014613151550293
SLIM*MIX_oms_pat5_fn-full_extended_const-small_ints_latent256,9057152a-801c-11f1-8d02-2c7ba0e6fa90,synthetic_prior,0,134,0.9976491928100586,0.2670140266418457,103102.0,0.9970382452011108,30.970008850097656,-0.0017321109771728516,0.9975043535232544,2018.7340087890625,0.0007146596908569336,0.9992822408676147,162.51092529296875,-0.0012565851211547852,1.0078680515289307,0.02128812111914158,-0.017696857452392578,0.9974157810211182,9.826879501342773,0.002137899398803711,0.9998200535774231,16.702735900878906,-0.0006115436553955078,37,503,0.0027014613151550293
SLIM*MIX_oms_pat5_fn-full_extended_const-small_ints_latent256,9057152a-801c-11f1-8d02-2c7ba0e6fa90,synthetic_prior,0,135,0.9976491928100586,0.2493119239807129,102414.0,0.9970382452011108,30.970008850097656,-0.0017321109771728516,0.9975043535232544,2018.7340087890625,0.0007146596908569336,0.9992822408676147,162.51092529296875,-0.0012565851211547852,1.0078680515289307,0.02128812111914158,-0.017696857452392578,0.9974157810211182,9.826879501342773,0.002137899398803711,0.9998200535774231,16.702735900878906,-0.0006115436553955078,37,503,0.0027014613151550293
SLIM*MIX_oms_pat5_fn-full_extended_const-small_ints_latent256,9057152a-801c-11f1-8d02-2c7ba0e6fa90,synthetic_prior,0,136,0.9976491928100586,0.20406460762023926,101567.0,0.9970382452011108,30.970008850097656,-0.0017321109771728516,0.9975043535232544,2018.7340087890625,0.0007146596908569336,0.9992822408676147,162.51092529296875,-0.0012565851211547852,1.0078680515289307,0.02128812111914158,-0.017696857452392578,0.9974157810211182,9.826879501342773,0.002137899398803711,0.9998200535774231,16.702735900878906,-0.0006115436553955078,37,503,0.0027014613151550293
SLIM*MIX_oms_pat5_fn-full_extended_const-small_ints_latent256,9057152a-801c-11f1-8d02-2c7ba0e6fa90,synthetic_prior,0,137,0.9976491928100586,0.21808171272277832,100187.0,0.9970382452011108,30.970008850097656,-0.0017321109771728516,0.9975043535232544,2018.7340087890625,0.0007146596908569336,0.9992822408676147,162.51092529296875,-0.0012565851211547852,1.0078680515289307,0.02128812111914158,-0.017696857452392578,0.9974157810211182,9.826879501342773,0.002137899398803711,0.9998200535774231,16.702735900878906,-0.0006115436553955078,37,503,0.0027014613151550293
SLIM*MIX_oms_pat5_fn-full_extended_const-small_ints_latent256,9057152a-801c-11f1-8d02-2c7ba0e6fa90,synthetic_prior,0,138,0.9976445436477661,0.2195110321044922,99651.0,0.9971450567245483,30.97332763671875,-0.0019466876983642578,0.9975566267967224,2018.839599609375,0.000610053539276123,0.9992349743843079,162.50323486328125,-0.001161813735961914,1.008670449256897,0.021305065602064133,-0.01931774616241455,0.9971333146095276,9.824097633361816,0.002703070640563965,0.9997264742851257,16.701173782348633,-0.00042438507080078125,38,519,0.0027108192443847656
SLIM*MIX_oms_pat5_fn-full_extended_const-small_ints_latent256,9057152a-801c-11f1-8d02-2c7ba0e6fa90,synthetic_prior,0,139,0.9976387023925781,0.2302401065826416,98919.0,0.9968129992485046,30.9630126953125,-0.0012794733047485352,0.997279703617096,2018.2791748046875,0.0011647939682006836,0.9996949434280396,162.5780487060547,-0.0020837783813476562,1.006109356880188,0.021250974386930466,-0.014148354530334473,0.9973004460334778,9.825743675231934,0.0023686885833740234,0.9997174143791199,16.70102310180664,-0.0004061460494995117,33,449,0.002722442150115967
SLIM*MIX_oms_pat5_fn-full_extended_const-small_ints_latent256,9057152a-801c-11f1-8d02-2c7ba0e6fa90,synthetic_prior,0,140,0.9976387023925781,0.23502206802368164,99015.0,0.9968129992485046,30.9630126953125,-0.0012794733047485352,0.997279703617096,2018.2791748046875,0.0011647939682006836,0.9996949434280396,162.5780487060547,-0.0020837783813476562,1.006109356880188,0.021250974386930466,-0.014148354530334473,0.9973004460334778,9.825743675231934,0.0023686885833740234,0.9997174143791199,16.70102310180664,-0.0004061460494995117,33,449,0.002722442150115967
SLIM*MIX_oms_pat5_fn-full_extended_const-small_ints_latent256,9057152a-801c-11f1-8d02-2c7ba0e6fa90,synthetic_prior,0,141,0.9976266026496887,0.21953392028808594,99099.0,0.9968714118003845,30.964828491210938,-0.0013968944549560547,0.9972553253173828,2018.22998046875,0.0012135505676269531,0.9997978210449219,162.5947723388672,-0.002290010452270508,1.0065360069274902,0.021259984001517296,-0.01500856876373291,0.9972571730613708,9.825318336486816,0.0024552345275878906,0.9996916055679321,16.700590133666992,-0.00035440921783447266,34,470,0.0027467012405395508
SLIM*MIX_oms_pat5_fn-full_extended_const-small_ints_latent256,9057152a-801c-11f1-8d02-2c7ba0e6fa90,synthetic_prior,0,142,0.9976202845573425,0.23560857772827148,98974.0,0.9967878460884094,30.962234497070312,-0.0012290477752685547,0.9969971776008606,2017.7073974609375,0.0017306804656982422,0.9998347759246826,162.6007843017578,-0.002364039421081543,1.0051450729370117,0.021230604499578476,-0.012205362319946289,0.9970890879631042,9.823660850524902,0.002791464328765869,0.9998278021812439,16.702865600585938,-0.0006270408630371094,34,462,0.002759277820587158
SLIM*MIX_oms_pat5_fn-full_extended_const-small_ints_latent256,9057152a-801c-11f1-8d02-2c7ba0e6fa90,synthetic_prior,0,143,0.9976202845573425,0.21893668174743652,100394.0,0.9967878460884094,30.962234497070312,-0.0012290477752685547,0.9969971776008606,2017.7073974609375,0.0017306804656982422,0.9998347759246826,162.6007843017578,-0.002364039421081543,1.0051450729370117,0.021230604499578476,-0.012205362319946289,0.9970890879631042,9.823660850524902,0.002791464328765869,0.9998278021812439,16.702865600585938,-0.0006270408630371094,34,462,0.002759277820587158
SLIM*MIX_oms_pat5_fn-full_extended_const-small_ints_latent256,9057152a-801c-11f1-8d02-2c7ba0e6fa90,synthetic_prior,0,144,0.9976202845573425,0.2217881679534912,102002.0,0.9967878460884094,30.962234497070312,-0.0012290477752685547,0.9969971776008606,2017.7073974609375,0.0017306804656982422,0.9998347759246826,162.6007843017578,-0.002364039421081543,1.0051450729370117,0.021230604499578476,-0.012205362319946289,0.9970890879631042,9.823660850524902,0.002791464328765869,0.9998278021812439,16.702865600585938,-0.0006270408630371094,34,462,0.002759277820587158
SLIM*MIX_oms_pat5_fn-full_extended_const-small_ints_latent256,9057152a-801c-11f1-8d02-2c7ba0e6fa90,synthetic_prior,0,145,0.9976202845573425,0.23552632331848145,102792.0,0.9967878460884094,30.962234497070312,-0.0012290477752685547,0.9969971776008606,2017.7073974609375,0.0017306804656982422,0.9998347759246826,162.6007843017578,-0.002364039421081543,1.0051450729370117,0.021230604499578476,-0.012205362319946289,0.9970890879631042,9.823660850524902,0.002791464328765869,0.9998278021812439,16.702865600585938,-0.0006270408630371094,34,462,0.002759277820587158
SLIM*MIX_oms_pat5_fn-full_extended_const-small_ints_latent256,9057152a-801c-11f1-8d02-2c7ba0e6fa90,synthetic_prior,0,146,0.9976202845573425,0.2190845012664795,102386.0,0.9967878460884094,30.962234497070312,-0.0012290477752685547,0.9969971776008606,2017.7073974609375,0.0017306804656982422,0.9998347759246826,162.6007843017578,-0.002364039421081543,1.0051450729370117,0.021230604499578476,-0.012205362319946289,0.9970890879631042,9.823660850524902,0.002791464328765869,0.9998278021812439,16.702865600585938,-0.0006270408630371094,34,462,0.002759277820587158
SLIM*MIX_oms_pat5_fn-full_extended_const-small_ints_latent256,9057152a-801c-11f1-8d02-2c7ba0e6fa90,synthetic_prior,0,147,0.9976202845573425,0.266369104385376,50201.0,0.9967878460884094,30.962234497070312,-0.0012290477752685547,0.9969971776008606,2017.7073974609375,0.0017306804656982422,0.9998347759246826,162.6007843017578,-0.002364039421081543,1.0051450729370117,0.021230604499578476,-0.012205362319946289,0.9970890879631042,9.823660850524902,0.002791464328765869,0.9998278021812439,16.702865600585938,-0.0006270408630371094,34,462,0.002759277820587158
SLIM*MIX_oms_pat5_fn-full_extended_const-small_ints_latent256,9057152a-801c-11f1-8d02-2c7ba0e6fa90,synthetic_prior,0,148,0.9976081252098083,0.18924736976623535,69813.0,0.9968447685241699,30.964000701904297,-0.001343369483947754,0.9972807765007019,2018.281494140625,0.0011625289916992188,1.0000509023666382,162.6359405517578,-0.0027976036071777344,1.0056214332580566,0.021240664646029472,-0.013164758682250977,0.9973623752593994,9.826354026794434,0.0022447705268859863,0.9996491074562073,16.699880599975586,-0.0002695322036743164,36,509,0.0027835965156555176
SLIM*MIX_oms_pat5_fn-full_extended_const-small_ints_latent256,9057152a-801c-11f1-8d02-2c7ba0e6fa90,synthetic_prior,0,149,0.9976081252098083,0.22043180465698242,90119.0,0.9968447685241699,30.964000701904297,-0.001343369483947754,0.9972807765007019,2018.281494140625,0.0011625289916992188,1.0000509023666382,162.6359405517578,-0.0027976036071777344,1.0056214332580566,0.021240664646029472,-0.013164758682250977,0.9973623752593994,9.826354026794434,0.0022447705268859863,0.9996491074562073,16.699880599975586,-0.0002695322036743164,36,509,0.0027835965156555176
SLIM*MIX_oms_pat5_fn-full_extended_const-small_ints_latent256,9057152a-801c-11f1-8d02-2c7ba0e6fa90,synthetic_prior,0,150,0.9976081252098083,0.23699116706848145,97670.0,0.9968447685241699,30.964000701904297,-0.001343369483947754,0.9972807765007019,2018.281494140625,0.0011625289916992188,1.0000509023666382,162.6359405517578,-0.0027976036071777344,1.0056214332580566,0.021240664646029472,-0.013164758682250977,0.9973623752593994,9.826354026794434,0.0022447705268859863,0.9996491074562073,16.699880599975586,-0.0002695322036743164,36,509,0.0027835965156555176
SLIM*MIX_oms_pat5_fn-full_extended_const-small_ints_latent256,9057152a-801c-11f1-8d02-2c7ba0e6fa90,synthetic_prior,0,151,0.9976081252098083,0.219390869140625,97426.0,0.9968447685241699,30.964000701904297,-0.001343369483947754,0.9972807765007019,2018.281494140625,0.0011625289916992188,1.0000509023666382,162.6359405517578,-0.0027976036071777344,1.0056214332580566,0.021240664646029472,-0.013164758682250977,0.9973623752593994,9.826354026794434,0.0022447705268859863,0.9996491074562073,16.699880599975586,-0.0002695322036743164,36,509,0.0027835965156555176
SLIM*MIX_oms_pat5_fn-full_extended_const-small_ints_latent256,9057152a-801c-11f1-8d02-2c7ba0e6fa90,synthetic_prior,0,152,0.9976081252098083,0.25972676277160645,98007.0,0.9968447685241699,30.964000701904297,-0.001343369483947754,0.9972807765007019,2018.281494140625,0.0011625289916992188,1.0000509023666382,162.6359405517578,-0.0027976036071777344,1.0056214332580566,0.021240664646029472,-0.013164758682250977,0.9973623752593994,9.826354026794434,0.0022447705268859863,0.9996491074562073,16.699880599975586,-0.0002695322036743164,36,509,0.0027835965156555176
SLIM*MIX_oms_pat5_fn-full_extended_const-small_ints_latent256,9057152a-801c-11f1-8d02-2c7ba0e6fa90,synthetic_prior,0,153,0.9976081252098083,0.29615044593811035,49790.0,0.9968447685241699,30.964000701904297,-0.001343369483947754,0.9972807765007019,2018.281494140625,0.0011625289916992188,1.0000509023666382,162.6359405517578,-0.0027976036071777344,1.0056214332580566,0.021240664646029472,-0.013164758682250977,0.9973623752593994,9.826354026794434,0.0022447705268859863,0.9996491074562073,16.699880599975586,-0.0002695322036743164,36,509,0.0027835965156555176
SLIM*MIX_oms_pat5_fn-full_extended_const-small_ints_latent256,9057152a-801c-11f1-8d02-2c7ba0e6fa90,synthetic_prior,0,154,0.9976071715354919,0.22611331939697266,72412.0,0.9969154000282288,30.96619415283203,-0.0014852285385131836,0.9972599148750305,2018.2392578125,0.001204371452331543,0.9999637603759766,162.62176513671875,-0.002622842788696289,1.0055116415023804,0.02123834751546383,-0.012943625450134277,0.9973965287208557,9.826690673828125,0.0021764039993286133,0.9996591210365295,16.700044631958008,-0.0002894401550292969,36,507,0.00278550386428833
SLIM*MIX_oms_pat5_fn-full_extended_const-small_ints_latent256,9057152a-801c-11f1-8d02-2c7ba0e6fa90,synthetic_prior,0,155,0.9976071715354919,0.2873203754425049,93635.0,0.9969154000282288,30.96619415283203,-0.0014852285385131836,0.9972599148750305,2018.2392578125,0.001204371452331543,0.9999637603759766,162.62176513671875,-0.002622842788696289,1.0055116415023804,0.02123834751546383,-0.012943625450134277,0.9973965287208557,9.826690673828125,0.0021764039993286133,0.9996591210365295,16.700044631958008,-0.0002894401550292969,36,507,0.00278550386428833
SLIM*MIX_oms_pat5_fn-full_extended_const-small_ints_latent256,9057152a-801c-11f1-8d02-2c7ba0e6fa90,synthetic_prior,0,156,0.9975947737693787,0.25841498374938965,99751.0,0.9968411326408386,30.96388816833496,-0.0013360977172851562,0.9974380731582642,2018.599853515625,0.0008474588394165039,0.9997771978378296,162.59141540527344,-0.0022486448287963867,1.0052318572998047,0.02123243734240532,-0.012379884719848633,0.9971747994422913,9.824504852294922,0.0026200413703918457,0.9996433258056641,16.699783325195312,-0.00025784969329833984,35,496,0.0028102993965148926
SLIM*MIX_oms_pat5_fn-full_extended_const-small_ints_latent256,9057152a-801c-11f1-8d02-2c7ba0e6fa90,synthetic_prior,0,157,0.9975515007972717,0.2595822811126709,100486.0,0.9969867467880249,30.96841049194336,-0.0016286373138427734,0.9973140954971313,2018.3487548828125,0.001095890998840332,0.9999157190322876,162.61395263671875,-0.002526402473449707,1.0042954683303833,0.021212659776210785,-0.010494828224182129,0.9976734519004822,9.829419136047363,0.0016222596168518066,0.9996597170829773,16.700056076049805,-0.0002906322479248047,38,536,0.0028967857360839844
SLIM*MIX_oms_pat5_fn-full_extended_const-small_ints_latent256,9057152a-801c-11f1-8d02-2c7ba0e6fa90,synthetic_prior,0,158,0.9975515007972717,0.22567152976989746,101552.0,0.9969867467880249,30.96841049194336,-0.0016286373138427734,0.9973140954971313,2018.3487548828125,0.001095890998840332,0.9999157190322876,162.61395263671875,-0.002526402473449707,1.0042954683303833,0.021212659776210785,-0.010494828224182129,0.9976734519004822,9.829419136047363,0.0016222596168518066,0.9996597170829773,16.700056076049805,-0.0002906322479248047,38,536,0.0028967857360839844
SLIM*MIX_oms_pat5_fn-full_extended_const-small_ints_latent256,9057152a-801c-11f1-8d02-2c7ba0e6fa90,synthetic_prior,0,159,0.9975515007972717,0.25545454025268555,102143.0,0.9969867467880249,30.96841049194336,-0.0016286373138427734,0.9973140954971313,2018.3487548828125,0.001095890998840332,0.9999157190322876,162.61395263671875,-0.002526402473449707,1.0042954683303833,0.021212659776210785,-0.010494828224182129,0.9976734519004822,9.829419136047363,0.0016222596168518066,0.9996597170829773,16.700056076049805,-0.0002906322479248047,38,536,0.0028967857360839844
SLIM*MIX_oms_pat5_fn-full_extended_const-small_ints_latent256,9057152a-801c-11f1-8d02-2c7ba0e6fa90,synthetic_prior,0,160,0.9975515007972717,0.2520751953125,101805.0,0.9969867467880249,30.96841049194336,-0.0016286373138427734,0.9973140954971313,2018.3487548828125,0.001095890998840332,0.9999157190322876,162.61395263671875,-0.002526402473449707,1.0042954683303833,0.021212659776210785,-0.010494828224182129,0.9976734519004822,9.829419136047363,0.0016222596168518066,0.9996597170829773,16.700056076049805,-0.0002906322479248047,38,536,0.0028967857360839844
SLIM*MIX_oms_pat5_fn-full_extended_const-small_ints_latent256,9057152a-801c-11f1-8d02-2c7ba0e6fa90,synthetic_prior,0,161,0.9975515007972717,0.23731017112731934,102186.0,0.9969867467880249,30.96841049194336,-0.0016286373138427734,0.9973140954971313,2018.3487548828125,0.001095890998840332,0.9999157190322876,162.61395263671875,-0.002526402473449707,1.0042954683303833,0.021212659776210785,-0.010494828224182129,0.9976734519004822,9.829419136047363,0.0016222596168518066,0.9996597170829773,16.700056076049805,-0.0002906322479248047,38,536,0.0028967857360839844
SLIM*MIX_oms_pat5_fn-full_extended_const-small_ints_latent256,9057152a-801c-11f1-8d02-2c7ba0e6fa90,synthetic_prior,0,162,0.9975515007972717,0.3032245635986328,52071.0,0.9969867467880249,30.96841049194336,-0.0016286373138427734,0.9973140954971313,2018.3487548828125,0.001095890998840332,0.9999157190322876,162.61395263671875,-0.002526402473449707,1.0042954683303833,0.021212659776210785,-0.010494828224182129,0.9976734519004822,9.829419136047363,0.0016222596168518066,0.9996597170829773,16.700056076049805,-0.0002906322479248047,38,536,0.0028967857360839844
SLIM*MIX_oms_pat5_fn-full_extended_const-small_ints_latent256,9057152a-801c-11f1-8d02-2c7ba0e6fa90,synthetic_prior,0,163,0.9975515007972717,0.22010087966918945,78341.0,0.9969867467880249,30.96841049194336,-0.0016286373138427734,0.9973140954971313,2018.3487548828125,0.001095890998840332,0.9999157190322876,162.61395263671875,-0.002526402473449707,1.0042954683303833,0.021212659776210785,-0.010494828224182129,0.9976734519004822,9.829419136047363,0.0016222596168518066,0.9996597170829773,16.700056076049805,-0.0002906322479248047,38,536,0.0028967857360839844
SLIM*MIX_oms_pat5_fn-full_extended_const-small_ints_latent256,9057152a-801c-11f1-8d02-2c7ba0e6fa90,synthetic_prior,0,164,0.9975515007972717,0.24701452255249023,98571.0,0.9969867467880249,30.96841049194336,-0.0016286373138427734,0.9973140954971313,2018.3487548828125,0.001095890998840332,0.9999157190322876,162.61395263671875,-0.002526402473449707,1.0042954683303833,0.021212659776210785,-0.010494828224182129,0.9976734519004822,9.829419136047363,0.0016222596168518066,0.9996597170829773,16.700056076049805,-0.0002906322479248047,38,536,0.0028967857360839844
SLIM*MIX_oms_pat5_fn-full_extended_const-small_ints_latent256,9057152a-801c-11f1-8d02-2c7ba0e6fa90,synthetic_prior,0,165,0.9975515007972717,0.24862384796142578,103956.0,0.9969867467880249,30.96841049194336,-0.0016286373138427734,0.9973140954971313,2018.3487548828125,0.001095890998840332,0.9999157190322876,162.61395263671875,-0.002526402473449707,1.0042954683303833,0.021212659776210785,-0.010494828224182129,0.9976734519004822,9.829419136047363,0.0016222596168518066,0.9996597170829773,16.700056076049805,-0.0002906322479248047,38,536,0.0028967857360839844
SLIM*MIX_oms_pat5_fn-full_extended_const-small_ints_latent256,9057152a-801c-11f1-8d02-2c7ba0e6fa90,synthetic_prior,0,166,0.9975515007972717,0.23525214195251465,102619.0,0.9969867467880249,30.96841049194336,-0.0016286373138427734,0.9973140954971313,2018.3487548828125,0.001095890998840332,0.9999157190322876,162.61395263671875,-0.002526402473449707,1.0042954683303833,0.021212659776210785,-0.010494828224182129,0.9976734519004822,9.829419136047363,0.0016222596168518066,0.9996597170829773,16.700056076049805,-0.0002906322479248047,38,536,0.0028967857360839844
SLIM*MIX_oms_pat5_fn-full_extended_const-small_ints_latent256,9057152a-801c-11f1-8d02-2c7ba0e6fa90,synthetic_prior,0,167,0.9975515007972717,0.2664344310760498,51611.0,0.9969867467880249,30.96841049194336,-0.0016286373138427734,0.9973140954971313,2018.3487548828125,0.001095890998840332,0.9999157190322876,162.61395263671875,-0.002526402473449707,1.0042954683303833,0.021212659776210785,-0.010494828224182129,0.9976734519004822,9.829419136047363,0.0016222596168518066,0.9996597170829773,16.700056076049805,-0.0002906322479248047,38,536,0.0028967857360839844
SLIM*MIX_oms_pat5_fn-full_extended_const-small_ints_latent256,9057152a-801c-11f1-8d02-2c7ba0e6fa90,synthetic_prior,0,168,0.9975515007972717,0.3004887104034424,79489.0,0.9969867467880249,30.96841049194336,-0.0016286373138427734,0.9973140954971313,2018.3487548828125,0.001095890998840332,0.9999157190322876,162.61395263671875,-0.002526402473449707,1.0042954683303833,0.021212659776210785,-0.010494828224182129,0.9976734519004822,9.829419136047363,0.0016222596168518066,0.9996597170829773,16.700056076049805,-0.0002906322479248047,38,536,0.0028967857360839844
SLIM*MIX_oms_pat5_fn-full_extended_const-small_ints_latent256,9057152a-801c-11f1-8d02-2c7ba0e6fa90,synthetic_prior,0,169,0.9975515007972717,0.21911072731018066,95183.0,0.9969867467880249,30.96841049194336,-0.0016286373138427734,0.9973140954971313,2018.3487548828125,0.001095890998840332,0.9999157190322876,162.61395263671875,-0.002526402473449707,1.0042954683303833,0.021212659776210785,-0.010494828224182129,0.9976734519004822,9.829419136047363,0.0016222596168518066,0.9996597170829773,16.700056076049805,-0.0002906322479248047,38,536,0.0028967857360839844
SLIM*MIX_oms_pat5_fn-full_extended_const-small_ints_latent256,9057152a-801c-11f1-8d02-2c7ba0e6fa90,synthetic_prior,0,170,0.9975354075431824,0.235945463180542,102044.0,0.9968335628509521,30.963651657104492,-0.0013208389282226562,0.9974616169929504,2018.6473388671875,0.0008003115653991699,0.999631404876709,162.56771850585938,-0.001956462860107422,1.0038739442825317,0.02120375446975231,-0.00964665412902832,0.9975675940513611,9.828375816345215,0.001834094524383545,0.9996703267097473,16.700233459472656,-0.00031185150146484375,38,550,0.0029289722442626953
SLIM*MIX_oms_pat5_fn-full_extended_const-small_ints_latent256,9057152a-801c-11f1-8d02-2c7ba0e6fa90,synthetic_prior,0,171,0.9975345134735107,0.23543477058410645,105083.0,0.9968426823616028,30.96393394470215,-0.0013390779495239258,0.9974581599235535,2018.6405029296875,0.0008072853088378906,0.9996455907821655,162.5700225830078,-0.001984834671020508,1.0039352178573608,0.021205049008131027,-0.009769797325134277,0.9975578784942627,9.828280448913574,0.0018535256385803223,0.9996723532676697,16.700267791748047,-0.0003159046173095703,39,564,0.0029308199882507324
SLIM*MIX_oms_pat5_fn-full_extended_const-small_ints_latent256,9057152a-801c-11f1-8d02-2c7ba0e6fa90,synthetic_prior,0,172,0.9975345134735107,0.20033502578735352,104708.0,0.9968426823616028,30.96393394470215,-0.0013390779495239258,0.9974581599235535,2018.6405029296875,0.0008072853088378906,0.9996455907821655,162.5700225830078,-0.001984834671020508,1.0039352178573608,0.021205049008131027,-0.009769797325134277,0.9975578784942627,9.828280448913574,0.0018535256385803223,0.9996723532676697,16.700267791748047,-0.0003159046173095703,39,564,0.0029308199882507324
SLIM*MIX_oms_pat5_fn-full_extended_const-small_ints_latent256,9057152a-801c-11f1-8d02-2c7ba0e6fa90,synthetic_prior,0,173,0.9975345134735107,0.2514455318450928,105003.0,0.9968426823616028,30.96393394470215,-0.0013390779495239258,0.9974581599235535,2018.6405029296875,0.0008072853088378906,0.9996455907821655,162.5700225830078,-0.001984834671020508,1.0039352178573608,0.021205049008131027,-0.009769797325134277,0.9975578784942627,9.828280448913574,0.0018535256385803223,0.9996723532676697,16.700267791748047,-0.0003159046173095703,39,564,0.0029308199882507324
SLIM*MIX_oms_pat5_fn-full_extended_const-small_ints_latent256,9057152a-801c-11f1-8d02-2c7ba0e6fa90,synthetic_prior,0,174,0.9975343346595764,0.23581695556640625,105498.0,0.9968445301055908,30.963991165161133,-0.0013428926467895508,0.9974576830863953,2018.639404296875,0.0008081793785095215,0.9996486306190491,162.5705108642578,-0.0019909143447875977,1.0039477348327637,0.021205313503742218,-0.009795188903808594,0.9975561499595642,9.828262329101562,0.0018570423126220703,0.9996727705001831,16.700275421142578,-0.0003167390823364258,39,564,0.0029311776161193848
SLIM*MIX_oms_pat5_fn-full_extended_const-small_ints_latent256,9057152a-801c-11f1-8d02-2c7ba0e6fa90,synthetic_prior,0,175,0.9975295662879944,0.23508024215698242,107074.0,0.9976302981376648,30.988401412963867,-0.0029221773147583008,0.9972140789031982,2018.146484375,0.00129622220993042,0.9994791746139526,162.54293823242188,-0.0016512870788574219,1.0051578283309937,0.021230874583125114,-0.012230992317199707,0.9975762367248535,9.828461647033691,0.0018167495727539062,0.9996663928031921,16.70016860961914,-0.00030410289764404297,40,562,0.002940654754638672
SLIM*MIX_oms_pat5_fn-full_extended_const-small_ints_latent256,9057152a-801c-11f1-8d02-2c7ba0e6fa90,synthetic_prior,0,176,0.9975260496139526,0.23508787155151367,108492.0,0.9970302581787109,30.96976089477539,-0.001716017723083496,0.9973465204238892,2018.41455078125,0.0010308623313903809,0.9999502897262573,162.6195831298828,-0.0025957822799682617,1.0043107271194458,0.021212980151176453,-0.01052546501159668,0.9976502060890198,9.82918930053711,0.0016688108444213867,0.9996369481086731,16.699676513671875,-0.00024509429931640625,39,548,0.0029476284980773926
SLIM*MIX_oms_pat5_fn-full_extended_const-small_ints_latent256,9057152a-801c-11f1-8d02-2c7ba0e6fa90,synthetic_prior,0,177,0.9975260496139526,0.21877837181091309,108990.0,0.9970302581787109,30.96976089477539,-0.001716017723083496,0.9973465204238892,2018.41455078125,0.0010308623313903809,0.9999502897262573,162.6195831298828,-0.0025957822799682617,1.0043107271194458,0.021212980151176453,-0.01052546501159668,0.9976502060890198,9.82918930053711,0.0016688108444213867,0.9996369481086731,16.699676513671875,-0.00024509429931640625,39,548,0.0029476284980773926
SLIM*MIX_oms_pat5_fn-full_extended_const-small_ints_latent256,9057152a-801c-11f1-8d02-2c7ba0e6fa90,synthetic_prior,0,178,0.9975260496139526,0.23507213592529297,109510.0,0.9970302581787109,30.96976089477539,-0.001716017723083496,0.9973465204238892,2018.41455078125,0.0010308623313903809,0.9999502897262573,162.6195831298828,-0.0025957822799682617,1.0043107271194458,0.021212980151176453,-0.01052546501159668,0.9976502060890198,9.82918930053711,0.0016688108444213867,0.9996369481086731,16.699676513671875,-0.00024509429931640625,39,548,0.0029476284980773926
SLIM*MIX_oms_pat5_fn-full_extended_const-small_ints_latent256,9057152a-801c-11f1-8d02-2c7ba0e6fa90,synthetic_prior,0,179,0.9975260496139526,0.23505902290344238,109346.0,0.9970302581787109,30.96976089477539,-0.001716017723083496,0.9973465204238892,2018.41455078125,0.0010308623313903809,0.9999502897262573,162.6195831298828,-0.0025957822799682617,1.0043107271194458,0.021212980151176453,-0.01052546501159668,0.9976502060890198,9.82918930053711,0.0016688108444213867,0.9996369481086731,16.699676513671875,-0.00024509429931640625,39,548,0.0029476284980773926
SLIM*MIX_oms_pat5_fn-full_extended_const-small_ints_latent256,9057152a-801c-11f1-8d02-2c7ba0e6fa90,synthetic_prior,0,180,0.9975161552429199,0.2826693058013916,109928.0,0.9975193738937378,30.984956741333008,-0.002699136734008789,0.997248113155365,2018.21533203125,0.001228034496307373,0.9994094967842102,162.53163146972656,-0.0015115737915039062,1.0047122240066528,0.02122146263718605,-0.011333703994750977,0.9976330995559692,9.829020500183105,0.001703023910522461,0.99965500831604,16.69997787475586,-0.00028121471405029297,41,574,0.0029674768447875977
SLIM*MIX_oms_pat5_fn-full_extended_const-small_ints_latent256,9057152a-801c-11f1-8d02-2c7ba0e6fa90,synthetic_prior,0,181,0.9975161552429199,0.2506124973297119,111247.0,0.9975193738937378,30.984956741333008,-0.002699136734008789,0.997248113155365,2018.21533203125,0.001228034496307373,0.9994094967842102,162.53163146972656,-0.0015115737915039062,1.0047122240066528,0.02122146263718605,-0.011333703994750977,0.9976330995559692,9.829020500183105,0.001703023910522461,0.99965500831604,16.69997787475586,-0.00028121471405029297,41,574,0.0029674768447875977
SLIM*MIX_oms_pat5_fn-full_extended_const-small_ints_latent256,9057152a-801c-11f1-8d02-2c7ba0e6fa90,synthetic_prior,0,182,0.9975161552429199,0.33669233322143555,111818.0,0.9975193738937378,30.984956741333008,-0.002699136734008789,0.997248113155365,2018.21533203125,0.001228034496307373,0.9994094967842102,162.53163146972656,-0.0015115737915039062,1.0047122240066528,0.02122146263718605,-0.011333703994750977,0.9976330995559692,9.829020500183105,0.001703023910522461,0.99965500831604,16.69997787475586,-0.00028121471405029297,41,574,0.0029674768447875977
SLIM*MIX_oms_pat5_fn-full_extended_const-small_ints_latent256,9057152a-801c-11f1-8d02-2c7ba0e6fa90,synthetic_prior,0,183,0.9975161552429199,0.22074294090270996,113010.0,0.9975193738937378,30.984956741333008,-0.002699136734008789,0.997248113155365,2018.21533203125,0.001228034496307373,0.9994094967842102,162.53163146972656,-0.0015115737915039062,1.0047122240066528,0.02122146263718605,-0.011333703994750977,0.9976330995559692,9.829020500183105,0.001703023910522461,0.99965500831604,16.69997787475586,-0.00028121471405029297,41,574,0.0029674768447875977
SLIM*MIX_oms_pat5_fn-full_extended_const-small_ints_latent256,9057152a-801c-11f1-8d02-2c7ba0e6fa90,synthetic_prior,0,184,0.9975161552429199,0.2513117790222168,113897.0,0.9975193738937378,30.984956741333008,-0.002699136734008789,0.997248113155365,2018.21533203125,0.001228034496307373,0.9994094967842102,162.53163146972656,-0.0015115737915039062,1.0047122240066528,0.02122146263718605,-0.011333703994750977,0.9976330995559692,9.829020500183105,0.001703023910522461,0.99965500831604,16.69997787475586,-0.00028121471405029297,41,574,0.0029674768447875977
SLIM*MIX_oms_pat5_fn-full_extended_const-small_ints_latent256,9057152a-801c-11f1-8d02-2c7ba0e6fa90,synthetic_prior,0,185,0.9975155591964722,0.25103020668029785,113746.0,0.9967480301856995,30.960994720458984,-0.0011489391326904297,0.9973133206367493,2018.3472900390625,0.0010973811149597168,0.9996141791343689,162.56491088867188,-0.0019218921661376953,1.0037099123001099,0.021200289949774742,-0.009316682815551758,0.9977304339408875,9.82997989654541,0.0015082359313964844,0.9996930360794067,16.700613021850586,-0.0003572702407836914,38,552,0.0029686689376831055
SLIM*MIX_oms_pat5_fn-full_extended_const-small_ints_latent256,9057152a-801c-11f1-8d02-2c7ba0e6fa90,synthetic_prior,0,186,0.9975096583366394,0.225860595703125,113036.0,0.9968804717063904,30.96510887145996,-0.0014151334762573242,0.9972106218338013,2018.1395263671875,0.0013031363487243652,0.9996352791786194,162.56834411621094,-0.001964092254638672,1.004158616065979,0.02120976708829403,-0.010219335556030273,0.9977796077728271,9.830464363098145,0.001409769058227539,0.9997274279594421,16.701189041137695,-0.00042629241943359375,37,517,0.002980470657348633
SLIM*MIX_oms_pat5_fn-full_extended_const-small_ints_latent256,9057152a-801c-11f1-8d02-2c7ba0e6fa90,synthetic_prior,0,187,0.9975096583366394,0.26705360412597656,112639.0,0.9968804717063904,30.96510887145996,-0.0014151334762573242,0.9972106218338013,2018.1395263671875,0.0013031363487243652,0.9996352791786194,162.56834411621094,-0.001964092254638672,1.004158616065979,0.02120976708829403,-0.010219335556030273,0.9977796077728271,9.830464363098145,0.001409769058227539,0.9997274279594421,16.701189041137695,-0.00042629241943359375,37,517,0.002980470657348633
SLIM*MIX_oms_pat5_fn-full_extended_const-small_ints_latent256,9057152a-801c-11f1-8d02-2c7ba0e6fa90,synthetic_prior,0,188,0.9975096583366394,0.21968340873718262,112876.0,0.9968804717063904,30.96510887145996,-0.0014151334762573242,0.9972106218338013,2018.1395263671875,0.0013031363487243652,0.9996352791786194,162.56834411621094,-0.001964092254638672,1.004158616065979,0.02120976708829403,-0.010219335556030273,0.9977796077728271,9.830464363098145,0.001409769058227539,0.9997274279594421,16.701189041137695,-0.00042629241943359375,37,517,0.002980470657348633
SLIM*MIX_oms_pat5_fn-full_extended_const-small_ints_latent256,9057152a-801c-11f1-8d02-2c7ba0e6fa90,synthetic_prior,0,189,0.9975096583366394,0.19927120208740234,112254.0,0.9968804717063904,30.96510887145996,-0.0014151334762573242,0.9972106218338013,2018.1395263671875,0.0013031363487243652,0.9996352791786194,162.56834411621094,-0.001964092254638672,1.004158616065979,0.02120976708829403,-0.010219335556030273,0.9977796077728271,9.830464363098145,0.001409769058227539,0.9997274279594421,16.701189041137695,-0.00042629241943359375,37,517,0.002980470657348633
SLIM*MIX_oms_pat5_fn-full_extended_const-small_ints_latent256,9057152a-801c-11f1-8d02-2c7ba0e6fa90,synthetic_prior,0,190,0.9975096583366394,0.2359910011291504,112203.0,0.9968804717063904,30.96510887145996,-0.0014151334762573242,0.9972106218338013,2018.1395263671875,0.0013031363487243652,0.9996352791786194,162.56834411621094,-0.001964092254638672,1.004158616065979,0.02120976708829403,-0.010219335556030273,0.9977796077728271,9.830464363098145,0.001409769058227539,0.9997274279594421,16.701189041137695,-0.00042629241943359375,37,517,0.002980470657348633
SLIM*MIX_oms_pat5_fn-full_extended_const-small_ints_latent256,9057152a-801c-11f1-8d02-2c7ba0e6fa90,synthetic_prior,0,191,0.9975096583366394,0.2993443012237549,58098.0,0.9968804717063904,30.96510887145996,-0.0014151334762573242,0.9972106218338013,2018.1395263671875,0.0013031363487243652,0.9996352791786194,162.56834411621094,-0.001964092254638672,1.004158616065979,0.02120976708829403,-0.010219335556030273,0.9977796077728271,9.830464363098145,0.001409769058227539,0.9997274279594421,16.701189041137695,-0.00042629241943359375,37,517,0.002980470657348633
SLIM*MIX_oms_pat5_fn-full_extended_const-small_ints_latent256,9057152a-801c-11f1-8d02-2c7ba0e6fa90,synthetic_prior,0,192,0.9975096583366394,0.2883448600769043,87140.0,0.9968804717063904,30.96510887145996,-0.0014151334762573242,0.9972106218338013,2018.1395263671875,0.0013031363487243652,0.9996352791786194,162.56834411621094,-0.001964092254638672,1.004158616065979,0.02120976708829403,-0.010219335556030273,0.9977796077728271,9.830464363098145,0.001409769058227539,0.9997274279594421,16.701189041137695,-0.00042629241943359375,37,517,0.002980470657348633
SLIM*MIX_oms_pat5_fn-full_extended_const-small_ints_latent256,9057152a-801c-11f1-8d02-2c7ba0e6fa90,synthetic_prior,0,193,0.9975096583366394,0.2359144687652588,110108.0,0.9968804717063904,30.96510887145996,-0.0014151334762573242,0.9972106218338013,2018.1395263671875,0.0013031363487243652,0.9996352791786194,162.56834411621094,-0.001964092254638672,1.004158616065979,0.02120976708829403,-0.010219335556030273,0.9977796077728271,9.830464363098145,0.001409769058227539,0.9997274279594421,16.701189041137695,-0.00042629241943359375,37,517,0.002980470657348633
SLIM*MIX_oms_pat5_fn-full_extended_const-small_ints_latent256,9057152a-801c-11f1-8d02-2c7ba0e6fa90,synthetic_prior,0,194,0.9975050687789917,0.2341759204864502,113311.0,0.9975679516792297,30.986465454101562,-0.002796769142150879,0.9971707463264465,2018.058837890625,0.001383066177368164,0.9993888735771179,162.5282745361328,-0.001470327377319336,1.0043021440505981,0.021212801337242126,-0.010508179664611816,0.9976677298545837,9.829362869262695,0.0016336441040039062,0.9996503591537476,16.699901580810547,-0.0002720355987548828,39,546,0.002989649772644043
SLIM*MIX_oms_pat5_fn-full_extended_const-small_ints_latent256,9057152a-801c-11f1-8d02-2c7ba0e6fa90,synthetic_prior,0,195,0.9975016713142395,0.24750208854675293,112686.0,0.9969156384468079,30.966201782226562,-0.0014857053756713867,0.9971904754638672,2018.0986328125,0.0013434886932373047,0.9997013807296753,162.5791015625,-0.0020966529846191406,1.004367470741272,0.021214177832007408,-0.010639667510986328,0.9977237582206726,9.829914093017578,0.0015215873718261719,0.9997442960739136,16.70147132873535,-0.00045990943908691406,36,492,0.002996385097503662
SLIM*MIX_oms_pat5_fn-full_extended_const-small_ints_latent256,9057152a-801c-11f1-8d02-2c7ba0e6fa90,synthetic_prior,0,196,0.9975016713142395,0.24551701545715332,112919.0,0.9969156384468079,30.966201782226562,-0.0014857053756713867,0.9971904754638672,2018.0986328125,0.0013434886932373047,0.9997013807296753,162.5791015625,-0.0020966529846191406,1.004367470741272,0.021214177832007408,-0.010639667510986328,0.9977237582206726,9.829914093017578,0.0015215873718261719,0.9997442960739136,16.70147132873535,-0.00045990943908691406,36,492,0.002996385097503662
SLIM*MIX_oms_pat5_fn-full_extended_const-small_ints_latent256,9057152a-801c-11f1-8d02-2c7ba0e6fa90,synthetic_prior,0,197,0.9975016713142395,0.23445534706115723,113860.0,0.9969156384468079,30.966201782226562,-0.0014857053756713867,0.9971904754638672,2018.0986328125,0.0013434886932373047,0.9997013807296753,162.5791015625,-0.0020966529846191406,1.004367470741272,0.021214177832007408,-0.010639667510986328,0.9977237582206726,9.829914093017578,0.0015215873718261719,0.9997442960739136,16.70147132873535,-0.00045990943908691406,36,492,0.002996385097503662
SLIM*MIX_oms_pat5_fn-full_extended_const-small_ints_latent256,9057152a-801c-11f1-8d02-2c7ba0e6fa90,synthetic_prior,0,198,0.9975016713142395,0.25016236305236816,113725.0,0.9969156384468079,30.966201782226562,-0.0014857053756713867,0.9971904754638672,2018.0986328125,0.0013434886932373047,0.9997013807296753,162.5791015625,-0.0020966529846191406,1.004367470741272,0.021214177832007408,-0.010639667510986328,0.9977237582206726,9.829914093017578,0.0015215873718261719,0.9997442960739136,16.70147132873535,-0.00045990943908691406,36,492,0.002996385097503662
SLIM*MIX_oms_pat5_fn-full_extended_const-small_ints_latent256,9057152a-801c-11f1-8d02-2c7ba0e6fa90,synthetic_prior,0,199,0.9975016713142395,0.25614500045776367,111884.0,0.9969156384468079,30.966201782226562,-0.0014857053756713867,0.9971904754638672,2018.0986328125,0.0013434886932373047,0.9997013807296753,162.5791015625,-0.0020966529846191406,1.004367470741272,0.021214177832007408,-0.010639667510986328,0.9977237582206726,9.829914093017578,0.0015215873718261719,0.9997442960739136,16.70147132873535,-0.00045990943908691406,36,492,0.002996385097503662
SLIM*MIX_oms_pat5_fn-full_extended_const-small_ints_latent256,9057152a-801c-11f1-8d02-2c7ba0e6fa90,synthetic_prior,0,200,0.9975016713142395,0.2818338871002197,55385.0,0.9969156384468079,30.966201782226562,-0.0014857053756713867,0.9971904754638672,2018.0986328125,0.0013434886932373047,0.9997013807296753,162.5791015625,-0.0020966529846191406,1.004367470741272,0.021214177832007408,-0.010639667510986328,0.9977237582206726,9.829914093017578,0.0015215873718261719,0.9997442960739136,16.70147132873535,-0.00045990943908691406,36,492,0.002996385097503662
SLIM*MIX_oms_pat5_fn-full_extended_const-small_ints_latent512,9057152a-801c-11f1-8d02-2c7ba0e6fa90,synthetic_prior,0,0,1.0089174509048462,0.15880489349365234,889.0,1.0061218738555908,31.252166748046875,-0.02006816864013672,1.007790446281433,2039.5506591796875,-0.020000457763671875,1.008576512336731,164.0224609375,-0.019968509674072266,1.0089842081069946,0.021311694756150246,-0.019952058792114258,1.0084069967269897,9.935168266296387,-0.01997542381286621,1.009427547454834,16.863237380981445,-0.01993417739868164,1,2,-0.019954442977905273
SLIM*MIX_oms_pat5_fn-full_extended_const-small_ints_latent512,9057152a-801c-11f1-8d02-2c7ba0e6fa90,synthetic_prior,0,1,1.0013415813446045,0.26845312118530273,2401.0,0.9968017935752869,30.962665557861328,-0.0012569427490234375,0.9952297806739807,2014.1307373046875,0.005266785621643066,1.000643014907837,162.73223876953125,-0.003985285758972168,1.0048929452896118,0.021225277334451675,-0.01169741153717041,0.972912609577179,9.585466384887695,0.0505639910697937,1.0052566528320312,16.793556213378906,-0.011522889137268066,2,15,-0.004694461822509766
SLIM*MIX_oms_pat5_fn-full_extended_const-small_ints_latent512,9057152a-801c-11f1-8d02-2c7ba0e6fa90,synthetic_prior,0,2,0.9989995360374451,0.25333213806152344,3003.0,0.9961758852005005,30.94322395324707,0.0,0.9978610873222351,2019.45556640625,-1.1920928955078125e-07,0.9986550211906433,162.40892028808594,0.0,0.9990666508674622,0.021102217957377434,0.0,0.9984836578369141,9.837401390075684,0.0,0.9995144605636597,16.6976318359375,0.0,2,14,0.0
SLIM*MIX_oms_pat5_fn-full_extended_const-small_ints_latent512,9057152a-801c-11f1-8d02-2c7ba0e6fa90,synthetic_prior,0,3,0.9989995360374451,0.2736072540283203,4260.0,0.9961758852005005,30.94322395324707,0.0,0.9978610873222351,2019.45556640625,-1.1920928955078125e-07,0.9986550211906433,162.40892028808594,0.0,0.9990666508674622,0.021102217957377434,0.0,0.9984836578369141,9.837401390075684,0.0,0.9995144605636597,16.6976318359375,0.0,2,14,0.0
SLIM*MIX_oms_pat5_fn-full_extended_const-small_ints_latent512,9057152a-801c-11f1-8d02-2c7ba0e6fa90,synthetic_prior,0,4,0.9989852905273438,0.2074260711669922,5490.0,0.9992507696151733,31.038734436035156,-0.00618290901184082,0.9980002045631409,2019.7374267578125,-0.0002790689468383789,1.0006450414657593,162.73255920410156,-0.0039893388748168945,1.0022951364517212,0.02117040939629078,-0.006473541259765625,1.0078178644180298,9.929365158081055,-0.018784165382385254,0.9987430572509766,16.684743881225586,0.0015429258346557617,5,62,2.8431415557861328e-05
SLIM*MIX_oms_pat5_fn-full_extended_const-small_ints_latent512,9057152a-801c-11f1-8d02-2c7ba0e6fa90,synthetic_prior,0,5,0.9989380836486816,0.21498537063598633,7035.0,0.9978778958320618,30.996089935302734,-0.0034199953079223633,0.9972124695777893,2018.1431884765625,0.001299440860748291,1.0000157356262207,162.63021850585938,-0.002727031707763672,1.0004074573516846,0.021130535751581192,-0.0026859045028686523,1.0107530355453491,9.958282470703125,-0.02472686767578125,0.9988409876823425,16.686378479003906,0.001347184181213379,6,77,0.00012302398681640625
SLIM*MIX_oms_pat5_fn-full_extended_const-small_ints_latent512,9057152a-801c-11f1-8d02-2c7ba0e6fa90,synthetic_prior,0,6,0.9988795518875122,0.23706746101379395,8329.0,0.9977033138275146,30.99066925048828,-0.0030689239501953125,0.9987598061561584,2021.274658203125,-0.001802206039428711,0.999919593334198,162.6145782470703,-0.002534151077270508,1.0021883249282837,0.02116815187036991,-0.006258845329284668,1.0080965757369995,9.932110786437988,-0.019347667694091797,0.998460054397583,16.680015563964844,0.002108752727508545,3,40,0.00024008750915527344
SLIM*MIX_oms_pat5_fn-full_extended_const-small_ints_latent512,9057152a-801c-11f1-8d02-2c7ba0e6fa90,synthetic_prior,0,7,0.9988574385643005,0.22794365882873535,10145.0,0.9973969459533691,30.981151580810547,-0.002452850341796875,0.9988742470741272,2021.5062255859375,-0.0020318031311035156,0.9994698762893677,162.54144287109375,-0.0016325712203979492,0.9999181628227234,0.02112020179629326,-0.0017052888870239258,1.0019363164901733,9.871417999267578,-0.0069277286529541016,0.9964496493339539,16.64643096923828,0.006123185157775879,4,55,0.00028443336486816406
SLIM*MIX_oms_pat5_fn-full_extended_const-small_ints_latent512,9057152a-801c-11f1-8d02-2c7ba0e6fa90,synthetic_prior,0,8,0.998819887638092,0.22017836570739746,12949.0,0.9975154995918274,30.984834671020508,-0.0026912689208984375,0.9970625638961792,2017.83984375,0.0015996694564819336,1.000099778175354,162.64389038085938,-0.0028955936431884766,1.0003259181976318,0.021128812804818153,-0.0025223493576049805,1.0111455917358398,9.962150573730469,-0.025523066520690918,0.9995754957199097,16.698650360107422,-0.00012218952178955078,7,93,0.00035959482192993164
SLIM*MIX_oms_pat5_fn-full_extended_const-small_ints_latent512,9057152a-801c-11f1-8d02-2c7ba0e6fa90,synthetic_prior,0,9,0.9987627863883972,0.25109291076660156,14427.0,0.9984290599822998,31.013208389282227,-0.004528641700744629,0.9973383545875549,2018.3978271484375,0.001047372817993164,0.9980326294898987,162.30770874023438,0.0012460947036743164,1.0043591260910034,0.02121400460600853,-0.010622978210449219,1.0203355550765991,10.052693367004395,-0.04424917697906494,1.0013636350631714,16.7285213470459,-0.003703474998474121,5,61,0.0004737973213195801
SLIM*MIX_oms_pat5_fn-full_extended_const-small_ints_latent512,9057152a-801c-11f1-8d02-2c7ba0e6fa90,synthetic_prior,0,10,0.9987627863883972,0.23733067512512207,14727.0,0.9984290599822998,31.013208389282227,-0.004528641700744629,0.9973383545875549,2018.3978271484375,0.001047372817993164,0.9980326294898987,162.30770874023438,0.0012460947036743164,1.0043591260910034,0.02121400460600853,-0.010622978210449219,1.0203355550765991,10.052693367004395,-0.04424917697906494,1.0013636350631714,16.7285213470459,-0.003703474998474121,5,61,0.0004737973213195801
SLIM*MIX_oms_pat5_fn-full_extended_const-small_ints_latent512,9057152a-801c-11f1-8d02-2c7ba0e6fa90,synthetic_prior,0,11,0.9987627863883972,0.2321949005126953,15524.0,0.9984290599822998,31.013208389282227,-0.004528641700744629,0.9973383545875549,2018.3978271484375,0.001047372817993164,0.9980326294898987,162.30770874023438,0.0012460947036743164,1.0043591260910034,0.02121400460600853,-0.010622978210449219,1.0203355550765991,10.052693367004395,-0.04424917697906494,1.0013636350631714,16.7285213470459,-0.003703474998474121,5,61,0.0004737973213195801
SLIM*MIX_oms_pat5_fn-full_extended_const-small_ints_latent512,9057152a-801c-11f1-8d02-2c7ba0e6fa90,synthetic_prior,0,12,0.998729407787323,0.25168395042419434,16443.0,0.998507022857666,31.01563262939453,-0.004685640335083008,0.9974204897880554,2018.564208984375,0.0008828043937683105,0.9982044100761414,162.33563232421875,0.0009021759033203125,1.0060967206954956,0.021250704303383827,-0.014122843742370605,1.0264588594436646,10.113022804260254,-0.05682039260864258,1.0024420022964478,16.746538162231445,-0.005866527557373047,6,76,0.000540614128112793
SLIM*MIX_oms_pat5_fn-full_extended_const-small_ints_latent512,9057152a-801c-11f1-8d02-2c7ba0e6fa90,synthetic_prior,0,13,0.9986630082130432,0.2395181655883789,19254.0,0.9976697564125061,30.989625930786133,-0.003001570701599121,0.9974664449691772,2018.6571044921875,0.0007906556129455566,0.9980943202972412,162.31773376464844,0.001122593879699707,1.0056490898132324,0.02124124765396118,-0.013220429420471191,1.0225781202316284,10.074788093566895,-0.048844337463378906,1.0020164251327515,16.73942756652832,-0.005012631416320801,7,89,0.0006735920906066895
SLIM*MIX_oms_pat5_fn-full_extended_const-small_ints_latent512,9057152a-801c-11f1-8d02-2c7ba0e6fa90,synthetic_prior,0,14,0.9986630082130432,0.2228703498840332,20339.0,0.9976697564125061,30.989625930786133,-0.003001570701599121,0.9974664449691772,2018.6571044921875,0.0007906556129455566,0.9980943202972412,162.31773376464844,0.001122593879699707,1.0056490898132324,0.02124124765396118,-0.013220429420471191,1.0225781202316284,10.074788093566895,-0.048844337463378906,1.0020164251327515,16.73942756652832,-0.005012631416320801,7,89,0.0006735920906066895
SLIM*MIX_oms_pat5_fn-full_extended_const-small_ints_latent512,9057152a-801c-11f1-8d02-2c7ba0e6fa90,synthetic_prior,0,15,0.9986469745635986,0.2223656177520752,21646.0,0.9964509606361389,30.951766967773438,-0.0005524158477783203,0.9975942373275757,2018.9158935546875,0.0005345940589904785,0.9978040456771851,162.27053833007812,0.0017035603523254395,1.0065829753875732,0.021260976791381836,-0.015103340148925781,1.0216938257217407,10.066075325012207,-0.04703104496002197,1.004501461982727,16.780941009521484,-0.01000368595123291,8,107,0.0007055997848510742
SLIM*MIX_oms_pat5_fn-full_extended_const-small_ints_latent512,9057152a-801c-11f1-8d02-2c7ba0e6fa90,synthetic_prior,0,16,0.9986129999160767,0.23695135116577148,22333.0,0.9955599308013916,30.924091339111328,0.0012363195419311523,0.9970056414604187,2017.724609375,0.0017136335372924805,0.9975490570068359,162.22906494140625,0.002213716506958008,1.0085440874099731,0.021302396431565285,-0.019062519073486328,1.0285435914993286,10.133562088012695,-0.06111741065979004,1.0065830945968628,16.815717697143555,-0.014194130897521973,9,118,0.0007736086845397949
SLIM*MIX_oms_pat5_fn-full_extended_const-small_ints_latent512,9057152a-801c-11f1-8d02-2c7ba0e6fa90,synthetic_prior,0,17,0.9985514283180237,0.21598577499389648,24406.0,0.9971910119056702,30.974756240844727,-0.0020390748977661133,0.9979539513587952,2019.6439208984375,-0.0001863241195678711,0.9981851577758789,162.33250427246094,0.0009407997131347656,1.0046560764312744,0.02122027613222599,-0.011220574378967285,1.0238862037658691,10.087675094604492,-0.0515294075012207,1.0016093254089355,16.73262596130371,-0.004196047782897949,9,119,0.0008968114852905273
SLIM*MIX_oms_pat5_fn-full_extended_const-small_ints_latent512,9057152a-801c-11f1-8d02-2c7ba0e6fa90,synthetic_prior,0,18,0.9985514283180237,0.22162771224975586,25076.0,0.9971910119056702,30.974756240844727,-0.0020390748977661133,0.9979539513587952,2019.6439208984375,-0.0001863241195678711,0.9981851577758789,162.33250427246094,0.0009407997131347656,1.0046560764312744,0.02122027613222599,-0.011220574378967285,1.0238862037658691,10.087675094604492,-0.0515294075012207,1.0016093254089355,16.73262596130371,-0.004196047782897949,9,119,0.0008968114852905273
SLIM*MIX_oms_pat5_fn-full_extended_const-small_ints_latent512,9057152a-801c-11f1-8d02-2c7ba0e6fa90,synthetic_prior,0,19,0.9984920620918274,0.2057514190673828,24264.0,0.9963409900665283,30.94835090637207,-0.00033152103424072266,0.9975707530975342,2018.8682861328125,0.0005816817283630371,0.9979022145271301,162.2864990234375,0.001507103443145752,1.0043327808380127,0.02121344767510891,-0.01056981086730957,1.0326710939407349,10.174226760864258,-0.06965088844299316,1.0051034688949585,16.791000366210938,-0.011214852333068848,11,146,0.0010156631469726562
SLIM*MIX_oms_pat5_fn-full_extended_const-small_ints_latent512,9057152a-801c-11f1-8d02-2c7ba0e6fa90,synthetic_prior,0,20,0.9984920620918274,0.28569841384887695,24812.0,0.9963409900665283,30.94835090637207,-0.00033152103424072266,0.9975707530975342,2018.8682861328125,0.0005816817283630371,0.9979022145271301,162.2864990234375,0.001507103443145752,1.0043327808380127,0.02121344767510891,-0.01056981086730957,1.0326710939407349,10.174226760864258,-0.06965088844299316,1.0051034688949585,16.791000366210938,-0.011214852333068848,11,146,0.0010156631469726562
SLIM*MIX_oms_pat5_fn-full_extended_const-small_ints_latent512,9057152a-801c-11f1-8d02-2c7ba0e6fa90,synthetic_prior,0,21,0.9984920620918274,0.2870349884033203,26303.0,0.9963409900665283,30.94835090637207,-0.00033152103424072266,0.9975707530975342,2018.8682861328125,0.0005816817283630371,0.9979022145271301,162.2864990234375,0.001507103443145752,1.0043327808380127,0.02121344767510891,-0.01056981086730957,1.0326710939407349,10.174226760864258,-0.06965088844299316,1.0051034688949585,16.791000366210938,-0.011214852333068848,11,146,0.0010156631469726562
SLIM*MIX_oms_pat5_fn-full_extended_const-small_ints_latent512,9057152a-801c-11f1-8d02-2c7ba0e6fa90,synthetic_prior,0,22,0.9984426498413086,0.2723724842071533,27609.0,0.9953170418739319,30.91654396057129,0.0017235279083251953,0.9965169429779053,2016.7354736328125,0.002692103385925293,0.9987934231758118,162.43142700195312,-0.0002771615982055664,0.9986023902893066,0.021092409268021584,0.0009292364120483398,1.020764946937561,10.056923866271973,-0.0451282262802124,1.0008456707000732,16.71986961364746,-0.002665400505065918,12,159,0.001114487648010254
SLIM*MIX_oms_pat5_fn-full_extended_const-small_ints_latent512,9057152a-801c-11f1-8d02-2c7ba0e6fa90,synthetic_prior,0,23,0.9984426498413086,0.2216203212738037,29060.0,0.9953170418739319,30.91654396057129,0.0017235279083251953,0.9965169429779053,2016.7354736328125,0.002692103385925293,0.9987934231758118,162.43142700195312,-0.0002771615982055664,0.9986023902893066,0.021092409268021584,0.0009292364120483398,1.020764946937561,10.056923866271973,-0.0451282262802124,1.0008456707000732,16.71986961364746,-0.002665400505065918,12,159,0.001114487648010254
SLIM*MIX_oms_pat5_fn-full_extended_const-small_ints_latent512,9057152a-801c-11f1-8d02-2c7ba0e6fa90,synthetic_prior,0,24,0.9984426498413086,0.2684617042541504,28616.0,0.9953170418739319,30.91654396057129,0.0017235279083251953,0.9965169429779053,2016.7354736328125,0.002692103385925293,0.9987934231758118,162.43142700195312,-0.0002771615982055664,0.9986023902893066,0.021092409268021584,0.0009292364120483398,1.020764946937561,10.056923866271973,-0.0451282262802124,1.0008456707000732,16.71986961364746,-0.002665400505065918,12,159,0.001114487648010254
SLIM*MIX_oms_pat5_fn-full_extended_const-small_ints_latent512,9057152a-801c-11f1-8d02-2c7ba0e6fa90,synthetic_prior,0,25,0.9984426498413086,0.23741626739501953,29030.0,0.9953170418739319,30.91654396057129,0.0017235279083251953,0.9965169429779053,2016.7354736328125,0.002692103385925293,0.9987934231758118,162.43142700195312,-0.0002771615982055664,0.9986023902893066,0.021092409268021584,0.0009292364120483398,1.020764946937561,10.056923866271973,-0.0451282262802124,1.0008456707000732,16.71986961364746,-0.002665400505065918,12,159,0.001114487648010254
SLIM*MIX_oms_pat5_fn-full_extended_const-small_ints_latent512,9057152a-801c-11f1-8d02-2c7ba0e6fa90,synthetic_prior,0,26,0.9984238743782043,0.2377619743347168,29629.0,0.9951334595680237,30.910844802856445,0.0020917654037475586,0.9963437914848328,2016.3851318359375,0.003038644790649414,0.9983534216880798,162.35987854003906,0.0006039142608642578,0.9983758926391602,0.02108762599527836,0.0013823509216308594,1.0236388444900513,10.085238456726074,-0.051021456718444824,1.0022841691970825,16.743900299072266,-0.005549788475036621,11,146,0.00115203857421875
SLIM*MIX_oms_pat5_fn-full_extended_const-small_ints_latent512,9057152a-801c-11f1-8d02-2c7ba0e6fa90,synthetic_prior,0,27,0.998369574546814,0.23909878730773926,30549.0,0.994684100151062,30.89688491821289,0.0029928088188171387,0.9966917634010315,2017.08935546875,0.0023421645164489746,0.9988644123077393,162.44297790527344,-0.00041937828063964844,0.9991240501403809,0.021103428676724434,-0.00011491775512695312,1.022129774093628,10.070369720458984,-0.04792487621307373,1.0010473728179932,16.723237991333008,-0.003069639205932617,11,147,0.0012607574462890625
SLIM*MIX_oms_pat5_fn-full_extended_const-small_ints_latent512,9057152a-801c-11f1-8d02-2c7ba0e6fa90,synthetic_prior,0,28,0.998353123664856,0.2058238983154297,31022.0,0.9953552484512329,30.917734146118164,0.001646876335144043,0.9969292283058167,2017.5699462890625,0.0018666982650756836,0.9984303712844849,162.3723907470703,0.00044989585876464844,0.9976449608802795,0.021072186529636383,0.0028440356254577637,1.0239436626434326,10.088242530822754,-0.05164766311645508,1.000649094581604,16.716585159301758,-0.0022717714309692383,11,147,0.0012935996055603027
SLIM*MIX_oms_pat5_fn-full_extended_const-small_ints_latent512,9057152a-801c-11f1-8d02-2c7ba0e6fa90,synthetic_prior,0,29,0.998353123664856,0.22279143333435059,31263.0,0.9953552484512329,30.917734146118164,0.001646876335144043,0.9969292283058167,2017.5699462890625,0.0018666982650756836,0.9984303712844849,162.3723907470703,0.00044989585876464844,0.9976449608802795,0.021072186529636383,0.0028440356254577637,1.0239436626434326,10.088242530822754,-0.05164766311645508,1.000649094581604,16.716585159301758,-0.0022717714309692383,11,147,0.0012935996055603027
SLIM*MIX_oms_pat5_fn-full_extended_const-small_ints_latent512,9057152a-801c-11f1-8d02-2c7ba0e6fa90,synthetic_prior,0,30,0.998353123664856,0.23611831665039062,32144.0,0.9953552484512329,30.917734146118164,0.001646876335144043,0.9969292283058167,2017.5699462890625,0.0018666982650756836,0.9984303712844849,162.3723907470703,0.00044989585876464844,0.9976449608802795,0.021072186529636383,0.0028440356254577637,1.0239436626434326,10.088242530822754,-0.05164766311645508,1.000649094581604,16.716585159301758,-0.0022717714309692383,11,147,0.0012935996055603027
SLIM*MIX_oms_pat5_fn-full_extended_const-small_ints_latent512,9057152a-801c-11f1-8d02-2c7ba0e6fa90,synthetic_prior,0,31,0.998353123664856,0.23763799667358398,33222.0,0.9953552484512329,30.917734146118164,0.001646876335144043,0.9969292283058167,2017.5699462890625,0.0018666982650756836,0.9984303712844849,162.3723907470703,0.00044989585876464844,0.9976449608802795,0.021072186529636383,0.0028440356254577637,1.0239436626434326,10.088242530822754,-0.05164766311645508,1.000649094581604,16.716585159301758,-0.0022717714309692383,11,147,0.0012935996055603027
SLIM*MIX_oms_pat5_fn-full_extended_const-small_ints_latent512,9057152a-801c-11f1-8d02-2c7ba0e6fa90,synthetic_prior,0,32,0.998353123664856,0.20940184593200684,32888.0,0.9953552484512329,30.917734146118164,0.001646876335144043,0.9969292283058167,2017.5699462890625,0.0018666982650756836,0.9984303712844849,162.3723907470703,0.00044989585876464844,0.9976449608802795,0.021072186529636383,0.0028440356254577637,1.0239436626434326,10.088242530822754,-0.05164766311645508,1.000649094581604,16.716585159301758,-0.0022717714309692383,11,147,0.0012935996055603027
SLIM*MIX_oms_pat5_fn-full_extended_const-small_ints_latent512,9057152a-801c-11f1-8d02-2c7ba0e6fa90,synthetic_prior,0,33,0.9983422160148621,0.22421932220458984,33131.0,0.9950734972953796,30.908979415893555,0.002212047576904297,0.9962457418441772,2016.186767578125,0.00323486328125,0.9986253380775452,162.40411376953125,5.936622619628906e-05,1.01175057888031,0.02137012593448162,-0.025552749633789062,1.0238231420516968,10.087054252624512,-0.051399946212768555,1.0019956827163696,16.73908042907715,-0.004970908164978027,11,146,0.0013153553009033203
SLIM*MIX_oms_pat5_fn-full_extended_const-small_ints_latent512,9057152a-801c-11f1-8d02-2c7ba0e6fa90,synthetic_prior,0,34,0.9983404278755188,0.2223367691040039,32732.0,0.9968901872634888,30.965412139892578,-0.0014345645904541016,0.9964768290519714,2016.6544189453125,0.002772390842437744,0.9987586736679077,162.42578125,-0.00020766258239746094,1.0095205307006836,0.02132302150130272,-0.021036744117736816,1.022793173789978,10.07690715789795,-0.0492856502532959,1.0013782978057861,16.72876739501953,-0.0037328004837036133,12,159,0.0013189911842346191
SLIM*MIX_oms_pat5_fn-full_extended_const-small_ints_latent512,9057152a-801c-11f1-8d02-2c7ba0e6fa90,synthetic_prior,0,35,0.9982055425643921,0.21431374549865723,31442.0,0.9957900047302246,30.931236267089844,0.0007745623588562012,0.9971442818641663,2018.005126953125,0.0014361143112182617,0.998744547367096,162.42349243164062,-0.000179290771484375,0.9998278021812439,0.021118292585015297,-0.0015243291854858398,1.0141937732696533,9.992182731628418,-0.0317155122756958,1.000474214553833,16.71366310119629,-0.0019212961196899414,11,140,0.0015888214111328125
SLIM*MIX_oms_pat5_fn-full_extended_const-small_ints_latent512,9057152a-801c-11f1-8d02-2c7ba0e6fa90,synthetic_prior,0,36,0.9982055425643921,0.20718955993652344,31745.0,0.9957900047302246,30.931236267089844,0.0007745623588562012,0.9971442818641663,2018.005126953125,0.0014361143112182617,0.998744547367096,162.42349243164062,-0.000179290771484375,0.9998278021812439,0.021118292585015297,-0.0015243291854858398,1.0141937732696533,9.992182731628418,-0.0317155122756958,1.000474214553833,16.71366310119629,-0.0019212961196899414,11,140,0.0015888214111328125
SLIM*MIX_oms_pat5_fn-full_extended_const-small_ints_latent512,9057152a-801c-11f1-8d02-2c7ba0e6fa90,synthetic_prior,0,37,0.9982055425643921,0.2056417465209961,32064.0,0.9957900047302246,30.931236267089844,0.0007745623588562012,0.9971442818641663,2018.005126953125,0.0014361143112182617,0.998744547367096,162.42349243164062,-0.000179290771484375,0.9998278021812439,0.021118292585015297,-0.0015243291854858398,1.0141937732696533,9.992182731628418,-0.0317155122756958,1.000474214553833,16.71366310119629,-0.0019212961196899414,11,140,0.0015888214111328125
SLIM*MIX_oms_pat5_fn-full_extended_const-small_ints_latent512,9057152a-801c-11f1-8d02-2c7ba0e6fa90,synthetic_prior,0,38,0.9982055425643921,0.2072305679321289,32618.0,0.9957900047302246,30.931236267089844,0.0007745623588562012,0.9971442818641663,2018.005126953125,0.0014361143112182617,0.998744547367096,162.42349243164062,-0.000179290771484375,0.9998278021812439,0.021118292585015297,-0.0015243291854858398,1.0141937732696533,9.992182731628418,-0.0317155122756958,1.000474214553833,16.71366310119629,-0.0019212961196899414,11,140,0.0015888214111328125
SLIM*MIX_oms_pat5_fn-full_extended_const-small_ints_latent512,9057152a-801c-11f1-8d02-2c7ba0e6fa90,synthetic_prior,0,39,0.9982055425643921,0.19884157180786133,31602.0,0.9957900047302246,30.931236267089844,0.0007745623588562012,0.9971442818641663,2018.005126953125,0.0014361143112182617,0.998744547367096,162.42349243164062,-0.000179290771484375,0.9998278021812439,0.021118292585015297,-0.0015243291854858398,1.0141937732696533,9.992182731628418,-0.0317155122756958,1.000474214553833,16.71366310119629,-0.0019212961196899414,11,140,0.0015888214111328125
SLIM*MIX_oms_pat5_fn-full_extended_const-small_ints_latent512,9057152a-801c-11f1-8d02-2c7ba0e6fa90,synthetic_prior,0,40,0.9981977939605713,0.20557546615600586,31358.0,0.9961894750595093,30.943645477294922,-2.7179718017578125e-05,0.9967907667160034,2017.2896728515625,0.0021439790725708008,0.9990861415863037,162.4790496826172,-0.0008636713027954102,1.0046194791793823,0.02121950499713421,-0.011147022247314453,1.0195798873901367,10.045248031616211,-0.04270291328430176,1.002319574356079,16.744491577148438,-0.0056209564208984375,11,140,0.001604318618774414
SLIM*MIX_oms_pat5_fn-full_extended_const-small_ints_latent512,9057152a-801c-11f1-8d02-2c7ba0e6fa90,synthetic_prior,0,41,0.9981851577758789,0.20722579956054688,30854.0,0.9958199262619019,30.932165145874023,0.0007146000862121582,0.9970083236694336,2017.7301025390625,0.0017082691192626953,0.9987807869911194,162.4293670654297,-0.0002518892288208008,1.000669240951538,0.02113606594502926,-0.0032106637954711914,1.016772985458374,10.017593383789062,-0.036969542503356934,1.001625657081604,16.732898712158203,-0.004228949546813965,11,141,0.001629650592803955
SLIM*MIX_oms_pat5_fn-full_extended_const-small_ints_latent512,9057152a-801c-11f1-8d02-2c7ba0e6fa90,synthetic_prior,0,42,0.9981851577758789,0.2059164047241211,30777.0,0.9958199262619019,30.932165145874023,0.0007146000862121582,0.9970083236694336,2017.7301025390625,0.0017082691192626953,0.9987807869911194,162.4293670654297,-0.0002518892288208008,1.000669240951538,0.02113606594502926,-0.0032106637954711914,1.016772985458374,10.017593383789062,-0.036969542503356934,1.001625657081604,16.732898712158203,-0.004228949546813965,11,141,0.001629650592803955
SLIM*MIX_oms_pat5_fn-full_extended_const-small_ints_latent512,9057152a-801c-11f1-8d02-2c7ba0e6fa90,synthetic_prior,0,43,0.9981851577758789,0.20630145072937012,31558.0,0.9958199262619019,30.932165145874023,0.0007146000862121582,0.9970083236694336,2017.7301025390625,0.0017082691192626953,0.9987807869911194,162.4293670654297,-0.0002518892288208008,1.000669240951538,0.02113606594502926,-0.0032106637954711914,1.016772985458374,10.017593383789062,-0.036969542503356934,1.001625657081604,16.732898712158203,-0.004228949546813965,11,141,0.001629650592803955
SLIM*MIX_oms_pat5_fn-full_extended_const-small_ints_latent512,9057152a-801c-11f1-8d02-2c7ba0e6fa90,synthetic_prior,0,44,0.9981851577758789,0.20574688911437988,32915.0,0.9958199262619019,30.932165145874023,0.0007146000862121582,0.9970083236694336,2017.7301025390625,0.0017082691192626953,0.9987807869911194,162.4293670654297,-0.0002518892288208008,1.000669240951538,0.02113606594502926,-0.0032106637954711914,1.016772985458374,10.017593383789062,-0.036969542503356934,1.001625657081604,16.732898712158203,-0.004228949546813965,11,141,0.001629650592803955
SLIM*MIX_oms_pat5_fn-full_extended_const-small_ints_latent512,9057152a-801c-11f1-8d02-2c7ba0e6fa90,synthetic_prior,0,45,0.9981851577758789,0.20549774169921875,32521.0,0.9958199262619019,30.932165145874023,0.0007146000862121582,0.9970083236694336,2017.7301025390625,0.0017082691192626953,0.9987807869911194,162.4293670654297,-0.0002518892288208008,1.000669240951538,0.02113606594502926,-0.0032106637954711914,1.016772985458374,10.017593383789062,-0.036969542503356934,1.001625657081604,16.732898712158203,-0.004228949546813965,11,141,0.001629650592803955
SLIM*MIX_oms_pat5_fn-full_extended_const-small_ints_latent512,9057152a-801c-11f1-8d02-2c7ba0e6fa90,synthetic_prior,0,46,0.9981833100318909,0.192183256149292,32611.0,0.9960769414901733,30.94015121459961,0.00019860267639160156,0.9968844652175903,2017.4793701171875,0.0019564032554626465,0.9990862011909485,162.4790496826172,-0.0008636713027954102,1.0036442279815674,0.021198902279138565,-0.009184598922729492,1.0172474384307861,10.022269248962402,-0.03793776035308838,1.001198410987854,16.72576141357422,-0.0033724308013916016,8,100,0.0016334056854248047
SLIM*MIX_oms_pat5_fn-full_extended_const-small_ints_latent512,9057152a-801c-11f1-8d02-2c7ba0e6fa90,synthetic_prior,0,47,0.9981833100318909,0.3649258613586426,32280.0,0.9960769414901733,30.94015121459961,0.00019860267639160156,0.9968844652175903,2017.4793701171875,0.0019564032554626465,0.9990862011909485,162.4790496826172,-0.0008636713027954102,1.0036442279815674,0.021198902279138565,-0.009184598922729492,1.0172474384307861,10.022269248962402,-0.03793776035308838,1.001198410987854,16.72576141357422,-0.0033724308013916016,8,100,0.0016334056854248047
SLIM*MIX_oms_pat5_fn-full_extended_const-small_ints_latent512,9057152a-801c-11f1-8d02-2c7ba0e6fa90,synthetic_prior,0,48,0.9981833100318909,0.30226683616638184,32822.0,0.9960769414901733,30.94015121459961,0.00019860267639160156,0.9968844652175903,2017.4793701171875,0.0019564032554626465,0.9990862011909485,162.4790496826172,-0.0008636713027954102,1.0036442279815674,0.021198902279138565,-0.009184598922729492,1.0172474384307861,10.022269248962402,-0.03793776035308838,1.001198410987854,16.72576141357422,-0.0033724308013916016,8,100,0.0016334056854248047
SLIM*MIX_oms_pat5_fn-full_extended_const-small_ints_latent512,9057152a-801c-11f1-8d02-2c7ba0e6fa90,synthetic_prior,0,49,0.9981833100318909,0.30168771743774414,32596.0,0.9960769414901733,30.94015121459961,0.00019860267639160156,0.9968844652175903,2017.4793701171875,0.0019564032554626465,0.9990862011909485,162.4790496826172,-0.0008636713027954102,1.0036442279815674,0.021198902279138565,-0.009184598922729492,1.0172474384307861,10.022269248962402,-0.03793776035308838,1.001198410987854,16.72576141357422,-0.0033724308013916016,8,100,0.0016334056854248047
SLIM*MIX_oms_pat5_fn-full_extended_const-small_ints_latent512,9057152a-801c-11f1-8d02-2c7ba0e6fa90,synthetic_prior,0,50,0.9981805682182312,0.19143104553222656,31940.0,0.9958305358886719,30.9324951171875,0.000693202018737793,0.9970881342887878,2017.8914794921875,0.001548469066619873,0.9987393617630005,162.42263793945312,-0.00016891956329345703,1.0005935430526733,0.02113446779549122,-0.003058910369873047,1.016608715057373,10.015974998474121,-0.03663468360900879,1.0020556449890137,16.740083694458008,-0.005091309547424316,13,188,0.0016387701034545898
SLIM*MIX_oms_pat5_fn-full_extended_const-small_ints_latent512,9057152a-801c-11f1-8d02-2c7ba0e6fa90,synthetic_prior,0,51,0.9981805682182312,0.22242331504821777,31709.0,0.9958305358886719,30.9324951171875,0.000693202018737793,0.9970881342887878,2017.8914794921875,0.001548469066619873,0.9987393617630005,162.42263793945312,-0.00016891956329345703,1.0005935430526733,0.02113446779549122,-0.003058910369873047,1.016608715057373,10.015974998474121,-0.03663468360900879,1.0020556449890137,16.740083694458008,-0.005091309547424316,13,188,0.0016387701034545898
SLIM*MIX_oms_pat5_fn-full_extended_const-small_ints_latent512,9057152a-801c-11f1-8d02-2c7ba0e6fa90,synthetic_prior,0,52,0.9981805682182312,0.208113431930542,30570.0,0.9958305358886719,30.9324951171875,0.000693202018737793,0.9970881342887878,2017.8914794921875,0.001548469066619873,0.9987393617630005,162.42263793945312,-0.00016891956329345703,1.0005935430526733,0.02113446779549122,-0.003058910369873047,1.016608715057373,10.015974998474121,-0.03663468360900879,1.0020556449890137,16.740083694458008,-0.005091309547424316,13,188,0.0016387701034545898
SLIM*MIX_oms_pat5_fn-full_extended_const-small_ints_latent512,9057152a-801c-11f1-8d02-2c7ba0e6fa90,synthetic_prior,0,53,0.9981805682182312,0.22310805320739746,30250.0,0.9958305358886719,30.9324951171875,0.000693202018737793,0.9970881342887878,2017.8914794921875,0.001548469066619873,0.9987393617630005,162.42263793945312,-0.00016891956329345703,1.0005935430526733,0.02113446779549122,-0.003058910369873047,1.016608715057373,10.015974998474121,-0.03663468360900879,1.0020556449890137,16.740083694458008,-0.005091309547424316,13,188,0.0016387701034545898
SLIM*MIX_oms_pat5_fn-full_extended_const-small_ints_latent512,9057152a-801c-11f1-8d02-2c7ba0e6fa90,synthetic_prior,0,54,0.9981805682182312,0.28929901123046875,30381.0,0.9958305358886719,30.9324951171875,0.000693202018737793,0.9970881342887878,2017.8914794921875,0.001548469066619873,0.9987393617630005,162.42263793945312,-0.00016891956329345703,1.0005935430526733,0.02113446779549122,-0.003058910369873047,1.016608715057373,10.015974998474121,-0.03663468360900879,1.0020556449890137,16.740083694458008,-0.005091309547424316,13,188,0.0016387701034545898
SLIM*MIX_oms_pat5_fn-full_extended_const-small_ints_latent512,9057152a-801c-11f1-8d02-2c7ba0e6fa90,synthetic_prior,0,55,0.9981655478477478,0.19974398612976074,30614.0,0.9958218932151794,30.932228088378906,0.000710606575012207,0.9970115423202515,2017.736572265625,0.0017018318176269531,0.9988870620727539,162.4466552734375,-0.0004647970199584961,1.0011146068572998,0.021145472303032875,-0.004103899002075195,1.017091989517212,10.020736694335938,-0.0376204252243042,1.0018413066864014,16.73650360107422,-0.004661440849304199,12,155,0.0016689300537109375
SLIM*MIX_oms_pat5_fn-full_extended_const-small_ints_latent512,9057152a-801c-11f1-8d02-2c7ba0e6fa90,synthetic_prior,0,56,0.9981655478477478,0.20488572120666504,32376.0,0.9958218932151794,30.932228088378906,0.000710606575012207,0.9970115423202515,2017.736572265625,0.0017018318176269531,0.9988870620727539,162.4466552734375,-0.0004647970199584961,1.0011146068572998,0.021145472303032875,-0.004103899002075195,1.017091989517212,10.020736694335938,-0.0376204252243042,1.0018413066864014,16.73650360107422,-0.004661440849304199,12,155,0.0016689300537109375
SLIM*MIX_oms_pat5_fn-full_extended_const-small_ints_latent512,9057152a-801c-11f1-8d02-2c7ba0e6fa90,synthetic_prior,0,57,0.9981655478477478,0.2135906219482422,31234.0,0.9958218932151794,30.932228088378906,0.000710606575012207,0.9970115423202515,2017.736572265625,0.0017018318176269531,0.9988870620727539,162.4466552734375,-0.0004647970199584961,1.0011146068572998,0.021145472303032875,-0.004103899002075195,1.017091989517212,10.020736694335938,-0.0376204252243042,1.0018413066864014,16.73650360107422,-0.004661440849304199,12,155,0.0016689300537109375
SLIM*MIX_oms_pat5_fn-full_extended_const-small_ints_latent512,9057152a-801c-11f1-8d02-2c7ba0e6fa90,synthetic_prior,0,58,0.9981655478477478,0.22507476806640625,31387.0,0.9958218932151794,30.932228088378906,0.000710606575012207,0.9970115423202515,2017.736572265625,0.0017018318176269531,0.9988870620727539,162.4466552734375,-0.0004647970199584961,1.0011146068572998,0.021145472303032875,-0.004103899002075195,1.017091989517212,10.020736694335938,-0.0376204252243042,1.0018413066864014,16.73650360107422,-0.004661440849304199,12,155,0.0016689300537109375
SLIM*MIX_oms_pat5_fn-full_extended_const-small_ints_latent512,9057152a-801c-11f1-8d02-2c7ba0e6fa90,synthetic_prior,0,59,0.9981655478477478,0.21999740600585938,30583.0,0.9958218932151794,30.932228088378906,0.000710606575012207,0.9970115423202515,2017.736572265625,0.0017018318176269531,0.9988870620727539,162.4466552734375,-0.0004647970199584961,1.0011146068572998,0.021145472303032875,-0.004103899002075195,1.017091989517212,10.020736694335938,-0.0376204252243042,1.0018413066864014,16.73650360107422,-0.004661440849304199,12,155,0.0016689300537109375
SLIM*MIX_oms_pat5_fn-full_extended_const-small_ints_latent512,9057152a-801c-11f1-8d02-2c7ba0e6fa90,synthetic_prior,0,60,0.9981655478477478,0.25940489768981934,16273.0,0.9958218932151794,30.932228088378906,0.000710606575012207,0.9970115423202515,2017.736572265625,0.0017018318176269531,0.9988870620727539,162.4466552734375,-0.0004647970199584961,1.0011146068572998,0.021145472303032875,-0.004103899002075195,1.017091989517212,10.020736694335938,-0.0376204252243042,1.0018413066864014,16.73650360107422,-0.004661440849304199,12,155,0.0016689300537109375
SLIM*MIX_oms_pat5_fn-full_extended_const-small_ints_latent512,9057152a-801c-11f1-8d02-2c7ba0e6fa90,synthetic_prior,0,61,0.9981655478477478,0.22068047523498535,24627.0,0.9958218932151794,30.932228088378906,0.000710606575012207,0.9970115423202515,2017.736572265625,0.0017018318176269531,0.9988870620727539,162.4466552734375,-0.0004647970199584961,1.0011146068572998,0.021145472303032875,-0.004103899002075195,1.017091989517212,10.020736694335938,-0.0376204252243042,1.0018413066864014,16.73650360107422,-0.004661440849304199,12,155,0.0016689300537109375
SLIM*MIX_oms_pat5_fn-full_extended_const-small_ints_latent512,9057152a-801c-11f1-8d02-2c7ba0e6fa90,synthetic_prior,0,62,0.9981655478477478,0.19572067260742188,28740.0,0.9958218932151794,30.932228088378906,0.000710606575012207,0.9970115423202515,2017.736572265625,0.0017018318176269531,0.9988870620727539,162.4466552734375,-0.0004647970199584961,1.0011146068572998,0.021145472303032875,-0.004103899002075195,1.017091989517212,10.020736694335938,-0.0376204252243042,1.0018413066864014,16.73650360107422,-0.004661440849304199,12,155,0.0016689300537109375
SLIM*MIX_oms_pat5_fn-full_extended_const-small_ints_latent512,9057152a-801c-11f1-8d02-2c7ba0e6fa90,synthetic_prior,0,63,0.9981589913368225,0.18753981590270996,31917.0,0.9957736134529114,30.930727005004883,0.0008075237274169922,0.996963381767273,2017.6390380859375,0.001798391342163086,0.9988976716995239,162.44839477539062,-0.00048601627349853516,1.0011507272720337,0.02114623598754406,-0.004176497459411621,1.0180531740188599,10.030206680297852,-0.03958261013031006,1.001774549484253,16.735387802124023,-0.004527449607849121,12,156,0.0016820430755615234
SLIM*MIX_oms_pat5_fn-full_extended_const-small_ints_latent512,9057152a-801c-11f1-8d02-2c7ba0e6fa90,synthetic_prior,0,64,0.9981589913368225,0.20609331130981445,31965.0,0.9957736134529114,30.930727005004883,0.0008075237274169922,0.996963381767273,2017.6390380859375,0.001798391342163086,0.9988976716995239,162.44839477539062,-0.00048601627349853516,1.0011507272720337,0.02114623598754406,-0.004176497459411621,1.0180531740188599,10.030206680297852,-0.03958261013031006,1.001774549484253,16.735387802124023,-0.004527449607849121,12,156,0.0016820430755615234
SLIM*MIX_oms_pat5_fn-full_extended_const-small_ints_latent512,9057152a-801c-11f1-8d02-2c7ba0e6fa90,synthetic_prior,0,65,0.9981589913368225,0.20539236068725586,32798.0,0.9957736134529114,30.930727005004883,0.0008075237274169922,0.996963381767273,2017.6390380859375,0.001798391342163086,0.9988976716995239,162.44839477539062,-0.00048601627349853516,1.0011507272720337,0.02114623598754406,-0.004176497459411621,1.0180531740188599,10.030206680297852,-0.03958261013031006,1.001774549484253,16.735387802124023,-0.004527449607849121,12,156,0.0016820430755615234
SLIM*MIX_oms_pat5_fn-full_extended_const-small_ints_latent512,9057152a-801c-11f1-8d02-2c7ba0e6fa90,synthetic_prior,0,66,0.9981589913368225,0.23714709281921387,32161.0,0.9957736134529114,30.930727005004883,0.0008075237274169922,0.996963381767273,2017.6390380859375,0.001798391342163086,0.9988976716995239,162.44839477539062,-0.00048601627349853516,1.0011507272720337,0.02114623598754406,-0.004176497459411621,1.0180531740188599,10.030206680297852,-0.03958261013031006,1.001774549484253,16.735387802124023,-0.004527449607849121,12,156,0.0016820430755615234
SLIM*MIX_oms_pat5_fn-full_extended_const-small_ints_latent512,9057152a-801c-11f1-8d02-2c7ba0e6fa90,synthetic_prior,0,67,0.9981589913368225,0.2202930450439453,32379.0,0.9957736134529114,30.930727005004883,0.0008075237274169922,0.996963381767273,2017.6390380859375,0.001798391342163086,0.9988976716995239,162.44839477539062,-0.00048601627349853516,1.0011507272720337,0.02114623598754406,-0.004176497459411621,1.0180531740188599,10.030206680297852,-0.03958261013031006,1.001774549484253,16.735387802124023,-0.004527449607849121,12,156,0.0016820430755615234
SLIM*MIX_oms_pat5_fn-full_extended_const-small_ints_latent512,9057152a-801c-11f1-8d02-2c7ba0e6fa90,synthetic_prior,0,68,0.998158872127533,0.23868060111999512,31199.0,0.9958104491233826,30.931873321533203,0.0007336139678955078,0.9970932602882385,2017.90185546875,0.0015382766723632812,0.9988375306129456,162.4385986328125,-0.0003654956817626953,1.0010621547698975,0.021144365891814232,-0.003998756408691406,1.0159809589385986,10.009790420532227,-0.03535473346710205,1.0012911558151245,16.727310180664062,-0.0035581588745117188,12,156,0.0016822218894958496
SLIM*MIX_oms_pat5_fn-full_extended_const-small_ints_latent512,9057152a-801c-11f1-8d02-2c7ba0e6fa90,synthetic_prior,0,69,0.998158872127533,0.2707219123840332,31170.0,0.9958104491233826,30.931873321533203,0.0007336139678955078,0.9970932602882385,2017.90185546875,0.0015382766723632812,0.9988375306129456,162.4385986328125,-0.0003654956817626953,1.0010621547698975,0.021144365891814232,-0.003998756408691406,1.0159809589385986,10.009790420532227,-0.03535473346710205,1.0012911558151245,16.727310180664062,-0.0035581588745117188,12,156,0.0016822218894958496
SLIM*MIX_oms_pat5_fn-full_extended_const-small_ints_latent512,9057152a-801c-11f1-8d02-2c7ba0e6fa90,synthetic_prior,0,70,0.998158872127533,0.22210192680358887,31933.0,0.9958104491233826,30.931873321533203,0.0007336139678955078,0.9970932602882385,2017.90185546875,0.0015382766723632812,0.9988375306129456,162.4385986328125,-0.0003654956817626953,1.0010621547698975,0.021144365891814232,-0.003998756408691406,1.0159809589385986,10.009790420532227,-0.03535473346710205,1.0012911558151245,16.727310180664062,-0.0035581588745117188,12,156,0.0016822218894958496
SLIM*MIX_oms_pat5_fn-full_extended_const-small_ints_latent512,9057152a-801c-11f1-8d02-2c7ba0e6fa90,synthetic_prior,0,71,0.998158872127533,0.2411515712738037,32194.0,0.9958104491233826,30.931873321533203,0.0007336139678955078,0.9970932602882385,2017.90185546875,0.0015382766723632812,0.9988375306129456,162.4385986328125,-0.0003654956817626953,1.0010621547698975,0.021144365891814232,-0.003998756408691406,1.0159809589385986,10.009790420532227,-0.03535473346710205,1.0012911558151245,16.727310180664062,-0.0035581588745117188,12,156,0.0016822218894958496
SLIM*MIX_oms_pat5_fn-full_extended_const-small_ints_latent512,9057152a-801c-11f1-8d02-2c7ba0e6fa90,synthetic_prior,0,72,0.9981532096862793,0.21677565574645996,31327.0,0.995839536190033,30.93277931213379,0.0006751418113708496,0.9971089959144592,2017.933837890625,0.0015066266059875488,0.9988466501235962,162.44009399414062,-0.0003838539123535156,1.001134991645813,0.021145904436707497,-0.004144787788391113,1.0158021450042725,10.008028984069824,-0.03499031066894531,1.0013604164123535,16.728471755981445,-0.0036972761154174805,13,170,0.0016935467720031738
SLIM*MIX_oms_pat5_fn-full_extended_const-small_ints_latent512,9057152a-801c-11f1-8d02-2c7ba0e6fa90,synthetic_prior,0,73,0.9981532096862793,0.2208709716796875,32343.0,0.995839536190033,30.93277931213379,0.0006751418113708496,0.9971089959144592,2017.933837890625,0.0015066266059875488,0.9988466501235962,162.44009399414062,-0.0003838539123535156,1.001134991645813,0.021145904436707497,-0.004144787788391113,1.0158021450042725,10.008028984069824,-0.03499031066894531,1.0013604164123535,16.728471755981445,-0.0036972761154174805,13,170,0.0016935467720031738
SLIM*MIX_oms_pat5_fn-full_extended_const-small_ints_latent512,9057152a-801c-11f1-8d02-2c7ba0e6fa90,synthetic_prior,0,74,0.9981532096862793,0.22269272804260254,32704.0,0.995839536190033,30.93277931213379,0.0006751418113708496,0.9971089959144592,2017.933837890625,0.0015066266059875488,0.9988466501235962,162.44009399414062,-0.0003838539123535156,1.001134991645813,0.021145904436707497,-0.004144787788391113,1.0158021450042725,10.008028984069824,-0.03499031066894531,1.0013604164123535,16.728471755981445,-0.0036972761154174805,13,170,0.0016935467720031738
SLIM*MIX_oms_pat5_fn-full_extended_const-small_ints_latent512,9057152a-801c-11f1-8d02-2c7ba0e6fa90,synthetic_prior,0,75,0.9981532096862793,0.23732686042785645,32061.0,0.995839536190033,30.93277931213379,0.0006751418113708496,0.9971089959144592,2017.933837890625,0.0015066266059875488,0.9988466501235962,162.44009399414062,-0.0003838539123535156,1.001134991645813,0.021145904436707497,-0.004144787788391113,1.0158021450042725,10.008028984069824,-0.03499031066894531,1.0013604164123535,16.728471755981445,-0.0036972761154174805,13,170,0.0016935467720031738
SLIM*MIX_oms_pat5_fn-full_extended_const-small_ints_latent512,9057152a-801c-11f1-8d02-2c7ba0e6fa90,synthetic_prior,0,76,0.9981532096862793,0.22220492362976074,32215.0,0.995839536190033,30.93277931213379,0.0006751418113708496,0.9971089959144592,2017.933837890625,0.0015066266059875488,0.9988466501235962,162.44009399414062,-0.0003838539123535156,1.001134991645813,0.021145904436707497,-0.004144787788391113,1.0158021450042725,10.008028984069824,-0.03499031066894531,1.0013604164123535,16.728471755981445,-0.0036972761154174805,13,170,0.0016935467720031738
SLIM*MIX_oms_pat5_fn-full_extended_const-small_ints_latent512,9057152a-801c-11f1-8d02-2c7ba0e6fa90,synthetic_prior,0,77,0.9981532096862793,0.2856724262237549,16141.0,0.995839536190033,30.93277931213379,0.0006751418113708496,0.9971089959144592,2017.933837890625,0.0015066266059875488,0.9988466501235962,162.44009399414062,-0.0003838539123535156,1.001134991645813,0.021145904436707497,-0.004144787788391113,1.0158021450042725,10.008028984069824,-0.03499031066894531,1.0013604164123535,16.728471755981445,-0.0036972761154174805,13,170,0.0016935467720031738
SLIM*MIX_oms_pat5_fn-full_extended_const-small_ints_latent512,9057152a-801c-11f1-8d02-2c7ba0e6fa90,synthetic_prior,0,78,0.9981532096862793,0.2382981777191162,24810.0,0.995839536190033,30.93277931213379,0.0006751418113708496,0.9971089959144592,2017.933837890625,0.0015066266059875488,0.9988466501235962,162.44009399414062,-0.0003838539123535156,1.001134991645813,0.021145904436707497,-0.004144787788391113,1.0158021450042725,10.008028984069824,-0.03499031066894531,1.0013604164123535,16.728471755981445,-0.0036972761154174805,13,170,0.0016935467720031738
SLIM*MIX_oms_pat5_fn-full_extended_const-small_ints_latent512,9057152a-801c-11f1-8d02-2c7ba0e6fa90,synthetic_prior,0,79,0.9981480240821838,0.2050015926361084,30525.0,0.9955906271934509,30.9250431060791,0.0011746883392333984,0.9970031380653381,2017.719482421875,0.001718759536743164,0.9989229440689087,162.45249938964844,-0.0005366802215576172,1.0010160207748413,0.021143391728401184,-0.00390625,1.0174649953842163,10.02441120147705,-0.03838169574737549,1.0024561882019043,16.746776580810547,-0.005895137786865234,14,183,0.0017039179801940918
SLIM*MIX_oms_pat5_fn-full_extended_const-small_ints_latent512,9057152a-801c-11f1-8d02-2c7ba0e6fa90,synthetic_prior,0,80,0.9981480240821838,0.2386164665222168,32511.0,0.9955906271934509,30.9250431060791,0.0011746883392333984,0.9970031380653381,2017.719482421875,0.001718759536743164,0.9989229440689087,162.45249938964844,-0.0005366802215576172,1.0010160207748413,0.021143391728401184,-0.00390625,1.0174649953842163,10.02441120147705,-0.03838169574737549,1.0024561882019043,16.746776580810547,-0.005895137786865234,14,183,0.0017039179801940918
SLIM*MIX_oms_pat5_fn-full_extended_const-small_ints_latent512,9057152a-801c-11f1-8d02-2c7ba0e6fa90,synthetic_prior,0,81,0.9981480240821838,0.22158527374267578,33159.0,0.9955906271934509,30.9250431060791,0.0011746883392333984,0.9970031380653381,2017.719482421875,0.001718759536743164,0.9989229440689087,162.45249938964844,-0.0005366802215576172,1.0010160207748413,0.021143391728401184,-0.00390625,1.0174649953842163,10.02441120147705,-0.03838169574737549,1.0024561882019043,16.746776580810547,-0.005895137786865234,14,183,0.0017039179801940918
SLIM*MIX_oms_pat5_fn-full_extended_const-small_ints_latent512,9057152a-801c-11f1-8d02-2c7ba0e6fa90,synthetic_prior,0,82,0.9981480240821838,0.20628905296325684,32821.0,0.9955906271934509,30.9250431060791,0.0011746883392333984,0.9970031380653381,2017.719482421875,0.001718759536743164,0.9989229440689087,162.45249938964844,-0.0005366802215576172,1.0010160207748413,0.021143391728401184,-0.00390625,1.0174649953842163,10.02441120147705,-0.03838169574737549,1.0024561882019043,16.746776580810547,-0.005895137786865234,14,183,0.0017039179801940918
SLIM*MIX_oms_pat5_fn-full_extended_const-small_ints_latent512,9057152a-801c-11f1-8d02-2c7ba0e6fa90,synthetic_prior,0,83,0.9981480240821838,0.28670310974121094,32781.0,0.9955906271934509,30.9250431060791,0.0011746883392333984,0.9970031380653381,2017.719482421875,0.001718759536743164,0.9989229440689087,162.45249938964844,-0.0005366802215576172,1.0010160207748413,0.021143391728401184,-0.00390625,1.0174649953842163,10.02441120147705,-0.03838169574737549,1.0024561882019043,16.746776580810547,-0.005895137786865234,14,183,0.0017039179801940918
SLIM*MIX_oms_pat5_fn-full_extended_const-small_ints_latent512,9057152a-801c-11f1-8d02-2c7ba0e6fa90,synthetic_prior,0,84,0.9981480240821838,0.3156406879425049,17120.0,0.9955906271934509,30.9250431060791,0.0011746883392333984,0.9970031380653381,2017.719482421875,0.001718759536743164,0.9989229440689087,162.45249938964844,-0.0005366802215576172,1.0010160207748413,0.021143391728401184,-0.00390625,1.0174649953842163,10.02441120147705,-0.03838169574737549,1.0024561882019043,16.746776580810547,-0.005895137786865234,14,183,0.0017039179801940918
SLIM*MIX_oms_pat5_fn-full_extended_const-small_ints_latent512,9057152a-801c-11f1-8d02-2c7ba0e6fa90,synthetic_prior,0,85,0.9981480240821838,0.2655758857727051,26521.0,0.9955906271934509,30.9250431060791,0.0011746883392333984,0.9970031380653381,2017.719482421875,0.001718759536743164,0.9989229440689087,162.45249938964844,-0.0005366802215576172,1.0010160207748413,0.021143391728401184,-0.00390625,1.0174649953842163,10.02441120147705,-0.03838169574737549,1.0024561882019043,16.746776580810547,-0.005895137786865234,14,183,0.0017039179801940918
SLIM*MIX_oms_pat5_fn-full_extended_const-small_ints_latent512,9057152a-801c-11f1-8d02-2c7ba0e6fa90,synthetic_prior,0,86,0.9981480240821838,0.22182941436767578,30644.0,0.9955906271934509,30.9250431060791,0.0011746883392333984,0.9970031380653381,2017.719482421875,0.001718759536743164,0.9989229440689087,162.45249938964844,-0.0005366802215576172,1.0010160207748413,0.021143391728401184,-0.00390625,1.0174649953842163,10.02441120147705,-0.03838169574737549,1.0024561882019043,16.746776580810547,-0.005895137786865234,14,183,0.0017039179801940918
SLIM*MIX_oms_pat5_fn-full_extended_const-small_ints_latent512,9057152a-801c-11f1-8d02-2c7ba0e6fa90,synthetic_prior,0,87,0.9981480240821838,0.23822021484375,33577.0,0.9955906271934509,30.9250431060791,0.0011746883392333984,0.9970031380653381,2017.719482421875,0.001718759536743164,0.9989229440689087,162.45249938964844,-0.0005366802215576172,1.0010160207748413,0.021143391728401184,-0.00390625,1.0174649953842163,10.02441120147705,-0.03838169574737549,1.0024561882019043,16.746776580810547,-0.005895137786865234,14,183,0.0017039179801940918
SLIM*MIX_oms_pat5_fn-full_extended_const-small_ints_latent512,9057152a-801c-11f1-8d02-2c7ba0e6fa90,synthetic_prior,0,88,0.9981287121772766,0.21436309814453125,34329.0,0.9957600831985474,30.930307388305664,0.0008346438407897949,0.9970044493675232,2017.72216796875,0.0017160773277282715,0.9989283680915833,162.45338439941406,-0.0005476474761962891,1.001174807548523,0.0211467444896698,-0.004224658012390137,1.017142653465271,10.021236419677734,-0.03772389888763428,1.0014724731445312,16.7303409576416,-0.003921866416931152,14,179,0.001742541790008545
SLIM*MIX_oms_pat5_fn-full_extended_const-small_ints_latent512,9057152a-801c-11f1-8d02-2c7ba0e6fa90,synthetic_prior,0,89,0.9981287121772766,0.2538163661956787,34510.0,0.9957600831985474,30.930307388305664,0.0008346438407897949,0.9970044493675232,2017.72216796875,0.0017160773277282715,0.9989283680915833,162.45338439941406,-0.0005476474761962891,1.001174807548523,0.0211467444896698,-0.004224658012390137,1.017142653465271,10.021236419677734,-0.03772389888763428,1.0014724731445312,16.7303409576416,-0.003921866416931152,14,179,0.001742541790008545
SLIM*MIX_oms_pat5_fn-full_extended_const-small_ints_latent512,9057152a-801c-11f1-8d02-2c7ba0e6fa90,synthetic_prior,0,90,0.9981287121772766,0.2679743766784668,35145.0,0.9957600831985474,30.930307388305664,0.0008346438407897949,0.9970044493675232,2017.72216796875,0.0017160773277282715,0.9989283680915833,162.45338439941406,-0.0005476474761962891,1.001174807548523,0.0211467444896698,-0.004224658012390137,1.017142653465271,10.021236419677734,-0.03772389888763428,1.0014724731445312,16.7303409576416,-0.003921866416931152,14,179,0.001742541790008545
SLIM*MIX_oms_pat5_fn-full_extended_const-small_ints_latent512,9057152a-801c-11f1-8d02-2c7ba0e6fa90,synthetic_prior,0,91,0.9981287121772766,0.23717164993286133,34242.0,0.9957600831985474,30.930307388305664,0.0008346438407897949,0.9970044493675232,2017.72216796875,0.0017160773277282715,0.9989283680915833,162.45338439941406,-0.0005476474761962891,1.001174807548523,0.0211467444896698,-0.004224658012390137,1.017142653465271,10.021236419677734,-0.03772389888763428,1.0014724731445312,16.7303409576416,-0.003921866416931152,14,179,0.001742541790008545
SLIM*MIX_oms_pat5_fn-full_extended_const-small_ints_latent512,9057152a-801c-11f1-8d02-2c7ba0e6fa90,synthetic_prior,0,92,0.9981287121772766,0.2394874095916748,34574.0,0.9957600831985474,30.930307388305664,0.0008346438407897949,0.9970044493675232,2017.72216796875,0.0017160773277282715,0.9989283680915833,162.45338439941406,-0.0005476474761962891,1.001174807548523,0.0211467444896698,-0.004224658012390137,1.017142653465271,10.021236419677734,-0.03772389888763428,1.0014724731445312,16.7303409576416,-0.003921866416931152,14,179,0.001742541790008545
SLIM*MIX_oms_pat5_fn-full_extended_const-small_ints_latent512,9057152a-801c-11f1-8d02-2c7ba0e6fa90,synthetic_prior,0,93,0.9981287121772766,0.30061817169189453,17866.0,0.9957600831985474,30.930307388305664,0.0008346438407897949,0.9970044493675232,2017.72216796875,0.0017160773277282715,0.9989283680915833,162.45338439941406,-0.0005476474761962891,1.001174807548523,0.0211467444896698,-0.004224658012390137,1.017142653465271,10.021236419677734,-0.03772389888763428,1.0014724731445312,16.7303409576416,-0.003921866416931152,14,179,0.001742541790008545
SLIM*MIX_oms_pat5_fn-full_extended_const-small_ints_latent512,9057152a-801c-11f1-8d02-2c7ba0e6fa90,synthetic_prior,0,94,0.9981287121772766,0.2627289295196533,26792.0,0.9957600831985474,30.930307388305664,0.0008346438407897949,0.9970044493675232,2017.72216796875,0.0017160773277282715,0.9989283680915833,162.45338439941406,-0.0005476474761962891,1.001174807548523,0.0211467444896698,-0.004224658012390137,1.017142653465271,10.021236419677734,-0.03772389888763428,1.0014724731445312,16.7303409576416,-0.003921866416931152,14,179,0.001742541790008545
SLIM*MIX_oms_pat5_fn-full_extended_const-small_ints_latent512,9057152a-801c-11f1-8d02-2c7ba0e6fa90,synthetic_prior,0,95,0.9981287121772766,0.21015024185180664,32931.0,0.9957600831985474,30.930307388305664,0.0008346438407897949,0.9970044493675232,2017.72216796875,0.0017160773277282715,0.9989283680915833,162.45338439941406,-0.0005476474761962891,1.001174807548523,0.0211467444896698,-0.004224658012390137,1.017142653465271,10.021236419677734,-0.03772389888763428,1.0014724731445312,16.7303409576416,-0.003921866416931152,14,179,0.001742541790008545
SLIM*MIX_oms_pat5_fn-full_extended_const-small_ints_latent512,9057152a-801c-11f1-8d02-2c7ba0e6fa90,synthetic_prior,0,96,0.9981287121772766,0.22302603721618652,35312.0,0.9957600831985474,30.930307388305664,0.0008346438407897949,0.9970044493675232,2017.72216796875,0.0017160773277282715,0.9989283680915833,162.45338439941406,-0.0005476474761962891,1.001174807548523,0.0211467444896698,-0.004224658012390137,1.017142653465271,10.021236419677734,-0.03772389888763428,1.0014724731445312,16.7303409576416,-0.003921866416931152,14,179,0.001742541790008545
SLIM*MIX_oms_pat5_fn-full_extended_const-small_ints_latent512,9057152a-801c-11f1-8d02-2c7ba0e6fa90,synthetic_prior,0,97,0.9981287121772766,0.22258901596069336,35300.0,0.9957600831985474,30.930307388305664,0.0008346438407897949,0.9970044493675232,2017.72216796875,0.0017160773277282715,0.9989283680915833,162.45338439941406,-0.0005476474761962891,1.001174807548523,0.0211467444896698,-0.004224658012390137,1.017142653465271,10.021236419677734,-0.03772389888763428,1.0014724731445312,16.7303409576416,-0.003921866416931152,14,179,0.001742541790008545
SLIM*MIX_oms_pat5_fn-full_extended_const-small_ints_latent512,9057152a-801c-11f1-8d02-2c7ba0e6fa90,synthetic_prior,0,98,0.998126208782196,0.24484038352966309,35031.0,0.9960760474205017,30.940122604370117,0.00020045042037963867,0.9968405961990356,2017.390625,0.002044200897216797,0.9989528059959412,162.45736694335938,-0.0005965232849121094,1.0068546533584595,0.021266713738441467,-0.015651226043701172,1.0203814506530762,10.053145408630371,-0.044342994689941406,1.0020875930786133,16.740617752075195,-0.005155444145202637,14,184,0.0017476081848144531
SLIM*MIX_oms_pat5_fn-full_extended_const-small_ints_latent512,9057152a-801c-11f1-8d02-2c7ba0e6fa90,synthetic_prior,0,99,0.998126208782196,0.3011348247528076,35614.0,0.9960760474205017,30.940122604370117,0.00020045042037963867,0.9968405961990356,2017.390625,0.002044200897216797,0.9989528059959412,162.45736694335938,-0.0005965232849121094,1.0068546533584595,0.021266713738441467,-0.015651226043701172,1.0203814506530762,10.053145408630371,-0.044342994689941406,1.0020875930786133,16.740617752075195,-0.005155444145202637,14,184,0.0017476081848144531
SLIM*MIX_oms_pat5_fn-full_extended_const-small_ints_latent512,9057152a-801c-11f1-8d02-2c7ba0e6fa90,synthetic_prior,0,100,0.998084545135498,0.2449026107788086,35186.0,0.9957776069641113,30.93085289001465,0.0007994174957275391,0.9975487589836121,2018.82373046875,0.0006257295608520508,0.9990338683128357,162.47052001953125,-0.0007587671279907227,1.0017670392990112,0.021159255877137184,-0.005413174629211426,1.0173633098602295,10.023409843444824,-0.03817427158355713,1.0065956115722656,16.81592559814453,-0.014219284057617188,15,191,0.0018309354782104492
SLIM*MIX_oms_pat5_fn-full_extended_const-small_ints_latent512,9057152a-801c-11f1-8d02-2c7ba0e6fa90,synthetic_prior,0,101,0.998084545135498,0.2530498504638672,35746.0,0.9957776069641113,30.93085289001465,0.0007994174957275391,0.9975487589836121,2018.82373046875,0.0006257295608520508,0.9990338683128357,162.47052001953125,-0.0007587671279907227,1.0017670392990112,0.021159255877137184,-0.005413174629211426,1.0173633098602295,10.023409843444824,-0.03817427158355713,1.0065956115722656,16.81592559814453,-0.014219284057617188,15,191,0.0018309354782104492
SLIM*MIX_oms_pat5_fn-full_extended_const-small_ints_latent512,9057152a-801c-11f1-8d02-2c7ba0e6fa90,synthetic_prior,0,102,0.998084545135498,0.2545473575592041,35796.0,0.9957776069641113,30.93085289001465,0.0007994174957275391,0.9975487589836121,2018.82373046875,0.0006257295608520508,0.9990338683128357,162.47052001953125,-0.0007587671279907227,1.0017670392990112,0.021159255877137184,-0.005413174629211426,1.0173633098602295,10.023409843444824,-0.03817427158355713,1.0065956115722656,16.81592559814453,-0.014219284057617188,15,191,0.0018309354782104492
SLIM*MIX_oms_pat5_fn-full_extended_const-small_ints_latent512,9057152a-801c-11f1-8d02-2c7ba0e6fa90,synthetic_prior,0,103,0.998084545135498,0.2540454864501953,35665.0,0.9957776069641113,30.93085289001465,0.0007994174957275391,0.9975487589836121,2018.82373046875,0.0006257295608520508,0.9990338683128357,162.47052001953125,-0.0007587671279907227,1.0017670392990112,0.021159255877137184,-0.005413174629211426,1.0173633098602295,10.023409843444824,-0.03817427158355713,1.0065956115722656,16.81592559814453,-0.014219284057617188,15,191,0.0018309354782104492
SLIM*MIX_oms_pat5_fn-full_extended_const-small_ints_latent512,9057152a-801c-11f1-8d02-2c7ba0e6fa90,synthetic_prior,0,104,0.998084545135498,0.2217729091644287,35678.0,0.9957776069641113,30.93085289001465,0.0007994174957275391,0.9975487589836121,2018.82373046875,0.0006257295608520508,0.9990338683128357,162.47052001953125,-0.0007587671279907227,1.0017670392990112,0.021159255877137184,-0.005413174629211426,1.0173633098602295,10.023409843444824,-0.03817427158355713,1.0065956115722656,16.81592559814453,-0.014219284057617188,15,191,0.0018309354782104492
SLIM*MIX_oms_pat5_fn-full_extended_const-small_ints_latent512,9057152a-801c-11f1-8d02-2c7ba0e6fa90,synthetic_prior,0,105,0.9980496764183044,0.2536475658416748,36301.0,0.9959161877632141,30.93515396118164,0.0005213618278503418,0.9970446228981018,2017.803466796875,0.0016356110572814941,0.9991466403007507,162.4888916015625,-0.0009849071502685547,1.0049461126327515,0.02122640237212181,-0.011804580688476562,1.0159636735916138,10.00961971282959,-0.03531944751739502,1.0011214017868042,16.724475860595703,-0.00321805477142334,15,196,0.0019006729125976562
SLIM*MIX_oms_pat5_fn-full_extended_const-small_ints_latent512,9057152a-801c-11f1-8d02-2c7ba0e6fa90,synthetic_prior,0,106,0.998048722743988,0.22251558303833008,36616.0,0.995978832244873,30.937105178833008,0.0003955364227294922,0.9968560934066772,2017.421875,0.0020132064819335938,0.9991499185562134,162.48941040039062,-0.0009913444519042969,1.0065793991088867,0.021260900422930717,-0.015096187591552734,1.0206962823867798,10.05624771118164,-0.04498755931854248,1.001783013343811,16.73552894592285,-0.004544496536254883,16,213,0.0019025802612304688
SLIM*MIX_oms_pat5_fn-full_extended_const-small_ints_latent512,9057152a-801c-11f1-8d02-2c7ba0e6fa90,synthetic_prior,0,107,0.998048722743988,0.22267889976501465,36674.0,0.995978832244873,30.937105178833008,0.0003955364227294922,0.9968560934066772,2017.421875,0.0020132064819335938,0.9991499185562134,162.48941040039062,-0.0009913444519042969,1.0065793991088867,0.021260900422930717,-0.015096187591552734,1.0206962823867798,10.05624771118164,-0.04498755931854248,1.001783013343811,16.73552894592285,-0.004544496536254883,16,213,0.0019025802612304688
SLIM*MIX_oms_pat5_fn-full_extended_const-small_ints_latent512,9057152a-801c-11f1-8d02-2c7ba0e6fa90,synthetic_prior,0,108,0.9980484247207642,0.2059328556060791,37033.0,0.995920717716217,30.9352970123291,0.000512242317199707,0.9970434308052063,2017.801025390625,0.0016380548477172852,0.9991481900215149,162.48912048339844,-0.0009878873825073242,1.0051782131195068,0.021231304854154587,-0.012272000312805176,1.0164058208465576,10.01397705078125,-0.03622090816497803,1.0012836456298828,16.727188110351562,-0.003543257713317871,14,183,0.0019031763076782227
SLIM*MIX_oms_pat5_fn-full_extended_const-small_ints_latent512,9057152a-801c-11f1-8d02-2c7ba0e6fa90,synthetic_prior,0,109,0.9980484247207642,0.22173023223876953,37766.0,0.995920717716217,30.9352970123291,0.000512242317199707,0.9970434308052063,2017.801025390625,0.0016380548477172852,0.9991481900215149,162.48912048339844,-0.0009878873825073242,1.0051782131195068,0.021231304854154587,-0.012272000312805176,1.0164058208465576,10.01397705078125,-0.03622090816497803,1.0012836456298828,16.727188110351562,-0.003543257713317871,14,183,0.0019031763076782227
SLIM*MIX_oms_pat5_fn-full_extended_const-small_ints_latent512,9057152a-801c-11f1-8d02-2c7ba0e6fa90,synthetic_prior,0,110,0.9980484247207642,0.2539517879486084,37283.0,0.995920717716217,30.9352970123291,0.000512242317199707,0.9970434308052063,2017.801025390625,0.0016380548477172852,0.9991481900215149,162.48912048339844,-0.0009878873825073242,1.0051782131195068,0.021231304854154587,-0.012272000312805176,1.0164058208465576,10.01397705078125,-0.03622090816497803,1.0012836456298828,16.727188110351562,-0.003543257713317871,14,183,0.0019031763076782227
SLIM*MIX_oms_pat5_fn-full_extended_const-small_ints_latent512,9057152a-801c-11f1-8d02-2c7ba0e6fa90,synthetic_prior,0,111,0.9980383515357971,0.2698209285736084,37469.0,0.995954155921936,30.936336517333984,0.0004450678825378418,0.9970250725746155,2017.763916015625,0.0016747117042541504,0.9990376830101013,162.47116088867188,-0.0007665157318115234,1.0041887760162354,0.021210404112935066,-0.010280013084411621,1.0169075727462769,10.018918991088867,-0.037244200706481934,1.0002312660217285,16.709606170654297,-0.001434922218322754,16,214,0.0019233226776123047
SLIM*MIX_oms_pat5_fn-full_extended_const-small_ints_latent512,9057152a-801c-11f1-8d02-2c7ba0e6fa90,synthetic_prior,0,112,0.9980218410491943,0.2348020076751709,37890.0,0.995709240436554,30.928730010986328,0.0009366273880004883,0.9969484210014343,2017.6087646484375,0.0018282532691955566,0.9992082118988037,162.4989013671875,-0.0011082887649536133,1.0052027702331543,0.021231822669506073,-0.01232147216796875,1.0234556198120117,10.083433151245117,-0.05064523220062256,1.0018956661224365,16.737409591674805,-0.004770398139953613,17,235,0.0019562840461730957
SLIM*MIX_oms_pat5_fn-full_extended_const-small_ints_latent512,9057152a-801c-11f1-8d02-2c7ba0e6fa90,synthetic_prior,0,113,0.9980218410491943,0.250049352645874,37776.0,0.995709240436554,30.928730010986328,0.0009366273880004883,0.9969484210014343,2017.6087646484375,0.0018282532691955566,0.9992082118988037,162.4989013671875,-0.0011082887649536133,1.0052027702331543,0.021231822669506073,-0.01232147216796875,1.0234556198120117,10.083433151245117,-0.05064523220062256,1.0018956661224365,16.737409591674805,-0.004770398139953613,17,235,0.0019562840461730957
SLIM*MIX_oms_pat5_fn-full_extended_const-small_ints_latent512,9057152a-801c-11f1-8d02-2c7ba0e6fa90,synthetic_prior,0,114,0.9980218410491943,0.23529767990112305,37930.0,0.995709240436554,30.928730010986328,0.0009366273880004883,0.9969484210014343,2017.6087646484375,0.0018282532691955566,0.9992082118988037,162.4989013671875,-0.0011082887649536133,1.0052027702331543,0.021231822669506073,-0.01232147216796875,1.0234556198120117,10.083433151245117,-0.05064523220062256,1.0018956661224365,16.737409591674805,-0.004770398139953613,17,235,0.0019562840461730957
SLIM*MIX_oms_pat5_fn-full_extended_const-small_ints_latent512,9057152a-801c-11f1-8d02-2c7ba0e6fa90,synthetic_prior,0,115,0.998013973236084,0.22955560684204102,39848.0,0.9957913756370544,30.931278228759766,0.0007718801498413086,0.997025728225708,2017.7652587890625,0.0016734004020690918,0.9991608262062073,162.49119567871094,-0.0010132789611816406,1.004750370979309,0.021222267299890518,-0.011410355567932129,1.0215411186218262,10.06457233428955,-0.04671823978424072,1.0018322467803955,16.73634910583496,-0.00464320182800293,16,220,0.001972019672393799
SLIM*MIX_oms_pat5_fn-full_extended_const-small_ints_latent512,9057152a-801c-11f1-8d02-2c7ba0e6fa90,synthetic_prior,0,116,0.9980136752128601,0.2541189193725586,40436.0,0.9956892728805542,30.9281063079834,0.0009768009185791016,0.9971257448196411,2017.9676513671875,0.0014731884002685547,0.9992207288742065,162.5009307861328,-0.0011333227157592773,1.0038321018218994,0.021202873438596725,-0.00956261157989502,1.018478512763977,10.03439712524414,-0.0404515266418457,1.001089096069336,16.723934173583984,-0.003153204917907715,15,204,0.0019725561141967773
SLIM*MIX_oms_pat5_fn-full_extended_const-small_ints_latent512,9057152a-801c-11f1-8d02-2c7ba0e6fa90,synthetic_prior,0,117,0.9980136752128601,0.2374565601348877,40801.0,0.9956892728805542,30.9281063079834,0.0009768009185791016,0.9971257448196411,2017.9676513671875,0.0014731884002685547,0.9992207288742065,162.5009307861328,-0.0011333227157592773,1.0038321018218994,0.021202873438596725,-0.00956261157989502,1.018478512763977,10.03439712524414,-0.0404515266418457,1.001089096069336,16.723934173583984,-0.003153204917907715,15,204,0.0019725561141967773
SLIM*MIX_oms_pat5_fn-full_extended_const-small_ints_latent512,9057152a-801c-11f1-8d02-2c7ba0e6fa90,synthetic_prior,0,118,0.9980136752128601,0.25333452224731445,40617.0,0.9956892728805542,30.9281063079834,0.0009768009185791016,0.9971257448196411,2017.9676513671875,0.0014731884002685547,0.9992207288742065,162.5009307861328,-0.0011333227157592773,1.0038321018218994,0.021202873438596725,-0.00956261157989502,1.018478512763977,10.03439712524414,-0.0404515266418457,1.001089096069336,16.723934173583984,-0.003153204917907715,15,204,0.0019725561141967773
SLIM*MIX_oms_pat5_fn-full_extended_const-small_ints_latent512,9057152a-801c-11f1-8d02-2c7ba0e6fa90,synthetic_prior,0,119,0.9980136752128601,0.2208402156829834,40944.0,0.9956892728805542,30.9281063079834,0.0009768009185791016,0.9971257448196411,2017.9676513671875,0.0014731884002685547,0.9992207288742065,162.5009307861328,-0.0011333227157592773,1.0038321018218994,0.021202873438596725,-0.00956261157989502,1.018478512763977,10.03439712524414,-0.0404515266418457,1.001089096069336,16.723934173583984,-0.003153204917907715,15,204,0.0019725561141967773
SLIM*MIX_oms_pat5_fn-full_extended_const-small_ints_latent512,9057152a-801c-11f1-8d02-2c7ba0e6fa90,synthetic_prior,0,120,0.9980136752128601,0.2384049892425537,40985.0,0.9956892728805542,30.9281063079834,0.0009768009185791016,0.9971257448196411,2017.9676513671875,0.0014731884002685547,0.9992207288742065,162.5009307861328,-0.0011333227157592773,1.0038321018218994,0.021202873438596725,-0.00956261157989502,1.018478512763977,10.03439712524414,-0.0404515266418457,1.001089096069336,16.723934173583984,-0.003153204917907715,15,204,0.0019725561141967773
SLIM*MIX_oms_pat5_fn-full_extended_const-small_ints_latent512,9057152a-801c-11f1-8d02-2c7ba0e6fa90,synthetic_prior,0,121,0.9980068802833557,0.22389912605285645,40343.0,0.9957419037818909,30.92974281311035,0.0008711814880371094,0.9970152974128723,2017.744140625,0.0016943812370300293,0.999221920967102,162.50111389160156,-0.001135706901550293,1.005068302154541,0.021228983998298645,-0.012050628662109375,1.0232371091842651,10.081280708312988,-0.05019664764404297,1.002282977104187,16.743881225585938,-0.005547285079956055,16,220,0.001986265182495117
SLIM*MIX_oms_pat5_fn-full_extended_const-small_ints_latent512,9057152a-801c-11f1-8d02-2c7ba0e6fa90,synthetic_prior,0,122,0.9979738593101501,0.24407672882080078,40630.0,0.9957917928695679,30.931291580200195,0.0007710456848144531,0.996983528137207,2017.6796875,0.0017580389976501465,0.9993478655815125,162.52159118652344,-0.0013880729675292969,1.0041866302490234,0.021210361272096634,-0.010275959968566895,1.0166031122207642,10.015920639038086,-0.036623358726501465,1.0021600723266602,16.74182891845703,-0.00530087947845459,16,231,0.00205230712890625
SLIM*MIX_oms_pat5_fn-full_extended_const-small_ints_latent512,9057152a-801c-11f1-8d02-2c7ba0e6fa90,synthetic_prior,0,123,0.9979738593101501,0.2435295581817627,40869.0,0.9957917928695679,30.931291580200195,0.0007710456848144531,0.996983528137207,2017.6796875,0.0017580389976501465,0.9993478655815125,162.52159118652344,-0.0013880729675292969,1.0041866302490234,0.021210361272096634,-0.010275959968566895,1.0166031122207642,10.015920639038086,-0.036623358726501465,1.0021600723266602,16.74182891845703,-0.00530087947845459,16,231,0.00205230712890625
SLIM*MIX_oms_pat5_fn-full_extended_const-small_ints_latent512,9057152a-801c-11f1-8d02-2c7ba0e6fa90,synthetic_prior,0,124,0.9979738593101501,0.2285754680633545,41624.0,0.9957917928695679,30.931291580200195,0.0007710456848144531,0.996983528137207,2017.6796875,0.0017580389976501465,0.9993478655815125,162.52159118652344,-0.0013880729675292969,1.0041866302490234,0.021210361272096634,-0.010275959968566895,1.0166031122207642,10.015920639038086,-0.036623358726501465,1.0021600723266602,16.74182891845703,-0.00530087947845459,16,231,0.00205230712890625
SLIM*MIX_oms_pat5_fn-full_extended_const-small_ints_latent512,9057152a-801c-11f1-8d02-2c7ba0e6fa90,synthetic_prior,0,125,0.9979738593101501,0.23653411865234375,41341.0,0.9957917928695679,30.931291580200195,0.0007710456848144531,0.996983528137207,2017.6796875,0.0017580389976501465,0.9993478655815125,162.52159118652344,-0.0013880729675292969,1.0041866302490234,0.021210361272096634,-0.010275959968566895,1.0166031122207642,10.015920639038086,-0.036623358726501465,1.0021600723266602,16.74182891845703,-0.00530087947845459,16,231,0.00205230712890625
SLIM*MIX_oms_pat5_fn-full_extended_const-small_ints_latent512,9057152a-801c-11f1-8d02-2c7ba0e6fa90,synthetic_prior,0,126,0.9979738593101501,0.22180652618408203,41604.0,0.9957917928695679,30.931291580200195,0.0007710456848144531,0.996983528137207,2017.6796875,0.0017580389976501465,0.9993478655815125,162.52159118652344,-0.0013880729675292969,1.0041866302490234,0.021210361272096634,-0.010275959968566895,1.0166031122207642,10.015920639038086,-0.036623358726501465,1.0021600723266602,16.74182891845703,-0.00530087947845459,16,231,0.00205230712890625
SLIM*MIX_oms_pat5_fn-full_extended_const-small_ints_latent512,9057152a-801c-11f1-8d02-2c7ba0e6fa90,synthetic_prior,0,127,0.9979735612869263,0.23800992965698242,41615.0,0.9957777857780457,30.930856704711914,0.0007991194725036621,0.9969937205314636,2017.700439453125,0.0017375349998474121,0.9993090033531189,162.51527404785156,-0.0013102293014526367,1.0040069818496704,0.02120656706392765,-0.009914398193359375,1.0160948038101196,10.01091194152832,-0.03558659553527832,1.0019073486328125,16.73760414123535,-0.004793763160705566,17,243,0.002052903175354004
SLIM*MIX_oms_pat5_fn-full_extended_const-small_ints_latent512,9057152a-801c-11f1-8d02-2c7ba0e6fa90,synthetic_prior,0,128,0.9979735612869263,0.23827576637268066,42371.0,0.9957777857780457,30.930856704711914,0.0007991194725036621,0.9969937205314636,2017.700439453125,0.0017375349998474121,0.9993090033531189,162.51527404785156,-0.0013102293014526367,1.0040069818496704,0.02120656706392765,-0.009914398193359375,1.0160948038101196,10.01091194152832,-0.03558659553527832,1.0019073486328125,16.73760414123535,-0.004793763160705566,17,243,0.002052903175354004
SLIM*MIX_oms_pat5_fn-full_extended_const-small_ints_latent512,9057152a-801c-11f1-8d02-2c7ba0e6fa90,synthetic_prior,0,129,0.9979735612869263,0.22277164459228516,43533.0,0.9957777857780457,30.930856704711914,0.0007991194725036621,0.9969937205314636,2017.700439453125,0.0017375349998474121,0.9993090033531189,162.51527404785156,-0.0013102293014526367,1.0040069818496704,0.02120656706392765,-0.009914398193359375,1.0160948038101196,10.01091194152832,-0.03558659553527832,1.0019073486328125,16.73760414123535,-0.004793763160705566,17,243,0.002052903175354004
SLIM*MIX_oms_pat5_fn-full_extended_const-small_ints_latent512,9057152a-801c-11f1-8d02-2c7ba0e6fa90,synthetic_prior,0,130,0.9979735612869263,0.22337770462036133,43805.0,0.9957777857780457,30.930856704711914,0.0007991194725036621,0.9969937205314636,2017.700439453125,0.0017375349998474121,0.9993090033531189,162.51527404785156,-0.0013102293014526367,1.0040069818496704,0.02120656706392765,-0.009914398193359375,1.0160948038101196,10.01091194152832,-0.03558659553527832,1.0019073486328125,16.73760414123535,-0.004793763160705566,17,243,0.002052903175354004
SLIM*MIX_oms_pat5_fn-full_extended_const-small_ints_latent512,9057152a-801c-11f1-8d02-2c7ba0e6fa90,synthetic_prior,0,131,0.9979735612869263,0.2529139518737793,44324.0,0.9957777857780457,30.930856704711914,0.0007991194725036621,0.9969937205314636,2017.700439453125,0.0017375349998474121,0.9993090033531189,162.51527404785156,-0.0013102293014526367,1.0040069818496704,0.02120656706392765,-0.009914398193359375,1.0160948038101196,10.01091194152832,-0.03558659553527832,1.0019073486328125,16.73760414123535,-0.004793763160705566,17,243,0.002052903175354004
SLIM*MIX_oms_pat5_fn-full_extended_const-small_ints_latent512,9057152a-801c-11f1-8d02-2c7ba0e6fa90,synthetic_prior,0,132,0.9979735612869263,0.28553342819213867,22399.0,0.9957777857780457,30.930856704711914,0.0007991194725036621,0.9969937205314636,2017.700439453125,0.0017375349998474121,0.9993090033531189,162.51527404785156,-0.0013102293014526367,1.0040069818496704,0.02120656706392765,-0.009914398193359375,1.0160948038101196,10.01091194152832,-0.03558659553527832,1.0019073486328125,16.73760414123535,-0.004793763160705566,17,243,0.002052903175354004
SLIM*MIX_oms_pat5_fn-full_extended_const-small_ints_latent512,9057152a-801c-11f1-8d02-2c7ba0e6fa90,synthetic_prior,0,133,0.9979735612869263,0.23707199096679688,35290.0,0.9957777857780457,30.930856704711914,0.0007991194725036621,0.9969937205314636,2017.700439453125,0.0017375349998474121,0.9993090033531189,162.51527404785156,-0.0013102293014526367,1.0040069818496704,0.02120656706392765,-0.009914398193359375,1.0160948038101196,10.01091194152832,-0.03558659553527832,1.0019073486328125,16.73760414123535,-0.004793763160705566,17,243,0.002052903175354004
SLIM*MIX_oms_pat5_fn-full_extended_const-small_ints_latent512,9057152a-801c-11f1-8d02-2c7ba0e6fa90,synthetic_prior,0,134,0.9979735612869263,0.2520108222961426,43434.0,0.9957777857780457,30.930856704711914,0.0007991194725036621,0.9969937205314636,2017.700439453125,0.0017375349998474121,0.9993090033531189,162.51527404785156,-0.0013102293014526367,1.0040069818496704,0.02120656706392765,-0.009914398193359375,1.0160948038101196,10.01091194152832,-0.03558659553527832,1.0019073486328125,16.73760414123535,-0.004793763160705566,17,243,0.002052903175354004
SLIM*MIX_oms_pat5_fn-full_extended_const-small_ints_latent512,9057152a-801c-11f1-8d02-2c7ba0e6fa90,synthetic_prior,0,135,0.9979735612869263,0.2541389465332031,45992.0,0.9957777857780457,30.930856704711914,0.0007991194725036621,0.9969937205314636,2017.700439453125,0.0017375349998474121,0.9993090033531189,162.51527404785156,-0.0013102293014526367,1.0040069818496704,0.02120656706392765,-0.009914398193359375,1.0160948038101196,10.01091194152832,-0.03558659553527832,1.0019073486328125,16.73760414123535,-0.004793763160705566,17,243,0.002052903175354004
SLIM*MIX_oms_pat5_fn-full_extended_const-small_ints_latent512,9057152a-801c-11f1-8d02-2c7ba0e6fa90,synthetic_prior,0,136,0.9979735612869263,0.2370138168334961,48119.0,0.9957777857780457,30.930856704711914,0.0007991194725036621,0.9969937205314636,2017.700439453125,0.0017375349998474121,0.9993090033531189,162.51527404785156,-0.0013102293014526367,1.0040069818496704,0.02120656706392765,-0.009914398193359375,1.0160948038101196,10.01091194152832,-0.03558659553527832,1.0019073486328125,16.73760414123535,-0.004793763160705566,17,243,0.002052903175354004
SLIM*MIX_oms_pat5_fn-full_extended_const-small_ints_latent512,9057152a-801c-11f1-8d02-2c7ba0e6fa90,synthetic_prior,0,137,0.9979726076126099,0.2544279098510742,47163.0,0.9957441687583923,30.929813385009766,0.0008665919303894043,0.9970201253890991,2017.75390625,0.0016846656799316406,0.9993524551391602,162.52235412597656,-0.001397252082824707,1.0035825967788696,0.021197602152824402,-0.00906074047088623,1.0145862102508545,9.996048927307129,-0.032514095306396484,1.0012538433074951,16.726688385009766,-0.003483414649963379,17,245,0.002054870128631592
SLIM*MIX_oms_pat5_fn-full_extended_const-small_ints_latent512,9057152a-801c-11f1-8d02-2c7ba0e6fa90,synthetic_prior,0,138,0.9979726076126099,0.24739527702331543,47505.0,0.9957441687583923,30.929813385009766,0.0008665919303894043,0.9970201253890991,2017.75390625,0.0016846656799316406,0.9993524551391602,162.52235412597656,-0.001397252082824707,1.0035825967788696,0.021197602152824402,-0.00906074047088623,1.0145862102508545,9.996048927307129,-0.032514095306396484,1.0012538433074951,16.726688385009766,-0.003483414649963379,17,245,0.002054870128631592
SLIM*MIX_oms_pat5_fn-full_extended_const-small_ints_latent512,9057152a-801c-11f1-8d02-2c7ba0e6fa90,synthetic_prior,0,139,0.9979726076126099,0.2218456268310547,46524.0,0.9957441687583923,30.929813385009766,0.0008665919303894043,0.9970201253890991,2017.75390625,0.0016846656799316406,0.9993524551391602,162.52235412597656,-0.001397252082824707,1.0035825967788696,0.021197602152824402,-0.00906074047088623,1.0145862102508545,9.996048927307129,-0.032514095306396484,1.0012538433074951,16.726688385009766,-0.003483414649963379,17,245,0.002054870128631592
SLIM*MIX_oms_pat5_fn-full_extended_const-small_ints_latent512,9057152a-801c-11f1-8d02-2c7ba0e6fa90,synthetic_prior,0,140,0.9979726076126099,0.2209012508392334,47158.0,0.9957441687583923,30.929813385009766,0.0008665919303894043,0.9970201253890991,2017.75390625,0.0016846656799316406,0.9993524551391602,162.52235412597656,-0.001397252082824707,1.0035825967788696,0.021197602152824402,-0.00906074047088623,1.0145862102508545,9.996048927307129,-0.032514095306396484,1.0012538433074951,16.726688385009766,-0.003483414649963379,17,245,0.002054870128631592
SLIM*MIX_oms_pat5_fn-full_extended_const-small_ints_latent512,9057152a-801c-11f1-8d02-2c7ba0e6fa90,synthetic_prior,0,141,0.9979726076126099,0.2500760555267334,46302.0,0.9957441687583923,30.929813385009766,0.0008665919303894043,0.9970201253890991,2017.75390625,0.0016846656799316406,0.9993524551391602,162.52235412597656,-0.001397252082824707,1.0035825967788696,0.021197602152824402,-0.00906074047088623,1.0145862102508545,9.996048927307129,-0.032514095306396484,1.0012538433074951,16.726688385009766,-0.003483414649963379,17,245,0.002054870128631592
SLIM*MIX_oms_pat5_fn-full_extended_const-small_ints_latent512,9057152a-801c-11f1-8d02-2c7ba0e6fa90,synthetic_prior,0,142,0.9979726076126099,0.2732551097869873,23794.0,0.9957441687583923,30.929813385009766,0.0008665919303894043,0.9970201253890991,2017.75390625,0.0016846656799316406,0.9993524551391602,162.52235412597656,-0.001397252082824707,1.0035825967788696,0.021197602152824402,-0.00906074047088623,1.0145862102508545,9.996048927307129,-0.032514095306396484,1.0012538433074951,16.726688385009766,-0.003483414649963379,17,245,0.002054870128631592
SLIM*MIX_oms_pat5_fn-full_extended_const-small_ints_latent512,9057152a-801c-11f1-8d02-2c7ba0e6fa90,synthetic_prior,0,143,0.9979726076126099,0.2515418529510498,35471.0,0.9957441687583923,30.929813385009766,0.0008665919303894043,0.9970201253890991,2017.75390625,0.0016846656799316406,0.9993524551391602,162.52235412597656,-0.001397252082824707,1.0035825967788696,0.021197602152824402,-0.00906074047088623,1.0145862102508545,9.996048927307129,-0.032514095306396484,1.0012538433074951,16.726688385009766,-0.003483414649963379,17,245,0.002054870128631592
SLIM*MIX_oms_pat5_fn-full_extended_const-small_ints_latent512,9057152a-801c-11f1-8d02-2c7ba0e6fa90,synthetic_prior,0,144,0.9979721903800964,0.22011876106262207,45060.0,0.995751678943634,30.93004608154297,0.0008515715599060059,0.9971746206283569,2018.0665283203125,0.0013752579689025879,0.9993429780006409,162.52081298828125,-0.001378178596496582,1.0033605098724365,0.02119290828704834,-0.008614063262939453,1.013578176498413,9.986117362976074,-0.030463457107543945,1.0016764402389526,16.733749389648438,-0.004330873489379883,16,235,0.0020555853843688965
SLIM*MIX_oms_pat5_fn-full_extended_const-small_ints_latent512,9057152a-801c-11f1-8d02-2c7ba0e6fa90,synthetic_prior,0,145,0.9979721903800964,0.25002455711364746,49150.0,0.995751678943634,30.93004608154297,0.0008515715599060059,0.9971746206283569,2018.0665283203125,0.0013752579689025879,0.9993429780006409,162.52081298828125,-0.001378178596496582,1.0033605098724365,0.02119290828704834,-0.008614063262939453,1.013578176498413,9.986117362976074,-0.030463457107543945,1.0016764402389526,16.733749389648438,-0.004330873489379883,16,235,0.0020555853843688965
SLIM*MIX_oms_pat5_fn-full_extended_const-small_ints_latent512,9057152a-801c-11f1-8d02-2c7ba0e6fa90,synthetic_prior,0,146,0.9979721903800964,0.23850250244140625,49576.0,0.995751678943634,30.93004608154297,0.0008515715599060059,0.9971746206283569,2018.0665283203125,0.0013752579689025879,0.9993429780006409,162.52081298828125,-0.001378178596496582,1.0033605098724365,0.02119290828704834,-0.008614063262939453,1.013578176498413,9.986117362976074,-0.030463457107543945,1.0016764402389526,16.733749389648438,-0.004330873489379883,16,235,0.0020555853843688965
SLIM*MIX_oms_pat5_fn-full_extended_const-small_ints_latent512,9057152a-801c-11f1-8d02-2c7ba0e6fa90,synthetic_prior,0,147,0.9979721903800964,0.23904109001159668,49416.0,0.995751678943634,30.93004608154297,0.0008515715599060059,0.9971746206283569,2018.0665283203125,0.0013752579689025879,0.9993429780006409,162.52081298828125,-0.001378178596496582,1.0033605098724365,0.02119290828704834,-0.008614063262939453,1.013578176498413,9.986117362976074,-0.030463457107543945,1.0016764402389526,16.733749389648438,-0.004330873489379883,16,235,0.0020555853843688965
SLIM*MIX_oms_pat5_fn-full_extended_const-small_ints_latent512,9057152a-801c-11f1-8d02-2c7ba0e6fa90,synthetic_prior,0,148,0.9979721903800964,0.2195272445678711,49091.0,0.995751678943634,30.93004608154297,0.0008515715599060059,0.9971746206283569,2018.0665283203125,0.0013752579689025879,0.9993429780006409,162.52081298828125,-0.001378178596496582,1.0033605098724365,0.02119290828704834,-0.008614063262939453,1.013578176498413,9.986117362976074,-0.030463457107543945,1.0016764402389526,16.733749389648438,-0.004330873489379883,16,235,0.0020555853843688965
SLIM*MIX_oms_pat5_fn-full_extended_const-small_ints_latent512,9057152a-801c-11f1-8d02-2c7ba0e6fa90,synthetic_prior,0,149,0.9979721903800964,0.28647851943969727,24748.0,0.995751678943634,30.93004608154297,0.0008515715599060059,0.9971746206283569,2018.0665283203125,0.0013752579689025879,0.9993429780006409,162.52081298828125,-0.001378178596496582,1.0033605098724365,0.02119290828704834,-0.008614063262939453,1.013578176498413,9.986117362976074,-0.030463457107543945,1.0016764402389526,16.733749389648438,-0.004330873489379883,16,235,0.0020555853843688965
SLIM*MIX_oms_pat5_fn-full_extended_const-small_ints_latent512,9057152a-801c-11f1-8d02-2c7ba0e6fa90,synthetic_prior,0,150,0.9979696869850159,0.2543017864227295,36985.0,0.9957062602043152,30.92863655090332,0.0009426474571228027,0.9971689581871033,2018.05517578125,0.0013865828514099121,0.9993776679039001,162.5264434814453,-0.0014476776123046875,1.003296136856079,0.0211915522813797,-0.008484959602355957,1.0141925811767578,9.992170333862305,-0.031713008880615234,1.0016127824783325,16.732685089111328,-0.004203081130981445,17,248,0.002060532569885254
SLIM*MIX_oms_pat5_fn-full_extended_const-small_ints_latent512,9057152a-801c-11f1-8d02-2c7ba0e6fa90,synthetic_prior,0,151,0.9979696869850159,0.2540879249572754,45885.0,0.9957062602043152,30.92863655090332,0.0009426474571228027,0.9971689581871033,2018.05517578125,0.0013865828514099121,0.9993776679039001,162.5264434814453,-0.0014476776123046875,1.003296136856079,0.0211915522813797,-0.008484959602355957,1.0141925811767578,9.992170333862305,-0.031713008880615234,1.0016127824783325,16.732685089111328,-0.004203081130981445,17,248,0.002060532569885254
SLIM*MIX_oms_pat5_fn-full_extended_const-small_ints_latent512,9057152a-801c-11f1-8d02-2c7ba0e6fa90,synthetic_prior,0,152,0.9979586005210876,0.22275900840759277,47140.0,0.9957507848739624,30.930017471313477,0.0008533000946044922,0.9969809055328369,2017.6744384765625,0.0017632842063903809,0.999308705329895,162.51522827148438,-0.0013096332550048828,1.002873182296753,0.02118261717259884,-0.007634639739990234,1.015335202217102,10.00342845916748,-0.03403902053833008,1.0016659498214722,16.73357391357422,-0.0043097734451293945,17,248,0.0020827651023864746
SLIM*MIX_oms_pat5_fn-full_extended_const-small_ints_latent512,9057152a-801c-11f1-8d02-2c7ba0e6fa90,synthetic_prior,0,153,0.9979586005210876,0.28054046630859375,47937.0,0.9957507848739624,30.930017471313477,0.0008533000946044922,0.9969809055328369,2017.6744384765625,0.0017632842063903809,0.999308705329895,162.51522827148438,-0.0013096332550048828,1.002873182296753,0.02118261717259884,-0.007634639739990234,1.015335202217102,10.00342845916748,-0.03403902053833008,1.0016659498214722,16.73357391357422,-0.0043097734451293945,17,248,0.0020827651023864746
SLIM*MIX_oms_pat5_fn-full_extended_const-small_ints_latent512,9057152a-801c-11f1-8d02-2c7ba0e6fa90,synthetic_prior,0,154,0.9979586005210876,0.22188353538513184,48507.0,0.9957507848739624,30.930017471313477,0.0008533000946044922,0.9969809055328369,2017.6744384765625,0.0017632842063903809,0.999308705329895,162.51522827148438,-0.0013096332550048828,1.002873182296753,0.02118261717259884,-0.007634639739990234,1.015335202217102,10.00342845916748,-0.03403902053833008,1.0016659498214722,16.73357391357422,-0.0043097734451293945,17,248,0.0020827651023864746
SLIM*MIX_oms_pat5_fn-full_extended_const-small_ints_latent512,9057152a-801c-11f1-8d02-2c7ba0e6fa90,synthetic_prior,0,155,0.9979586005210876,0.2537360191345215,48845.0,0.9957507848739624,30.930017471313477,0.0008533000946044922,0.9969809055328369,2017.6744384765625,0.0017632842063903809,0.999308705329895,162.51522827148438,-0.0013096332550048828,1.002873182296753,0.02118261717259884,-0.007634639739990234,1.015335202217102,10.00342845916748,-0.03403902053833008,1.0016659498214722,16.73357391357422,-0.0043097734451293945,17,248,0.0020827651023864746
SLIM*MIX_oms_pat5_fn-full_extended_const-small_ints_latent512,9057152a-801c-11f1-8d02-2c7ba0e6fa90,synthetic_prior,0,156,0.9979586005210876,0.20658588409423828,48691.0,0.9957507848739624,30.930017471313477,0.0008533000946044922,0.9969809055328369,2017.6744384765625,0.0017632842063903809,0.999308705329895,162.51522827148438,-0.0013096332550048828,1.002873182296753,0.02118261717259884,-0.007634639739990234,1.015335202217102,10.00342845916748,-0.03403902053833008,1.0016659498214722,16.73357391357422,-0.0043097734451293945,17,248,0.0020827651023864746
SLIM*MIX_oms_pat5_fn-full_extended_const-small_ints_latent512,9057152a-801c-11f1-8d02-2c7ba0e6fa90,synthetic_prior,0,157,0.9979586005210876,0.2622101306915283,24895.0,0.9957507848739624,30.930017471313477,0.0008533000946044922,0.9969809055328369,2017.6744384765625,0.0017632842063903809,0.999308705329895,162.51522827148438,-0.0013096332550048828,1.002873182296753,0.02118261717259884,-0.007634639739990234,1.015335202217102,10.00342845916748,-0.03403902053833008,1.0016659498214722,16.73357391357422,-0.0043097734451293945,17,248,0.0020827651023864746
SLIM*MIX_oms_pat5_fn-full_extended_const-small_ints_latent512,9057152a-801c-11f1-8d02-2c7ba0e6fa90,synthetic_prior,0,158,0.9979586005210876,0.2219693660736084,36874.0,0.9957507848739624,30.930017471313477,0.0008533000946044922,0.9969809055328369,2017.6744384765625,0.0017632842063903809,0.999308705329895,162.51522827148438,-0.0013096332550048828,1.002873182296753,0.02118261717259884,-0.007634639739990234,1.015335202217102,10.00342845916748,-0.03403902053833008,1.0016659498214722,16.73357391357422,-0.0043097734451293945,17,248,0.0020827651023864746
SLIM*MIX_oms_pat5_fn-full_extended_const-small_ints_latent512,9057152a-801c-11f1-8d02-2c7ba0e6fa90,synthetic_prior,0,159,0.9979467988014221,0.2747383117675781,46073.0,0.9955430626869202,30.923566818237305,0.0012701153755187988,0.9970157742500305,2017.7451171875,0.0016933083534240723,0.9994040131568909,162.53073120117188,-0.0015004873275756836,1.0023529529571533,0.021171629428863525,-0.006589651107788086,1.011850357055664,9.969095230102539,-0.02695322036743164,1.000928282737732,16.721250534057617,-0.002831101417541504,19,283,0.00210648775100708
SLIM*MIX_oms_pat5_fn-full_extended_const-small_ints_latent512,9057152a-801c-11f1-8d02-2c7ba0e6fa90,synthetic_prior,0,160,0.9979467988014221,0.23132872581481934,49381.0,0.9955430626869202,30.923566818237305,0.0012701153755187988,0.9970157742500305,2017.7451171875,0.0016933083534240723,0.9994040131568909,162.53073120117188,-0.0015004873275756836,1.0023529529571533,0.021171629428863525,-0.006589651107788086,1.011850357055664,9.969095230102539,-0.02695322036743164,1.000928282737732,16.721250534057617,-0.002831101417541504,19,283,0.00210648775100708
SLIM*MIX_oms_pat5_fn-full_extended_const-small_ints_latent512,9057152a-801c-11f1-8d02-2c7ba0e6fa90,synthetic_prior,0,161,0.9979467988014221,0.23961782455444336,49547.0,0.9955430626869202,30.923566818237305,0.0012701153755187988,0.9970157742500305,2017.7451171875,0.0016933083534240723,0.9994040131568909,162.53073120117188,-0.0015004873275756836,1.0023529529571533,0.021171629428863525,-0.006589651107788086,1.011850357055664,9.969095230102539,-0.02695322036743164,1.000928282737732,16.721250534057617,-0.002831101417541504,19,283,0.00210648775100708
SLIM*MIX_oms_pat5_fn-full_extended_const-small_ints_latent512,9057152a-801c-11f1-8d02-2c7ba0e6fa90,synthetic_prior,0,162,0.9979467988014221,0.25710368156433105,50566.0,0.9955430626869202,30.923566818237305,0.0012701153755187988,0.9970157742500305,2017.7451171875,0.0016933083534240723,0.9994040131568909,162.53073120117188,-0.0015004873275756836,1.0023529529571533,0.021171629428863525,-0.006589651107788086,1.011850357055664,9.969095230102539,-0.02695322036743164,1.000928282737732,16.721250534057617,-0.002831101417541504,19,283,0.00210648775100708
SLIM*MIX_oms_pat5_fn-full_extended_const-small_ints_latent512,9057152a-801c-11f1-8d02-2c7ba0e6fa90,synthetic_prior,0,163,0.9979467988014221,0.25487613677978516,51372.0,0.9955430626869202,30.923566818237305,0.0012701153755187988,0.9970157742500305,2017.7451171875,0.0016933083534240723,0.9994040131568909,162.53073120117188,-0.0015004873275756836,1.0023529529571533,0.021171629428863525,-0.006589651107788086,1.011850357055664,9.969095230102539,-0.02695322036743164,1.000928282737732,16.721250534057617,-0.002831101417541504,19,283,0.00210648775100708
SLIM*MIX_oms_pat5_fn-full_extended_const-small_ints_latent512,9057152a-801c-11f1-8d02-2c7ba0e6fa90,synthetic_prior,0,164,0.9979465007781982,0.22339200973510742,51293.0,0.9957761764526367,30.930805206298828,0.0008023977279663086,0.9970800280570984,2017.8751220703125,0.001564621925354004,0.9991280436515808,162.48585510253906,-0.0009475946426391602,1.004368543624878,0.021214202046394348,-0.010641932487487793,1.0144602060317993,9.994808197021484,-0.032257676124572754,1.0012494325637817,16.72661590576172,-0.0034748315811157227,19,282,0.0021070241928100586
SLIM*MIX_oms_pat5_fn-full_extended_const-small_ints_latent512,9057152a-801c-11f1-8d02-2c7ba0e6fa90,synthetic_prior,0,165,0.9979465007781982,0.2389078140258789,51353.0,0.9957761764526367,30.930805206298828,0.0008023977279663086,0.9970800280570984,2017.8751220703125,0.001564621925354004,0.9991280436515808,162.48585510253906,-0.0009475946426391602,1.004368543624878,0.021214202046394348,-0.010641932487487793,1.0144602060317993,9.994808197021484,-0.032257676124572754,1.0012494325637817,16.72661590576172,-0.0034748315811157227,19,282,0.0021070241928100586
SLIM*MIX_oms_pat5_fn-full_extended_const-small_ints_latent512,9057152a-801c-11f1-8d02-2c7ba0e6fa90,synthetic_prior,0,166,0.9979465007781982,0.2497105598449707,52039.0,0.9957761764526367,30.930805206298828,0.0008023977279663086,0.9970800280570984,2017.8751220703125,0.001564621925354004,0.9991280436515808,162.48585510253906,-0.0009475946426391602,1.004368543624878,0.021214202046394348,-0.010641932487487793,1.0144602060317993,9.994808197021484,-0.032257676124572754,1.0012494325637817,16.72661590576172,-0.0034748315811157227,19,282,0.0021070241928100586
SLIM*MIX_oms_pat5_fn-full_extended_const-small_ints_latent512,9057152a-801c-11f1-8d02-2c7ba0e6fa90,synthetic_prior,0,167,0.9979465007781982,0.270003080368042,52864.0,0.9957761764526367,30.930805206298828,0.0008023977279663086,0.9970800280570984,2017.8751220703125,0.001564621925354004,0.9991280436515808,162.48585510253906,-0.0009475946426391602,1.004368543624878,0.021214202046394348,-0.010641932487487793,1.0144602060317993,9.994808197021484,-0.032257676124572754,1.0012494325637817,16.72661590576172,-0.0034748315811157227,19,282,0.0021070241928100586
SLIM*MIX_oms_pat5_fn-full_extended_const-small_ints_latent512,9057152a-801c-11f1-8d02-2c7ba0e6fa90,synthetic_prior,0,168,0.9979465007781982,0.2229154109954834,52140.0,0.9957761764526367,30.930805206298828,0.0008023977279663086,0.9970800280570984,2017.8751220703125,0.001564621925354004,0.9991280436515808,162.48585510253906,-0.0009475946426391602,1.004368543624878,0.021214202046394348,-0.010641932487487793,1.0144602060317993,9.994808197021484,-0.032257676124572754,1.0012494325637817,16.72661590576172,-0.0034748315811157227,19,282,0.0021070241928100586
SLIM*MIX_oms_pat5_fn-full_extended_const-small_ints_latent512,9057152a-801c-11f1-8d02-2c7ba0e6fa90,synthetic_prior,0,169,0.9979340434074402,0.27014660835266113,52732.0,0.9953641891479492,30.918012619018555,0.0016289353370666504,0.997056782245636,2017.828125,0.0016112923622131348,0.999030590057373,162.4700164794922,-0.0007523298263549805,1.0073528289794922,0.021277237683534622,-0.01665663719177246,1.0181108713150024,10.030776023864746,-0.03970050811767578,1.0022058486938477,16.742591857910156,-0.005392551422119141,20,293,0.0021318793296813965
SLIM*MIX_oms_pat5_fn-full_extended_const-small_ints_latent512,9057152a-801c-11f1-8d02-2c7ba0e6fa90,synthetic_prior,0,170,0.9979340434074402,0.23773956298828125,53426.0,0.9953641891479492,30.918012619018555,0.0016289353370666504,0.997056782245636,2017.828125,0.0016112923622131348,0.999030590057373,162.4700164794922,-0.0007523298263549805,1.0073528289794922,0.021277237683534622,-0.01665663719177246,1.0181108713150024,10.030776023864746,-0.03970050811767578,1.0022058486938477,16.742591857910156,-0.005392551422119141,20,293,0.0021318793296813965
SLIM*MIX_oms_pat5_fn-full_extended_const-small_ints_latent512,9057152a-801c-11f1-8d02-2c7ba0e6fa90,synthetic_prior,0,171,0.9979340434074402,0.2379436492919922,54157.0,0.9953641891479492,30.918012619018555,0.0016289353370666504,0.997056782245636,2017.828125,0.0016112923622131348,0.999030590057373,162.4700164794922,-0.0007523298263549805,1.0073528289794922,0.021277237683534622,-0.01665663719177246,1.0181108713150024,10.030776023864746,-0.03970050811767578,1.0022058486938477,16.742591857910156,-0.005392551422119141,20,293,0.0021318793296813965
SLIM*MIX_oms_pat5_fn-full_extended_const-small_ints_latent512,9057152a-801c-11f1-8d02-2c7ba0e6fa90,synthetic_prior,0,172,0.997929036617279,0.22134852409362793,54442.0,0.9953516721725464,30.917621612548828,0.0016540288925170898,0.9970071315765381,2017.7275390625,0.0017107129096984863,0.9989023208618164,162.44915771484375,-0.0004953145980834961,1.0074334144592285,0.02127893827855587,-0.016819357872009277,1.0177801847457886,10.027517318725586,-0.039025068283081055,1.0025765895843506,16.7487850189209,-0.006136536598205566,19,280,0.002141892910003662
SLIM*MIX_oms_pat5_fn-full_extended_const-small_ints_latent512,9057152a-801c-11f1-8d02-2c7ba0e6fa90,synthetic_prior,0,173,0.997929036617279,0.24472665786743164,54655.0,0.9953516721725464,30.917621612548828,0.0016540288925170898,0.9970071315765381,2017.7275390625,0.0017107129096984863,0.9989023208618164,162.44915771484375,-0.0004953145980834961,1.0074334144592285,0.02127893827855587,-0.016819357872009277,1.0177801847457886,10.027517318725586,-0.039025068283081055,1.0025765895843506,16.7487850189209,-0.006136536598205566,19,280,0.002141892910003662
SLIM*MIX_oms_pat5_fn-full_extended_const-small_ints_latent512,9057152a-801c-11f1-8d02-2c7ba0e6fa90,synthetic_prior,0,174,0.9979156851768494,0.25316882133483887,54097.0,0.9957066774368286,30.928647994995117,0.0009418129920959473,0.997048556804657,2017.8115234375,0.0016276836395263672,0.9989855885505676,162.46267700195312,-0.0006622076034545898,1.008025050163269,0.02129143476486206,-0.018014073371887207,1.017045259475708,10.020276069641113,-0.037525177001953125,1.0020066499710083,16.7392635345459,-0.004992842674255371,21,316,0.002168595790863037
SLIM*MIX_oms_pat5_fn-full_extended_const-small_ints_latent512,9057152a-801c-11f1-8d02-2c7ba0e6fa90,synthetic_prior,0,175,0.9979156851768494,0.25313425064086914,54036.0,0.9957066774368286,30.928647994995117,0.0009418129920959473,0.997048556804657,2017.8115234375,0.0016276836395263672,0.9989855885505676,162.46267700195312,-0.0006622076034545898,1.008025050163269,0.02129143476486206,-0.018014073371887207,1.017045259475708,10.020276069641113,-0.037525177001953125,1.0020066499710083,16.7392635345459,-0.004992842674255371,21,316,0.002168595790863037
SLIM*MIX_oms_pat5_fn-full_extended_const-small_ints_latent512,9057152a-801c-11f1-8d02-2c7ba0e6fa90,synthetic_prior,0,176,0.9979115724563599,0.25130367279052734,54888.0,0.9954385161399841,30.920318603515625,0.0014798641204833984,0.9970582127571106,2017.8310546875,0.0016083121299743652,0.9990350604057312,162.47071838378906,-0.0007612705230712891,1.0072628259658813,0.021275335922837257,-0.01647508144378662,1.0158412456512451,10.008414268493652,-0.035070180892944336,1.0020396709442139,16.739816665649414,-0.005059242248535156,20,299,0.0021768808364868164
SLIM*MIX_oms_pat5_fn-full_extended_const-small_ints_latent512,9057152a-801c-11f1-8d02-2c7ba0e6fa90,synthetic_prior,0,177,0.9979025721549988,0.24813413619995117,54901.0,0.9954715967178345,30.921348571777344,0.0014134049415588379,0.9970595836639404,2017.8338623046875,0.0016056299209594727,0.9990026950836182,162.46548461914062,-0.0006964206695556641,1.007251262664795,0.021275093778967857,-0.016451716423034668,1.0151968002319336,10.00206470489502,-0.03375720977783203,1.001886010169983,16.737247467041016,-0.004750847816467285,18,269,0.002194821834564209
SLIM*MIX_oms_pat5_fn-full_extended_const-small_ints_latent512,9057152a-801c-11f1-8d02-2c7ba0e6fa90,synthetic_prior,0,178,0.9979025721549988,0.2398536205291748,54853.0,0.9954715967178345,30.921348571777344,0.0014134049415588379,0.9970595836639404,2017.8338623046875,0.0016056299209594727,0.9990026950836182,162.46548461914062,-0.0006964206695556641,1.007251262664795,0.021275093778967857,-0.016451716423034668,1.0151968002319336,10.00206470489502,-0.03375720977783203,1.001886010169983,16.737247467041016,-0.004750847816467285,18,269,0.002194821834564209
SLIM*MIX_oms_pat5_fn-full_extended_const-small_ints_latent512,9057152a-801c-11f1-8d02-2c7ba0e6fa90,synthetic_prior,0,179,0.9978969097137451,0.23225831985473633,53448.0,0.9954624772071838,30.921062469482422,0.0014317631721496582,0.9971713423728943,2018.059814453125,0.0013818740844726562,0.9994103908538818,162.53176879882812,-0.001513361930847168,1.0029226541519165,0.021183662116527557,-0.007734179496765137,1.0068250894546509,9.919583320617676,-0.016777753829956055,1.0017553567886353,16.735065460205078,-0.004488945007324219,18,249,0.002206146717071533
SLIM*MIX_oms_pat5_fn-full_extended_const-small_ints_latent512,9057152a-801c-11f1-8d02-2c7ba0e6fa90,synthetic_prior,0,180,0.9978962540626526,0.23836827278137207,54393.0,0.9954723715782166,30.921369552612305,0.001412034034729004,0.9971001148223877,2017.915771484375,0.001524507999420166,0.9989588856697083,162.45834350585938,-0.0006086826324462891,1.0068241357803345,0.021266069263219833,-0.015589714050292969,1.014132022857666,9.99157428741455,-0.03158986568450928,1.001704216003418,16.73421287536621,-0.004386425018310547,19,288,0.002207458019256592
SLIM*MIX_oms_pat5_fn-full_extended_const-small_ints_latent512,9057152a-801c-11f1-8d02-2c7ba0e6fa90,synthetic_prior,0,181,0.997883677482605,0.265169620513916,53654.0,0.9955013990402222,30.922273635864258,0.0013536810874938965,0.9971255660057068,2017.96728515625,0.001473546028137207,0.9994847774505615,162.5438690185547,-0.0016623735427856445,1.0041093826293945,0.02120872773230076,-0.010120272636413574,1.0089640617370605,9.940657615661621,-0.02110278606414795,1.0021767616271973,16.74210548400879,-0.005334377288818359,19,266,0.002232670783996582
SLIM*MIX_oms_pat5_fn-full_extended_const-small_ints_latent512,9057152a-801c-11f1-8d02-2c7ba0e6fa90,synthetic_prior,0,182,0.997883677482605,0.2533535957336426,54575.0,0.9955013990402222,30.922273635864258,0.0013536810874938965,0.9971255660057068,2017.96728515625,0.001473546028137207,0.9994847774505615,162.5438690185547,-0.0016623735427856445,1.0041093826293945,0.02120872773230076,-0.010120272636413574,1.0089640617370605,9.940657615661621,-0.02110278606414795,1.0021767616271973,16.74210548400879,-0.005334377288818359,19,266,0.002232670783996582
SLIM*MIX_oms_pat5_fn-full_extended_const-small_ints_latent512,9057152a-801c-11f1-8d02-2c7ba0e6fa90,synthetic_prior,0,183,0.9978715777397156,0.2499711513519287,55256.0,0.9956642985343933,30.927331924438477,0.0010268092155456543,0.9971343874931335,2017.985107421875,0.001455843448638916,0.9993983507156372,162.52981567382812,-0.0014892816543579102,1.0028804540634155,0.021182769909501076,-0.0076493024826049805,1.0070812702178955,9.922107696533203,-0.017295479774475098,1.0014225244522095,16.729507446289062,-0.0038216114044189453,19,262,0.00225675106048584
SLIM*MIX_oms_pat5_fn-full_extended_const-small_ints_latent512,9057152a-801c-11f1-8d02-2c7ba0e6fa90,synthetic_prior,0,184,0.9978715777397156,0.23819565773010254,55288.0,0.9956642985343933,30.927331924438477,0.0010268092155456543,0.9971343874931335,2017.985107421875,0.001455843448638916,0.9993983507156372,162.52981567382812,-0.0014892816543579102,1.0028804540634155,0.021182769909501076,-0.0076493024826049805,1.0070812702178955,9.922107696533203,-0.017295479774475098,1.0014225244522095,16.729507446289062,-0.0038216114044189453,19,262,0.00225675106048584
SLIM*MIX_oms_pat5_fn-full_extended_const-small_ints_latent512,9057152a-801c-11f1-8d02-2c7ba0e6fa90,synthetic_prior,0,185,0.9978715777397156,0.2540426254272461,55592.0,0.9956642985343933,30.927331924438477,0.0010268092155456543,0.9971343874931335,2017.985107421875,0.001455843448638916,0.9993983507156372,162.52981567382812,-0.0014892816543579102,1.0028804540634155,0.021182769909501076,-0.0076493024826049805,1.0070812702178955,9.922107696533203,-0.017295479774475098,1.0014225244522095,16.729507446289062,-0.0038216114044189453,19,262,0.00225675106048584
SLIM*MIX_oms_pat5_fn-full_extended_const-small_ints_latent512,9057152a-801c-11f1-8d02-2c7ba0e6fa90,synthetic_prior,0,186,0.9978715777397156,0.27095913887023926,55593.0,0.9956642985343933,30.927331924438477,0.0010268092155456543,0.9971343874931335,2017.985107421875,0.001455843448638916,0.9993983507156372,162.52981567382812,-0.0014892816543579102,1.0028804540634155,0.021182769909501076,-0.0076493024826049805,1.0070812702178955,9.922107696533203,-0.017295479774475098,1.0014225244522095,16.729507446289062,-0.0038216114044189453,19,262,0.00225675106048584
SLIM*MIX_oms_pat5_fn-full_extended_const-small_ints_latent512,9057152a-801c-11f1-8d02-2c7ba0e6fa90,synthetic_prior,0,187,0.9978683590888977,0.2382526397705078,55936.0,0.9955965280532837,30.925228118896484,0.0011628270149230957,0.9969306588172913,2017.5728759765625,0.0018638372421264648,0.9990947246551514,162.48043823242188,-0.0008808374404907227,1.0092177391052246,0.02131662517786026,-0.020424246788024902,1.019343376159668,10.04291820526123,-0.04221928119659424,1.0038937330245972,16.770788192749023,-0.008781909942626953,20,302,0.0022632479667663574
SLIM*MIX_oms_pat5_fn-full_extended_const-small_ints_latent512,9057152a-801c-11f1-8d02-2c7ba0e6fa90,synthetic_prior,0,188,0.9978683590888977,0.25412917137145996,56553.0,0.9955965280532837,30.925228118896484,0.0011628270149230957,0.9969306588172913,2017.5728759765625,0.0018638372421264648,0.9990947246551514,162.48043823242188,-0.0008808374404907227,1.0092177391052246,0.02131662517786026,-0.020424246788024902,1.019343376159668,10.04291820526123,-0.04221928119659424,1.0038937330245972,16.770788192749023,-0.008781909942626953,20,302,0.0022632479667663574
SLIM*MIX_oms_pat5_fn-full_extended_const-small_ints_latent512,9057152a-801c-11f1-8d02-2c7ba0e6fa90,synthetic_prior,0,189,0.9978602528572083,0.25370287895202637,56005.0,0.9956518411636353,30.92694664001465,0.001051783561706543,0.9969151616096497,2017.54150390625,0.0018948912620544434,0.9990237951278687,162.46890258789062,-0.0007386207580566406,1.0100347995758057,0.021333884447813034,-0.022077441215515137,1.0252254009246826,10.100870132446289,-0.05428194999694824,1.0039548873901367,16.77181053161621,-0.00890493392944336,19,277,0.0022794604301452637
SLIM*MIX_oms_pat5_fn-full_extended_const-small_ints_latent512,9057152a-801c-11f1-8d02-2c7ba0e6fa90,synthetic_prior,0,190,0.9978602528572083,0.2375633716583252,56795.0,0.9956518411636353,30.92694664001465,0.001051783561706543,0.9969151616096497,2017.54150390625,0.0018948912620544434,0.9990237951278687,162.46890258789062,-0.0007386207580566406,1.0100347995758057,0.021333884447813034,-0.022077441215515137,1.0252254009246826,10.100870132446289,-0.05428194999694824,1.0039548873901367,16.77181053161621,-0.00890493392944336,19,277,0.0022794604301452637
SLIM*MIX_oms_pat5_fn-full_extended_const-small_ints_latent512,9057152a-801c-11f1-8d02-2c7ba0e6fa90,synthetic_prior,0,191,0.9978602528572083,0.2376542091369629,57126.0,0.9956518411636353,30.92694664001465,0.001051783561706543,0.9969151616096497,2017.54150390625,0.0018948912620544434,0.9990237951278687,162.46890258789062,-0.0007386207580566406,1.0100347995758057,0.021333884447813034,-0.022077441215515137,1.0252254009246826,10.100870132446289,-0.05428194999694824,1.0039548873901367,16.77181053161621,-0.00890493392944336,19,277,0.0022794604301452637
SLIM*MIX_oms_pat5_fn-full_extended_const-small_ints_latent512,9057152a-801c-11f1-8d02-2c7ba0e6fa90,synthetic_prior,0,192,0.9978602528572083,0.25438427925109863,57052.0,0.9956518411636353,30.92694664001465,0.001051783561706543,0.9969151616096497,2017.54150390625,0.0018948912620544434,0.9990237951278687,162.46890258789062,-0.0007386207580566406,1.0100347995758057,0.021333884447813034,-0.022077441215515137,1.0252254009246826,10.100870132446289,-0.05428194999694824,1.0039548873901367,16.77181053161621,-0.00890493392944336,19,277,0.0022794604301452637
SLIM*MIX_oms_pat5_fn-full_extended_const-small_ints_latent512,9057152a-801c-11f1-8d02-2c7ba0e6fa90,synthetic_prior,0,193,0.9978498220443726,0.25415945053100586,57647.0,0.9956764578819275,30.927709579467773,0.001002490520477295,0.9970013499259949,2017.7158203125,0.0017222762107849121,0.9990571737289429,162.4743194580078,-0.0008054971694946289,1.007628083229065,0.021283050999045372,-0.017212271690368652,1.0179897546768188,10.029582023620605,-0.03945302963256836,1.0039465427398682,16.77167320251465,-0.00888824462890625,23,356,0.0023003220558166504
SLIM*MIX_oms_pat5_fn-full_extended_const-small_ints_latent512,9057152a-801c-11f1-8d02-2c7ba0e6fa90,synthetic_prior,0,194,0.9978498220443726,0.2702972888946533,58648.0,0.9956764578819275,30.927709579467773,0.001002490520477295,0.9970013499259949,2017.7158203125,0.0017222762107849121,0.9990571737289429,162.4743194580078,-0.0008054971694946289,1.007628083229065,0.021283050999045372,-0.017212271690368652,1.0179897546768188,10.029582023620605,-0.03945302963256836,1.0039465427398682,16.77167320251465,-0.00888824462890625,23,356,0.0023003220558166504
SLIM*MIX_oms_pat5_fn-full_extended_const-small_ints_latent512,9057152a-801c-11f1-8d02-2c7ba0e6fa90,synthetic_prior,0,195,0.9978498220443726,0.24738764762878418,58799.0,0.9956764578819275,30.927709579467773,0.001002490520477295,0.9970013499259949,2017.7158203125,0.0017222762107849121,0.9990571737289429,162.4743194580078,-0.0008054971694946289,1.007628083229065,0.021283050999045372,-0.017212271690368652,1.0179897546768188,10.029582023620605,-0.03945302963256836,1.0039465427398682,16.77167320251465,-0.00888824462890625,23,356,0.0023003220558166504
SLIM*MIX_oms_pat5_fn-full_extended_const-small_ints_latent512,9057152a-801c-11f1-8d02-2c7ba0e6fa90,synthetic_prior,0,196,0.9978495836257935,0.22917842864990234,58826.0,0.9956764578819275,30.927709579467773,0.001002490520477295,0.9970013499259949,2017.7158203125,0.0017222762107849121,0.9990571737289429,162.4743194580078,-0.0008054971694946289,1.0076278448104858,0.021283045411109924,-0.01721179485321045,1.0179897546768188,10.029582023620605,-0.03945302963256836,1.0037635564804077,16.768613815307617,-0.008520364761352539,22,339,0.002300858497619629
SLIM*MIX_oms_pat5_fn-full_extended_const-small_ints_latent512,9057152a-801c-11f1-8d02-2c7ba0e6fa90,synthetic_prior,0,197,0.9978447556495667,0.2379293441772461,60962.0,0.9959821701049805,30.93720817565918,0.00038886070251464844,0.9974398016929626,2018.6031494140625,0.000844120979309082,0.998953640460968,162.45750427246094,-0.0005981922149658203,1.0047434568405151,0.02122212015092373,-0.011396408081054688,1.0134320259094238,9.984678268432617,-0.030166268348693848,1.0038669109344482,16.770339965820312,-0.00872802734375,26,409,0.002310514450073242
SLIM*MIX_oms_pat5_fn-full_extended_const-small_ints_latent512,9057152a-801c-11f1-8d02-2c7ba0e6fa90,synthetic_prior,0,198,0.9978418350219727,0.25424981117248535,63540.0,0.9959900975227356,30.93745231628418,0.00037300586700439453,0.9974304437637329,2018.5843505859375,0.0008628368377685547,0.9989595413208008,162.4584503173828,-0.0006099939346313477,1.0047374963760376,0.02122199535369873,-0.01138460636138916,1.0131826400756836,9.982219696044922,-0.029659152030944824,1.0037771463394165,16.768842697143555,-0.008547663688659668,25,396,0.0023162364959716797
SLIM*MIX_oms_pat5_fn-full_extended_const-small_ints_latent512,9057152a-801c-11f1-8d02-2c7ba0e6fa90,synthetic_prior,0,199,0.997841477394104,0.2579061985015869,63760.0,0.9959900975227356,30.93745231628418,0.00037300586700439453,0.9974304437637329,2018.5843505859375,0.0008628368377685547,0.9989595413208008,162.4584503173828,-0.0006099939346313477,1.004737138748169,0.021221986040472984,-0.011383652687072754,1.0131826400756836,9.982219696044922,-0.029659152030944824,1.0036571025848389,16.766836166381836,-0.008306503295898438,24,379,0.0023169517517089844
SLIM*MIX_oms_pat5_fn-full_extended_const-small_ints_latent512,9057152a-801c-11f1-8d02-2c7ba0e6fa90,synthetic_prior,0,200,0.997778594493866,0.2536888122558594,64833.0,0.9963455200195312,30.94849395751953,-0.00034058094024658203,0.9968986511230469,2017.508056640625,0.0019279122352600098,0.9992901086807251,162.51222229003906,-0.0012723207473754883,1.008314847946167,0.021297555416822433,-0.018599271774291992,1.020190954208374,10.051268577575684,-0.0439530611038208,1.0073513984680176,16.82855224609375,-0.015743017196655273,24,366,0.002442777156829834
SLIM*MIX_oms_pat5_fn-full_extended_const-small_ints_latent1024,9057152a-801c-11f1-8d02-2c7ba0e6fa90,synthetic_prior,0,0,0.9990341067314148,0.23824787139892578,898.0,0.9962329268455505,30.94499397277832,-0.00011456012725830078,0.997962474822998,2019.6611328125,-0.0002033710479736328,0.9985397458076477,162.3901824951172,0.00023090839385986328,0.9971765279769897,0.021062292158603668,0.003780186176300049,0.9984915256500244,9.837478637695312,-1.5735626220703125e-05,0.9995648264884949,16.69847297668457,-0.00010085105895996094,1,9,-6.92605972290039e-05
SLIM*MIX_oms_pat5_fn-full_extended_const-small_ints_latent1024,9057152a-801c-11f1-8d02-2c7ba0e6fa90,synthetic_prior,0,1,0.9990341067314148,0.316298246383667,2351.0,0.9962329268455505,30.94499397277832,-0.00011456012725830078,0.997962474822998,2019.6611328125,-0.0002033710479736328,0.9985397458076477,162.3901824951172,0.00023090839385986328,0.9971765279769897,0.021062292158603668,0.003780186176300049,0.9984915256500244,9.837478637695312,-1.5735626220703125e-05,0.9995648264884949,16.69847297668457,-0.00010085105895996094,1,9,-6.92605972290039e-05
SLIM*MIX_oms_pat5_fn-full_extended_const-small_ints_latent1024,9057152a-801c-11f1-8d02-2c7ba0e6fa90,synthetic_prior,0,2,0.9990239143371582,0.3007805347442627,2838.0,0.9962183237075806,30.944541931152344,-8.52346420288086e-05,0.9979487657546997,2019.6331787109375,-0.00017583370208740234,0.9985567927360535,162.3929443359375,0.00019669532775878906,0.9970160722732544,0.021058902144432068,0.0041007399559021,0.9984923601150513,9.83748722076416,-1.7404556274414062e-05,0.999569296836853,16.69854736328125,-0.00010979175567626953,2,21,-4.887580871582031e-05
SLIM*MIX_oms_pat5_fn-full_extended_const-small_ints_latent1024,9057152a-801c-11f1-8d02-2c7ba0e6fa90,synthetic_prior,0,3,0.9990044832229614,0.28445887565612793,4473.0,0.9962048530578613,30.944120407104492,-5.805492401123047e-05,0.997865617275238,2019.46484375,-9.179115295410156e-06,0.998638391494751,162.40621948242188,3.325939178466797e-05,0.999194324016571,0.02110491320490837,-0.000255584716796875,0.9983193874359131,9.835783958435059,0.00032901763916015625,0.999306321144104,16.694154739379883,0.0004163980484008789,3,46,-1.0013580322265625e-05
SLIM*MIX_oms_pat5_fn-full_extended_const-small_ints_latent1024,9057152a-801c-11f1-8d02-2c7ba0e6fa90,synthetic_prior,0,4,0.9989989995956421,0.38007092475891113,4743.0,0.996166467666626,30.94293212890625,1.8894672393798828e-05,0.9978747963905334,2019.4835205078125,-2.753734588623047e-05,0.9986423254013062,162.4068603515625,2.5391578674316406e-05,0.9990639686584473,0.021102160215377808,5.364418029785156e-06,0.9984918236732483,9.837481498718262,-1.633167266845703e-05,0.9994980692863464,16.697357177734375,3.272294998168945e-05,3,40,1.0132789611816406e-06
SLIM*MIX_oms_pat5_fn-full_extended_const-small_ints_latent1024,9057152a-801c-11f1-8d02-2c7ba0e6fa90,synthetic_prior,0,5,0.9989989995956421,0.32985639572143555,5266.0,0.996166467666626,30.94293212890625,1.8894672393798828e-05,0.9978747963905334,2019.4835205078125,-2.753734588623047e-05,0.9986423254013062,162.4068603515625,2.5391578674316406e-05,0.9990639686584473,0.021102160215377808,5.364418029785156e-06,0.9984918236732483,9.837481498718262,-1.633167266845703e-05,0.9994980692863464,16.697357177734375,3.272294998168945e-05,3,40,1.0132789611816406e-06
SLIM*MIX_oms_pat5_fn-full_extended_const-small_ints_latent1024,9057152a-801c-11f1-8d02-2c7ba0e6fa90,synthetic_prior,0,6,0.9988859295845032,0.20402908325195312,6216.0,0.9961538910865784,30.942543029785156,4.410743713378906e-05,0.997875452041626,2019.48486328125,-2.8967857360839844e-05,0.9986885190010071,162.4143829345703,-6.711483001708984e-05,0.9986999034881592,0.021094469353556633,0.0007340312004089355,1.0015614032745361,9.86772346496582,-0.006174206733703613,0.9987806081771851,16.68537139892578,0.0014679431915283203,3,31,0.00022739171981811523
SLIM*MIX_oms_pat5_fn-full_extended_const-small_ints_latent1024,9057152a-801c-11f1-8d02-2c7ba0e6fa90,synthetic_prior,0,7,0.9988523721694946,0.23580336570739746,7072.0,0.9971345067024231,30.972999572753906,-0.0019255876541137695,0.9975206851959229,2018.7669677734375,0.0006819367408752441,0.9979602098464966,162.29592895507812,0.0013910531997680664,0.992889404296875,0.020971741527318954,0.012327849864959717,1.004758358001709,9.899221420288086,-0.012607932090759277,1.0013132095336914,16.72768211364746,-0.0036025047302246094,7,90,0.0002945065498352051
SLIM*MIX_oms_pat5_fn-full_extended_const-small_ints_latent1024,9057152a-801c-11f1-8d02-2c7ba0e6fa90,synthetic_prior,0,8,0.9988148212432861,0.2819702625274658,8334.0,0.9963067173957825,30.947288513183594,-0.0002627372741699219,0.9977381825447083,2019.20703125,0.0002461671829223633,0.9987332224845886,162.42164611816406,-0.00015664100646972656,0.9988417029380798,0.021097464486956596,0.00045031309127807617,1.003306269645691,9.88491439819336,-0.009683012962341309,0.9984914660453796,16.680540084838867,0.002045869827270508,4,47,0.00036966800689697266
SLIM*MIX_oms_pat5_fn-full_extended_const-small_ints_latent1024,9057152a-801c-11f1-8d02-2c7ba0e6fa90,synthetic_prior,0,9,0.9987953901290894,0.2388746738433838,10107.0,0.9983347058296204,31.01028060913086,-0.004338860511779785,0.9977470636367798,2019.22509765625,0.00022834539413452148,0.9978275895118713,162.2743682861328,0.00165635347366333,0.9949730634689331,0.021015752106904984,0.00817805528640747,1.0062235593795776,9.913656234741211,-0.015563249588012695,1.001131534576416,16.724645614624023,-0.0032383203506469727,5,60,0.00040858983993530273
SLIM*MIX_oms_pat5_fn-full_extended_const-small_ints_latent1024,9057152a-801c-11f1-8d02-2c7ba0e6fa90,synthetic_prior,0,10,0.998775839805603,0.24508023262023926,11763.0,0.9975354075431824,30.985450744628906,-0.0027313232421875,0.9976199269294739,2018.9677734375,0.000483095645904541,0.9979480504989624,162.29396057128906,0.0014153122901916504,0.9913995265960693,0.020940270274877548,0.015289723873138428,1.0056942701339722,9.908442497253418,-0.014495253562927246,1.0004501342773438,16.713260650634766,-0.0018731355667114258,6,75,0.000447690486907959
SLIM*MIX_oms_pat5_fn-full_extended_const-small_ints_latent1024,9057152a-801c-11f1-8d02-2c7ba0e6fa90,synthetic_prior,0,11,0.9986968636512756,0.2201251983642578,12770.0,0.9974374175071716,30.982410430908203,-0.0025343894958496094,0.997492790222168,2018.71044921875,0.0007379055023193359,0.997715950012207,162.25621032714844,0.0018797516822814941,0.9971554279327393,0.021061846986413002,0.0038223862648010254,0.9998015761375427,9.850386619567871,-0.0026415586471557617,0.9998009204864502,16.702415466308594,-0.000573277473449707,10,142,0.0006057620048522949
SLIM*MIX_oms_pat5_fn-full_extended_const-small_ints_latent1024,9057152a-801c-11f1-8d02-2c7ba0e6fa90,synthetic_prior,0,12,0.9986968636512756,0.218519926071167,13758.0,0.9974374175071716,30.982410430908203,-0.0025343894958496094,0.997492790222168,2018.71044921875,0.0007379055023193359,0.997715950012207,162.25621032714844,0.0018797516822814941,0.9971554279327393,0.021061846986413002,0.0038223862648010254,0.9998015761375427,9.850386619567871,-0.0026415586471557617,0.9998009204864502,16.702415466308594,-0.000573277473449707,10,142,0.0006057620048522949
SLIM*MIX_oms_pat5_fn-full_extended_const-small_ints_latent1024,9057152a-801c-11f1-8d02-2c7ba0e6fa90,synthetic_prior,0,13,0.9986699819564819,0.2342517375946045,15480.0,0.9981408715248108,31.004261016845703,-0.003948807716369629,0.9975917339324951,2018.91064453125,0.0005396604537963867,0.9982095956802368,162.33648681640625,0.0008918642997741699,0.9908539652824402,0.020928747951984406,0.016373157501220703,1.0103800296783447,9.954607963562012,-0.023970723152160645,1.0008128881454468,16.719322204589844,-0.002599954605102539,8,101,0.0006595849990844727
SLIM*MIX_oms_pat5_fn-full_extended_const-small_ints_latent1024,9057152a-801c-11f1-8d02-2c7ba0e6fa90,synthetic_prior,0,14,0.9986659288406372,0.25095653533935547,17196.0,0.9982848167419434,31.008731842041016,-0.004238486289978027,0.9975565075874329,2018.83935546875,0.0006102323532104492,0.9981908202171326,162.3334197998047,0.000929415225982666,0.9913662075996399,0.020939568057656288,0.015355885028839111,1.010009765625,9.950960159301758,-0.023220300674438477,1.0008347034454346,16.719684600830078,-0.0026434659957885742,9,116,0.0006676912307739258
SLIM*MIX_oms_pat5_fn-full_extended_const-small_ints_latent1024,9057152a-801c-11f1-8d02-2c7ba0e6fa90,synthetic_prior,0,15,0.9986659288406372,0.2515101432800293,19033.0,0.9982848167419434,31.008731842041016,-0.004238486289978027,0.9975565075874329,2018.83935546875,0.0006102323532104492,0.9981908202171326,162.3334197998047,0.000929415225982666,0.9913662075996399,0.020939568057656288,0.015355885028839111,1.010009765625,9.950960159301758,-0.023220300674438477,1.0008347034454346,16.719684600830078,-0.0026434659957885742,9,116,0.0006676912307739258
SLIM*MIX_oms_pat5_fn-full_extended_const-small_ints_latent1024,9057152a-801c-11f1-8d02-2c7ba0e6fa90,synthetic_prior,0,16,0.9986335635185242,0.25121283531188965,20458.0,0.9995231032371521,31.04719352722168,-0.006731390953063965,0.9976590871810913,2019.0469970703125,0.00040465593338012695,0.9978788495063782,162.28268432617188,0.0015538334846496582,0.986571729183197,0.0208382997661829,0.0248568058013916,1.0152881145477295,10.00296401977539,-0.0339430570602417,0.9994152188301086,16.695972442626953,0.00019860267639160156,7,86,0.0007324814796447754
SLIM*MIX_oms_pat5_fn-full_extended_const-small_ints_latent1024,9057152a-801c-11f1-8d02-2c7ba0e6fa90,synthetic_prior,0,17,0.9986295700073242,0.25458478927612305,21756.0,0.9997045397758484,31.052831649780273,-0.007097005844116211,0.9976544976234436,2019.0377197265625,0.0004138350486755371,0.9978628158569336,162.28009033203125,0.0015859007835388184,0.9864351749420166,0.02083541266620159,0.025126755237579346,1.015566110610962,10.005702018737793,-0.03450930118560791,0.999868631362915,16.703548431396484,-0.0007088184356689453,8,99,0.0007404685020446777
SLIM*MIX_oms_pat5_fn-full_extended_const-small_ints_latent1024,9057152a-801c-11f1-8d02-2c7ba0e6fa90,synthetic_prior,0,18,0.998607337474823,0.22544455528259277,22727.0,0.9983972311019897,31.012222290039062,-0.00446474552154541,0.9977759718894958,2019.2835693359375,0.0001704692840576172,0.9973555207252502,162.1975860595703,0.00260084867477417,0.9911195039749146,0.02093435637652874,0.015845894813537598,1.0031119585037231,9.883001327514648,-0.009292125701904297,0.9977415204048157,16.668012619018555,0.003544449806213379,8,100,0.0007849931716918945
SLIM*MIX_oms_pat5_fn-full_extended_const-small_ints_latent1024,9057152a-801c-11f1-8d02-2c7ba0e6fa90,synthetic_prior,0,19,0.998607337474823,0.22231602668762207,23754.0,0.9983972311019897,31.012222290039062,-0.00446474552154541,0.9977759718894958,2019.2835693359375,0.0001704692840576172,0.9973555207252502,162.1975860595703,0.00260084867477417,0.9911195039749146,0.02093435637652874,0.015845894813537598,1.0031119585037231,9.883001327514648,-0.009292125701904297,0.9977415204048157,16.668012619018555,0.003544449806213379,8,100,0.0007849931716918945
SLIM*MIX_oms_pat5_fn-full_extended_const-small_ints_latent1024,9057152a-801c-11f1-8d02-2c7ba0e6fa90,synthetic_prior,0,20,0.9985768795013428,0.23718810081481934,24726.0,0.9988619685173035,31.026657104492188,-0.005399942398071289,0.9984232783317566,2020.593505859375,-0.0011272430419921875,0.9974914789199829,162.21969604492188,0.0023288726806640625,0.9909887909889221,0.02093159593641758,0.01610541343688965,1.0043914318084717,9.89560604095459,-0.011868476867675781,0.9964829087257385,16.64698600769043,0.0060569047927856445,8,101,0.0008459687232971191
SLIM*MIX_oms_pat5_fn-full_extended_const-small_ints_latent1024,9057152a-801c-11f1-8d02-2c7ba0e6fa90,synthetic_prior,0,21,0.9985768795013428,0.21925592422485352,25992.0,0.9988619685173035,31.026657104492188,-0.005399942398071289,0.9984232783317566,2020.593505859375,-0.0011272430419921875,0.9974914789199829,162.21969604492188,0.0023288726806640625,0.9909887909889221,0.02093159593641758,0.01610541343688965,1.0043914318084717,9.89560604095459,-0.011868476867675781,0.9964829087257385,16.64698600769043,0.0060569047927856445,8,101,0.0008459687232971191
SLIM*MIX_oms_pat5_fn-full_extended_const-small_ints_latent1024,9057152a-801c-11f1-8d02-2c7ba0e6fa90,synthetic_prior,0,22,0.9985657930374146,0.23501181602478027,27066.0,0.9985529780387878,31.017061233520508,-0.004778146743774414,0.9981757998466492,2020.0926513671875,-0.0006309747695922852,0.9977447390556335,162.26089477539062,0.0018221735954284668,0.9929063320159912,0.020972099155187607,0.01229405403137207,1.0024772882461548,9.876749038696289,-0.00801551342010498,0.996641218662262,16.64963150024414,0.005741000175476074,9,113,0.0008680820465087891
SLIM*MIX_oms_pat5_fn-full_extended_const-small_ints_latent1024,9057152a-801c-11f1-8d02-2c7ba0e6fa90,synthetic_prior,0,23,0.9984806180000305,0.23560237884521484,27357.0,0.9990996718406677,31.034040451049805,-0.005878567695617676,0.9983755946159363,2020.4970703125,-0.001031637191772461,0.9979150891304016,162.28858947753906,0.0014812946319580078,0.9938126802444458,0.020991241559386253,0.010490059852600098,1.000689148902893,9.859130859375,-0.004422545433044434,0.9954163432121277,16.629169464111328,0.00818336009979248,10,127,0.0010385513305664062
SLIM*MIX_oms_pat5_fn-full_extended_const-small_ints_latent1024,9057152a-801c-11f1-8d02-2c7ba0e6fa90,synthetic_prior,0,24,0.9984806180000305,0.22030186653137207,26152.0,0.9990996718406677,31.034040451049805,-0.005878567695617676,0.9983755946159363,2020.4970703125,-0.001031637191772461,0.9979150891304016,162.28858947753906,0.0014812946319580078,0.9938126802444458,0.020991241559386253,0.010490059852600098,1.000689148902893,9.859130859375,-0.004422545433044434,0.9954163432121277,16.629169464111328,0.00818336009979248,10,127,0.0010385513305664062
SLIM*MIX_oms_pat5_fn-full_extended_const-small_ints_latent1024,9057152a-801c-11f1-8d02-2c7ba0e6fa90,synthetic_prior,0,25,0.9984806180000305,0.2362525463104248,25652.0,0.9990996718406677,31.034040451049805,-0.005878567695617676,0.9983755946159363,2020.4970703125,-0.001031637191772461,0.9979150891304016,162.28858947753906,0.0014812946319580078,0.9938126802444458,0.020991241559386253,0.010490059852600098,1.000689148902893,9.859130859375,-0.004422545433044434,0.9954163432121277,16.629169464111328,0.00818336009979248,10,127,0.0010385513305664062
SLIM*MIX_oms_pat5_fn-full_extended_const-small_ints_latent1024,9057152a-801c-11f1-8d02-2c7ba0e6fa90,synthetic_prior,0,26,0.9984793066978455,0.22044062614440918,25445.0,0.9964171051979065,30.950714111328125,-0.0004843473434448242,0.9979807734489441,2019.6981201171875,-0.00023996829986572266,0.9977825880050659,162.2670440673828,0.0017464160919189453,0.99919593334198,0.021104946732521057,-0.0002586841583251953,1.0038487911224365,9.890260696411133,-0.010775446891784668,0.9968181848526001,16.652585983276367,0.0053879618644714355,11,158,0.0010412335395812988
SLIM*MIX_oms_pat5_fn-full_extended_const-small_ints_latent1024,9057152a-801c-11f1-8d02-2c7ba0e6fa90,synthetic_prior,0,27,0.9984777569770813,0.21994900703430176,26610.0,0.9969623684883118,30.967653274536133,-0.0015796422958374023,0.9981069564819336,2019.9534912109375,-0.0004930496215820312,0.9976584315299988,162.24685668945312,0.0019948482513427734,0.997876763343811,0.02107708342373371,0.0023806095123291016,1.0033588409423828,9.885433197021484,-0.009788990020751953,0.9978357553482056,16.669586181640625,0.00335615873336792,11,162,0.0010442733764648438
SLIM*MIX_oms_pat5_fn-full_extended_const-small_ints_latent1024,9057152a-801c-11f1-8d02-2c7ba0e6fa90,synthetic_prior,0,28,0.9984596967697144,0.21965789794921875,26428.0,0.999009907245636,31.031253814697266,-0.005697846412658691,0.998538076877594,2020.8258056640625,-0.001357436180114746,0.9978573322296143,162.2792205810547,0.0015968084335327148,0.9948332905769348,0.021012799814343452,0.008456707000732422,0.9985014796257019,9.837575912475586,-3.5643577575683594e-05,0.9950357675552368,16.62281036376953,0.008941650390625,11,139,0.0010803937911987305
SLIM*MIX_oms_pat5_fn-full_extended_const-small_ints_latent1024,9057152a-801c-11f1-8d02-2c7ba0e6fa90,synthetic_prior,0,29,0.9984596967697144,0.26627683639526367,26969.0,0.999009907245636,31.031253814697266,-0.005697846412658691,0.998538076877594,2020.8258056640625,-0.001357436180114746,0.9978573322296143,162.2792205810547,0.0015968084335327148,0.9948332905769348,0.021012799814343452,0.008456707000732422,0.9985014796257019,9.837575912475586,-3.5643577575683594e-05,0.9950357675552368,16.62281036376953,0.008941650390625,11,139,0.0010803937911987305
SLIM*MIX_oms_pat5_fn-full_extended_const-small_ints_latent1024,9057152a-801c-11f1-8d02-2c7ba0e6fa90,synthetic_prior,0,30,0.9984596967697144,0.23638272285461426,28893.0,0.999009907245636,31.031253814697266,-0.005697846412658691,0.998538076877594,2020.8258056640625,-0.001357436180114746,0.9978573322296143,162.2792205810547,0.0015968084335327148,0.9948332905769348,0.021012799814343452,0.008456707000732422,0.9985014796257019,9.837575912475586,-3.5643577575683594e-05,0.9950357675552368,16.62281036376953,0.008941650390625,11,139,0.0010803937911987305
SLIM*MIX_oms_pat5_fn-full_extended_const-small_ints_latent1024,9057152a-801c-11f1-8d02-2c7ba0e6fa90,synthetic_prior,0,31,0.9984596967697144,0.2631838321685791,29093.0,0.999009907245636,31.031253814697266,-0.005697846412658691,0.998538076877594,2020.8258056640625,-0.001357436180114746,0.9978573322296143,162.2792205810547,0.0015968084335327148,0.9948332905769348,0.021012799814343452,0.008456707000732422,0.9985014796257019,9.837575912475586,-3.5643577575683594e-05,0.9950357675552368,16.62281036376953,0.008941650390625,11,139,0.0010803937911987305
SLIM*MIX_oms_pat5_fn-full_extended_const-small_ints_latent1024,9057152a-801c-11f1-8d02-2c7ba0e6fa90,synthetic_prior,0,32,0.9984596967697144,0.22050166130065918,30692.0,0.999009907245636,31.031253814697266,-0.005697846412658691,0.998538076877594,2020.8258056640625,-0.001357436180114746,0.9978573322296143,162.2792205810547,0.0015968084335327148,0.9948332905769348,0.021012799814343452,0.008456707000732422,0.9985014796257019,9.837575912475586,-3.5643577575683594e-05,0.9950357675552368,16.62281036376953,0.008941650390625,11,139,0.0010803937911987305
SLIM*MIX_oms_pat5_fn-full_extended_const-small_ints_latent1024,9057152a-801c-11f1-8d02-2c7ba0e6fa90,synthetic_prior,0,33,0.9984479546546936,0.25186729431152344,31457.0,1.0001956224441528,31.068086624145508,-0.008086681365966797,0.9986779689788818,2021.10888671875,-0.0016380548477172852,0.9977000951766968,162.2536163330078,0.0019115209579467773,0.9935388565063477,0.02098545990884304,0.011035263538360596,1.0017305612564087,9.869390487670898,-0.006514191627502441,0.9935640096664429,16.598224639892578,0.011871278285980225,11,140,0.001103818416595459
SLIM*MIX_oms_pat5_fn-full_extended_const-small_ints_latent1024,9057152a-801c-11f1-8d02-2c7ba0e6fa90,synthetic_prior,0,34,0.9983758330345154,0.23606300354003906,32632.0,1.0007463693618774,31.08519172668457,-0.009197115898132324,0.9989686608314514,2021.697265625,-0.002221345901489258,0.9974778294563293,162.2174835205078,0.002356112003326416,0.9965068101882935,0.02104814723134041,0.005117952823638916,1.0011643171310425,9.863812446594238,-0.005376696586608887,0.9926140308380127,16.582353591918945,0.013759911060333252,12,165,0.0012481212615966797
SLIM*MIX_oms_pat5_fn-full_extended_const-small_ints_latent1024,9057152a-801c-11f1-8d02-2c7ba0e6fa90,synthetic_prior,0,35,0.9983758330345154,0.251079797744751,33345.0,1.0007463693618774,31.08519172668457,-0.009197115898132324,0.9989686608314514,2021.697265625,-0.002221345901489258,0.9974778294563293,162.2174835205078,0.002356112003326416,0.9965068101882935,0.02104814723134041,0.005117952823638916,1.0011643171310425,9.863812446594238,-0.005376696586608887,0.9926140308380127,16.582353591918945,0.013759911060333252,12,165,0.0012481212615966797
SLIM*MIX_oms_pat5_fn-full_extended_const-small_ints_latent1024,9057152a-801c-11f1-8d02-2c7ba0e6fa90,synthetic_prior,0,36,0.9983758330345154,0.26944947242736816,34257.0,1.0007463693618774,31.08519172668457,-0.009197115898132324,0.9989686608314514,2021.697265625,-0.002221345901489258,0.9974778294563293,162.2174835205078,0.002356112003326416,0.9965068101882935,0.02104814723134041,0.005117952823638916,1.0011643171310425,9.863812446594238,-0.005376696586608887,0.9926140308380127,16.582353591918945,0.013759911060333252,12,165,0.0012481212615966797
SLIM*MIX_oms_pat5_fn-full_extended_const-small_ints_latent1024,9057152a-801c-11f1-8d02-2c7ba0e6fa90,synthetic_prior,0,37,0.9983444809913635,0.26748204231262207,35091.0,0.9995139837265015,31.046911239624023,-0.0067130327224731445,0.9986215829849243,2020.994873046875,-0.0015249252319335938,0.9981106519699097,162.32040405273438,0.001089930534362793,1.0032544136047363,0.021190667524933815,-0.008400797843933105,1.0022327899932861,9.874337196350098,-0.007523536682128906,0.9885551929473877,16.51454734802246,0.021808922290802002,13,177,0.0013109445571899414
SLIM*MIX_oms_pat5_fn-full_extended_const-small_ints_latent1024,9057152a-801c-11f1-8d02-2c7ba0e6fa90,synthetic_prior,0,38,0.998313844203949,0.25066590309143066,36132.0,1.0006693601608276,31.082796096801758,-0.009041666984558105,0.9984942674636841,2020.7371826171875,-0.0012695789337158203,0.9981092810630798,162.32017517089844,0.0010926127433776855,1.0013465881347656,0.0211503729224205,-0.004569292068481445,1.0029433965682983,9.881339073181152,-0.008952736854553223,0.9915818572044373,16.56511116027832,0.015809953212738037,12,163,0.001372218132019043
SLIM*MIX_oms_pat5_fn-full_extended_const-small_ints_latent1024,9057152a-801c-11f1-8d02-2c7ba0e6fa90,synthetic_prior,0,39,0.998313844203949,0.25095510482788086,36718.0,1.0006693601608276,31.082796096801758,-0.009041666984558105,0.9984942674636841,2020.7371826171875,-0.0012695789337158203,0.9981092810630798,162.32017517089844,0.0010926127433776855,1.0013465881347656,0.0211503729224205,-0.004569292068481445,1.0029433965682983,9.881339073181152,-0.008952736854553223,0.9915818572044373,16.56511116027832,0.015809953212738037,12,163,0.001372218132019043
SLIM*MIX_oms_pat5_fn-full_extended_const-small_ints_latent1024,9057152a-801c-11f1-8d02-2c7ba0e6fa90,synthetic_prior,0,40,0.9982987642288208,0.2674751281738281,36569.0,0.9997590780258179,31.054527282714844,-0.0072067975997924805,0.9984713792800903,2020.6910400390625,-0.0012238025665283203,0.9987137317657471,162.41848754882812,-0.0001176595687866211,1.0020332336425781,0.021164875477552414,-0.005947470664978027,0.9998292326927185,9.850658416748047,-0.002696990966796875,0.9914005994796753,16.562082290649414,0.016169726848602295,13,178,0.001402437686920166
SLIM*MIX_oms_pat5_fn-full_extended_const-small_ints_latent1024,9057152a-801c-11f1-8d02-2c7ba0e6fa90,synthetic_prior,0,41,0.9982926845550537,0.2677304744720459,37998.0,0.9982175230979919,31.00663948059082,-0.00410306453704834,0.9984338879585266,2020.6151123046875,-0.0011485815048217773,0.9982245564460754,162.3389129638672,0.0008618831634521484,1.0018492937088013,0.021160991862416267,-0.005578279495239258,1.0005805492401123,9.858060836791992,-0.004204511642456055,0.9919995665550232,16.57208824157715,0.014980614185333252,15,218,0.0014145970344543457
SLIM*MIX_oms_pat5_fn-full_extended_const-small_ints_latent1024,9057152a-801c-11f1-8d02-2c7ba0e6fa90,synthetic_prior,0,42,0.9982926845550537,0.25058507919311523,39321.0,0.9982175230979919,31.00663948059082,-0.00410306453704834,0.9984338879585266,2020.6151123046875,-0.0011485815048217773,0.9982245564460754,162.3389129638672,0.0008618831634521484,1.0018492937088013,0.021160991862416267,-0.005578279495239258,1.0005805492401123,9.858060836791992,-0.004204511642456055,0.9919995665550232,16.57208824157715,0.014980614185333252,15,218,0.0014145970344543457
SLIM*MIX_oms_pat5_fn-full_extended_const-small_ints_latent1024,9057152a-801c-11f1-8d02-2c7ba0e6fa90,synthetic_prior,0,43,0.9982766509056091,0.25088000297546387,39441.0,0.9981935024261475,31.00589370727539,-0.004054903984069824,0.9982043504714966,2020.1505126953125,-0.0006883144378662109,0.9983065724372864,162.3522491455078,0.0006977319717407227,1.002672791481018,0.021178385242819786,-0.007232069969177246,0.9986213445663452,9.838757514953613,-0.00027573108673095703,0.9901317954063416,16.54088592529297,0.018686294555664062,16,231,0.0014466643333435059
SLIM*MIX_oms_pat5_fn-full_extended_const-small_ints_latent1024,9057152a-801c-11f1-8d02-2c7ba0e6fa90,synthetic_prior,0,44,0.9982766509056091,0.2513692378997803,40323.0,0.9981935024261475,31.00589370727539,-0.004054903984069824,0.9982043504714966,2020.1505126953125,-0.0006883144378662109,0.9983065724372864,162.3522491455078,0.0006977319717407227,1.002672791481018,0.021178385242819786,-0.007232069969177246,0.9986213445663452,9.838757514953613,-0.00027573108673095703,0.9901317954063416,16.54088592529297,0.018686294555664062,16,231,0.0014466643333435059
SLIM*MIX_oms_pat5_fn-full_extended_const-small_ints_latent1024,9057152a-801c-11f1-8d02-2c7ba0e6fa90,synthetic_prior,0,45,0.9982766509056091,0.23510956764221191,40311.0,0.9981935024261475,31.00589370727539,-0.004054903984069824,0.9982043504714966,2020.1505126953125,-0.0006883144378662109,0.9983065724372864,162.3522491455078,0.0006977319717407227,1.002672791481018,0.021178385242819786,-0.007232069969177246,0.9986213445663452,9.838757514953613,-0.00027573108673095703,0.9901317954063416,16.54088592529297,0.018686294555664062,16,231,0.0014466643333435059
SLIM*MIX_oms_pat5_fn-full_extended_const-small_ints_latent1024,9057152a-801c-11f1-8d02-2c7ba0e6fa90,synthetic_prior,0,46,0.9982609748840332,0.21847176551818848,39794.0,0.9998618960380554,31.05771827697754,-0.007413983345031738,0.9987674355506897,2021.2900390625,-0.0018175840377807617,0.9980406165122986,162.3090057373047,0.0012300610542297363,1.0015207529067993,0.021154051646590233,-0.004918813705444336,1.004307508468628,9.894780158996582,-0.011699438095092773,0.9900521636009216,16.5395565032959,0.018844127655029297,14,198,0.0014780163764953613
SLIM*MIX_oms_pat5_fn-full_extended_const-small_ints_latent1024,9057152a-801c-11f1-8d02-2c7ba0e6fa90,synthetic_prior,0,47,0.9982609748840332,0.23622941970825195,41086.0,0.9998618960380554,31.05771827697754,-0.007413983345031738,0.9987674355506897,2021.2900390625,-0.0018175840377807617,0.9980406165122986,162.3090057373047,0.0012300610542297363,1.0015207529067993,0.021154051646590233,-0.004918813705444336,1.004307508468628,9.894780158996582,-0.011699438095092773,0.9900521636009216,16.5395565032959,0.018844127655029297,14,198,0.0014780163764953613
SLIM*MIX_oms_pat5_fn-full_extended_const-small_ints_latent1024,9057152a-801c-11f1-8d02-2c7ba0e6fa90,synthetic_prior,0,48,0.9982609748840332,0.2357649803161621,41624.0,0.9998618960380554,31.05771827697754,-0.007413983345031738,0.9987674355506897,2021.2900390625,-0.0018175840377807617,0.9980406165122986,162.3090057373047,0.0012300610542297363,1.0015207529067993,0.021154051646590233,-0.004918813705444336,1.004307508468628,9.894780158996582,-0.011699438095092773,0.9900521636009216,16.5395565032959,0.018844127655029297,14,198,0.0014780163764953613
SLIM*MIX_oms_pat5_fn-full_extended_const-small_ints_latent1024,9057152a-801c-11f1-8d02-2c7ba0e6fa90,synthetic_prior,0,49,0.9982609748840332,0.26378321647644043,41667.0,0.9998618960380554,31.05771827697754,-0.007413983345031738,0.9987674355506897,2021.2900390625,-0.0018175840377807617,0.9980406165122986,162.3090057373047,0.0012300610542297363,1.0015207529067993,0.021154051646590233,-0.004918813705444336,1.004307508468628,9.894780158996582,-0.011699438095092773,0.9900521636009216,16.5395565032959,0.018844127655029297,14,198,0.0014780163764953613
SLIM*MIX_oms_pat5_fn-full_extended_const-small_ints_latent1024,9057152a-801c-11f1-8d02-2c7ba0e6fa90,synthetic_prior,0,50,0.9982609748840332,0.24945425987243652,41887.0,0.9998618960380554,31.05771827697754,-0.007413983345031738,0.9987674355506897,2021.2900390625,-0.0018175840377807617,0.9980406165122986,162.3090057373047,0.0012300610542297363,1.0015207529067993,0.021154051646590233,-0.004918813705444336,1.004307508468628,9.894780158996582,-0.011699438095092773,0.9900521636009216,16.5395565032959,0.018844127655029297,14,198,0.0014780163764953613
SLIM*MIX_oms_pat5_fn-full_extended_const-small_ints_latent1024,9057152a-801c-11f1-8d02-2c7ba0e6fa90,synthetic_prior,0,51,0.9982609748840332,0.3290717601776123,21407.0,0.9998618960380554,31.05771827697754,-0.007413983345031738,0.9987674355506897,2021.2900390625,-0.0018175840377807617,0.9980406165122986,162.3090057373047,0.0012300610542297363,1.0015207529067993,0.021154051646590233,-0.004918813705444336,1.004307508468628,9.894780158996582,-0.011699438095092773,0.9900521636009216,16.5395565032959,0.018844127655029297,14,198,0.0014780163764953613
SLIM*MIX_oms_pat5_fn-full_extended_const-small_ints_latent1024,9057152a-801c-11f1-8d02-2c7ba0e6fa90,synthetic_prior,0,52,0.9982609748840332,0.2684974670410156,33774.0,0.9998618960380554,31.05771827697754,-0.007413983345031738,0.9987674355506897,2021.2900390625,-0.0018175840377807617,0.9980406165122986,162.3090057373047,0.0012300610542297363,1.0015207529067993,0.021154051646590233,-0.004918813705444336,1.004307508468628,9.894780158996582,-0.011699438095092773,0.9900521636009216,16.5395565032959,0.018844127655029297,14,198,0.0014780163764953613
SLIM*MIX_oms_pat5_fn-full_extended_const-small_ints_latent1024,9057152a-801c-11f1-8d02-2c7ba0e6fa90,synthetic_prior,0,53,0.9982609748840332,0.2348036766052246,40255.0,0.9998618960380554,31.05771827697754,-0.007413983345031738,0.9987674355506897,2021.2900390625,-0.0018175840377807617,0.9980406165122986,162.3090057373047,0.0012300610542297363,1.0015207529067993,0.021154051646590233,-0.004918813705444336,1.004307508468628,9.894780158996582,-0.011699438095092773,0.9900521636009216,16.5395565032959,0.018844127655029297,14,198,0.0014780163764953613
SLIM*MIX_oms_pat5_fn-full_extended_const-small_ints_latent1024,9057152a-801c-11f1-8d02-2c7ba0e6fa90,synthetic_prior,0,54,0.9982490539550781,0.2214207649230957,42212.0,0.9994320273399353,31.044363021850586,-0.0065479278564453125,0.9989235997200012,2021.606201171875,-0.002130866050720215,0.9974251389503479,162.2089080810547,0.0024614930152893066,1.0002413988113403,0.02112702839076519,-0.0023529529571533203,0.9990556240081787,9.843036651611328,-0.0011459589004516602,0.9921391010284424,16.574419021606445,0.014703452587127686,17,245,0.0015017986297607422
SLIM*MIX_oms_pat5_fn-full_extended_const-small_ints_latent1024,9057152a-801c-11f1-8d02-2c7ba0e6fa90,synthetic_prior,0,55,0.9982210397720337,0.23723363876342773,42757.0,0.9990039467811584,31.031068801879883,-0.005685925483703613,0.9987554550170898,2021.265869140625,-0.001793503761291504,0.9975874423980713,162.2353057861328,0.0021368861198425293,1.000365138053894,0.02112964168190956,-0.002601027488708496,0.998805046081543,9.840567588806152,-0.0006437301635742188,0.992839515209198,16.58612060546875,0.01331174373626709,18,258,0.0015578866004943848
SLIM*MIX_oms_pat5_fn-full_extended_const-small_ints_latent1024,9057152a-801c-11f1-8d02-2c7ba0e6fa90,synthetic_prior,0,56,0.9982210397720337,0.2507741451263428,43449.0,0.9990039467811584,31.031068801879883,-0.005685925483703613,0.9987554550170898,2021.265869140625,-0.001793503761291504,0.9975874423980713,162.2353057861328,0.0021368861198425293,1.000365138053894,0.02112964168190956,-0.002601027488708496,0.998805046081543,9.840567588806152,-0.0006437301635742188,0.992839515209198,16.58612060546875,0.01331174373626709,18,258,0.0015578866004943848
SLIM*MIX_oms_pat5_fn-full_extended_const-small_ints_latent1024,9057152a-801c-11f1-8d02-2c7ba0e6fa90,synthetic_prior,0,57,0.9982209801673889,0.2676050662994385,45480.0,0.9990071058273315,31.03116798400879,-0.005692243576049805,0.9987565279006958,2021.2679443359375,-0.001795649528503418,0.9975863695144653,162.23512268066406,0.0021390318870544434,1.0003670454025269,0.021129682660102844,-0.002604842185974121,0.9988058805465698,9.840575218200684,-0.0006453990936279297,0.9928328394889832,16.586009979248047,0.013324975967407227,19,270,0.0015580058097839355
SLIM*MIX_oms_pat5_fn-full_extended_const-small_ints_latent1024,9057152a-801c-11f1-8d02-2c7ba0e6fa90,synthetic_prior,0,58,0.9981786608695984,0.25385284423828125,45962.0,0.9986383318901062,31.01971435546875,-0.00494992733001709,0.9983514547348022,2020.4482421875,-0.0009832382202148438,0.9977831840515137,162.26715087890625,0.0017451643943786621,1.0015302896499634,0.02115425281226635,-0.004937887191772461,0.9971861243247986,9.824617385864258,0.002597332000732422,0.9908385276794434,16.552692413330078,0.017284870147705078,18,257,0.0016426444053649902
SLIM*MIX_oms_pat5_fn-full_extended_const-small_ints_latent1024,9057152a-801c-11f1-8d02-2c7ba0e6fa90,synthetic_prior,0,59,0.9981786608695984,0.24895620346069336,46759.0,0.9986383318901062,31.01971435546875,-0.00494992733001709,0.9983514547348022,2020.4482421875,-0.0009832382202148438,0.9977831840515137,162.26715087890625,0.0017451643943786621,1.0015302896499634,0.02115425281226635,-0.004937887191772461,0.9971861243247986,9.824617385864258,0.002597332000732422,0.9908385276794434,16.552692413330078,0.017284870147705078,18,257,0.0016426444053649902
SLIM*MIX_oms_pat5_fn-full_extended_const-small_ints_latent1024,9057152a-801c-11f1-8d02-2c7ba0e6fa90,synthetic_prior,0,60,0.998176634311676,0.2516818046569824,48065.0,0.9985548257827759,31.017118453979492,-0.004781842231750488,0.9983237981796265,2020.3922119140625,-0.0009278059005737305,0.9978175759315491,162.27273559570312,0.0016763806343078613,1.0014311075210571,0.021152157336473465,-0.004738807678222656,0.9972447752952576,9.8251953125,0.0024799704551696777,0.991152822971344,16.55794334411621,0.016661345958709717,19,282,0.0016466975212097168
SLIM*MIX_oms_pat5_fn-full_extended_const-small_ints_latent1024,9057152a-801c-11f1-8d02-2c7ba0e6fa90,synthetic_prior,0,61,0.998176634311676,0.26713085174560547,48768.0,0.9985548257827759,31.017118453979492,-0.004781842231750488,0.9983237981796265,2020.3922119140625,-0.0009278059005737305,0.9978175759315491,162.27273559570312,0.0016763806343078613,1.0014311075210571,0.021152157336473465,-0.004738807678222656,0.9972447752952576,9.8251953125,0.0024799704551696777,0.991152822971344,16.55794334411621,0.016661345958709717,19,282,0.0016466975212097168
SLIM*MIX_oms_pat5_fn-full_extended_const-small_ints_latent1024,9057152a-801c-11f1-8d02-2c7ba0e6fa90,synthetic_prior,0,62,0.998176634311676,0.251753568649292,49745.0,0.9985548257827759,31.017118453979492,-0.004781842231750488,0.9983237981796265,2020.3922119140625,-0.0009278059005737305,0.9978175759315491,162.27273559570312,0.0016763806343078613,1.0014311075210571,0.021152157336473465,-0.004738807678222656,0.9972447752952576,9.8251953125,0.0024799704551696777,0.991152822971344,16.55794334411621,0.016661345958709717,19,282,0.0016466975212097168
SLIM*MIX_oms_pat5_fn-full_extended_const-small_ints_latent1024,9057152a-801c-11f1-8d02-2c7ba0e6fa90,synthetic_prior,0,63,0.9981204271316528,0.2830061912536621,51475.0,1.0009644031524658,31.091960906982422,-0.009636759757995605,0.9978813529014587,2019.496826171875,-4.076957702636719e-05,0.9971891641616821,162.1705322265625,0.0029334425926208496,1.0003511905670166,0.021129349246621132,-0.002573251724243164,0.9972561001777649,9.82530689239502,0.0024573802947998047,0.9932741522789001,16.593381881713867,0.012447714805603027,17,251,0.001759171485900879
SLIM*MIX_oms_pat5_fn-full_extended_const-small_ints_latent1024,9057152a-801c-11f1-8d02-2c7ba0e6fa90,synthetic_prior,0,64,0.9981204271316528,0.23711848258972168,52389.0,1.0009644031524658,31.091960906982422,-0.009636759757995605,0.9978813529014587,2019.496826171875,-4.076957702636719e-05,0.9971891641616821,162.1705322265625,0.0029334425926208496,1.0003511905670166,0.021129349246621132,-0.002573251724243164,0.9972561001777649,9.82530689239502,0.0024573802947998047,0.9932741522789001,16.593381881713867,0.012447714805603027,17,251,0.001759171485900879
SLIM*MIX_oms_pat5_fn-full_extended_const-small_ints_latent1024,9057152a-801c-11f1-8d02-2c7ba0e6fa90,synthetic_prior,0,65,0.9981204271316528,0.25152039527893066,52430.0,1.0009644031524658,31.091960906982422,-0.009636759757995605,0.9978813529014587,2019.496826171875,-4.076957702636719e-05,0.9971891641616821,162.1705322265625,0.0029334425926208496,1.0003511905670166,0.021129349246621132,-0.002573251724243164,0.9972561001777649,9.82530689239502,0.0024573802947998047,0.9932741522789001,16.593381881713867,0.012447714805603027,17,251,0.001759171485900879
SLIM*MIX_oms_pat5_fn-full_extended_const-small_ints_latent1024,9057152a-801c-11f1-8d02-2c7ba0e6fa90,synthetic_prior,0,66,0.9981204271316528,0.26731324195861816,52154.0,1.0009644031524658,31.091960906982422,-0.009636759757995605,0.9978813529014587,2019.496826171875,-4.076957702636719e-05,0.9971891641616821,162.1705322265625,0.0029334425926208496,1.0003511905670166,0.021129349246621132,-0.002573251724243164,0.9972561001777649,9.82530689239502,0.0024573802947998047,0.9932741522789001,16.593381881713867,0.012447714805603027,17,251,0.001759171485900879
SLIM*MIX_oms_pat5_fn-full_extended_const-small_ints_latent1024,9057152a-801c-11f1-8d02-2c7ba0e6fa90,synthetic_prior,0,67,0.9981204271316528,0.28842973709106445,52662.0,1.0009644031524658,31.091960906982422,-0.009636759757995605,0.9978813529014587,2019.496826171875,-4.076957702636719e-05,0.9971891641616821,162.1705322265625,0.0029334425926208496,1.0003511905670166,0.021129349246621132,-0.002573251724243164,0.9972561001777649,9.82530689239502,0.0024573802947998047,0.9932741522789001,16.593381881713867,0.012447714805603027,17,251,0.001759171485900879
SLIM*MIX_oms_pat5_fn-full_extended_const-small_ints_latent1024,9057152a-801c-11f1-8d02-2c7ba0e6fa90,synthetic_prior,0,68,0.9981204271316528,0.31369900703430176,26196.0,1.0009644031524658,31.091960906982422,-0.009636759757995605,0.9978813529014587,2019.496826171875,-4.076957702636719e-05,0.9971891641616821,162.1705322265625,0.0029334425926208496,1.0003511905670166,0.021129349246621132,-0.002573251724243164,0.9972561001777649,9.82530689239502,0.0024573802947998047,0.9932741522789001,16.593381881713867,0.012447714805603027,17,251,0.001759171485900879
SLIM*MIX_oms_pat5_fn-full_extended_const-small_ints_latent1024,9057152a-801c-11f1-8d02-2c7ba0e6fa90,synthetic_prior,0,69,0.9981176853179932,0.2548339366912842,40502.0,1.0010038614273071,31.093189239501953,-0.009716510772705078,0.9980279803276062,2019.793701171875,-0.00033473968505859375,0.9974412322044373,162.21151733398438,0.0024294257164001465,1.0001429319381714,0.021124951541423798,-0.002155900001525879,0.9970360994338989,9.823139190673828,0.002897500991821289,0.993302583694458,16.593856811523438,0.012391149997711182,18,266,0.0017645955085754395
SLIM*MIX_oms_pat5_fn-full_extended_const-small_ints_latent1024,9057152a-801c-11f1-8d02-2c7ba0e6fa90,synthetic_prior,0,70,0.9981098771095276,0.2364649772644043,49398.0,1.0010590553283691,31.094905853271484,-0.009827852249145508,0.998124897480011,2019.9896240234375,-0.0005289316177368164,0.9969832301139832,162.1370391845703,0.0033452510833740234,0.9997689723968506,0.02111705020070076,-0.0014064311981201172,0.9983339309692383,9.835926055908203,0.00029987096786499023,0.9936081767082214,16.598962783813477,0.011783421039581299,18,266,0.0017803311347961426
SLIM*MIX_oms_pat5_fn-full_extended_const-small_ints_latent1024,9057152a-801c-11f1-8d02-2c7ba0e6fa90,synthetic_prior,0,71,0.9981098771095276,0.21930408477783203,51987.0,1.0010590553283691,31.094905853271484,-0.009827852249145508,0.998124897480011,2019.9896240234375,-0.0005289316177368164,0.9969832301139832,162.1370391845703,0.0033452510833740234,0.9997689723968506,0.02111705020070076,-0.0014064311981201172,0.9983339309692383,9.835926055908203,0.00029987096786499023,0.9936081767082214,16.598962783813477,0.011783421039581299,18,266,0.0017803311347961426
SLIM*MIX_oms_pat5_fn-full_extended_const-small_ints_latent1024,9057152a-801c-11f1-8d02-2c7ba0e6fa90,synthetic_prior,0,72,0.9981087446212769,0.27388620376586914,52164.0,0.9990196228027344,31.03155517578125,-0.00571751594543457,0.9989691376686096,2021.6982421875,-0.0022221803665161133,0.9981783032417297,162.33140563964844,0.0009545087814331055,1.0033209323883057,0.021192073822021484,-0.008534550666809082,0.9935269355773926,9.788565635681152,0.009903907775878906,0.9856688380241394,16.46632957458496,0.027512788772583008,20,283,0.0017824769020080566
SLIM*MIX_oms_pat5_fn-full_extended_const-small_ints_latent1024,9057152a-801c-11f1-8d02-2c7ba0e6fa90,synthetic_prior,0,73,0.9981087446212769,0.267549991607666,52844.0,0.9990196228027344,31.03155517578125,-0.00571751594543457,0.9989691376686096,2021.6982421875,-0.0022221803665161133,0.9981783032417297,162.33140563964844,0.0009545087814331055,1.0033209323883057,0.021192073822021484,-0.008534550666809082,0.9935269355773926,9.788565635681152,0.009903907775878906,0.9856688380241394,16.46632957458496,0.027512788772583008,20,283,0.0017824769020080566
SLIM*MIX_oms_pat5_fn-full_extended_const-small_ints_latent1024,9057152a-801c-11f1-8d02-2c7ba0e6fa90,synthetic_prior,0,74,0.9981052875518799,0.2518155574798584,53114.0,1.0031092166900635,31.158584594726562,-0.013968229293823242,0.9986630082130432,2021.07861328125,-0.0016080141067504883,0.997952401638031,162.29466247558594,0.0014066100120544434,0.9993165731430054,0.021107494831085205,-0.0005003213882446289,0.9910321235656738,9.763986587524414,0.014870047569274902,0.9889031052589417,16.52035903930664,0.021120309829711914,15,223,0.0017894506454467773
SLIM*MIX_oms_pat5_fn-full_extended_const-small_ints_latent1024,9057152a-801c-11f1-8d02-2c7ba0e6fa90,synthetic_prior,0,75,0.9981052875518799,0.25156259536743164,53728.0,1.0031092166900635,31.158584594726562,-0.013968229293823242,0.9986630082130432,2021.07861328125,-0.0016080141067504883,0.997952401638031,162.29466247558594,0.0014066100120544434,0.9993165731430054,0.021107494831085205,-0.0005003213882446289,0.9910321235656738,9.763986587524414,0.014870047569274902,0.9889031052589417,16.52035903930664,0.021120309829711914,15,223,0.0017894506454467773
SLIM*MIX_oms_pat5_fn-full_extended_const-small_ints_latent1024,9057152a-801c-11f1-8d02-2c7ba0e6fa90,synthetic_prior,0,76,0.9980498552322388,0.2528212070465088,54711.0,1.0020545721054077,31.125825881958008,-0.011837244033813477,0.9982454776763916,2020.2337646484375,-0.0007706880569458008,0.9977471828460693,162.26129150390625,0.0018172264099121094,1.0002719163894653,0.021127674728631973,-0.002414226531982422,0.9949957728385925,9.803037643432617,0.006974160671234131,0.9884859323501587,16.513391494750977,0.021945953369140625,17,249,0.001900315284729004
SLIM*MIX_oms_pat5_fn-full_extended_const-small_ints_latent1024,9057152a-801c-11f1-8d02-2c7ba0e6fa90,synthetic_prior,0,77,0.9980498552322388,0.2527787685394287,55068.0,1.0020545721054077,31.125825881958008,-0.011837244033813477,0.9982454776763916,2020.2337646484375,-0.0007706880569458008,0.9977471828460693,162.26129150390625,0.0018172264099121094,1.0002719163894653,0.021127674728631973,-0.002414226531982422,0.9949957728385925,9.803037643432617,0.006974160671234131,0.9884859323501587,16.513391494750977,0.021945953369140625,17,249,0.001900315284729004
SLIM*MIX_oms_pat5_fn-full_extended_const-small_ints_latent1024,9057152a-801c-11f1-8d02-2c7ba0e6fa90,synthetic_prior,0,78,0.9980498552322388,0.26654052734375,53864.0,1.0020545721054077,31.125825881958008,-0.011837244033813477,0.9982454776763916,2020.2337646484375,-0.0007706880569458008,0.9977471828460693,162.26129150390625,0.0018172264099121094,1.0002719163894653,0.021127674728631973,-0.002414226531982422,0.9949957728385925,9.803037643432617,0.006974160671234131,0.9884859323501587,16.513391494750977,0.021945953369140625,17,249,0.001900315284729004
SLIM*MIX_oms_pat5_fn-full_extended_const-small_ints_latent1024,9057152a-801c-11f1-8d02-2c7ba0e6fa90,synthetic_prior,0,79,0.9980498552322388,0.2353532314300537,52842.0,1.0020545721054077,31.125825881958008,-0.011837244033813477,0.9982454776763916,2020.2337646484375,-0.0007706880569458008,0.9977471828460693,162.26129150390625,0.0018172264099121094,1.0002719163894653,0.021127674728631973,-0.002414226531982422,0.9949957728385925,9.803037643432617,0.006974160671234131,0.9884859323501587,16.513391494750977,0.021945953369140625,17,249,0.001900315284729004
SLIM*MIX_oms_pat5_fn-full_extended_const-small_ints_latent1024,9057152a-801c-11f1-8d02-2c7ba0e6fa90,synthetic_prior,0,80,0.9980498552322388,0.23670387268066406,52862.0,1.0020545721054077,31.125825881958008,-0.011837244033813477,0.9982454776763916,2020.2337646484375,-0.0007706880569458008,0.9977471828460693,162.26129150390625,0.0018172264099121094,1.0002719163894653,0.021127674728631973,-0.002414226531982422,0.9949957728385925,9.803037643432617,0.006974160671234131,0.9884859323501587,16.513391494750977,0.021945953369140625,17,249,0.001900315284729004
SLIM*MIX_oms_pat5_fn-full_extended_const-small_ints_latent1024,9057152a-801c-11f1-8d02-2c7ba0e6fa90,synthetic_prior,0,81,0.9980498552322388,0.313096284866333,27375.0,1.0020545721054077,31.125825881958008,-0.011837244033813477,0.9982454776763916,2020.2337646484375,-0.0007706880569458008,0.9977471828460693,162.26129150390625,0.0018172264099121094,1.0002719163894653,0.021127674728631973,-0.002414226531982422,0.9949957728385925,9.803037643432617,0.006974160671234131,0.9884859323501587,16.513391494750977,0.021945953369140625,17,249,0.001900315284729004
SLIM*MIX_oms_pat5_fn-full_extended_const-small_ints_latent1024,9057152a-801c-11f1-8d02-2c7ba0e6fa90,synthetic_prior,0,82,0.9980498552322388,0.2516191005706787,39459.0,1.0020545721054077,31.125825881958008,-0.011837244033813477,0.9982454776763916,2020.2337646484375,-0.0007706880569458008,0.9977471828460693,162.26129150390625,0.0018172264099121094,1.0002719163894653,0.021127674728631973,-0.002414226531982422,0.9949957728385925,9.803037643432617,0.006974160671234131,0.9884859323501587,16.513391494750977,0.021945953369140625,17,249,0.001900315284729004
SLIM*MIX_oms_pat5_fn-full_extended_const-small_ints_latent1024,9057152a-801c-11f1-8d02-2c7ba0e6fa90,synthetic_prior,0,83,0.9980416893959045,0.2629375457763672,49447.0,1.0010451078414917,31.094470977783203,-0.009799718856811523,0.9978888034820557,2019.5118408203125,-5.5789947509765625e-05,0.9975835680961609,162.2346649169922,0.00214463472366333,1.0019328594207764,0.02116275765001774,-0.005746126174926758,0.9954182505607605,9.807199478149414,0.006130814552307129,0.9940877556800842,16.60697364807129,0.010829150676727295,19,279,0.0019165873527526855
SLIM*MIX_oms_pat5_fn-full_extended_const-small_ints_latent1024,9057152a-801c-11f1-8d02-2c7ba0e6fa90,synthetic_prior,0,84,0.9980416893959045,0.2622873783111572,51864.0,1.0010451078414917,31.094470977783203,-0.009799718856811523,0.9978888034820557,2019.5118408203125,-5.5789947509765625e-05,0.9975835680961609,162.2346649169922,0.00214463472366333,1.0019328594207764,0.02116275765001774,-0.005746126174926758,0.9954182505607605,9.807199478149414,0.006130814552307129,0.9940877556800842,16.60697364807129,0.010829150676727295,19,279,0.0019165873527526855
SLIM*MIX_oms_pat5_fn-full_extended_const-small_ints_latent1024,9057152a-801c-11f1-8d02-2c7ba0e6fa90,synthetic_prior,0,85,0.9980248212814331,0.25561046600341797,52055.0,1.0022015571594238,31.13039207458496,-0.012134313583374023,0.9983664155006409,2020.478515625,-0.0010132789611816406,0.9976350665092468,162.2430419921875,0.002041637897491455,1.0007623434066772,0.021138031035661697,-0.003397345542907715,0.9930112361907959,9.783485412597656,0.010931432247161865,0.9907443523406982,16.55112075805664,0.017471790313720703,18,268,0.001950383186340332
SLIM*MIX_oms_pat5_fn-full_extended_const-small_ints_latent1024,9057152a-801c-11f1-8d02-2c7ba0e6fa90,synthetic_prior,0,86,0.9980248212814331,0.27036118507385254,52534.0,1.0022015571594238,31.13039207458496,-0.012134313583374023,0.9983664155006409,2020.478515625,-0.0010132789611816406,0.9976350665092468,162.2430419921875,0.002041637897491455,1.0007623434066772,0.021138031035661697,-0.003397345542907715,0.9930112361907959,9.783485412597656,0.010931432247161865,0.9907443523406982,16.55112075805664,0.017471790313720703,18,268,0.001950383186340332
SLIM*MIX_oms_pat5_fn-full_extended_const-small_ints_latent1024,9057152a-801c-11f1-8d02-2c7ba0e6fa90,synthetic_prior,0,87,0.9980248212814331,0.3034367561340332,52771.0,1.0022015571594238,31.13039207458496,-0.012134313583374023,0.9983664155006409,2020.478515625,-0.0010132789611816406,0.9976350665092468,162.2430419921875,0.002041637897491455,1.0007623434066772,0.021138031035661697,-0.003397345542907715,0.9930112361907959,9.783485412597656,0.010931432247161865,0.9907443523406982,16.55112075805664,0.017471790313720703,18,268,0.001950383186340332
SLIM*MIX_oms_pat5_fn-full_extended_const-small_ints_latent1024,9057152a-801c-11f1-8d02-2c7ba0e6fa90,synthetic_prior,0,88,0.9980242252349854,0.2692692279815674,52481.0,1.0011247396469116,31.09694480895996,-0.009960412979125977,0.9983960390090942,2020.5384521484375,-0.0010726451873779297,0.9976913928985596,162.25221252441406,0.0019289255142211914,1.0019769668579102,0.021163688972592354,-0.0058345794677734375,0.9956257343292236,9.809244155883789,0.0057163238525390625,0.9921281933784485,16.574237823486328,0.014725148677825928,21,302,0.0019515156745910645
SLIM*MIX_oms_pat5_fn-full_extended_const-small_ints_latent1024,9057152a-801c-11f1-8d02-2c7ba0e6fa90,synthetic_prior,0,89,0.9980241060256958,0.23909378051757812,52256.0,1.0013511180877686,31.103981018066406,-0.010417342185974121,0.9981461763381958,2020.032958984375,-0.0005716085433959961,0.9979903697967529,162.30084228515625,0.0013306140899658203,0.9977567195892334,0.021074548363685608,0.0026206374168395996,1.0012990236282349,9.865139961242676,-0.00564730167388916,0.9805465340614319,16.38075828552246,0.03759407997131348,18,263,0.001951754093170166
SLIM*MIX_oms_pat5_fn-full_extended_const-small_ints_latent1024,9057152a-801c-11f1-8d02-2c7ba0e6fa90,synthetic_prior,0,90,0.997999370098114,0.25443267822265625,53109.0,1.0011674165725708,31.098268508911133,-0.01004648208618164,0.9983006715774536,2020.345458984375,-0.0008814334869384766,0.9979174137115479,162.28897094726562,0.0014767050743103027,0.9982091784477234,0.021084105595946312,0.00171583890914917,1.0017250776290894,9.86933708190918,-0.006503105163574219,0.9795268177986145,16.36372184753418,0.03959476947784424,21,303,0.002001166343688965
SLIM*MIX_oms_pat5_fn-full_extended_const-small_ints_latent1024,9057152a-801c-11f1-8d02-2c7ba0e6fa90,synthetic_prior,0,91,0.997999370098114,0.24031853675842285,55534.0,1.0011674165725708,31.098268508911133,-0.01004648208618164,0.9983006715774536,2020.345458984375,-0.0008814334869384766,0.9979174137115479,162.28897094726562,0.0014767050743103027,0.9982091784477234,0.021084105595946312,0.00171583890914917,1.0017250776290894,9.86933708190918,-0.006503105163574219,0.9795268177986145,16.36372184753418,0.03959476947784424,21,303,0.002001166343688965
SLIM*MIX_oms_pat5_fn-full_extended_const-small_ints_latent1024,9057152a-801c-11f1-8d02-2c7ba0e6fa90,synthetic_prior,0,92,0.997999370098114,0.2447803020477295,56360.0,1.0011674165725708,31.098268508911133,-0.01004648208618164,0.9983006715774536,2020.345458984375,-0.0008814334869384766,0.9979174137115479,162.28897094726562,0.0014767050743103027,0.9982091784477234,0.021084105595946312,0.00171583890914917,1.0017250776290894,9.86933708190918,-0.006503105163574219,0.9795268177986145,16.36372184753418,0.03959476947784424,21,303,0.002001166343688965
SLIM*MIX_oms_pat5_fn-full_extended_const-small_ints_latent1024,9057152a-801c-11f1-8d02-2c7ba0e6fa90,synthetic_prior,0,93,0.997999370098114,0.2760200500488281,56781.0,1.0011674165725708,31.098268508911133,-0.01004648208618164,0.9983006715774536,2020.345458984375,-0.0008814334869384766,0.9979174137115479,162.28897094726562,0.0014767050743103027,0.9982091784477234,0.021084105595946312,0.00171583890914917,1.0017250776290894,9.86933708190918,-0.006503105163574219,0.9795268177986145,16.36372184753418,0.03959476947784424,21,303,0.002001166343688965
SLIM*MIX_oms_pat5_fn-full_extended_const-small_ints_latent1024,9057152a-801c-11f1-8d02-2c7ba0e6fa90,synthetic_prior,0,94,0.9979605078697205,0.24010276794433594,57076.0,1.000367283821106,31.07341766357422,-0.008432745933532715,0.9980799555778503,2019.8988037109375,-0.0004388093948364258,0.9981442093849182,162.3258514404297,0.0010226964950561523,0.9975243806838989,0.021069640293717384,0.0030850768089294434,0.9973393678665161,9.826127052307129,0.002290785312652588,0.9806561470031738,16.382587432861328,0.03737902641296387,22,318,0.0020789504051208496
SLIM*MIX_oms_pat5_fn-full_extended_const-small_ints_latent1024,9057152a-801c-11f1-8d02-2c7ba0e6fa90,synthetic_prior,0,95,0.9979605078697205,0.23195409774780273,57146.0,1.000367283821106,31.07341766357422,-0.008432745933532715,0.9980799555778503,2019.8988037109375,-0.0004388093948364258,0.9981442093849182,162.3258514404297,0.0010226964950561523,0.9975243806838989,0.021069640293717384,0.0030850768089294434,0.9973393678665161,9.826127052307129,0.002290785312652588,0.9806561470031738,16.382587432861328,0.03737902641296387,22,318,0.0020789504051208496
SLIM*MIX_oms_pat5_fn-full_extended_const-small_ints_latent1024,9057152a-801c-11f1-8d02-2c7ba0e6fa90,synthetic_prior,0,96,0.9979605078697205,0.2674682140350342,57576.0,1.000367283821106,31.07341766357422,-0.008432745933532715,0.9980799555778503,2019.8988037109375,-0.0004388093948364258,0.9981442093849182,162.3258514404297,0.0010226964950561523,0.9975243806838989,0.021069640293717384,0.0030850768089294434,0.9973393678665161,9.826127052307129,0.002290785312652588,0.9806561470031738,16.382587432861328,0.03737902641296387,22,318,0.0020789504051208496
SLIM*MIX_oms_pat5_fn-full_extended_const-small_ints_latent1024,9057152a-801c-11f1-8d02-2c7ba0e6fa90,synthetic_prior,0,97,0.9979605078697205,0.25429201126098633,57559.0,1.000367283821106,31.07341766357422,-0.008432745933532715,0.9980799555778503,2019.8988037109375,-0.0004388093948364258,0.9981442093849182,162.3258514404297,0.0010226964950561523,0.9975243806838989,0.021069640293717384,0.0030850768089294434,0.9973393678665161,9.826127052307129,0.002290785312652588,0.9806561470031738,16.382587432861328,0.03737902641296387,22,318,0.0020789504051208496
SLIM*MIX_oms_pat5_fn-full_extended_const-small_ints_latent1024,9057152a-801c-11f1-8d02-2c7ba0e6fa90,synthetic_prior,0,98,0.9979605078697205,0.2545936107635498,56353.0,1.000367283821106,31.07341766357422,-0.008432745933532715,0.9980799555778503,2019.8988037109375,-0.0004388093948364258,0.9981442093849182,162.3258514404297,0.0010226964950561523,0.9975243806838989,0.021069640293717384,0.0030850768089294434,0.9973393678665161,9.826127052307129,0.002290785312652588,0.9806561470031738,16.382587432861328,0.03737902641296387,22,318,0.0020789504051208496
SLIM*MIX_oms_pat5_fn-full_extended_const-small_ints_latent1024,9057152a-801c-11f1-8d02-2c7ba0e6fa90,synthetic_prior,0,99,0.9979605078697205,0.2719550132751465,30291.0,1.000367283821106,31.07341766357422,-0.008432745933532715,0.9980799555778503,2019.8988037109375,-0.0004388093948364258,0.9981442093849182,162.3258514404297,0.0010226964950561523,0.9975243806838989,0.021069640293717384,0.0030850768089294434,0.9973393678665161,9.826127052307129,0.002290785312652588,0.9806561470031738,16.382587432861328,0.03737902641296387,22,318,0.0020789504051208496
SLIM*MIX_oms_pat5_fn-full_extended_const-small_ints_latent1024,9057152a-801c-11f1-8d02-2c7ba0e6fa90,synthetic_prior,0,100,0.9979548454284668,0.2716856002807617,47460.0,1.0003321170806885,31.072324752807617,-0.00836181640625,0.9980795979499817,2019.8980712890625,-0.0004382133483886719,0.9981722235679626,162.33041381835938,0.0009666085243225098,0.997453510761261,0.021068142727017403,0.003226757049560547,0.9971885085105896,9.824641227722168,0.002592623233795166,0.9809712171554565,16.38785171508789,0.03676033020019531,21,306,0.0020903348922729492
SLIM*MIX_oms_pat5_fn-full_extended_const-small_ints_latent1024,9057152a-801c-11f1-8d02-2c7ba0e6fa90,synthetic_prior,0,101,0.9979548454284668,0.2715775966644287,55806.0,1.0003321170806885,31.072324752807617,-0.00836181640625,0.9980795979499817,2019.8980712890625,-0.0004382133483886719,0.9981722235679626,162.33041381835938,0.0009666085243225098,0.997453510761261,0.021068142727017403,0.003226757049560547,0.9971885085105896,9.824641227722168,0.002592623233795166,0.9809712171554565,16.38785171508789,0.03676033020019531,21,306,0.0020903348922729492
SLIM*MIX_oms_pat5_fn-full_extended_const-small_ints_latent1024,9057152a-801c-11f1-8d02-2c7ba0e6fa90,synthetic_prior,0,102,0.9979463219642639,0.25425028800964355,60416.0,1.0019826889038086,31.123592376708984,-0.011692047119140625,0.9978653192520142,2019.4642333984375,-8.58306884765625e-06,0.9982737898826599,162.346923828125,0.0007633566856384277,0.994431734085083,0.021004319190979004,0.009256899356842041,0.9878289103507996,9.732427597045898,0.021228015422821045,0.9804975390434265,16.379940032958984,0.03769022226333618,19,280,0.002107381820678711
SLIM*MIX_oms_pat5_fn-full_extended_const-small_ints_latent1024,9057152a-801c-11f1-8d02-2c7ba0e6fa90,synthetic_prior,0,103,0.9979463219642639,0.3186333179473877,61299.0,1.0019826889038086,31.123592376708984,-0.011692047119140625,0.9978653192520142,2019.4642333984375,-8.58306884765625e-06,0.9982737898826599,162.346923828125,0.0007633566856384277,0.994431734085083,0.021004319190979004,0.009256899356842041,0.9878289103507996,9.732427597045898,0.021228015422821045,0.9804975390434265,16.379940032958984,0.03769022226333618,19,280,0.002107381820678711
SLIM*MIX_oms_pat5_fn-full_extended_const-small_ints_latent1024,9057152a-801c-11f1-8d02-2c7ba0e6fa90,synthetic_prior,0,104,0.9979463219642639,0.23717927932739258,59719.0,1.0019826889038086,31.123592376708984,-0.011692047119140625,0.9978653192520142,2019.4642333984375,-8.58306884765625e-06,0.9982737898826599,162.346923828125,0.0007633566856384277,0.994431734085083,0.021004319190979004,0.009256899356842041,0.9878289103507996,9.732427597045898,0.021228015422821045,0.9804975390434265,16.379940032958984,0.03769022226333618,19,280,0.002107381820678711
SLIM*MIX_oms_pat5_fn-full_extended_const-small_ints_latent1024,9057152a-801c-11f1-8d02-2c7ba0e6fa90,synthetic_prior,0,105,0.9979149699211121,0.25832486152648926,59912.0,1.0027801990509033,31.14836311340332,-0.013303160667419434,0.9982866048812866,2020.3170166015625,-0.0008533000946044922,0.9976975321769714,162.2532196044922,0.0019165873527526855,0.9957109689712524,0.021031338721513748,0.006706357002258301,0.9891294240951538,9.745240211486816,0.01864910125732422,0.9840359687805176,16.439050674438477,0.03073221445083618,20,292,0.0021700263023376465
SLIM*MIX_oms_pat5_fn-full_extended_const-small_ints_latent1024,9057152a-801c-11f1-8d02-2c7ba0e6fa90,synthetic_prior,0,106,0.9979149699211121,0.23771023750305176,60604.0,1.0027801990509033,31.14836311340332,-0.013303160667419434,0.9982866048812866,2020.3170166015625,-0.0008533000946044922,0.9976975321769714,162.2532196044922,0.0019165873527526855,0.9957109689712524,0.021031338721513748,0.006706357002258301,0.9891294240951538,9.745240211486816,0.01864910125732422,0.9840359687805176,16.439050674438477,0.03073221445083618,20,292,0.0021700263023376465
SLIM*MIX_oms_pat5_fn-full_extended_const-small_ints_latent1024,9057152a-801c-11f1-8d02-2c7ba0e6fa90,synthetic_prior,0,107,0.9979109168052673,0.2541923522949219,60738.0,1.0002728700637817,31.07048225402832,-0.008242368698120117,0.9980932474136353,2019.925537109375,-0.00046539306640625,0.9981521964073181,162.32716369628906,0.0010066628456115723,0.9971883296966553,0.021062541753053665,0.003756701946258545,0.9996602535247803,9.848993301391602,-0.002358078956604004,0.9829680323600769,16.42120933532715,0.03283482789993286,22,317,0.0021781325340270996
SLIM*MIX_oms_pat5_fn-full_extended_const-small_ints_latent1024,9057152a-801c-11f1-8d02-2c7ba0e6fa90,synthetic_prior,0,108,0.9978885650634766,0.2610621452331543,60058.0,1.0028384923934937,31.150177001953125,-0.013421177864074707,0.9988924860954285,2021.5430908203125,-0.0020684003829956055,0.99850994348526,162.3853302001953,0.0002905130386352539,0.9937615990638733,0.02099016308784485,0.01059180498123169,0.9834731817245483,9.689512252807617,0.02984064817428589,0.9826301336288452,16.41556739807129,0.033499717712402344,17,253,0.0022228360176086426
SLIM*MIX_oms_pat5_fn-full_extended_const-small_ints_latent1024,9057152a-801c-11f1-8d02-2c7ba0e6fa90,synthetic_prior,0,109,0.9978885650634766,0.23943281173706055,59897.0,1.0028384923934937,31.150177001953125,-0.013421177864074707,0.9988924860954285,2021.5430908203125,-0.0020684003829956055,0.99850994348526,162.3853302001953,0.0002905130386352539,0.9937615990638733,0.02099016308784485,0.01059180498123169,0.9834731817245483,9.689512252807617,0.02984064817428589,0.9826301336288452,16.41556739807129,0.033499717712402344,17,253,0.0022228360176086426
SLIM*MIX_oms_pat5_fn-full_extended_const-small_ints_latent1024,9057152a-801c-11f1-8d02-2c7ba0e6fa90,synthetic_prior,0,110,0.9978885650634766,0.28762149810791016,60071.0,1.0028384923934937,31.150177001953125,-0.013421177864074707,0.9988924860954285,2021.5430908203125,-0.0020684003829956055,0.99850994348526,162.3853302001953,0.0002905130386352539,0.9937615990638733,0.02099016308784485,0.01059180498123169,0.9834731817245483,9.689512252807617,0.02984064817428589,0.9826301336288452,16.41556739807129,0.033499717712402344,17,253,0.0022228360176086426
SLIM*MIX_oms_pat5_fn-full_extended_const-small_ints_latent1024,9057152a-801c-11f1-8d02-2c7ba0e6fa90,synthetic_prior,0,111,0.9978692531585693,0.2385694980621338,60267.0,1.0028170347213745,31.14950942993164,-0.013377785682678223,0.9986910223960876,2021.135498046875,-0.001664280891418457,0.9981512427330017,162.32699584960938,0.0010086297988891602,0.9919391870498657,0.02095167152583599,0.0142173171043396,0.9810643196105957,9.665779113769531,0.03458726406097412,0.9793055057525635,16.36002540588379,0.04002869129180908,19,281,0.0022614598274230957
SLIM*MIX_oms_pat5_fn-full_extended_const-small_ints_latent1024,9057152a-801c-11f1-8d02-2c7ba0e6fa90,synthetic_prior,0,112,0.9978692531585693,0.25453972816467285,62168.0,1.0028170347213745,31.14950942993164,-0.013377785682678223,0.9986910223960876,2021.135498046875,-0.001664280891418457,0.9981512427330017,162.32699584960938,0.0010086297988891602,0.9919391870498657,0.02095167152583599,0.0142173171043396,0.9810643196105957,9.665779113769531,0.03458726406097412,0.9793055057525635,16.36002540588379,0.04002869129180908,19,281,0.0022614598274230957
SLIM*MIX_oms_pat5_fn-full_extended_const-small_ints_latent1024,9057152a-801c-11f1-8d02-2c7ba0e6fa90,synthetic_prior,0,113,0.9978692531585693,0.25510692596435547,60326.0,1.0028170347213745,31.14950942993164,-0.013377785682678223,0.9986910223960876,2021.135498046875,-0.001664280891418457,0.9981512427330017,162.32699584960938,0.0010086297988891602,0.9919391870498657,0.02095167152583599,0.0142173171043396,0.9810643196105957,9.665779113769531,0.03458726406097412,0.9793055057525635,16.36002540588379,0.04002869129180908,19,281,0.0022614598274230957
SLIM*MIX_oms_pat5_fn-full_extended_const-small_ints_latent1024,9057152a-801c-11f1-8d02-2c7ba0e6fa90,synthetic_prior,0,114,0.9978692531585693,0.2536787986755371,60353.0,1.0028170347213745,31.14950942993164,-0.013377785682678223,0.9986910223960876,2021.135498046875,-0.001664280891418457,0.9981512427330017,162.32699584960938,0.0010086297988891602,0.9919391870498657,0.02095167152583599,0.0142173171043396,0.9810643196105957,9.665779113769531,0.03458726406097412,0.9793055057525635,16.36002540588379,0.04002869129180908,19,281,0.0022614598274230957
SLIM*MIX_oms_pat5_fn-full_extended_const-small_ints_latent1024,9057152a-801c-11f1-8d02-2c7ba0e6fa90,synthetic_prior,0,115,0.9978566765785217,0.2551610469818115,59810.0,1.0028618574142456,31.150903701782227,-0.013468384742736816,0.9989020228385925,2021.5625,-0.0020875930786132812,0.9983588457107544,162.3607635498047,0.0005930066108703613,0.987628161907196,0.020860612392425537,0.022767364978790283,0.9840635061264038,9.695328712463379,0.028675556182861328,0.9789769053459167,16.354536056518555,0.04067277908325195,16,234,0.002286553382873535
SLIM*MIX_oms_pat5_fn-full_extended_const-small_ints_latent1024,9057152a-801c-11f1-8d02-2c7ba0e6fa90,synthetic_prior,0,116,0.9978566765785217,0.24927449226379395,57595.0,1.0028618574142456,31.150903701782227,-0.013468384742736816,0.9989020228385925,2021.5625,-0.0020875930786132812,0.9983588457107544,162.3607635498047,0.0005930066108703613,0.987628161907196,0.020860612392425537,0.022767364978790283,0.9840635061264038,9.695328712463379,0.028675556182861328,0.9789769053459167,16.354536056518555,0.04067277908325195,16,234,0.002286553382873535
SLIM*MIX_oms_pat5_fn-full_extended_const-small_ints_latent1024,9057152a-801c-11f1-8d02-2c7ba0e6fa90,synthetic_prior,0,117,0.9978399276733398,0.26996517181396484,57998.0,1.0029854774475098,31.15474510192871,-0.013718247413635254,0.9985976815223694,2020.946533203125,-0.0014770030975341797,0.997980535030365,162.2992401123047,0.0013502836227416992,0.9921411871910095,0.02095593698322773,0.013815879821777344,0.979260265827179,9.648005485534668,0.03813451528549194,0.9779332280158997,16.337099075317383,0.04271727800369263,19,280,0.00232011079788208
SLIM*MIX_oms_pat5_fn-full_extended_const-small_ints_latent1024,9057152a-801c-11f1-8d02-2c7ba0e6fa90,synthetic_prior,0,118,0.9978249669075012,0.24562883377075195,56216.0,1.0011460781097412,31.097606658935547,-0.010003447532653809,0.9987757802009583,2021.306884765625,-0.001834273338317871,0.9976310729980469,162.24240112304688,0.0020496249198913574,1.0009995698928833,0.021143043413758278,-0.003873109817504883,0.9830219745635986,9.685067176818848,0.03073054552078247,0.9752733707427979,16.292665481567383,0.04791760444641113,19,264,0.0023500919342041016
SLIM*MIX_oms_pat5_fn-full_extended_const-small_ints_latent1024,9057152a-801c-11f1-8d02-2c7ba0e6fa90,synthetic_prior,0,119,0.9977812767028809,0.2710585594177246,55881.0,1.003922462463379,31.183847427368164,-0.015613198280334473,0.998589038848877,2020.9290771484375,-0.0014597177505493164,0.9981403350830078,162.32522583007812,0.0010304450988769531,0.9901437759399414,0.02091374807059765,0.01778268814086914,0.9852137565612793,9.706661224365234,0.02640354633331299,0.981613039970398,16.398574829101562,0.0354994535446167,16,242,0.002437412738800049
SLIM*MIX_oms_pat5_fn-full_extended_const-small_ints_latent1024,9057152a-801c-11f1-8d02-2c7ba0e6fa90,synthetic_prior,0,120,0.9977812767028809,0.20636868476867676,55399.0,1.003922462463379,31.183847427368164,-0.015613198280334473,0.998589038848877,2020.9290771484375,-0.0014597177505493164,0.9981403350830078,162.32522583007812,0.0010304450988769531,0.9901437759399414,0.02091374807059765,0.01778268814086914,0.9852137565612793,9.706661224365234,0.02640354633331299,0.981613039970398,16.398574829101562,0.0354994535446167,16,242,0.002437412738800049
SLIM*MIX_oms_pat5_fn-full_extended_const-small_ints_latent1024,9057152a-801c-11f1-8d02-2c7ba0e6fa90,synthetic_prior,0,121,0.9977812767028809,0.2555248737335205,56238.0,1.003922462463379,31.183847427368164,-0.015613198280334473,0.998589038848877,2020.9290771484375,-0.0014597177505493164,0.9981403350830078,162.32522583007812,0.0010304450988769531,0.9901437759399414,0.02091374807059765,0.01778268814086914,0.9852137565612793,9.706661224365234,0.02640354633331299,0.981613039970398,16.398574829101562,0.0354994535446167,16,242,0.002437412738800049
SLIM*MIX_oms_pat5_fn-full_extended_const-small_ints_latent1024,9057152a-801c-11f1-8d02-2c7ba0e6fa90,synthetic_prior,0,122,0.9977812767028809,0.28537487983703613,56534.0,1.003922462463379,31.183847427368164,-0.015613198280334473,0.998589038848877,2020.9290771484375,-0.0014597177505493164,0.9981403350830078,162.32522583007812,0.0010304450988769531,0.9901437759399414,0.02091374807059765,0.01778268814086914,0.9852137565612793,9.706661224365234,0.02640354633331299,0.981613039970398,16.398574829101562,0.0354994535446167,16,242,0.002437412738800049
SLIM*MIX_oms_pat5_fn-full_extended_const-small_ints_latent1024,9057152a-801c-11f1-8d02-2c7ba0e6fa90,synthetic_prior,0,123,0.9977723956108093,0.2718205451965332,57902.0,1.0019813776016235,31.123554229736328,-0.011689543724060059,0.9986621737480164,2021.076904296875,-0.0016063451766967773,0.9983787536621094,162.36399841308594,0.0005531907081604004,1.0014461278915405,0.021152475848793983,-0.004769086837768555,0.9819297194480896,9.674306869506836,0.032883286476135254,0.9778746962547302,16.33612060546875,0.04283183813095093,23,328,0.0024551749229431152
SLIM*MIX_oms_pat5_fn-full_extended_const-small_ints_latent1024,9057152a-801c-11f1-8d02-2c7ba0e6fa90,synthetic_prior,0,124,0.997748076915741,0.2622225284576416,58006.0,1.0011348724365234,31.097257614135742,-0.00998067855834961,0.9982165098190308,2020.175048828125,-0.0007126331329345703,0.9984356164932251,162.3732452392578,0.0004393458366394043,0.9991616010665894,0.021104222163558006,-0.0001900196075439453,0.9782592058181763,9.638142585754395,0.04010009765625,0.9783604145050049,16.344236373901367,0.041880667209625244,22,303,0.0025037527084350586
SLIM*MIX_oms_pat5_fn-full_extended_const-small_ints_latent1024,9057152a-801c-11f1-8d02-2c7ba0e6fa90,synthetic_prior,0,125,0.997748076915741,0.23915863037109375,57980.0,1.0011348724365234,31.097257614135742,-0.00998067855834961,0.9982165098190308,2020.175048828125,-0.0007126331329345703,0.9984356164932251,162.3732452392578,0.0004393458366394043,0.9991616010665894,0.021104222163558006,-0.0001900196075439453,0.9782592058181763,9.638142585754395,0.04010009765625,0.9783604145050049,16.344236373901367,0.041880667209625244,22,303,0.0025037527084350586
SLIM*MIX_oms_pat5_fn-full_extended_const-small_ints_latent1024,9057152a-801c-11f1-8d02-2c7ba0e6fa90,synthetic_prior,0,126,0.9976963400840759,0.25899267196655273,57994.0,1.0028395652770996,31.150211334228516,-0.013423323631286621,0.9997296333312988,2023.2374267578125,-0.003748774528503418,0.9980788230895996,162.31521606445312,0.0011535882949829102,0.9986937642097473,0.021094338968396187,0.0007463693618774414,0.9795258045196533,9.650622367858887,0.037612855434417725,0.9775393009185791,16.33051872253418,0.04348832368850708,23,307,0.0026072263717651367
SLIM*MIX_oms_pat5_fn-full_extended_const-small_ints_latent1024,9057152a-801c-11f1-8d02-2c7ba0e6fa90,synthetic_prior,0,127,0.9976963400840759,0.2680211067199707,58363.0,1.0028395652770996,31.150211334228516,-0.013423323631286621,0.9997296333312988,2023.2374267578125,-0.003748774528503418,0.9980788230895996,162.31521606445312,0.0011535882949829102,0.9986937642097473,0.021094338968396187,0.0007463693618774414,0.9795258045196533,9.650622367858887,0.037612855434417725,0.9775393009185791,16.33051872253418,0.04348832368850708,23,307,0.0026072263717651367
SLIM*MIX_oms_pat5_fn-full_extended_const-small_ints_latent1024,9057152a-801c-11f1-8d02-2c7ba0e6fa90,synthetic_prior,0,128,0.9976963400840759,0.23974823951721191,59499.0,1.0028395652770996,31.150211334228516,-0.013423323631286621,0.9997296333312988,2023.2374267578125,-0.003748774528503418,0.9980788230895996,162.31521606445312,0.0011535882949829102,0.9986937642097473,0.021094338968396187,0.0007463693618774414,0.9795258045196533,9.650622367858887,0.037612855434417725,0.9775393009185791,16.33051872253418,0.04348832368850708,23,307,0.0026072263717651367
SLIM*MIX_oms_pat5_fn-full_extended_const-small_ints_latent1024,9057152a-801c-11f1-8d02-2c7ba0e6fa90,synthetic_prior,0,129,0.9976963400840759,0.26903772354125977,59291.0,1.0028395652770996,31.150211334228516,-0.013423323631286621,0.9997296333312988,2023.2374267578125,-0.003748774528503418,0.9980788230895996,162.31521606445312,0.0011535882949829102,0.9986937642097473,0.021094338968396187,0.0007463693618774414,0.9795258045196533,9.650622367858887,0.037612855434417725,0.9775393009185791,16.33051872253418,0.04348832368850708,23,307,0.0026072263717651367
SLIM*MIX_oms_pat5_fn-full_extended_const-small_ints_latent1024,9057152a-801c-11f1-8d02-2c7ba0e6fa90,synthetic_prior,0,130,0.9976963400840759,0.2544429302215576,59736.0,1.0028395652770996,31.150211334228516,-0.013423323631286621,0.9997296333312988,2023.2374267578125,-0.003748774528503418,0.9980788230895996,162.31521606445312,0.0011535882949829102,0.9986937642097473,0.021094338968396187,0.0007463693618774414,0.9795258045196533,9.650622367858887,0.037612855434417725,0.9775393009185791,16.33051872253418,0.04348832368850708,23,307,0.0026072263717651367
SLIM*MIX_oms_pat5_fn-full_extended_const-small_ints_latent1024,9057152a-801c-11f1-8d02-2c7ba0e6fa90,synthetic_prior,0,131,0.9976962208747864,0.23626494407653809,60153.0,1.0012617111206055,31.101198196411133,-0.010236740112304688,0.9992954730987549,2022.3587646484375,-0.0028771162033081055,0.9985040426254272,162.3843536376953,0.00030237436294555664,1.001043677330017,0.021143974736332893,-0.0039615631103515625,0.9861592650413513,9.71597671508789,0.024533987045288086,0.9834237694740295,16.428823471069336,0.03193783760070801,23,305,0.0026074647903442383
SLIM*MIX_oms_pat5_fn-full_extended_const-small_ints_latent1024,9057152a-801c-11f1-8d02-2c7ba0e6fa90,synthetic_prior,0,132,0.9976615309715271,0.28881001472473145,60158.0,1.0002714395523071,31.0704402923584,-0.008239507675170898,0.9991739988327026,2022.1129150390625,-0.002633333206176758,0.9983113408088684,162.35302734375,0.0006881952285766602,1.0008686780929565,0.02114027924835682,-0.0036106109619140625,0.983208954334259,9.686909675598145,0.030361831188201904,0.9810056686401367,16.388427734375,0.03669261932373047,24,318,0.002676844596862793
SLIM*MIX_oms_pat5_fn-full_extended_const-small_ints_latent1024,9057152a-801c-11f1-8d02-2c7ba0e6fa90,synthetic_prior,0,133,0.9976615309715271,0.2569437026977539,61144.0,1.0002714395523071,31.0704402923584,-0.008239507675170898,0.9991739988327026,2022.1129150390625,-0.002633333206176758,0.9983113408088684,162.35302734375,0.0006881952285766602,1.0008686780929565,0.02114027924835682,-0.0036106109619140625,0.983208954334259,9.686909675598145,0.030361831188201904,0.9810056686401367,16.388427734375,0.03669261932373047,24,318,0.002676844596862793
SLIM*MIX_oms_pat5_fn-full_extended_const-small_ints_latent1024,9057152a-801c-11f1-8d02-2c7ba0e6fa90,synthetic_prior,0,134,0.9976615309715271,0.27958130836486816,62992.0,1.0002714395523071,31.0704402923584,-0.008239507675170898,0.9991739988327026,2022.1129150390625,-0.002633333206176758,0.9983113408088684,162.35302734375,0.0006881952285766602,1.0008686780929565,0.02114027924835682,-0.0036106109619140625,0.983208954334259,9.686909675598145,0.030361831188201904,0.9810056686401367,16.388427734375,0.03669261932373047,24,318,0.002676844596862793
SLIM*MIX_oms_pat5_fn-full_extended_const-small_ints_latent1024,9057152a-801c-11f1-8d02-2c7ba0e6fa90,synthetic_prior,0,135,0.9976615309715271,0.25449085235595703,63929.0,1.0002714395523071,31.0704402923584,-0.008239507675170898,0.9991739988327026,2022.1129150390625,-0.002633333206176758,0.9983113408088684,162.35302734375,0.0006881952285766602,1.0008686780929565,0.02114027924835682,-0.0036106109619140625,0.983208954334259,9.686909675598145,0.030361831188201904,0.9810056686401367,16.388427734375,0.03669261932373047,24,318,0.002676844596862793
SLIM*MIX_oms_pat5_fn-full_extended_const-small_ints_latent1024,9057152a-801c-11f1-8d02-2c7ba0e6fa90,synthetic_prior,0,136,0.9976615309715271,0.23780441284179688,65098.0,1.0002714395523071,31.0704402923584,-0.008239507675170898,0.9991739988327026,2022.1129150390625,-0.002633333206176758,0.9983113408088684,162.35302734375,0.0006881952285766602,1.0008686780929565,0.02114027924835682,-0.0036106109619140625,0.983208954334259,9.686909675598145,0.030361831188201904,0.9810056686401367,16.388427734375,0.03669261932373047,24,318,0.002676844596862793
SLIM*MIX_oms_pat5_fn-full_extended_const-small_ints_latent1024,9057152a-801c-11f1-8d02-2c7ba0e6fa90,synthetic_prior,0,137,0.9976546168327332,0.25563693046569824,66287.0,1.0016748905181885,31.114032745361328,-0.011070609092712402,0.9999762177467346,2023.7364501953125,-0.004243969917297363,0.9983818531036377,162.36448669433594,0.0005469918251037598,1.0007318258285522,0.021137388423085213,-0.003336310386657715,0.9824480414390564,9.679412841796875,0.03186213970184326,0.981511116027832,16.39687156677246,0.035699665546417236,27,370,0.002690613269805908
SLIM*MIX_oms_pat5_fn-full_extended_const-small_ints_latent1024,9057152a-801c-11f1-8d02-2c7ba0e6fa90,synthetic_prior,0,138,0.9976226687431335,0.23371577262878418,68196.0,1.0017446279525757,31.11620330810547,-0.011211514472961426,0.9999272227287292,2023.63720703125,-0.004145503044128418,0.9983590841293335,162.36080932617188,0.0005925893783569336,1.0008645057678223,0.021140187978744507,-0.003602266311645508,0.9806654453277588,9.661849975585938,0.03537219762802124,0.9802913665771484,16.376495361328125,0.038094937801361084,26,355,0.0027545690536499023
SLIM*MIX_oms_pat5_fn-full_extended_const-small_ints_latent1024,9057152a-801c-11f1-8d02-2c7ba0e6fa90,synthetic_prior,0,139,0.9976226687431335,0.25382399559020996,69203.0,1.0017446279525757,31.11620330810547,-0.011211514472961426,0.9999272227287292,2023.63720703125,-0.004145503044128418,0.9983590841293335,162.36080932617188,0.0005925893783569336,1.0008645057678223,0.021140187978744507,-0.003602266311645508,0.9806654453277588,9.661849975585938,0.03537219762802124,0.9802913665771484,16.376495361328125,0.038094937801361084,26,355,0.0027545690536499023
SLIM*MIX_oms_pat5_fn-full_extended_const-small_ints_latent1024,9057152a-801c-11f1-8d02-2c7ba0e6fa90,synthetic_prior,0,140,0.9976226687431335,0.27062010765075684,69892.0,1.0017446279525757,31.11620330810547,-0.011211514472961426,0.9999272227287292,2023.63720703125,-0.004145503044128418,0.9983590841293335,162.36080932617188,0.0005925893783569336,1.0008645057678223,0.021140187978744507,-0.003602266311645508,0.9806654453277588,9.661849975585938,0.03537219762802124,0.9802913665771484,16.376495361328125,0.038094937801361084,26,355,0.0027545690536499023
SLIM*MIX_oms_pat5_fn-full_extended_const-small_ints_latent1024,9057152a-801c-11f1-8d02-2c7ba0e6fa90,synthetic_prior,0,141,0.9976226687431335,0.2702138423919678,71179.0,1.0017446279525757,31.11620330810547,-0.011211514472961426,0.9999272227287292,2023.63720703125,-0.004145503044128418,0.9983590841293335,162.36080932617188,0.0005925893783569336,1.0008645057678223,0.021140187978744507,-0.003602266311645508,0.9806654453277588,9.661849975585938,0.03537219762802124,0.9802913665771484,16.376495361328125,0.038094937801361084,26,355,0.0027545690536499023
SLIM*MIX_oms_pat5_fn-full_extended_const-small_ints_latent1024,9057152a-801c-11f1-8d02-2c7ba0e6fa90,synthetic_prior,0,142,0.9976226687431335,0.26937294006347656,73228.0,1.0017446279525757,31.11620330810547,-0.011211514472961426,0.9999272227287292,2023.63720703125,-0.004145503044128418,0.9983590841293335,162.36080932617188,0.0005925893783569336,1.0008645057678223,0.021140187978744507,-0.003602266311645508,0.9806654453277588,9.661849975585938,0.03537219762802124,0.9802913665771484,16.376495361328125,0.038094937801361084,26,355,0.0027545690536499023
SLIM*MIX_oms_pat5_fn-full_extended_const-small_ints_latent1024,9057152a-801c-11f1-8d02-2c7ba0e6fa90,synthetic_prior,0,143,0.9976226687431335,0.3342478275299072,37338.0,1.0017446279525757,31.11620330810547,-0.011211514472961426,0.9999272227287292,2023.63720703125,-0.004145503044128418,0.9983590841293335,162.36080932617188,0.0005925893783569336,1.0008645057678223,0.021140187978744507,-0.003602266311645508,0.9806654453277588,9.661849975585938,0.03537219762802124,0.9802913665771484,16.376495361328125,0.038094937801361084,26,355,0.0027545690536499023
SLIM*MIX_oms_pat5_fn-full_extended_const-small_ints_latent1024,9057152a-801c-11f1-8d02-2c7ba0e6fa90,synthetic_prior,0,144,0.9976226687431335,0.2693784236907959,57085.0,1.0017446279525757,31.11620330810547,-0.011211514472961426,0.9999272227287292,2023.63720703125,-0.004145503044128418,0.9983590841293335,162.36080932617188,0.0005925893783569336,1.0008645057678223,0.021140187978744507,-0.003602266311645508,0.9806654453277588,9.661849975585938,0.03537219762802124,0.9802913665771484,16.376495361328125,0.038094937801361084,26,355,0.0027545690536499023
SLIM*MIX_oms_pat5_fn-full_extended_const-small_ints_latent1024,9057152a-801c-11f1-8d02-2c7ba0e6fa90,synthetic_prior,0,145,0.9976226687431335,0.3033168315887451,72443.0,1.0017446279525757,31.11620330810547,-0.011211514472961426,0.9999272227287292,2023.63720703125,-0.004145503044128418,0.9983590841293335,162.36080932617188,0.0005925893783569336,1.0008645057678223,0.021140187978744507,-0.003602266311645508,0.9806654453277588,9.661849975585938,0.03537219762802124,0.9802913665771484,16.376495361328125,0.038094937801361084,26,355,0.0027545690536499023
SLIM*MIX_oms_pat5_fn-full_extended_const-small_ints_latent1024,9057152a-801c-11f1-8d02-2c7ba0e6fa90,synthetic_prior,0,146,0.9976226687431335,0.25588226318359375,75969.0,1.0017446279525757,31.11620330810547,-0.011211514472961426,0.9999272227287292,2023.63720703125,-0.004145503044128418,0.9983590841293335,162.36080932617188,0.0005925893783569336,1.0008645057678223,0.021140187978744507,-0.003602266311645508,0.9806654453277588,9.661849975585938,0.03537219762802124,0.9802913665771484,16.376495361328125,0.038094937801361084,26,355,0.0027545690536499023
SLIM*MIX_oms_pat5_fn-full_extended_const-small_ints_latent1024,9057152a-801c-11f1-8d02-2c7ba0e6fa90,synthetic_prior,0,147,0.9976065754890442,0.23872780799865723,75881.0,1.0036464929580688,31.175275802612305,-0.015054821968078613,1.000596046447754,2024.99072265625,-0.005489230155944824,0.9986998438835144,162.41619873046875,-8.976459503173828e-05,1.0012850761413574,0.02114907279610634,-0.004445910453796387,0.981058657169342,9.66572380065918,0.03459841012954712,0.980654239654541,16.382556915283203,0.03738272190093994,25,341,0.002786695957183838
SLIM*MIX_oms_pat5_fn-full_extended_const-small_ints_latent1024,9057152a-801c-11f1-8d02-2c7ba0e6fa90,synthetic_prior,0,148,0.9976065754890442,0.2779989242553711,74753.0,1.0036464929580688,31.175275802612305,-0.015054821968078613,1.000596046447754,2024.99072265625,-0.005489230155944824,0.9986998438835144,162.41619873046875,-8.976459503173828e-05,1.0012850761413574,0.02114907279610634,-0.004445910453796387,0.981058657169342,9.66572380065918,0.03459841012954712,0.980654239654541,16.382556915283203,0.03738272190093994,25,341,0.002786695957183838
SLIM*MIX_oms_pat5_fn-full_extended_const-small_ints_latent1024,9057152a-801c-11f1-8d02-2c7ba0e6fa90,synthetic_prior,0,149,0.9976065754890442,0.2603476047515869,74630.0,1.0036464929580688,31.175275802612305,-0.015054821968078613,1.000596046447754,2024.99072265625,-0.005489230155944824,0.9986998438835144,162.41619873046875,-8.976459503173828e-05,1.0012850761413574,0.02114907279610634,-0.004445910453796387,0.981058657169342,9.66572380065918,0.03459841012954712,0.980654239654541,16.382556915283203,0.03738272190093994,25,341,0.002786695957183838
SLIM*MIX_oms_pat5_fn-full_extended_const-small_ints_latent1024,9057152a-801c-11f1-8d02-2c7ba0e6fa90,synthetic_prior,0,150,0.9975566267967224,0.2374255657196045,74292.0,1.0020660161972046,31.12618064880371,-0.011860251426696777,0.9991983771324158,2022.162109375,-0.002682209014892578,0.9984371662139893,162.3734893798828,0.0004361867904663086,0.9989370107650757,0.021099478006362915,0.0002595186233520508,0.9820546507835388,9.675536155700684,0.03263729810714722,0.9800933599472046,16.373188018798828,0.03848344087600708,25,331,0.002886533737182617
SLIM*MIX_oms_pat5_fn-full_extended_const-small_ints_latent1024,9057152a-801c-11f1-8d02-2c7ba0e6fa90,synthetic_prior,0,151,0.997550904750824,0.2544889450073242,73670.0,1.0019638538360596,31.123010635375977,-0.011654138565063477,0.9991225600242615,2022.0086669921875,-0.0025299787521362305,0.9984462261199951,162.37496948242188,0.00041800737380981445,0.9987748861312866,0.02109605260193348,0.0005840063095092773,0.982024073600769,9.675235748291016,0.03269737958908081,0.9796127080917358,16.365158081054688,0.039426326751708984,26,344,0.0028980374336242676
SLIM*MIX_oms_pat5_fn-full_extended_const-small_ints_latent1024,9057152a-801c-11f1-8d02-2c7ba0e6fa90,synthetic_prior,0,152,0.997550904750824,0.25522637367248535,73601.0,1.0019638538360596,31.123010635375977,-0.011654138565063477,0.9991225600242615,2022.0086669921875,-0.0025299787521362305,0.9984462261199951,162.37496948242188,0.00041800737380981445,0.9987748861312866,0.02109605260193348,0.0005840063095092773,0.982024073600769,9.675235748291016,0.03269737958908081,0.9796127080917358,16.365158081054688,0.039426326751708984,26,344,0.0028980374336242676
SLIM*MIX_oms_pat5_fn-full_extended_const-small_ints_latent1024,9057152a-801c-11f1-8d02-2c7ba0e6fa90,synthetic_prior,0,153,0.997550904750824,0.2705402374267578,73829.0,1.0019638538360596,31.123010635375977,-0.011654138565063477,0.9991225600242615,2022.0086669921875,-0.0025299787521362305,0.9984462261199951,162.37496948242188,0.00041800737380981445,0.9987748861312866,0.02109605260193348,0.0005840063095092773,0.982024073600769,9.675235748291016,0.03269737958908081,0.9796127080917358,16.365158081054688,0.039426326751708984,26,344,0.0028980374336242676
SLIM*MIX_oms_pat5_fn-full_extended_const-small_ints_latent1024,9057152a-801c-11f1-8d02-2c7ba0e6fa90,synthetic_prior,0,154,0.9975438714027405,0.2539358139038086,72216.0,1.0029443502426147,31.153465270996094,-0.013635039329528809,0.9995343685150146,2022.84228515625,-0.0033566951751708984,0.9983704686164856,162.36265563964844,0.0005697011947631836,0.99876868724823,0.021095922216773033,0.0005964040756225586,0.9808083772659302,9.66325855255127,0.03509092330932617,0.9791579246520996,16.357559204101562,0.040318071842193604,26,343,0.0029120445251464844
SLIM*MIX_oms_pat5_fn-full_extended_const-small_ints_latent1024,9057152a-801c-11f1-8d02-2c7ba0e6fa90,synthetic_prior,0,155,0.9975306391716003,0.22497320175170898,71150.0,1.002352237701416,31.135072708129883,-0.012438535690307617,0.9987191557884216,2021.1923828125,-0.0017206668853759766,0.998521089553833,162.38714599609375,0.0002681612968444824,1.0023618936538696,0.02117181569337845,-0.006607413291931152,0.9846436381340027,9.701044082641602,0.027530014514923096,0.9823634028434753,16.411109924316406,0.03402435779571533,24,315,0.0029384493827819824
SLIM*MIX_oms_pat5_fn-full_extended_const-small_ints_latent1024,9057152a-801c-11f1-8d02-2c7ba0e6fa90,synthetic_prior,0,156,0.997527003288269,0.23832416534423828,70943.0,1.003714680671692,31.177392959594727,-0.015192627906799316,0.9986514449119568,2021.05517578125,-0.0015848875045776367,0.9985920786857605,162.398681640625,0.00012600421905517578,1.002095341682434,0.021166186779737473,-0.0060721635818481445,0.9823173880577087,9.678126335144043,0.0321195125579834,0.9822452068328857,16.409133911132812,0.034256815910339355,25,329,0.0029457807540893555
SLIM*MIX_oms_pat5_fn-full_extended_const-small_ints_latent1024,9057152a-801c-11f1-8d02-2c7ba0e6fa90,synthetic_prior,0,157,0.9975220561027527,0.22289562225341797,71653.0,1.0036660432815552,31.17588233947754,-0.015094280242919922,0.9997648000717163,2023.3084716796875,-0.0038193464279174805,0.9983645081520081,162.36167907714844,0.0005817413330078125,0.9987672567367554,0.021095890551805496,0.0005992650985717773,0.9791791439056396,9.64720630645752,0.03829389810562134,0.9781965613365173,16.34149932861328,0.04220163822174072,25,326,0.0029556751251220703
SLIM*MIX_oms_pat5_fn-full_extended_const-small_ints_latent1024,9057152a-801c-11f1-8d02-2c7ba0e6fa90,synthetic_prior,0,158,0.9975220561027527,0.23080658912658691,70066.0,1.0036660432815552,31.17588233947754,-0.015094280242919922,0.9997648000717163,2023.3084716796875,-0.0038193464279174805,0.9983645081520081,162.36167907714844,0.0005817413330078125,0.9987672567367554,0.021095890551805496,0.0005992650985717773,0.9791791439056396,9.64720630645752,0.03829389810562134,0.9781965613365173,16.34149932861328,0.04220163822174072,25,326,0.0029556751251220703
SLIM*MIX_oms_pat5_fn-full_extended_const-small_ints_latent1024,9057152a-801c-11f1-8d02-2c7ba0e6fa90,synthetic_prior,0,159,0.9975220561027527,0.24802303314208984,71077.0,1.0036660432815552,31.17588233947754,-0.015094280242919922,0.9997648000717163,2023.3084716796875,-0.0038193464279174805,0.9983645081520081,162.36167907714844,0.0005817413330078125,0.9987672567367554,0.021095890551805496,0.0005992650985717773,0.9791791439056396,9.64720630645752,0.03829389810562134,0.9781965613365173,16.34149932861328,0.04220163822174072,25,326,0.0029556751251220703
SLIM*MIX_oms_pat5_fn-full_extended_const-small_ints_latent1024,9057152a-801c-11f1-8d02-2c7ba0e6fa90,synthetic_prior,0,160,0.9975034594535828,0.23966550827026367,71365.0,1.002271294593811,31.132558822631836,-0.012275099754333496,0.9990689158439636,2021.9002685546875,-0.0024224519729614258,0.9988886117935181,162.44691467285156,-0.0004678964614868164,1.0019961595535278,0.021164093166589737,-0.00587308406829834,0.9844866991043091,9.699498176574707,0.027840018272399902,0.9822877049446106,16.40984344482422,0.03417319059371948,25,331,0.002992868423461914
SLIM*MIX_oms_pat5_fn-full_extended_const-small_ints_latent1024,9057152a-801c-11f1-8d02-2c7ba0e6fa90,synthetic_prior,0,161,0.9975034594535828,0.23673701286315918,69969.0,1.002271294593811,31.132558822631836,-0.012275099754333496,0.9990689158439636,2021.9002685546875,-0.0024224519729614258,0.9988886117935181,162.44691467285156,-0.0004678964614868164,1.0019961595535278,0.021164093166589737,-0.00587308406829834,0.9844866991043091,9.699498176574707,0.027840018272399902,0.9822877049446106,16.40984344482422,0.03417319059371948,25,331,0.002992868423461914
SLIM*MIX_oms_pat5_fn-full_extended_const-small_ints_latent1024,9057152a-801c-11f1-8d02-2c7ba0e6fa90,synthetic_prior,0,162,0.9975034594535828,0.269366979598999,69608.0,1.002271294593811,31.132558822631836,-0.012275099754333496,0.9990689158439636,2021.9002685546875,-0.0024224519729614258,0.9988886117935181,162.44691467285156,-0.0004678964614868164,1.0019961595535278,0.021164093166589737,-0.00587308406829834,0.9844866991043091,9.699498176574707,0.027840018272399902,0.9822877049446106,16.40984344482422,0.03417319059371948,25,331,0.002992868423461914
SLIM*MIX_oms_pat5_fn-full_extended_const-small_ints_latent1024,9057152a-801c-11f1-8d02-2c7ba0e6fa90,synthetic_prior,0,163,0.9975034594535828,0.2700471878051758,69178.0,1.002271294593811,31.132558822631836,-0.012275099754333496,0.9990689158439636,2021.9002685546875,-0.0024224519729614258,0.9988886117935181,162.44691467285156,-0.0004678964614868164,1.0019961595535278,0.021164093166589737,-0.00587308406829834,0.9844866991043091,9.699498176574707,0.027840018272399902,0.9822877049446106,16.40984344482422,0.03417319059371948,25,331,0.002992868423461914
SLIM*MIX_oms_pat5_fn-full_extended_const-small_ints_latent1024,9057152a-801c-11f1-8d02-2c7ba0e6fa90,synthetic_prior,0,164,0.9974257946014404,0.24136066436767578,69330.0,1.003103494644165,31.158409118652344,-0.013956665992736816,0.9988750219345093,2021.5078125,-0.0020333528518676758,0.9984152913093567,162.36993408203125,0.0004800558090209961,1.012032389640808,0.021376077085733414,-0.026124119758605957,0.982464611530304,9.67957592010498,0.0318293571472168,0.977955162525177,16.337467193603516,0.042674243450164795,22,293,0.003148019313812256
SLIM*MIX_oms_pat5_fn-full_extended_const-small_ints_latent1024,9057152a-801c-11f1-8d02-2c7ba0e6fa90,synthetic_prior,0,165,0.9974257946014404,0.27025437355041504,68536.0,1.003103494644165,31.158409118652344,-0.013956665992736816,0.9988750219345093,2021.5078125,-0.0020333528518676758,0.9984152913093567,162.36993408203125,0.0004800558090209961,1.012032389640808,0.021376077085733414,-0.026124119758605957,0.982464611530304,9.67957592010498,0.0318293571472168,0.977955162525177,16.337467193603516,0.042674243450164795,22,293,0.003148019313812256
SLIM*MIX_oms_pat5_fn-full_extended_const-small_ints_latent1024,9057152a-801c-11f1-8d02-2c7ba0e6fa90,synthetic_prior,0,166,0.9974257946014404,0.285261869430542,69229.0,1.003103494644165,31.158409118652344,-0.013956665992736816,0.9988750219345093,2021.5078125,-0.0020333528518676758,0.9984152913093567,162.36993408203125,0.0004800558090209961,1.012032389640808,0.021376077085733414,-0.026124119758605957,0.982464611530304,9.67957592010498,0.0318293571472168,0.977955162525177,16.337467193603516,0.042674243450164795,22,293,0.003148019313812256
SLIM*MIX_oms_pat5_fn-full_extended_const-small_ints_latent1024,9057152a-801c-11f1-8d02-2c7ba0e6fa90,synthetic_prior,0,167,0.9974257946014404,0.25382208824157715,69011.0,1.003103494644165,31.158409118652344,-0.013956665992736816,0.9988750219345093,2021.5078125,-0.0020333528518676758,0.9984152913093567,162.36993408203125,0.0004800558090209961,1.012032389640808,0.021376077085733414,-0.026124119758605957,0.982464611530304,9.67957592010498,0.0318293571472168,0.977955162525177,16.337467193603516,0.042674243450164795,22,293,0.003148019313812256
SLIM*MIX_oms_pat5_fn-full_extended_const-small_ints_latent1024,9057152a-801c-11f1-8d02-2c7ba0e6fa90,synthetic_prior,0,168,0.9974187016487122,0.2542433738708496,68342.0,1.0032042264938354,31.161535263061523,-0.014160394668579102,0.9987924098968506,2021.340576171875,-0.0018676519393920898,0.9984765648841858,162.37991333007812,0.0003573298454284668,1.0113548040390015,0.021361766383051872,-0.024750590324401855,0.9831814169883728,9.686638832092285,0.03041607141494751,0.9786086678504944,16.3483829498291,0.04139435291290283,23,306,0.0031622648239135742
SLIM*MIX_oms_pat5_fn-full_extended_const-small_ints_latent1024,9057152a-801c-11f1-8d02-2c7ba0e6fa90,synthetic_prior,0,169,0.9974187016487122,0.23760199546813965,68305.0,1.0032042264938354,31.161535263061523,-0.014160394668579102,0.9987924098968506,2021.340576171875,-0.0018676519393920898,0.9984765648841858,162.37991333007812,0.0003573298454284668,1.0113548040390015,0.021361766383051872,-0.024750590324401855,0.9831814169883728,9.686638832092285,0.03041607141494751,0.9786086678504944,16.3483829498291,0.04139435291290283,23,306,0.0031622648239135742
SLIM*MIX_oms_pat5_fn-full_extended_const-small_ints_latent1024,9057152a-801c-11f1-8d02-2c7ba0e6fa90,synthetic_prior,0,170,0.9974187016487122,0.23836827278137207,66720.0,1.0032042264938354,31.161535263061523,-0.014160394668579102,0.9987924098968506,2021.340576171875,-0.0018676519393920898,0.9984765648841858,162.37991333007812,0.0003573298454284668,1.0113548040390015,0.021361766383051872,-0.024750590324401855,0.9831814169883728,9.686638832092285,0.03041607141494751,0.9786086678504944,16.3483829498291,0.04139435291290283,23,306,0.0031622648239135742
SLIM*MIX_oms_pat5_fn-full_extended_const-small_ints_latent1024,9057152a-801c-11f1-8d02-2c7ba0e6fa90,synthetic_prior,0,171,0.9974187016487122,0.22230887413024902,67716.0,1.0032042264938354,31.161535263061523,-0.014160394668579102,0.9987924098968506,2021.340576171875,-0.0018676519393920898,0.9984765648841858,162.37991333007812,0.0003573298454284668,1.0113548040390015,0.021361766383051872,-0.024750590324401855,0.9831814169883728,9.686638832092285,0.03041607141494751,0.9786086678504944,16.3483829498291,0.04139435291290283,23,306,0.0031622648239135742
SLIM*MIX_oms_pat5_fn-full_extended_const-small_ints_latent1024,9057152a-801c-11f1-8d02-2c7ba0e6fa90,synthetic_prior,0,172,0.9974187016487122,0.19863533973693848,68610.0,1.0032042264938354,31.161535263061523,-0.014160394668579102,0.9987924098968506,2021.340576171875,-0.0018676519393920898,0.9984765648841858,162.37991333007812,0.0003573298454284668,1.0113548040390015,0.021361766383051872,-0.024750590324401855,0.9831814169883728,9.686638832092285,0.03041607141494751,0.9786086678504944,16.3483829498291,0.04139435291290283,23,306,0.0031622648239135742
SLIM*MIX_oms_pat5_fn-full_extended_const-small_ints_latent1024,9057152a-801c-11f1-8d02-2c7ba0e6fa90,synthetic_prior,0,173,0.997416615486145,0.28513288497924805,68658.0,1.0032894611358643,31.164188385009766,-0.014332771301269531,0.9988065958023071,2021.369140625,-0.0018961429595947266,0.9984786510467529,162.3802490234375,0.00035315752029418945,1.0110269784927368,0.02135484106838703,-0.024086356163024902,0.983191192150116,9.686735153198242,0.03039681911468506,0.9785011410713196,16.346588134765625,0.04160511493682861,24,323,0.003166377544403076
SLIM*MIX_oms_pat5_fn-full_extended_const-small_ints_latent1024,9057152a-801c-11f1-8d02-2c7ba0e6fa90,synthetic_prior,0,174,0.997416615486145,0.23619294166564941,68473.0,1.0032894611358643,31.164188385009766,-0.014332771301269531,0.9988065958023071,2021.369140625,-0.0018961429595947266,0.9984786510467529,162.3802490234375,0.00035315752029418945,1.0110269784927368,0.02135484106838703,-0.024086356163024902,0.983191192150116,9.686735153198242,0.03039681911468506,0.9785011410713196,16.346588134765625,0.04160511493682861,24,323,0.003166377544403076
SLIM*MIX_oms_pat5_fn-full_extended_const-small_ints_latent1024,9057152a-801c-11f1-8d02-2c7ba0e6fa90,synthetic_prior,0,175,0.997416615486145,0.23821568489074707,66606.0,1.0032894611358643,31.164188385009766,-0.014332771301269531,0.9988065958023071,2021.369140625,-0.0018961429595947266,0.9984786510467529,162.3802490234375,0.00035315752029418945,1.0110269784927368,0.02135484106838703,-0.024086356163024902,0.983191192150116,9.686735153198242,0.03039681911468506,0.9785011410713196,16.346588134765625,0.04160511493682861,24,323,0.003166377544403076
SLIM*MIX_oms_pat5_fn-full_extended_const-small_ints_latent1024,9057152a-801c-11f1-8d02-2c7ba0e6fa90,synthetic_prior,0,176,0.9974071979522705,0.24909138679504395,66776.0,1.0038189888000488,31.180635452270508,-0.01540374755859375,0.9987789392471313,2021.3133544921875,-0.0018407106399536133,0.9985262155532837,162.3879852294922,0.0002579689025878906,1.0110523700714111,0.02135537564754486,-0.02413761615753174,0.9822925329208374,9.67788028717041,0.03216850757598877,0.9782959818840027,16.343158721923828,0.04200690984725952,25,337,0.003185272216796875
SLIM*MIX_oms_pat5_fn-full_extended_const-small_ints_latent1024,9057152a-801c-11f1-8d02-2c7ba0e6fa90,synthetic_prior,0,177,0.9974071979522705,0.3014824390411377,65601.0,1.0038189888000488,31.180635452270508,-0.01540374755859375,0.9987789392471313,2021.3133544921875,-0.0018407106399536133,0.9985262155532837,162.3879852294922,0.0002579689025878906,1.0110523700714111,0.02135537564754486,-0.02413761615753174,0.9822925329208374,9.67788028717041,0.03216850757598877,0.9782959818840027,16.343158721923828,0.04200690984725952,25,337,0.003185272216796875
SLIM*MIX_oms_pat5_fn-full_extended_const-small_ints_latent1024,9057152a-801c-11f1-8d02-2c7ba0e6fa90,synthetic_prior,0,178,0.9974071979522705,0.23889780044555664,65070.0,1.0038189888000488,31.180635452270508,-0.01540374755859375,0.9987789392471313,2021.3133544921875,-0.0018407106399536133,0.9985262155532837,162.3879852294922,0.0002579689025878906,1.0110523700714111,0.02135537564754486,-0.02413761615753174,0.9822925329208374,9.67788028717041,0.03216850757598877,0.9782959818840027,16.343158721923828,0.04200690984725952,25,337,0.003185272216796875
SLIM*MIX_oms_pat5_fn-full_extended_const-small_ints_latent1024,9057152a-801c-11f1-8d02-2c7ba0e6fa90,synthetic_prior,0,179,0.9974071979522705,0.24116301536560059,65278.0,1.0038189888000488,31.180635452270508,-0.01540374755859375,0.9987789392471313,2021.3133544921875,-0.0018407106399536133,0.9985262155532837,162.3879852294922,0.0002579689025878906,1.0110523700714111,0.02135537564754486,-0.02413761615753174,0.9822925329208374,9.67788028717041,0.03216850757598877,0.9782959818840027,16.343158721923828,0.04200690984725952,25,337,0.003185272216796875
SLIM*MIX_oms_pat5_fn-full_extended_const-small_ints_latent1024,9057152a-801c-11f1-8d02-2c7ba0e6fa90,synthetic_prior,0,180,0.9974071979522705,0.26123762130737305,65576.0,1.0038189888000488,31.180635452270508,-0.01540374755859375,0.9987789392471313,2021.3133544921875,-0.0018407106399536133,0.9985262155532837,162.3879852294922,0.0002579689025878906,1.0110523700714111,0.02135537564754486,-0.02413761615753174,0.9822925329208374,9.67788028717041,0.03216850757598877,0.9782959818840027,16.343158721923828,0.04200690984725952,25,337,0.003185272216796875
SLIM*MIX_oms_pat5_fn-full_extended_const-small_ints_latent1024,9057152a-801c-11f1-8d02-2c7ba0e6fa90,synthetic_prior,0,181,0.9974031448364258,0.25278186798095703,65320.0,1.003740906715393,31.17820930480957,-0.015245795249938965,0.998772919178009,2021.3011474609375,-0.0018285512924194336,0.9985086917877197,162.38511657714844,0.0002930164337158203,1.0113918781280518,0.02136254869401455,-0.024825572967529297,0.9823638796806335,9.678583145141602,0.03202790021896362,0.9784231781959534,16.345285415649414,0.04175776243209839,26,361,0.0031933188438415527
SLIM*MIX_oms_pat5_fn-full_extended_const-small_ints_latent1024,9057152a-801c-11f1-8d02-2c7ba0e6fa90,synthetic_prior,0,182,0.9974031448364258,0.28525757789611816,64686.0,1.0051383972167969,31.22161865234375,-0.018074750900268555,0.9991111159324646,2021.9857177734375,-0.0025070905685424805,0.998634934425354,162.40565490722656,4.011392593383789e-05,1.0110747814178467,0.021355850622057915,-0.024183034896850586,0.979764461517334,9.652973175048828,0.03714388608932495,0.9774355888366699,16.328786849975586,0.04369121789932251,26,351,0.003193378448486328
SLIM*MIX_oms_pat5_fn-full_extended_const-small_ints_latent1024,9057152a-801c-11f1-8d02-2c7ba0e6fa90,synthetic_prior,0,183,0.9974031448364258,0.2856254577636719,64331.0,1.0051383972167969,31.22161865234375,-0.018074750900268555,0.9991111159324646,2021.9857177734375,-0.0025070905685424805,0.998634934425354,162.40565490722656,4.011392593383789e-05,1.0110747814178467,0.021355850622057915,-0.024183034896850586,0.979764461517334,9.652973175048828,0.03714388608932495,0.9774355888366699,16.328786849975586,0.04369121789932251,26,351,0.003193378448486328
SLIM*MIX_oms_pat5_fn-full_extended_const-small_ints_latent1024,9057152a-801c-11f1-8d02-2c7ba0e6fa90,synthetic_prior,0,184,0.9974031448364258,0.24007105827331543,66101.0,1.0051383972167969,31.22161865234375,-0.018074750900268555,0.9991111159324646,2021.9857177734375,-0.0025070905685424805,0.998634934425354,162.40565490722656,4.011392593383789e-05,1.0110747814178467,0.021355850622057915,-0.024183034896850586,0.979764461517334,9.652973175048828,0.03714388608932495,0.9774355888366699,16.328786849975586,0.04369121789932251,26,351,0.003193378448486328
SLIM*MIX_oms_pat5_fn-full_extended_const-small_ints_latent1024,9057152a-801c-11f1-8d02-2c7ba0e6fa90,synthetic_prior,0,185,0.9974031448364258,0.23854303359985352,66758.0,1.0051383972167969,31.22161865234375,-0.018074750900268555,0.9991111159324646,2021.9857177734375,-0.0025070905685424805,0.998634934425354,162.40565490722656,4.011392593383789e-05,1.0110747814178467,0.021355850622057915,-0.024183034896850586,0.979764461517334,9.652973175048828,0.03714388608932495,0.9774355888366699,16.328786849975586,0.04369121789932251,26,351,0.003193378448486328
SLIM*MIX_oms_pat5_fn-full_extended_const-small_ints_latent1024,9057152a-801c-11f1-8d02-2c7ba0e6fa90,synthetic_prior,0,186,0.9974031448364258,0.28554320335388184,34058.0,1.0051383972167969,31.22161865234375,-0.018074750900268555,0.9991111159324646,2021.9857177734375,-0.0025070905685424805,0.998634934425354,162.40565490722656,4.011392593383789e-05,1.0110747814178467,0.021355850622057915,-0.024183034896850586,0.979764461517334,9.652973175048828,0.03714388608932495,0.9774355888366699,16.328786849975586,0.04369121789932251,26,351,0.003193378448486328
SLIM*MIX_oms_pat5_fn-full_extended_const-small_ints_latent1024,9057152a-801c-11f1-8d02-2c7ba0e6fa90,synthetic_prior,0,187,0.9973583817481995,0.24737286567687988,52721.0,1.0026541948318481,31.144451141357422,-0.013048648834228516,0.9987138509750366,2021.181640625,-0.001710057258605957,0.9985835552215576,162.39730834960938,0.0001431107521057129,1.0051295757293701,0.02123027853667736,-0.012174010276794434,0.9891563057899475,9.745504379272461,0.018595874309539795,0.9839613437652588,16.43780517578125,0.03087913990020752,25,333,0.0032827258110046387
SLIM*MIX_oms_pat5_fn-full_extended_const-small_ints_latent1024,9057152a-801c-11f1-8d02-2c7ba0e6fa90,synthetic_prior,0,188,0.9973583817481995,0.2461240291595459,64403.0,1.0026541948318481,31.144451141357422,-0.013048648834228516,0.9987138509750366,2021.181640625,-0.001710057258605957,0.9985835552215576,162.39730834960938,0.0001431107521057129,1.0051295757293701,0.02123027853667736,-0.012174010276794434,0.9891563057899475,9.745504379272461,0.018595874309539795,0.9839613437652588,16.43780517578125,0.03087913990020752,25,333,0.0032827258110046387
SLIM*MIX_oms_pat5_fn-full_extended_const-small_ints_latent1024,9057152a-801c-11f1-8d02-2c7ba0e6fa90,synthetic_prior,0,189,0.9973583817481995,0.2698040008544922,69047.0,1.0026541948318481,31.144451141357422,-0.013048648834228516,0.9987138509750366,2021.181640625,-0.001710057258605957,0.9985835552215576,162.39730834960938,0.0001431107521057129,1.0051295757293701,0.02123027853667736,-0.012174010276794434,0.9891563057899475,9.745504379272461,0.018595874309539795,0.9839613437652588,16.43780517578125,0.03087913990020752,25,333,0.0032827258110046387
SLIM*MIX_oms_pat5_fn-full_extended_const-small_ints_latent1024,9057152a-801c-11f1-8d02-2c7ba0e6fa90,synthetic_prior,0,190,0.9973583817481995,0.21205544471740723,70216.0,1.0026541948318481,31.144451141357422,-0.013048648834228516,0.9987138509750366,2021.181640625,-0.001710057258605957,0.9985835552215576,162.39730834960938,0.0001431107521057129,1.0051295757293701,0.02123027853667736,-0.012174010276794434,0.9891563057899475,9.745504379272461,0.018595874309539795,0.9839613437652588,16.43780517578125,0.03087913990020752,25,333,0.0032827258110046387
SLIM*MIX_oms_pat5_fn-full_extended_const-small_ints_latent1024,9057152a-801c-11f1-8d02-2c7ba0e6fa90,synthetic_prior,0,191,0.9973583817481995,0.2373044490814209,70137.0,1.0026541948318481,31.144451141357422,-0.013048648834228516,0.9987138509750366,2021.181640625,-0.001710057258605957,0.9985835552215576,162.39730834960938,0.0001431107521057129,1.0051295757293701,0.02123027853667736,-0.012174010276794434,0.9891563057899475,9.745504379272461,0.018595874309539795,0.9839613437652588,16.43780517578125,0.03087913990020752,25,333,0.0032827258110046387
SLIM*MIX_oms_pat5_fn-full_extended_const-small_ints_latent1024,9057152a-801c-11f1-8d02-2c7ba0e6fa90,synthetic_prior,0,192,0.9973583817481995,0.2696197032928467,35788.0,1.0026541948318481,31.144451141357422,-0.013048648834228516,0.9987138509750366,2021.181640625,-0.001710057258605957,0.9985835552215576,162.39730834960938,0.0001431107521057129,1.0051295757293701,0.02123027853667736,-0.012174010276794434,0.9891563057899475,9.745504379272461,0.018595874309539795,0.9839613437652588,16.43780517578125,0.03087913990020752,25,333,0.0032827258110046387
SLIM*MIX_oms_pat5_fn-full_extended_const-small_ints_latent1024,9057152a-801c-11f1-8d02-2c7ba0e6fa90,synthetic_prior,0,193,0.9973335862159729,0.2548356056213379,51451.0,1.002508521080017,31.139928817749023,-0.012754321098327637,0.9987910389900208,2021.337890625,-0.001864790916442871,0.9985150098800659,162.3861541748047,0.0002803206443786621,1.005422830581665,0.021236469969153404,-0.012764692306518555,0.9885940551757812,9.739965438842773,0.019711196422576904,0.9833642840385437,16.42782974243164,0.03205496072769165,24,320,0.0033324360847473145
SLIM*MIX_oms_pat5_fn-full_extended_const-small_ints_latent1024,9057152a-801c-11f1-8d02-2c7ba0e6fa90,synthetic_prior,0,194,0.9973335862159729,0.22992825508117676,66662.0,1.002508521080017,31.139928817749023,-0.012754321098327637,0.9987910389900208,2021.337890625,-0.001864790916442871,0.9985150098800659,162.3861541748047,0.0002803206443786621,1.005422830581665,0.021236469969153404,-0.012764692306518555,0.9885940551757812,9.739965438842773,0.019711196422576904,0.9833642840385437,16.42782974243164,0.03205496072769165,24,320,0.0033324360847473145
SLIM*MIX_oms_pat5_fn-full_extended_const-small_ints_latent1024,9057152a-801c-11f1-8d02-2c7ba0e6fa90,synthetic_prior,0,195,0.9973335266113281,0.3165569305419922,70695.0,1.0033347606658936,31.16558837890625,-0.01442420482635498,0.9988672733306885,2021.4921875,-0.0020178556442260742,0.9985904693603516,162.39842224121094,0.00012922286987304688,1.0061949491500854,0.02125277742743492,-0.014320731163024902,0.9882158637046814,9.736239433288574,0.020461082458496094,0.982459306716919,16.41271209716797,0.03383570909500122,26,346,0.00333249568939209
SLIM*MIX_oms_pat5_fn-full_extended_const-small_ints_latent1024,9057152a-801c-11f1-8d02-2c7ba0e6fa90,synthetic_prior,0,196,0.9973335266113281,0.22314143180847168,71313.0,1.0033347606658936,31.16558837890625,-0.01442420482635498,0.9988672733306885,2021.4921875,-0.0020178556442260742,0.9985904693603516,162.39842224121094,0.00012922286987304688,1.0061949491500854,0.02125277742743492,-0.014320731163024902,0.9882158637046814,9.736239433288574,0.020461082458496094,0.982459306716919,16.41271209716797,0.03383570909500122,26,346,0.00333249568939209
SLIM*MIX_oms_pat5_fn-full_extended_const-small_ints_latent1024,9057152a-801c-11f1-8d02-2c7ba0e6fa90,synthetic_prior,0,197,0.9973335266113281,0.2542409896850586,72472.0,1.0033347606658936,31.16558837890625,-0.01442420482635498,0.9988672733306885,2021.4921875,-0.0020178556442260742,0.9985904693603516,162.39842224121094,0.00012922286987304688,1.0061949491500854,0.02125277742743492,-0.014320731163024902,0.9882158637046814,9.736239433288574,0.020461082458496094,0.982459306716919,16.41271209716797,0.03383570909500122,26,346,0.00333249568939209
SLIM*MIX_oms_pat5_fn-full_extended_const-small_ints_latent1024,9057152a-801c-11f1-8d02-2c7ba0e6fa90,synthetic_prior,0,198,0.9973335266113281,0.23793864250183105,73323.0,1.0033347606658936,31.16558837890625,-0.01442420482635498,0.9988672733306885,2021.4921875,-0.0020178556442260742,0.9985904693603516,162.39842224121094,0.00012922286987304688,1.0061949491500854,0.02125277742743492,-0.014320731163024902,0.9882158637046814,9.736239433288574,0.020461082458496094,0.982459306716919,16.41271209716797,0.03383570909500122,26,346,0.00333249568939209
SLIM*MIX_oms_pat5_fn-full_extended_const-small_ints_latent1024,9057152a-801c-11f1-8d02-2c7ba0e6fa90,synthetic_prior,0,199,0.9973335266113281,0.3016927242279053,73071.0,1.0033347606658936,31.16558837890625,-0.01442420482635498,0.9988672733306885,2021.4921875,-0.0020178556442260742,0.9985904693603516,162.39842224121094,0.00012922286987304688,1.0061949491500854,0.02125277742743492,-0.014320731163024902,0.9882158637046814,9.736239433288574,0.020461082458496094,0.982459306716919,16.41271209716797,0.03383570909500122,26,346,0.00333249568939209
SLIM*MIX_oms_pat5_fn-full_extended_const-small_ints_latent1024,9057152a-801c-11f1-8d02-2c7ba0e6fa90,synthetic_prior,0,200,0.9973335266113281,0.2693021297454834,35559.0,1.0033347606658936,31.16558837890625,-0.01442420482635498,0.9988672733306885,2021.4921875,-0.0020178556442260742,0.9985904693603516,162.39842224121094,0.00012922286987304688,1.0061949491500854,0.02125277742743492,-0.014320731163024902,0.9882158637046814,9.736239433288574,0.020461082458496094,0.982459306716919,16.41271209716797,0.03383570909500122,26,346,0.00333249568939209
SLIM*MIX_oms_pat5_fn-full_extended_const-small_ints_latent2048,9057152a-801c-11f1-8d02-2c7ba0e6fa90,synthetic_prior,0,0,0.9990048408508301,0.46759963035583496,867.0,0.9961626529693604,30.942813873291016,2.6524066925048828e-05,0.9979943633079529,2019.7255859375,-0.00026726722717285156,0.9986185431480408,162.4029998779297,7.301568984985352e-05,0.9988972544670105,0.02109863981604576,0.0003390312194824219,0.9985617995262146,9.83817195892334,-0.00015652179718017578,0.9995357990264893,16.697988510131836,-4.267692565917969e-05,1,9,-1.0609626770019531e-05
SLIM*MIX_oms_pat5_fn-full_extended_const-small_ints_latent2048,9057152a-801c-11f1-8d02-2c7ba0e6fa90,synthetic_prior,0,1,0.9990048408508301,0.3402872085571289,2337.0,0.9961626529693604,30.942813873291016,2.6524066925048828e-05,0.9979943633079529,2019.7255859375,-0.00026726722717285156,0.9986185431480408,162.4029998779297,7.301568984985352e-05,0.9988972544670105,0.02109863981604576,0.0003390312194824219,0.9985617995262146,9.83817195892334,-0.00015652179718017578,0.9995357990264893,16.697988510131836,-4.267692565917969e-05,1,9,-1.0609626770019531e-05
SLIM*MIX_oms_pat5_fn-full_extended_const-small_ints_latent2048,9057152a-801c-11f1-8d02-2c7ba0e6fa90,synthetic_prior,0,2,0.9990002512931824,0.235459566116333,2796.0,0.9962412118911743,30.945253372192383,-0.00013124942779541016,0.997893214225769,2019.520751953125,-6.449222564697266e-05,0.9986422657966614,162.40684509277344,2.5510787963867188e-05,0.9990744590759277,0.021102381870150566,-1.5616416931152344e-05,0.998501181602478,9.837574005126953,-3.504753112792969e-05,0.9995318055152893,16.697921752929688,-3.4809112548828125e-05,2,26,-1.5497207641601562e-06
SLIM*MIX_oms_pat5_fn-full_extended_const-small_ints_latent2048,9057152a-801c-11f1-8d02-2c7ba0e6fa90,synthetic_prior,0,3,0.9989998936653137,0.21133971214294434,4217.0,0.9962177276611328,30.94452476501465,-8.404254913330078e-05,0.9978815913200378,2019.497314453125,-4.124641418457031e-05,0.9986467957496643,162.4075927734375,1.6450881958007812e-05,0.9990717172622681,0.02110232226550579,-1.0132789611816406e-05,0.9984948635101318,9.837512016296387,-2.2411346435546875e-05,0.9995255470275879,16.69781494140625,-2.2172927856445312e-05,3,38,-8.344650268554688e-07
SLIM*MIX_oms_pat5_fn-full_extended_const-small_ints_latent2048,9057152a-801c-11f1-8d02-2c7ba0e6fa90,synthetic_prior,0,4,0.998985230922699,0.2612874507904053,5408.0,0.9963771104812622,30.949474334716797,-0.00040400028228759766,0.9977021813392639,2019.13427734375,0.00031834840774536133,0.9987566471099854,162.42544555664062,-0.0002034902572631836,0.9960682392120361,0.021038884297013283,0.0059934258460998535,1.0046894550323486,9.898543357849121,-0.012468934059143066,0.9987403750419617,16.6846981048584,0.0015483498573303223,5,61,2.849102020263672e-05
SLIM*MIX_oms_pat5_fn-full_extended_const-small_ints_latent2048,9057152a-801c-11f1-8d02-2c7ba0e6fa90,synthetic_prior,0,5,0.998985230922699,0.25136303901672363,6875.0,0.9963771104812622,30.949474334716797,-0.00040400028228759766,0.9977021813392639,2019.13427734375,0.00031834840774536133,0.9987566471099854,162.42544555664062,-0.0002034902572631836,0.9960682392120361,0.021038884297013283,0.0059934258460998535,1.0046894550323486,9.898543357849121,-0.012468934059143066,0.9987403750419617,16.6846981048584,0.0015483498573303223,5,61,2.849102020263672e-05
SLIM*MIX_oms_pat5_fn-full_extended_const-small_ints_latent2048,9057152a-801c-11f1-8d02-2c7ba0e6fa90,synthetic_prior,0,6,0.9989772439002991,0.26723432540893555,7301.0,0.9963988661766052,30.950149536132812,-0.0004476308822631836,0.999056339263916,2021.874755859375,-0.00239717960357666,0.9991934895515442,162.4965057373047,-0.0010787248611450195,0.9990279078483582,0.021101398393511772,7.76052474975586e-05,0.9980512857437134,9.833141326904297,0.0008658766746520996,0.9983298778533936,16.677841186523438,0.002368927001953125,6,85,4.458427429199219e-05
SLIM*MIX_oms_pat5_fn-full_extended_const-small_ints_latent2048,9057152a-801c-11f1-8d02-2c7ba0e6fa90,synthetic_prior,0,7,0.9989710450172424,0.24132275581359863,8390.0,0.9962685108184814,30.94609832763672,-0.00018596649169921875,0.9980423450469971,2019.8226318359375,-0.00036346912384033203,0.9987919926643372,162.43121337890625,-0.00027441978454589844,1.001262903213501,0.02114860713481903,-0.004401445388793945,0.9980076551437378,9.832712173461914,0.0009532570838928223,0.9985798001289368,16.682016372680664,0.0018693804740905762,5,67,5.698204040527344e-05
SLIM*MIX_oms_pat5_fn-full_extended_const-small_ints_latent2048,9057152a-801c-11f1-8d02-2c7ba0e6fa90,synthetic_prior,0,8,0.9989566802978516,0.2647120952606201,9830.0,0.9955174922943115,30.92276954650879,0.0013214349746704102,0.997607946395874,2018.943603515625,0.0005071163177490234,0.9985688924789429,162.39491271972656,0.00017249584197998047,0.9973856806755066,0.021066710352897644,0.003362298011779785,1.0004029273986816,9.85630989074707,-0.003847956657409668,1.0001530647277832,16.70829963684082,-0.0012784004211425781,6,79,8.565187454223633e-05
SLIM*MIX_oms_pat5_fn-full_extended_const-small_ints_latent2048,9057152a-801c-11f1-8d02-2c7ba0e6fa90,synthetic_prior,0,9,0.9989566802978516,0.2521858215332031,11122.0,0.9955174922943115,30.92276954650879,0.0013214349746704102,0.997607946395874,2018.943603515625,0.0005071163177490234,0.9985688924789429,162.39491271972656,0.00017249584197998047,0.9973856806755066,0.021066710352897644,0.003362298011779785,1.0004029273986816,9.85630989074707,-0.003847956657409668,1.0001530647277832,16.70829963684082,-0.0012784004211425781,6,79,8.565187454223633e-05
SLIM*MIX_oms_pat5_fn-full_extended_const-small_ints_latent2048,9057152a-801c-11f1-8d02-2c7ba0e6fa90,synthetic_prior,0,10,0.99891597032547,0.2840297222137451,13543.0,0.9964061975479126,30.950376510620117,-0.00046241283416748047,0.9975391030311584,2018.80419921875,0.0006451010704040527,0.9984492063522339,162.37545776367188,0.0004121065139770508,0.9961446523666382,0.021040499210357666,0.005840897560119629,1.0092662572860718,9.943634986877441,-0.02171456813812256,0.9997785687446594,16.702041625976562,-0.0005284547805786133,9,117,0.0001671910285949707
SLIM*MIX_oms_pat5_fn-full_extended_const-small_ints_latent2048,9057152a-801c-11f1-8d02-2c7ba0e6fa90,synthetic_prior,0,11,0.99891597032547,0.23531198501586914,14495.0,0.9964061975479126,30.950376510620117,-0.00046241283416748047,0.9975391030311584,2018.80419921875,0.0006451010704040527,0.9984492063522339,162.37545776367188,0.0004121065139770508,0.9961446523666382,0.021040499210357666,0.005840897560119629,1.0092662572860718,9.943634986877441,-0.02171456813812256,0.9997785687446594,16.702041625976562,-0.0005284547805786133,9,117,0.0001671910285949707
SLIM*MIX_oms_pat5_fn-full_extended_const-small_ints_latent2048,9057152a-801c-11f1-8d02-2c7ba0e6fa90,synthetic_prior,0,12,0.9988749623298645,0.28373217582702637,15490.0,0.996137797832489,30.942039489746094,7.653236389160156e-05,0.996817946434021,2017.3447265625,0.002089560031890869,0.9979894757270813,162.30068969726562,0.001332402229309082,0.9942178726196289,0.02099980041384697,0.00968313217163086,1.0092723369598389,9.943694114685059,-0.02172672748565674,1.0008045434951782,16.719181060791016,-0.002583026885986328,10,130,0.000249326229095459
SLIM*MIX_oms_pat5_fn-full_extended_const-small_ints_latent2048,9057152a-801c-11f1-8d02-2c7ba0e6fa90,synthetic_prior,0,13,0.9988105297088623,0.2668585777282715,16859.0,0.9957542419433594,30.930124282836914,0.0008463859558105469,0.998119592666626,2019.97900390625,-0.0005183219909667969,0.9980763792991638,162.3148193359375,0.0011584162712097168,0.9990313053131104,0.021101467311382294,7.086992263793945e-05,1.0085759162902832,9.936833381652832,-0.0203171968460083,1.0001124143600464,16.707618713378906,-0.0011968612670898438,9,114,0.0003783106803894043
SLIM*MIX_oms_pat5_fn-full_extended_const-small_ints_latent2048,9057152a-801c-11f1-8d02-2c7ba0e6fa90,synthetic_prior,0,14,0.9987975358963013,0.3373885154724121,18084.0,0.9954217672348022,30.919797897338867,0.0015134215354919434,0.998388409614563,2020.5230712890625,-0.001057267189025879,0.9979316592216492,162.29127502441406,0.0014481544494628906,0.9987492561340332,0.021095512434840202,0.0006353259086608887,1.0147557258605957,9.997719764709473,-0.032859086990356445,1.000333309173584,16.7113094329834,-0.001639246940612793,8,96,0.0004042983055114746
SLIM*MIX_oms_pat5_fn-full_extended_const-small_ints_latent2048,9057152a-801c-11f1-8d02-2c7ba0e6fa90,synthetic_prior,0,15,0.9987975358963013,0.2759251594543457,19899.0,0.9954217672348022,30.919797897338867,0.0015134215354919434,0.998388409614563,2020.5230712890625,-0.001057267189025879,0.9979316592216492,162.29127502441406,0.0014481544494628906,0.9987492561340332,0.021095512434840202,0.0006353259086608887,1.0147557258605957,9.997719764709473,-0.032859086990356445,1.000333309173584,16.7113094329834,-0.001639246940612793,8,96,0.0004042983055114746
SLIM*MIX_oms_pat5_fn-full_extended_const-small_ints_latent2048,9057152a-801c-11f1-8d02-2c7ba0e6fa90,synthetic_prior,0,16,0.9987780451774597,0.2835085391998291,21032.0,0.9954176545143127,30.9196720123291,0.0015216469764709473,0.9983654618263245,2020.4765625,-0.0010112524032592773,0.9976384043693542,162.24359130859375,0.002034902572631836,0.9994620680809021,0.021110568195581436,-0.0007916688919067383,1.0179054737091064,10.028751373291016,-0.03928101062774658,1.000967264175415,16.721900939941406,-0.002909064292907715,8,102,0.0004432797431945801
SLIM*MIX_oms_pat5_fn-full_extended_const-small_ints_latent2048,9057152a-801c-11f1-8d02-2c7ba0e6fa90,synthetic_prior,0,17,0.9987753033638,0.2832612991333008,23014.0,0.9953108429908752,30.916353225708008,0.001735985279083252,0.9986907243728638,2021.1348876953125,-0.0016636848449707031,0.9975693821907043,162.2323760986328,0.0021729469299316406,0.997532844543457,0.02106981910765171,0.003068089485168457,1.0149108171463013,9.999246597290039,-0.033174872398376465,1.0001764297485352,16.708688735961914,-0.0013250112533569336,9,115,0.000448763370513916
SLIM*MIX_oms_pat5_fn-full_extended_const-small_ints_latent2048,9057152a-801c-11f1-8d02-2c7ba0e6fa90,synthetic_prior,0,18,0.9987543821334839,0.26827168464660645,24061.0,0.9961085319519043,30.941133499145508,0.00013524293899536133,0.9979787468910217,2019.69384765625,-0.0002359151840209961,0.9977589249610901,162.26319885253906,0.0017938017845153809,0.9989697337150574,0.02110016904771328,0.00019407272338867188,1.0106419324874878,9.957189559936523,-0.024501800537109375,1.0001040697097778,16.707481384277344,-0.0011801719665527344,11,145,0.0004906654357910156
SLIM*MIX_oms_pat5_fn-full_extended_const-small_ints_latent2048,9057152a-801c-11f1-8d02-2c7ba0e6fa90,synthetic_prior,0,19,0.998716413974762,0.2982919216156006,24910.0,0.9960778951644897,30.9401798248291,0.00019669532775878906,0.998230516910553,2020.203369140625,-0.0007407665252685547,0.9975125789642334,162.22314453125,0.0022866129875183105,0.9976304769515991,0.02107188105583191,0.0028730034828186035,1.014857530593872,9.998722076416016,-0.033066391944885254,0.999603807926178,16.699121475219727,-0.00017881393432617188,12,160,0.0005666613578796387
SLIM*MIX_oms_pat5_fn-full_extended_const-small_ints_latent2048,9057152a-801c-11f1-8d02-2c7ba0e6fa90,synthetic_prior,0,20,0.998716413974762,0.2859623432159424,26253.0,0.9960778951644897,30.9401798248291,0.00019669532775878906,0.998230516910553,2020.203369140625,-0.0007407665252685547,0.9975125789642334,162.22314453125,0.0022866129875183105,0.9976304769515991,0.02107188105583191,0.0028730034828186035,1.014857530593872,9.998722076416016,-0.033066391944885254,0.999603807926178,16.699121475219727,-0.00017881393432617188,12,160,0.0005666613578796387
SLIM*MIX_oms_pat5_fn-full_extended_const-small_ints_latent2048,9057152a-801c-11f1-8d02-2c7ba0e6fa90,synthetic_prior,0,21,0.998716413974762,0.2907111644744873,27519.0,0.9960778951644897,30.9401798248291,0.00019669532775878906,0.998230516910553,2020.203369140625,-0.0007407665252685547,0.9975125789642334,162.22314453125,0.0022866129875183105,0.9976304769515991,0.02107188105583191,0.0028730034828186035,1.014857530593872,9.998722076416016,-0.033066391944885254,0.999603807926178,16.699121475219727,-0.00017881393432617188,12,160,0.0005666613578796387
SLIM*MIX_oms_pat5_fn-full_extended_const-small_ints_latent2048,9057152a-801c-11f1-8d02-2c7ba0e6fa90,synthetic_prior,0,22,0.9986752867698669,0.2828209400177002,28406.0,0.9963235855102539,30.947813034057617,-0.00029647350311279297,0.9970074892044067,2017.7283935546875,0.0017099380493164062,0.9985334873199463,162.38916015625,0.00024330615997314453,0.9984312057495117,0.021088793873786926,0.0012717247009277344,1.0096549987792969,9.947464942932129,-0.022501707077026367,0.9989656209945679,16.688461303710938,0.0010979175567626953,18,243,0.0006489753723144531
SLIM*MIX_oms_pat5_fn-full_extended_const-small_ints_latent2048,9057152a-801c-11f1-8d02-2c7ba0e6fa90,synthetic_prior,0,23,0.9986706376075745,0.31418681144714355,28421.0,0.9964461922645569,30.951618194580078,-0.000542759895324707,0.9967589974403381,2017.2254638671875,0.002207517623901367,0.9984368681907654,162.37344360351562,0.0004368424415588379,0.9969297051429749,0.02105708047747612,0.00427323579788208,1.012610912322998,9.976588249206543,-0.028497695922851562,0.9989286661148071,16.68784523010254,0.0011718273162841797,17,229,0.0006583333015441895
SLIM*MIX_oms_pat5_fn-full_extended_const-small_ints_latent2048,9057152a-801c-11f1-8d02-2c7ba0e6fa90,synthetic_prior,0,24,0.9986187219619751,0.2985234260559082,31002.0,0.9963286519050598,30.947967529296875,-0.00030672550201416016,0.9971621632575989,2018.0413818359375,0.0014001131057739258,0.9985023140907288,162.38409423828125,0.0003058314323425293,0.9972755312919617,0.021064383909106255,0.0035823583602905273,1.0081592798233032,9.93272876739502,-0.019474506378173828,1.0004431009292603,16.713144302368164,-0.0018589496612548828,18,241,0.0007621049880981445
SLIM*MIX_oms_pat5_fn-full_extended_const-small_ints_latent2048,9057152a-801c-11f1-8d02-2c7ba0e6fa90,synthetic_prior,0,25,0.9985986351966858,0.2740037441253662,34511.0,0.9962256550788879,30.94477081298828,-9.989738464355469e-05,0.9981444478034973,2020.0294189453125,-0.0005681514739990234,0.9983311295509338,162.3562469482422,0.00064849853515625,1.0028032064437866,0.02118113823235035,-0.007494091987609863,1.0245028734207153,10.093750953674316,-0.05279648303985596,1.0029646158218384,16.755268096923828,-0.006915569305419922,11,142,0.0008023381233215332
SLIM*MIX_oms_pat5_fn-full_extended_const-small_ints_latent2048,9057152a-801c-11f1-8d02-2c7ba0e6fa90,synthetic_prior,0,26,0.9985986351966858,0.31511998176574707,37819.0,0.9962256550788879,30.94477081298828,-9.989738464355469e-05,0.9981444478034973,2020.0294189453125,-0.0005681514739990234,0.9983311295509338,162.3562469482422,0.00064849853515625,1.0028032064437866,0.02118113823235035,-0.007494091987609863,1.0245028734207153,10.093750953674316,-0.05279648303985596,1.0029646158218384,16.755268096923828,-0.006915569305419922,11,142,0.0008023381233215332
SLIM*MIX_oms_pat5_fn-full_extended_const-small_ints_latent2048,9057152a-801c-11f1-8d02-2c7ba0e6fa90,synthetic_prior,0,27,0.9985986351966858,0.392810583114624,41633.0,0.9962256550788879,30.94477081298828,-9.989738464355469e-05,0.9981444478034973,2020.0294189453125,-0.0005681514739990234,0.9983311295509338,162.3562469482422,0.00064849853515625,1.0028032064437866,0.02118113823235035,-0.007494091987609863,1.0245028734207153,10.093750953674316,-0.05279648303985596,1.0029646158218384,16.755268096923828,-0.006915569305419922,11,142,0.0008023381233215332
SLIM*MIX_oms_pat5_fn-full_extended_const-small_ints_latent2048,9057152a-801c-11f1-8d02-2c7ba0e6fa90,synthetic_prior,0,28,0.9985791444778442,0.39359259605407715,45071.0,0.9960245490074158,30.938522338867188,0.0003037452697753906,0.997197687625885,2018.11328125,0.0013290047645568848,0.9984284043312073,162.3720703125,0.00045371055603027344,0.998270571231842,0.021085403859615326,0.0015929341316223145,1.0150364637374878,10.000484466552734,-0.03343057632446289,1.0039163827896118,16.771167755126953,-0.008827447891235352,16,210,0.0008413791656494141
SLIM*MIX_oms_pat5_fn-full_extended_const-small_ints_latent2048,9057152a-801c-11f1-8d02-2c7ba0e6fa90,synthetic_prior,0,29,0.9985747337341309,0.36225056648254395,46762.0,0.9960618019104004,30.939680099487305,0.00022900104522705078,0.9972849488258362,2018.289794921875,0.0011543035507202148,0.9985717535018921,162.3953857421875,0.00016671419143676758,0.99892258644104,0.02109917253255844,0.00028842687606811523,1.0068029165267944,9.919365882873535,-0.016733288764953613,1.0004303455352783,16.71293067932129,-0.0018334388732910156,20,291,0.0008502006530761719
SLIM*MIX_oms_pat5_fn-full_extended_const-small_ints_latent2048,9057152a-801c-11f1-8d02-2c7ba0e6fa90,synthetic_prior,0,30,0.9985483884811401,0.2981712818145752,47448.0,0.996258556842804,30.945791244506836,-0.0001659393310546875,0.9982718229293823,2020.2869873046875,-0.0008234977722167969,0.9982081055641174,162.33624267578125,0.0008947849273681641,1.000266671180725,0.02112756296992302,-0.0024036169052124023,1.0303539037704468,10.151397705078125,-0.06485593318939209,1.0040463209152222,16.773338317871094,-0.009088754653930664,11,140,0.0009029507637023926
SLIM*MIX_oms_pat5_fn-full_extended_const-small_ints_latent2048,9057152a-801c-11f1-8d02-2c7ba0e6fa90,synthetic_prior,0,31,0.9985367655754089,0.2817718982696533,47031.0,0.9957978129386902,30.931480407714844,0.0007589459419250488,0.9983188509941101,2020.3822021484375,-0.0009177923202514648,0.9983330965042114,162.3565673828125,0.0006445646286010742,1.0003135204315186,0.02112855203449726,-0.002497553825378418,1.0471640825271606,10.317017555236816,-0.09988570213317871,1.0070924758911133,16.824228286743164,-0.015220999717712402,12,154,0.0009262561798095703
SLIM*MIX_oms_pat5_fn-full_extended_const-small_ints_latent2048,9057152a-801c-11f1-8d02-2c7ba0e6fa90,synthetic_prior,0,32,0.9985367655754089,0.28229713439941406,47974.0,0.9957978129386902,30.931480407714844,0.0007589459419250488,0.9983188509941101,2020.3822021484375,-0.0009177923202514648,0.9983330965042114,162.3565673828125,0.0006445646286010742,1.0003135204315186,0.02112855203449726,-0.002497553825378418,1.0471640825271606,10.317017555236816,-0.09988570213317871,1.0070924758911133,16.824228286743164,-0.015220999717712402,12,154,0.0009262561798095703
SLIM*MIX_oms_pat5_fn-full_extended_const-small_ints_latent2048,9057152a-801c-11f1-8d02-2c7ba0e6fa90,synthetic_prior,0,33,0.9984888434410095,0.2672102451324463,48639.0,0.9963947534561157,30.950023651123047,-0.0004394054412841797,0.9984124302864075,2020.571533203125,-0.0011055469512939453,0.9981828927993774,162.33213806152344,0.0009453296661376953,1.001502513885498,0.021153666079044342,-0.004882216453552246,1.0432883501052856,10.27883243560791,-0.0917590856552124,1.007710576057434,16.834552764892578,-0.01646745204925537,12,153,0.001022040843963623
SLIM*MIX_oms_pat5_fn-full_extended_const-small_ints_latent2048,9057152a-801c-11f1-8d02-2c7ba0e6fa90,synthetic_prior,0,34,0.9984888434410095,0.2990701198577881,48620.0,0.9963947534561157,30.950023651123047,-0.0004394054412841797,0.9984124302864075,2020.571533203125,-0.0011055469512939453,0.9981828927993774,162.33213806152344,0.0009453296661376953,1.001502513885498,0.021153666079044342,-0.004882216453552246,1.0432883501052856,10.27883243560791,-0.0917590856552124,1.007710576057434,16.834552764892578,-0.01646745204925537,12,153,0.001022040843963623
SLIM*MIX_oms_pat5_fn-full_extended_const-small_ints_latent2048,9057152a-801c-11f1-8d02-2c7ba0e6fa90,synthetic_prior,0,35,0.9984809160232544,0.298616886138916,49514.0,0.9965458512306213,30.954713821411133,-0.0007429122924804688,0.9976845383644104,2019.0985107421875,0.00035369396209716797,0.998630940914154,162.40501403808594,4.8220157623291016e-05,0.9943046569824219,0.021001633256673813,0.009510219097137451,1.0181431770324707,10.03109359741211,-0.03976631164550781,0.9991294145584106,16.691198348999023,0.000770270824432373,22,298,0.0010379552841186523
SLIM*MIX_oms_pat5_fn-full_extended_const-small_ints_latent2048,9057152a-801c-11f1-8d02-2c7ba0e6fa90,synthetic_prior,0,36,0.9984705448150635,0.2812368869781494,48685.0,0.9969621300697327,30.96764373779297,-0.0015790462493896484,0.9977419376373291,2019.2147216796875,0.00023871660232543945,0.9985781908035278,162.39642333984375,0.0001538395881652832,0.9935639500617981,0.020985988900065422,0.01098543405532837,1.0158964395523071,10.008957862854004,-0.03518259525299072,0.9997676014900208,16.701860427856445,-0.0005065202713012695,19,266,0.0010586380958557129
SLIM*MIX_oms_pat5_fn-full_extended_const-small_ints_latent2048,9057152a-801c-11f1-8d02-2c7ba0e6fa90,synthetic_prior,0,37,0.9984668493270874,0.2663459777832031,50022.0,0.9963287711143494,30.94797134399414,-0.0003069639205932617,0.9984723925590515,2020.6929931640625,-0.0012257099151611328,0.9981905221939087,162.33338928222656,0.0009300708770751953,1.000908374786377,0.021141117438673973,-0.0036902427673339844,1.0423858165740967,10.269940376281738,-0.08987081050872803,1.0138553380966187,16.937204360961914,-0.02890145778656006,11,139,0.0010661482810974121
SLIM*MIX_oms_pat5_fn-full_extended_const-small_ints_latent2048,9057152a-801c-11f1-8d02-2c7ba0e6fa90,synthetic_prior,0,38,0.9984668493270874,0.2826073169708252,49472.0,0.9963287711143494,30.94797134399414,-0.0003069639205932617,0.9984723925590515,2020.6929931640625,-0.0012257099151611328,0.9981905221939087,162.33338928222656,0.0009300708770751953,1.000908374786377,0.021141117438673973,-0.0036902427673339844,1.0423858165740967,10.269940376281738,-0.08987081050872803,1.0138553380966187,16.937204360961914,-0.02890145778656006,11,139,0.0010661482810974121
SLIM*MIX_oms_pat5_fn-full_extended_const-small_ints_latent2048,9057152a-801c-11f1-8d02-2c7ba0e6fa90,synthetic_prior,0,39,0.9984455108642578,0.3001368045806885,49312.0,0.9962385296821594,30.94516944885254,-0.00012576580047607422,0.9979278445243835,2019.5909423828125,-0.00013399124145507812,0.998327374458313,162.35565185546875,0.0006560683250427246,1.0063599348068237,0.02125626429915428,-0.014653563499450684,1.0425432920455933,10.271491050720215,-0.09020018577575684,1.0078226327896118,16.83642578125,-0.016693592071533203,14,183,0.0011087656021118164
SLIM*MIX_oms_pat5_fn-full_extended_const-small_ints_latent2048,9057152a-801c-11f1-8d02-2c7ba0e6fa90,synthetic_prior,0,40,0.9984266757965088,0.28354716300964355,48721.0,0.996924877166748,30.966489791870117,-0.0015043020248413086,0.9977588653564453,2019.2489013671875,0.0002047419548034668,0.9982265830039978,162.33924865722656,0.0008578896522521973,0.9904304146766663,0.02091980166733265,0.017213881015777588,1.0246347188949585,10.095049858093262,-0.05306732654571533,1.0003618001937866,16.7117862701416,-0.0016962289810180664,19,281,0.0011464357376098633
SLIM*MIX_oms_pat5_fn-full_extended_const-small_ints_latent2048,9057152a-801c-11f1-8d02-2c7ba0e6fa90,synthetic_prior,0,41,0.9984266757965088,0.2984800338745117,49325.0,0.996924877166748,30.966489791870117,-0.0015043020248413086,0.9977588653564453,2019.2489013671875,0.0002047419548034668,0.9982265830039978,162.33924865722656,0.0008578896522521973,0.9904304146766663,0.02091980166733265,0.017213881015777588,1.0246347188949585,10.095049858093262,-0.05306732654571533,1.0003618001937866,16.7117862701416,-0.0016962289810180664,19,281,0.0011464357376098633
SLIM*MIX_oms_pat5_fn-full_extended_const-small_ints_latent2048,9057152a-801c-11f1-8d02-2c7ba0e6fa90,synthetic_prior,0,42,0.9984266757965088,0.2824084758758545,49199.0,0.996924877166748,30.966489791870117,-0.0015043020248413086,0.9977588653564453,2019.2489013671875,0.0002047419548034668,0.9982265830039978,162.33924865722656,0.0008578896522521973,0.9904304146766663,0.02091980166733265,0.017213881015777588,1.0246347188949585,10.095049858093262,-0.05306732654571533,1.0003618001937866,16.7117862701416,-0.0016962289810180664,19,281,0.0011464357376098633
SLIM*MIX_oms_pat5_fn-full_extended_const-small_ints_latent2048,9057152a-801c-11f1-8d02-2c7ba0e6fa90,synthetic_prior,0,43,0.9984266757965088,0.2829461097717285,48373.0,0.996924877166748,30.966489791870117,-0.0015043020248413086,0.9977588653564453,2019.2489013671875,0.0002047419548034668,0.9982265830039978,162.33924865722656,0.0008578896522521973,0.9904304146766663,0.02091980166733265,0.017213881015777588,1.0246347188949585,10.095049858093262,-0.05306732654571533,1.0003618001937866,16.7117862701416,-0.0016962289810180664,19,281,0.0011464357376098633
SLIM*MIX_oms_pat5_fn-full_extended_const-small_ints_latent2048,9057152a-801c-11f1-8d02-2c7ba0e6fa90,synthetic_prior,0,44,0.9984104037284851,0.282745361328125,48492.0,0.9968357682228088,30.963720321655273,-0.0013251304626464844,0.9976996183395386,2019.12890625,0.0003235340118408203,0.9981923699378967,162.3336944580078,0.0009263753890991211,0.9899067878723145,0.020908743143081665,0.018252849578857422,1.025503158569336,10.103607177734375,-0.05485332012176514,1.0001118183135986,16.707611083984375,-0.0011957883834838867,20,295,0.001179039478302002
SLIM*MIX_oms_pat5_fn-full_extended_const-small_ints_latent2048,9057152a-801c-11f1-8d02-2c7ba0e6fa90,synthetic_prior,0,45,0.9984104037284851,0.2983853816986084,49012.0,0.9968357682228088,30.963720321655273,-0.0013251304626464844,0.9976996183395386,2019.12890625,0.0003235340118408203,0.9981923699378967,162.3336944580078,0.0009263753890991211,0.9899067878723145,0.020908743143081665,0.018252849578857422,1.025503158569336,10.103607177734375,-0.05485332012176514,1.0001118183135986,16.707611083984375,-0.0011957883834838867,20,295,0.001179039478302002
SLIM*MIX_oms_pat5_fn-full_extended_const-small_ints_latent2048,9057152a-801c-11f1-8d02-2c7ba0e6fa90,synthetic_prior,0,46,0.9983954429626465,0.2512509822845459,50657.0,0.9965515732765198,30.954893112182617,-0.0007543563842773438,0.9979759454727173,2019.688232421875,-0.00023031234741210938,0.9989852905273438,162.462646484375,-0.0006616115570068359,0.9910109043121338,0.020932061597704887,0.016061604022979736,1.031619906425476,10.163871765136719,-0.06747448444366455,0.9995920062065125,16.698925018310547,-0.0001552104949951172,21,292,0.001208961009979248
SLIM*MIX_oms_pat5_fn-full_extended_const-small_ints_latent2048,9057152a-801c-11f1-8d02-2c7ba0e6fa90,synthetic_prior,0,47,0.9983939528465271,0.29857301712036133,51119.0,0.996322512626648,30.947776794433594,-0.0002943277359008789,0.9978229999542236,2019.3787841796875,7.617473602294922e-05,0.9990827441215515,162.47848510742188,-0.0008568763732910156,0.9869173765182495,0.020845599472522736,0.024173319339752197,1.0343295335769653,10.190567970275879,-0.07308948040008545,0.997903048992157,16.670711517333984,0.003221750259399414,25,338,0.0012119412422180176
SLIM*MIX_oms_pat5_fn-full_extended_const-small_ints_latent2048,9057152a-801c-11f1-8d02-2c7ba0e6fa90,synthetic_prior,0,48,0.9983818531036377,0.3125476837158203,53351.0,0.9966106414794922,30.956729888916016,-0.0008730888366699219,0.9981495141983032,2020.0394287109375,-0.0005782842636108398,0.9989364147186279,162.45469665527344,-0.0005636215209960938,0.9904894828796387,0.020921049639582634,0.01709669828414917,1.0345903635025024,10.193136215209961,-0.073630690574646,0.9994562268257141,16.696659088134766,0.00011646747589111328,21,293,0.0012361407279968262
SLIM*MIX_oms_pat5_fn-full_extended_const-small_ints_latent2048,9057152a-801c-11f1-8d02-2c7ba0e6fa90,synthetic_prior,0,49,0.9983659982681274,0.25192689895629883,54122.0,0.9965161681175232,30.953792572021484,-0.0006831884384155273,0.9978581666946411,2019.4498291015625,5.7220458984375e-06,0.9989781379699707,162.4614715576172,-0.0006473064422607422,0.9868481755256653,0.02084413915872574,0.02431023120880127,1.038830041885376,10.234908103942871,-0.08244812488555908,0.9992324709892273,16.69291877746582,0.0005642175674438477,25,342,0.0012679100036621094
SLIM*MIX_oms_pat5_fn-full_extended_const-small_ints_latent2048,9057152a-801c-11f1-8d02-2c7ba0e6fa90,synthetic_prior,0,50,0.9983490705490112,0.27105069160461426,55465.0,0.9961831569671631,30.943449020385742,-1.4543533325195312e-05,0.9979310631752014,2019.597412109375,-0.0001404285430908203,0.9984907507896423,162.3822021484375,0.00032895803451538086,0.9995957612991333,0.02111339382827282,-0.0010595321655273438,1.0241619348526,10.09039306640625,-0.052096009254455566,1.0116221904754639,16.899898529052734,-0.024374008178710938,17,247,0.0013017654418945312
SLIM*MIX_oms_pat5_fn-full_extended_const-small_ints_latent2048,9057152a-801c-11f1-8d02-2c7ba0e6fa90,synthetic_prior,0,51,0.9983416199684143,0.2648758888244629,57569.0,0.9961819648742676,30.94341278076172,-1.2159347534179688e-05,0.9979351758956909,2019.6058349609375,-0.00014853477478027344,0.9984739422798157,162.37948608398438,0.00036257505416870117,0.9995917677879333,0.021113306283950806,-0.0010514259338378906,1.0256584882736206,10.105135917663574,-0.05517280101776123,1.0123417377471924,16.91192054748535,-0.02583169937133789,18,261,0.0013166069984436035
SLIM*MIX_oms_pat5_fn-full_extended_const-small_ints_latent2048,9057152a-801c-11f1-8d02-2c7ba0e6fa90,synthetic_prior,0,52,0.9983372092247009,0.28647661209106445,59117.0,0.996184766292572,30.943500518798828,-1.7881393432617188e-05,0.9979429841041565,2019.6217041015625,-0.00016427040100097656,0.9984658360481262,162.37815856933594,0.0003789067268371582,0.9997178316116333,0.021115971729159355,-0.001304030418395996,1.0288535356521606,10.136614799499512,-0.06175696849822998,1.0143955945968628,16.946231842041016,-0.029998421669006348,18,262,0.0013254284858703613
SLIM*MIX_oms_pat5_fn-full_extended_const-small_ints_latent2048,9057152a-801c-11f1-8d02-2c7ba0e6fa90,synthetic_prior,0,53,0.9983289837837219,0.2762141227722168,61072.0,0.9961567521095276,30.942626953125,3.8504600524902344e-05,0.9977051615715027,2019.140380859375,0.0003123283386230469,0.9980522394180298,162.31089782714844,0.001206815242767334,0.9839895367622375,0.02078375779092312,0.02995467185974121,1.0214757919311523,10.06392765045166,-0.046584248542785645,0.9974511861801147,16.663162231445312,0.004124283790588379,21,302,0.0013419389724731445
SLIM*MIX_oms_pat5_fn-full_extended_const-small_ints_latent2048,9057152a-801c-11f1-8d02-2c7ba0e6fa90,synthetic_prior,0,54,0.998403012752533,0.2773559093475342,61589.0,0.9964092373847961,30.950471878051758,-0.0004686117172241211,0.9981244802474976,2019.989013671875,-0.0005282163619995117,0.9987826347351074,162.42967224121094,-0.000255584716796875,0.9874023795127869,0.020855844020843506,0.023213982582092285,1.0290005207061768,10.13806438446045,-0.06206047534942627,0.9965811967849731,16.64862823486328,0.005860745906829834,27,370,0.0011938214302062988
SLIM*MIX_oms_pat5_fn-full_extended_const-small_ints_latent2048,9057152a-801c-11f1-8d02-2c7ba0e6fa90,synthetic_prior,0,55,0.9982924461364746,0.2782478332519531,62091.0,0.9957451820373535,30.929841995239258,0.000864565372467041,0.9981442093849182,2020.02880859375,-0.0005676746368408203,0.9976972937583923,162.253173828125,0.001917123794555664,0.9876310229301453,0.02086067385971546,0.022761642932891846,1.0141894817352295,9.99213981628418,-0.03170657157897949,0.99610835313797,16.640727996826172,0.006803929805755615,25,360,0.0014150738716125488
SLIM*MIX_oms_pat5_fn-full_extended_const-small_ints_latent2048,9057152a-801c-11f1-8d02-2c7ba0e6fa90,synthetic_prior,0,56,0.9983749985694885,0.2701759338378906,62211.0,0.9958311915397644,30.93251609802246,0.0006919503211975098,0.9983816742897034,2020.5093994140625,-0.0010437965393066406,0.9978901147842407,162.28453063964844,0.0015313029289245605,0.9894886016845703,0.020899908617138863,0.01908212900161743,1.0105384588241577,9.956168174743652,-0.0242917537689209,0.9967974424362183,16.652240753173828,0.005429267883300781,22,313,0.001249849796295166
SLIM*MIX_oms_pat5_fn-full_extended_const-small_ints_latent2048,9057152a-801c-11f1-8d02-2c7ba0e6fa90,synthetic_prior,0,57,0.998374342918396,0.2538020610809326,63508.0,0.9958329796791077,30.932573318481445,0.0006883144378662109,0.9983912110328674,2020.5286865234375,-0.0010629892349243164,0.9978910684585571,162.28468322753906,0.001529395580291748,0.9892194867134094,0.020894227549433708,0.019615530967712402,1.0105372667312622,9.956157684326172,-0.024289608001708984,0.9967408776283264,16.651296615600586,0.005542159080505371,21,299,0.0012511014938354492
SLIM*MIX_oms_pat5_fn-full_extended_const-small_ints_latent2048,9057152a-801c-11f1-8d02-2c7ba0e6fa90,synthetic_prior,0,58,0.9984320998191833,0.270580530166626,63472.0,0.9964427947998047,30.951513290405273,-0.0005359649658203125,0.998147189617157,2020.0347900390625,-0.0005736351013183594,0.9986431002616882,162.406982421875,2.384185791015625e-05,0.9845061898231506,0.020794671028852463,0.028935790061950684,1.0283161401748657,10.131321907043457,-0.060648202896118164,0.9984763264656067,16.680288314819336,0.002076268196105957,25,351,0.0011356472969055176
SLIM*MIX_oms_pat5_fn-full_extended_const-small_ints_latent2048,9057152a-801c-11f1-8d02-2c7ba0e6fa90,synthetic_prior,0,59,0.9982860088348389,0.28591084480285645,63912.0,0.9957181811332703,30.92900848388672,0.0009186863899230957,0.9982078671455383,2020.1575927734375,-0.000695347785949707,0.9978273510932922,162.27432250976562,0.0016568303108215332,0.985519528388977,0.020816072821617126,0.026935815811157227,1.0193325281143188,10.042810440063477,-0.04219698905944824,0.9958669543266296,16.636695861816406,0.007285177707672119,25,353,0.0014278888702392578
SLIM*MIX_oms_pat5_fn-full_extended_const-small_ints_latent2048,9057152a-801c-11f1-8d02-2c7ba0e6fa90,synthetic_prior,0,60,0.9982860088348389,0.2835524082183838,64493.0,0.9957181811332703,30.92900848388672,0.0009186863899230957,0.9982078671455383,2020.1575927734375,-0.000695347785949707,0.9978273510932922,162.27432250976562,0.0016568303108215332,0.985519528388977,0.020816072821617126,0.026935815811157227,1.0193325281143188,10.042810440063477,-0.04219698905944824,0.9958669543266296,16.636695861816406,0.007285177707672119,25,353,0.0014278888702392578
SLIM*MIX_oms_pat5_fn-full_extended_const-small_ints_latent2048,9057152a-801c-11f1-8d02-2c7ba0e6fa90,synthetic_prior,0,61,0.9983664155006409,0.3791027069091797,65760.0,0.9957130551338196,30.928848266601562,0.0009289979934692383,0.9984464049339294,2020.640380859375,-0.0011736154556274414,0.9978446364402771,162.27713012695312,0.0016222596168518066,0.9868417978286743,0.020844005048274994,0.024322807788848877,1.0115004777908325,9.96564769744873,-0.026243209838867188,0.9959685802459717,16.63839340209961,0.007082581520080566,23,326,0.001267075538635254
SLIM*MIX_oms_pat5_fn-full_extended_const-small_ints_latent2048,9057152a-801c-11f1-8d02-2c7ba0e6fa90,synthetic_prior,0,62,0.9982860088348389,0.3974907398223877,66408.0,0.9957181811332703,30.92900848388672,0.0009186863899230957,0.9982078671455383,2020.1575927734375,-0.000695347785949707,0.9978273510932922,162.27432250976562,0.0016568303108215332,0.985519528388977,0.020816072821617126,0.026935815811157227,1.0193325281143188,10.042810440063477,-0.04219698905944824,0.9958669543266296,16.636695861816406,0.007285177707672119,25,353,0.0014278888702392578
SLIM*MIX_oms_pat5_fn-full_extended_const-small_ints_latent2048,9057152a-801c-11f1-8d02-2c7ba0e6fa90,synthetic_prior,0,63,0.9983153939247131,0.3543829917907715,66502.0,0.9968302845954895,30.963550567626953,-0.0013142824172973633,0.9978353977203369,2019.4036865234375,5.137920379638672e-05,0.99924236536026,162.5044403076172,-0.001176595687866211,0.9845602512359619,0.02079581283032894,0.02882915735244751,1.0467756986618042,10.313191413879395,-0.09906995296478271,1.0016018152236938,16.732500076293945,-0.004181027412414551,25,347,0.0013691186904907227
SLIM*MIX_oms_pat5_fn-full_extended_const-small_ints_latent2048,9057152a-801c-11f1-8d02-2c7ba0e6fa90,synthetic_prior,0,64,0.9983375072479248,0.28585267066955566,34250.0,0.9959182739257812,30.935222625732422,0.0005171298980712891,0.9983302354812622,2020.4051513671875,-0.0009405612945556641,0.9978047013282776,162.2706298828125,0.0017022490501403809,0.9874587059020996,0.020857032388448715,0.023102641105651855,1.0115020275115967,9.965662002563477,-0.026246190071105957,0.9955493807792664,16.631391525268555,0.007918179035186768,21,305,0.0013248920440673828
SLIM*MIX_oms_pat5_fn-full_extended_const-small_ints_latent2048,9057152a-801c-11f1-8d02-2c7ba0e6fa90,synthetic_prior,0,65,0.9983375072479248,0.39118480682373047,51335.0,0.9959182739257812,30.935222625732422,0.0005171298980712891,0.9983302354812622,2020.4051513671875,-0.0009405612945556641,0.9978047013282776,162.2706298828125,0.0017022490501403809,0.9874587059020996,0.020857032388448715,0.023102641105651855,1.0115020275115967,9.965662002563477,-0.026246190071105957,0.9955493807792664,16.631391525268555,0.007918179035186768,21,305,0.0013248920440673828
SLIM*MIX_oms_pat5_fn-full_extended_const-small_ints_latent2048,9057152a-801c-11f1-8d02-2c7ba0e6fa90,synthetic_prior,0,66,0.9983358979225159,0.28968000411987305,63916.0,0.9958505034446716,30.933116912841797,0.0006532073020935059,0.9987167119979858,2021.1873779296875,-0.0017157793045043945,0.9978717565536499,162.28152465820312,0.0015680789947509766,0.98575359582901,0.020821018144488335,0.026473402976989746,1.0150270462036133,10.000391960144043,-0.033411502838134766,0.9973808526992798,16.6619873046875,0.004264771938323975,24,375,0.0013280510902404785
SLIM*MIX_oms_pat5_fn-full_extended_const-small_ints_latent2048,9057152a-801c-11f1-8d02-2c7ba0e6fa90,synthetic_prior,0,67,0.998347282409668,0.30158352851867676,67537.0,0.9958795309066772,30.934017181396484,0.0005949735641479492,0.998134195804596,2020.008544921875,-0.0005476474761962891,0.9980024099349976,162.30279541015625,0.0013064742088317871,0.9862618446350098,0.020831754431128502,0.02546924352645874,1.0123077630996704,9.973600387573242,-0.027881741523742676,0.9965857267379761,16.648704528808594,0.00585174560546875,23,328,0.0013052821159362793
SLIM*MIX_oms_pat5_fn-full_extended_const-small_ints_latent2048,9057152a-801c-11f1-8d02-2c7ba0e6fa90,synthetic_prior,0,68,0.9983886480331421,0.2618441581726074,67961.0,0.9962502717971802,30.94553565979004,-0.00014925003051757812,0.9989653825759888,2021.690673828125,-0.002214670181274414,0.9978721737861633,162.2816162109375,0.0015671849250793457,0.9849103093147278,0.020803207531571388,0.028138339519500732,1.0188896656036377,10.038448333740234,-0.04129171371459961,0.9963294863700867,16.644424438476562,0.006362855434417725,26,402,0.0012224912643432617
SLIM*MIX_oms_pat5_fn-full_extended_const-small_ints_latent2048,9057152a-801c-11f1-8d02-2c7ba0e6fa90,synthetic_prior,0,69,0.9984356164932251,0.33286237716674805,34652.0,0.9957000613212585,30.928443908691406,0.0009551048278808594,0.9989170432090759,2021.593017578125,-0.002117753028869629,0.9971594214439392,162.1656951904297,0.0029929280281066895,0.98264479637146,0.020755354315042496,0.0326041579246521,1.0114226341247559,9.96488094329834,-0.026085257530212402,0.9964890480041504,16.6470890045166,0.006044626235961914,24,332,0.0011284947395324707
SLIM*MIX_oms_pat5_fn-full_extended_const-small_ints_latent2048,9057152a-801c-11f1-8d02-2c7ba0e6fa90,synthetic_prior,0,70,0.9984560012817383,0.3217487335205078,53559.0,0.9956381320953369,30.9265193939209,0.0010793805122375488,0.9985958933830261,2020.94287109375,-0.001473546028137207,0.9976767897605896,162.2498321533203,0.001958131790161133,0.9831187725067139,0.020765366032719612,0.03167074918746948,1.0092426538467407,9.943402290344238,-0.021666765213012695,0.9944857954978943,16.613624572753906,0.010036826133728027,22,301,0.001087784767150879
SLIM*MIX_oms_pat5_fn-full_extended_const-small_ints_latent2048,9057152a-801c-11f1-8d02-2c7ba0e6fa90,synthetic_prior,0,71,0.9983347654342651,0.30010390281677246,64475.0,0.9958852529525757,30.934194564819336,0.000583350658416748,0.9981635808944702,2020.06787109375,-0.000606536865234375,0.9979853630065918,162.30003356933594,0.001340627670288086,0.985596776008606,0.020817706361413002,0.02678316831588745,1.0134130716323853,9.984490394592285,-0.030127644538879395,0.9966794848442078,16.650270462036133,0.005664706230163574,25,355,0.0013304352760314941
SLIM*MIX_oms_pat5_fn-full_extended_const-small_ints_latent2048,9057152a-801c-11f1-8d02-2c7ba0e6fa90,synthetic_prior,0,72,0.9983030557632446,0.2862520217895508,67751.0,0.9953839778900146,30.918622970581055,0.0015892386436462402,0.9987228512763977,2021.199951171875,-0.0017281770706176758,0.9976179599761963,162.24026489257812,0.0020758509635925293,0.9846141934394836,0.02079695276916027,0.028722703456878662,1.0201473236083984,10.0508394241333,-0.043863892555236816,0.995306670665741,16.627336502075195,0.008401989936828613,20,285,0.0013937950134277344
SLIM*MIX_oms_pat5_fn-full_extended_const-small_ints_latent2048,9057152a-801c-11f1-8d02-2c7ba0e6fa90,synthetic_prior,0,73,0.9983081221580505,0.2584707736968994,69709.0,0.9959725141525269,30.936908721923828,0.0004082322120666504,0.9982125163078308,2020.1671142578125,-0.000704646110534668,0.9982584714889526,162.3444366455078,0.0007939338684082031,0.986077606678009,0.02082786150276661,0.0258333683013916,1.0152878761291504,10.002962112426758,-0.03394269943237305,0.9967983961105347,16.65225601196289,0.005427360534667969,27,382,0.0013836026191711426
SLIM*MIX_oms_pat5_fn-full_extended_const-small_ints_latent2048,9057152a-801c-11f1-8d02-2c7ba0e6fa90,synthetic_prior,0,74,0.9983094334602356,0.31787776947021484,35851.0,0.9959983825683594,30.937711715698242,0.00035637617111206055,0.9981551170349121,2020.0509033203125,-0.0005896091461181641,0.9983083605766296,162.35255432128906,0.0006940960884094238,0.9876640439033508,0.020861370489001274,0.022696316242218018,1.0127023458480835,9.977487564086914,-0.028683185577392578,0.9970428943634033,16.656341552734375,0.004939377307891846,28,395,0.0013810396194458008
SLIM*MIX_oms_pat5_fn-full_extended_const-small_ints_latent2048,9057152a-801c-11f1-8d02-2c7ba0e6fa90,synthetic_prior,0,75,0.9983169436454773,0.30187296867370605,56148.0,0.9956676363945007,30.92743492126465,0.0010202527046203613,0.9979503750801086,2019.636474609375,-0.00017905235290527344,0.9979833960533142,162.29969787597656,0.0013445615768432617,0.9857495427131653,0.02082093432545662,0.02648138999938965,1.014418125152588,9.994393348693848,-0.03217196464538574,0.9983651041984558,16.678430557250977,0.002298593521118164,27,381,0.001365959644317627
SLIM*MIX_oms_pat5_fn-full_extended_const-small_ints_latent2048,9057152a-801c-11f1-8d02-2c7ba0e6fa90,synthetic_prior,0,76,0.9983204007148743,0.2860124111175537,67938.0,0.9956979155540466,30.928373336791992,0.0009593963623046875,0.9979162812232971,2019.567626953125,-0.00011074542999267578,0.998100996017456,162.31883239746094,0.0011091828346252441,0.9855673313140869,0.02081708423793316,0.026841342449188232,1.0157734155654907,10.007746696472168,-0.03493201732635498,0.9983603954315186,16.67835235595703,0.0023078322410583496,25,350,0.0013590455055236816
SLIM*MIX_oms_pat5_fn-full_extended_const-small_ints_latent2048,9057152a-801c-11f1-8d02-2c7ba0e6fa90,synthetic_prior,0,77,0.9983215928077698,0.25516295433044434,70698.0,0.9957634210586548,30.930408477783203,0.0008279681205749512,0.9979871511459351,2019.7109375,-0.00025284290313720703,0.9979368448257446,162.29212951660156,0.0014377236366271973,0.985657274723053,0.020818984135985374,0.02666372060775757,1.0154496431350708,10.004555702209473,-0.03427231311798096,0.9983976483345032,16.678974151611328,0.002233445644378662,23,328,0.001356661319732666
SLIM*MIX_oms_pat5_fn-full_extended_const-small_ints_latent2048,9057152a-801c-11f1-8d02-2c7ba0e6fa90,synthetic_prior,0,78,0.9983459711074829,0.3008615970611572,71370.0,0.9952899217605591,30.915700912475586,0.0017780065536499023,0.9981038570404053,2019.9471435546875,-0.00048673152923583984,0.9977296590805054,162.25843811035156,0.001852273941040039,0.9819968938827515,0.020741667598485947,0.03387951850891113,1.0081392526626587,9.93253231048584,-0.019434094429016113,0.9974783062934875,16.66361427307129,0.0040702223777771,27,399,0.0013079643249511719
SLIM*MIX_oms_pat5_fn-full_extended_const-small_ints_latent2048,9057152a-801c-11f1-8d02-2c7ba0e6fa90,synthetic_prior,0,79,0.9983465075492859,0.31609010696411133,37382.0,0.9959880709648132,30.937389373779297,0.0003769993782043457,0.9981730580329895,2020.0872802734375,-0.0006254911422729492,0.998098611831665,162.31845092773438,0.0011139512062072754,0.986216127872467,0.0208307895809412,0.025559604167938232,1.0128755569458008,9.979195594787598,-0.029035329818725586,0.9969048500061035,16.654035568237305,0.005214989185333252,25,365,0.0013068914413452148
SLIM*MIX_oms_pat5_fn-full_extended_const-small_ints_latent2048,9057152a-801c-11f1-8d02-2c7ba0e6fa90,synthetic_prior,0,80,0.998357355594635,0.31733107566833496,56553.0,0.9960352182388306,30.938852310180664,0.0002824068069458008,0.9979862570762634,2019.7091064453125,-0.0002510547637939453,0.9983246326446533,162.35519409179688,0.0006614923477172852,0.9867507219314575,0.02084208093583584,0.024502933025360107,1.012816309928894,9.97861099243164,-0.028914809226989746,0.997245728969574,16.65972900390625,0.004534542560577393,27,390,0.0012851357460021973
SLIM*MIX_oms_pat5_fn-full_extended_const-small_ints_latent2048,9057152a-801c-11f1-8d02-2c7ba0e6fa90,synthetic_prior,0,81,0.9983496069908142,0.3792130947113037,71216.0,0.9960854053497314,30.940412521362305,0.00018167495727539062,0.9980834722518921,2019.9058837890625,-0.00044596195220947266,0.9976738095283508,162.2493438720703,0.0019641518592834473,0.9865898489952087,0.020838681608438492,0.024820983409881592,1.020199179649353,10.051350593566895,-0.04396998882293701,1.0001975297927856,16.709041595458984,-0.001367330551147461,28,391,0.0013007521629333496
SLIM*MIX_oms_pat5_fn-full_extended_const-small_ints_latent2048,9057152a-801c-11f1-8d02-2c7ba0e6fa90,synthetic_prior,0,82,0.9983150959014893,0.34960317611694336,73734.0,0.9959558248519897,30.93638801574707,0.0004417896270751953,0.9981117844581604,2019.9630126953125,-0.0005025863647460938,0.9982563257217407,162.34408569335938,0.0007982254028320312,0.9851953983306885,0.020809229463338852,0.027575671672821045,1.014471411705017,9.994917869567871,-0.0322803258895874,0.997371256351471,16.661827087402344,0.00428396463394165,25,357,0.0013697147369384766
SLIM*MIX_oms_pat5_fn-full_extended_const-small_ints_latent2048,9057152a-801c-11f1-8d02-2c7ba0e6fa90,synthetic_prior,0,83,0.9984187483787537,0.4295797348022461,74170.0,0.9960446953773499,30.93914794921875,0.00026339292526245117,0.9980978965759277,2019.93505859375,-0.0004748106002807617,0.9986289739608765,162.40469360351562,5.21540641784668e-05,0.9835729002952576,0.020774956792593002,0.03077596426010132,1.0158238410949707,10.008241653442383,-0.03503453731536865,0.9992613792419434,16.693401336669922,0.0005063414573669434,28,394,0.0011623501777648926
SLIM*MIX_oms_pat5_fn-full_extended_const-small_ints_latent2048,9057152a-801c-11f1-8d02-2c7ba0e6fa90,synthetic_prior,0,84,0.9983715415000916,0.36713743209838867,38365.0,0.9959686398506165,30.936786651611328,0.00041610002517700195,0.9978772401809692,2019.488525390625,-3.24249267578125e-05,0.9985156059265137,162.38624572753906,0.0002791881561279297,0.9837196469306946,0.020778058096766472,0.030486762523651123,1.0131334066390991,9.981735229492188,-0.02955913543701172,0.9996299147605896,16.699560165405273,-0.00023114681243896484,29,423,0.0012567639350891113
SLIM*MIX_oms_pat5_fn-full_extended_const-small_ints_latent2048,9057152a-801c-11f1-8d02-2c7ba0e6fa90,synthetic_prior,0,85,0.9983784556388855,0.3024306297302246,60566.0,0.9960821270942688,30.940309524536133,0.00018829107284545898,0.998043417930603,2019.8248291015625,-0.0003656148910522461,0.9985191226005554,162.38682556152344,0.0002720952033996582,0.9878135323524475,0.02086452767252922,0.022400498390197754,1.0111244916915894,9.961942672729492,-0.025480270385742188,1.0001765489578247,16.70869255065918,-0.001325368881225586,26,366,0.0012429356575012207
SLIM*MIX_oms_pat5_fn-full_extended_const-small_ints_latent2048,9057152a-801c-11f1-8d02-2c7ba0e6fa90,synthetic_prior,0,86,0.9983344078063965,0.2691822052001953,70721.0,0.9958892464637756,30.9343204498291,0.0005753636360168457,0.9981778860092163,2020.096923828125,-0.0006351470947265625,0.9983330965042114,162.35655212402344,0.0006446242332458496,0.985442578792572,0.020814448595046997,0.027087628841400146,1.015216588973999,10.002260208129883,-0.033797502517700195,0.9974744915962219,16.66355323791504,0.0040776729583740234,30,431,0.001331031322479248
SLIM*MIX_oms_pat5_fn-full_extended_const-small_ints_latent2048,9057152a-801c-11f1-8d02-2c7ba0e6fa90,synthetic_prior,0,87,0.9983584880828857,0.2559020519256592,76914.0,0.9956883192062378,30.928077697753906,0.0009786486625671387,0.9979948997497559,2019.7266845703125,-0.0002683401107788086,0.998479962348938,162.38046264648438,0.0003504753112792969,0.9809203147888184,0.020718930289149284,0.03599673509597778,1.0186487436294556,10.0360746383667,-0.04079926013946533,0.9989396929740906,16.68802833557129,0.0011497735977172852,29,421,0.0012828707695007324
SLIM*MIX_oms_pat5_fn-full_extended_const-small_ints_latent2048,9057152a-801c-11f1-8d02-2c7ba0e6fa90,synthetic_prior,0,88,0.9983194470405579,0.32386207580566406,78726.0,0.9958570599555969,30.933319091796875,0.0006400346755981445,0.9979357123374939,2019.6068115234375,-0.00014972686767578125,0.9985128045082092,162.3857879638672,0.0002847909927368164,0.9809159636497498,0.020718839019536972,0.036005258560180664,1.0181814432144165,10.03147029876709,-0.039844393730163574,0.9987514615058899,16.68488311767578,0.001526176929473877,28,410,0.0013609528541564941
SLIM*MIX_oms_pat5_fn-full_extended_const-small_ints_latent2048,9057152a-801c-11f1-8d02-2c7ba0e6fa90,synthetic_prior,0,89,0.9983248114585876,0.36567163467407227,40453.0,0.9958328604698181,30.93256950378418,0.0006885528564453125,0.9976971745491028,2019.1240234375,0.00032836198806762695,0.9984101057052612,162.3690948486328,0.0004904270172119141,0.9818882346153259,0.020739374682307243,0.03409332036972046,1.0126323699951172,9.976799011230469,-0.028541088104248047,0.9991796612739563,16.69203758239746,0.0006697773933410645,29,414,0.0013502836227416992
SLIM*MIX_oms_pat5_fn-full_extended_const-small_ints_latent2048,9057152a-801c-11f1-8d02-2c7ba0e6fa90,synthetic_prior,0,90,0.9983604550361633,0.35141706466674805,61291.0,0.9961146116256714,30.941320419311523,0.00012302398681640625,0.9978618025779724,2019.4571533203125,-1.5497207641601562e-06,0.9986340403556824,162.40553283691406,4.1961669921875e-05,0.9906523823738098,0.020924489945173264,0.01677340269088745,1.006822943687439,9.919562339782715,-0.016773581504821777,0.9983008503913879,16.67735481262207,0.00242692232131958,30,429,0.0012789368629455566
SLIM*MIX_oms_pat5_fn-full_extended_const-small_ints_latent2048,9057152a-801c-11f1-8d02-2c7ba0e6fa90,synthetic_prior,0,91,0.998328447341919,0.30733489990234375,76926.0,0.9958690404891968,30.933692932128906,0.0006160140037536621,0.9976982474327087,2019.1263427734375,0.0003262162208557129,0.9983676075935364,162.3621826171875,0.0005754828453063965,0.982408344745636,0.020750360563397408,0.03306978940963745,1.0131330490112305,9.981732368469238,-0.029558420181274414,0.9990694522857666,16.690196990966797,0.000890195369720459,28,403,0.0013430118560791016
SLIM*MIX_oms_pat5_fn-full_extended_const-small_ints_latent2048,9057152a-801c-11f1-8d02-2c7ba0e6fa90,synthetic_prior,0,92,0.9983250498771667,0.27966809272766113,81877.0,0.9958281517028809,30.93242073059082,0.0006980299949645996,0.9976933002471924,2019.1162109375,0.0003361701965332031,0.9984089732170105,162.36891174316406,0.0004927515983581543,0.9817723631858826,0.020736927166581154,0.03432124853134155,1.0127650499343872,9.978106498718262,-0.028810620307922363,0.9991447925567627,16.691455841064453,0.0007395148277282715,28,400,0.001349806785583496
SLIM*MIX_oms_pat5_fn-full_extended_const-small_ints_latent2048,9057152a-801c-11f1-8d02-2c7ba0e6fa90,synthetic_prior,0,93,0.9983240962028503,0.3258845806121826,82535.0,0.9958288669586182,30.932443618774414,0.0006965994834899902,0.9979209303855896,2019.5770263671875,-0.0001201629638671875,0.9984895586967468,162.3820037841797,0.0003313422203063965,0.9840388894081116,0.020784800872206688,0.029857397079467773,1.0132654905319214,9.983036994934082,-0.029827594757080078,0.9989367127418518,16.687978744506836,0.0011556744575500488,26,370,0.0013517141342163086
SLIM*MIX_oms_pat5_fn-full_extended_const-small_ints_latent2048,9057152a-801c-11f1-8d02-2c7ba0e6fa90,synthetic_prior,0,94,0.9983385801315308,0.36583495140075684,42056.0,0.9959225058555603,30.935354232788086,0.000508725643157959,0.9981201887130737,2019.980224609375,-0.0005195140838623047,0.9982117414474487,162.3368377685547,0.0008875727653503418,0.9853187203407288,0.020811833441257477,0.02733224630355835,1.014291524887085,9.993144989013672,-0.03191423416137695,0.9992185831069946,16.69268798828125,0.0005919933319091797,27,387,0.0013227462768554688
SLIM*MIX_oms_pat5_fn-full_extended_const-small_ints_latent2048,9057152a-801c-11f1-8d02-2c7ba0e6fa90,synthetic_prior,0,95,0.998327374458313,0.3330814838409424,58541.0,0.9960238337516785,30.93849754333496,0.0003052949905395508,0.9979866743087769,2019.7100830078125,-0.0002518892288208008,0.9984721541404724,162.37918090820312,0.0003661513328552246,0.986012876033783,0.020826494321227074,0.02596127986907959,1.0114420652389526,9.965071678161621,-0.02612447738647461,0.9987457990646362,16.684789657592773,0.0015374422073364258,27,376,0.0013450980186462402
SLIM*MIX_oms_pat5_fn-full_extended_const-small_ints_latent2048,9057152a-801c-11f1-8d02-2c7ba0e6fa90,synthetic_prior,0,96,0.9983301758766174,0.25893688201904297,75637.0,0.9957414269447327,30.929729461669922,0.0008720755577087402,0.997840404510498,2019.4139404296875,4.13060188293457e-05,0.99853515625,162.38943481445312,0.00024002790451049805,0.9819377660751343,0.020740419626235962,0.03399592638015747,1.0158604383468628,10.0086030960083,-0.03510916233062744,0.9988483190536499,16.68650245666504,0.0013324618339538574,26,377,0.001339554786682129
SLIM*MIX_oms_pat5_fn-full_extended_const-small_ints_latent2048,9057152a-801c-11f1-8d02-2c7ba0e6fa90,synthetic_prior,0,97,0.9983119964599609,0.2540018558502197,81840.0,0.9959366321563721,30.935792922973633,0.00048029422760009766,0.9981094598770142,2019.95849609375,-0.0004980564117431641,0.9981792569160461,162.33155822753906,0.000952601432800293,0.9859175086021423,0.020824480801820755,0.026149630546569824,1.0137717723846436,9.98802375793457,-0.030856847763061523,0.9986477494239807,16.683151245117188,0.001733541488647461,25,362,0.0013759136199951172
SLIM*MIX_oms_pat5_fn-full_extended_const-small_ints_latent2048,9057152a-801c-11f1-8d02-2c7ba0e6fa90,synthetic_prior,0,98,0.9983201026916504,0.2538909912109375,83846.0,0.9960638284683228,30.939741134643555,0.0002250075340270996,0.9976710677146912,2019.0712890625,0.0003806948661804199,0.9984039664268494,162.36810302734375,0.0005027651786804199,0.9886519312858582,0.02088223770260811,0.020740211009979248,1.0142899751663208,9.99312973022461,-0.03191113471984863,0.9957443475723267,16.634647369384766,0.0075296759605407715,30,437,0.001359701156616211
SLIM*MIX_oms_pat5_fn-full_extended_const-small_ints_latent2048,9057152a-801c-11f1-8d02-2c7ba0e6fa90,synthetic_prior,0,99,0.9983162879943848,0.3656117916107178,42750.0,0.9960483312606812,30.939260482788086,0.0002561211585998535,0.9976969957351685,2019.1236572265625,0.0003287792205810547,0.9984474182128906,162.3751678466797,0.0004157423973083496,0.9889811873435974,0.020889192819595337,0.020087897777557373,1.011949062347412,9.97006607055664,-0.027153372764587402,0.9957900643348694,16.635412216186523,0.007438480854034424,31,449,0.0013672709465026855
SLIM*MIX_oms_pat5_fn-full_extended_const-small_ints_latent2048,9057152a-801c-11f1-8d02-2c7ba0e6fa90,synthetic_prior,0,100,0.9982954859733582,0.3025379180908203,67420.0,0.99578857421875,30.931190490722656,0.0007774829864501953,0.9982909560203552,2020.3258056640625,-0.0008620023727416992,0.9980327486991882,162.30772399902344,0.0012458562850952148,0.9850062131881714,0.020805232226848602,0.027949094772338867,1.015777349472046,10.007784843444824,-0.03493988513946533,0.9977033138275146,16.667375564575195,0.0036206841468811035,24,343,0.0014089345932006836
SLIM*MIX_oms_pat5_fn-full_extended_const-small_ints_latent2048,9057152a-801c-11f1-8d02-2c7ba0e6fa90,synthetic_prior,0,101,0.9982958436012268,0.307941198348999,80437.0,0.9960573315620422,30.939538955688477,0.00023806095123291016,0.9979875683784485,2019.7117919921875,-0.0002536773681640625,0.9982006549835205,162.3350372314453,0.0009097456932067871,0.986138641834259,0.020829150453209877,0.025712788105010986,1.0188705921173096,10.038260459899902,-0.041252732276916504,0.9975854158401489,16.665403366088867,0.0038563013076782227,31,445,0.001408219337463379
SLIM*MIX_oms_pat5_fn-full_extended_const-small_ints_latent2048,9057152a-801c-11f1-8d02-2c7ba0e6fa90,synthetic_prior,0,102,0.9982907772064209,0.2697746753692627,85703.0,0.9960725903511047,30.94001579284668,0.00020742416381835938,0.9979648590087891,2019.6658935546875,-0.00020813941955566406,0.9982588887214661,162.34449768066406,0.0007932186126708984,0.9877736568450928,0.020863685756921768,0.02247929573059082,1.0155478715896606,10.005523681640625,-0.03447222709655762,0.9977637529373169,16.668384552001953,0.003500044345855713,32,458,0.0014183521270751953
SLIM*MIX_oms_pat5_fn-full_extended_const-small_ints_latent2048,9057152a-801c-11f1-8d02-2c7ba0e6fa90,synthetic_prior,0,103,0.9982948899269104,0.36859750747680664,86369.0,0.9959241151809692,30.935401916503906,0.0005054473876953125,0.9980428218841553,2019.823486328125,-0.0003644227981567383,0.998200535774231,162.33502197265625,0.0009099245071411133,0.98460853099823,0.02079683169722557,0.02873384952545166,1.0141255855560303,9.991511344909668,-0.03157675266265869,0.9987058043479919,16.684120178222656,0.001617431640625,25,348,0.0014101862907409668
SLIM*MIX_oms_pat5_fn-full_extended_const-small_ints_latent2048,9057152a-801c-11f1-8d02-2c7ba0e6fa90,synthetic_prior,0,104,0.9982753396034241,0.39766573905944824,85166.0,0.9962282776832581,30.94485092163086,-0.00010514259338378906,0.9975542426109314,2018.8348388671875,0.0006147623062133789,0.9983881711959839,162.36553955078125,0.000534355640411377,0.9883347153663635,0.020875537768006325,0.021368563175201416,1.0200848579406738,10.050223350524902,-0.04373598098754883,0.9979017376899719,16.67068862915039,0.0032243728637695312,32,470,0.001449286937713623
SLIM*MIX_oms_pat5_fn-full_extended_const-small_ints_latent2048,9057152a-801c-11f1-8d02-2c7ba0e6fa90,synthetic_prior,0,105,0.9981988072395325,0.3952946662902832,83991.0,0.9956405758857727,30.926597595214844,0.0010744333267211914,0.9988033175468445,2021.3626708984375,-0.0018895864486694336,0.9975665211677551,162.23191833496094,0.0021787285804748535,0.981898844242096,0.02073959819972515,0.03407245874404907,1.0235261917114258,10.084128379821777,-0.05078995227813721,0.9945496916770935,16.61469078063965,0.009909629821777344,23,325,0.0016023516654968262
SLIM*MIX_oms_pat5_fn-full_extended_const-small_ints_latent2048,9057152a-801c-11f1-8d02-2c7ba0e6fa90,synthetic_prior,0,106,0.9983044266700745,0.31693267822265625,85310.0,0.9962071180343628,30.94419288635254,-6.270408630371094e-05,0.9975311160087585,2018.7880859375,0.0006611347198486328,0.9983990788459778,162.36729431152344,0.0005124807357788086,0.989166796207428,0.02089310996234417,0.019720077514648438,1.0163078308105469,10.01301097869873,-0.03602111339569092,0.9975551962852478,16.664899826049805,0.003916561603546143,31,457,0.0013910531997680664
SLIM*MIX_oms_pat5_fn-full_extended_const-small_ints_latent2048,9057152a-801c-11f1-8d02-2c7ba0e6fa90,synthetic_prior,0,107,0.9982435703277588,0.23846101760864258,85714.0,0.9958573579788208,30.933326721191406,0.0006394386291503906,0.9982256889343262,2020.1937255859375,-0.0007309913635253906,0.9979003667831421,162.28619384765625,0.0015107393264770508,0.9844018816947937,0.020792469382286072,0.029141485691070557,1.0221788883209229,10.070855140686035,-0.04802560806274414,0.9963057041168213,16.644025802612305,0.006410360336303711,23,326,0.001512765884399414
SLIM*MIX_oms_pat5_fn-full_extended_const-small_ints_latent2048,9057152a-801c-11f1-8d02-2c7ba0e6fa90,synthetic_prior,0,108,0.9981992244720459,0.3080112934112549,84079.0,0.9956389665603638,30.926546096801758,0.0010776519775390625,0.9985355138778687,2020.8206787109375,-0.0013523101806640625,0.9982211589813232,162.33836364746094,0.0008686184883117676,0.9843505024909973,0.02079138159751892,0.02924293279647827,1.0263352394104004,10.111804008483887,-0.05656576156616211,0.9964185357093811,16.645912170410156,0.006185173988342285,24,338,0.0016014575958251953
SLIM*MIX_oms_pat5_fn-full_extended_const-small_ints_latent2048,9057152a-801c-11f1-8d02-2c7ba0e6fa90,synthetic_prior,0,109,0.9982135891914368,0.28650951385498047,84091.0,0.9956973791122437,30.928359985351562,0.0009604692459106445,0.9983389377593994,2020.4229736328125,-0.0009582042694091797,0.9979048371315002,162.2869110107422,0.0015018582344055176,0.9797530174255371,0.020694274455308914,0.03828972578048706,1.0238759517669678,10.087575912475586,-0.051508426666259766,0.9957210421562195,16.634258270263672,0.007576048374176025,22,309,0.0015727877616882324
SLIM*MIX_oms_pat5_fn-full_extended_const-small_ints_latent2048,9057152a-801c-11f1-8d02-2c7ba0e6fa90,synthetic_prior,0,110,0.9981727600097656,0.2685222625732422,82006.0,0.9957295656204224,30.929359436035156,0.0008959174156188965,0.9984346628189087,2020.61669921875,-0.0011501312255859375,0.9982271194458008,162.33932495117188,0.0008568167686462402,0.9859755039215088,0.02082570642232895,0.026035070419311523,1.021393060684204,10.063112258911133,-0.046414852142333984,0.996427059173584,16.646053314208984,0.006168246269226074,25,351,0.0016543865203857422
SLIM*MIX_oms_pat5_fn-full_extended_const-small_ints_latent2048,9057152a-801c-11f1-8d02-2c7ba0e6fa90,synthetic_prior,0,111,0.9982048273086548,0.2724308967590332,80003.0,0.9956334233283997,30.92637062072754,0.0010889172554016113,0.9984150528907776,2020.576904296875,-0.0011107921600341797,0.9983528256416321,162.3597869873047,0.0006051063537597656,0.9863878488540649,0.020834414288401604,0.025220274925231934,1.0197007656097412,10.046440124511719,-0.04295015335083008,0.9976097345352173,16.665809631347656,0.003807663917541504,26,363,0.0015903115272521973
SLIM*MIX_oms_pat5_fn-full_extended_const-small_ints_latent2048,9057152a-801c-11f1-8d02-2c7ba0e6fa90,synthetic_prior,0,112,0.9982169270515442,0.2977609634399414,79403.0,0.9956348538398743,30.926416397094727,0.0010859370231628418,0.9987024068832397,2021.1585693359375,-0.001687169075012207,0.997973620891571,162.29811096191406,0.0013641715049743652,0.9839850664138794,0.020783664658665657,0.02996349334716797,1.0192382335662842,10.041882514953613,-0.04200422763824463,0.9968019127845764,16.65231704711914,0.005420327186584473,26,366,0.0015661120414733887
SLIM*MIX_oms_pat5_fn-full_extended_const-small_ints_latent2048,9057152a-801c-11f1-8d02-2c7ba0e6fa90,synthetic_prior,0,113,0.9981715083122253,0.2677431106567383,79347.0,0.9957386255264282,30.929641723632812,0.0008777379989624023,0.9983768463134766,2020.49951171875,-0.0010341405868530273,0.9982869029045105,162.34906005859375,0.0007370114326477051,0.986173152923584,0.020829880610108376,0.02564460039138794,1.019052505493164,10.04005241394043,-0.04162454605102539,0.9963556528091431,16.644859313964844,0.006310760974884033,26,363,0.001656949520111084
SLIM*MIX_oms_pat5_fn-full_extended_const-small_ints_latent2048,9057152a-801c-11f1-8d02-2c7ba0e6fa90,synthetic_prior,0,114,0.9981992244720459,0.3302912712097168,78631.0,0.9956389665603638,30.926546096801758,0.0010776519775390625,0.9985355138778687,2020.8206787109375,-0.0013523101806640625,0.9982211589813232,162.33836364746094,0.0008686184883117676,0.9843505024909973,0.02079138159751892,0.02924293279647827,1.0263352394104004,10.111804008483887,-0.05656576156616211,0.9964185357093811,16.645912170410156,0.006185173988342285,24,338,0.0016014575958251953
SLIM*MIX_oms_pat5_fn-full_extended_const-small_ints_latent2048,9057152a-801c-11f1-8d02-2c7ba0e6fa90,synthetic_prior,0,115,0.9981915950775146,0.2874305248260498,78267.0,0.9959009885787964,30.934682846069336,0.0005518794059753418,0.9980258345603943,2019.7891845703125,-0.00033032894134521484,0.9980246424674988,162.30641174316406,0.0012620091438293457,0.985715389251709,0.020820211619138718,0.026548922061920166,1.0170272588729858,10.020099639892578,-0.037488460540771484,0.9972836375236511,16.660362243652344,0.0044588446617126465,24,338,0.0016167163848876953
SLIM*MIX_oms_pat5_fn-full_extended_const-small_ints_latent2048,9057152a-801c-11f1-8d02-2c7ba0e6fa90,synthetic_prior,0,116,0.9981615543365479,0.2844126224517822,79722.0,0.9961405992507935,30.942127227783203,7.086992263793945e-05,0.9984506964683533,2020.649169921875,-0.0011821985244750977,0.9981409311294556,162.3253173828125,0.0010293126106262207,0.9851221442222595,0.02080768160521984,0.027720212936401367,1.0124421119689941,9.97492504119873,-0.028154611587524414,0.9968528151512146,16.653165817260742,0.005318701267242432,27,380,0.0016768574714660645
SLIM*MIX_oms_pat5_fn-full_extended_const-small_ints_latent2048,9057152a-801c-11f1-8d02-2c7ba0e6fa90,synthetic_prior,0,117,0.9982317090034485,0.26619982719421387,79317.0,0.9959937930107117,30.93756866455078,0.0003654956817626953,0.9985979795455933,2020.9471435546875,-0.0014775991439819336,0.9980789422988892,162.31521606445312,0.001153409481048584,0.9858368635177612,0.020822778344154358,0.026308894157409668,1.0173715353012085,10.023490905761719,-0.03819084167480469,0.9961481690406799,16.641393661499023,0.006724536418914795,23,325,0.001536548137664795
SLIM*MIX_oms_pat5_fn-full_extended_const-small_ints_latent2048,9057152a-801c-11f1-8d02-2c7ba0e6fa90,synthetic_prior,0,118,0.9981818199157715,0.26804327964782715,77460.0,0.9952617883682251,30.91482925415039,0.0018343329429626465,0.9990382194519043,2021.838134765625,-0.002360820770263672,0.9982774257659912,162.34751892089844,0.0007560253143310547,0.9865646362304688,0.020838148891925812,0.024870872497558594,1.0224285125732422,10.07331371307373,-0.048537373542785645,0.9951293468475342,16.624374389648438,0.008755207061767578,25,356,0.0016362667083740234
SLIM*MIX_oms_pat5_fn-full_extended_const-small_ints_latent2048,9057152a-801c-11f1-8d02-2c7ba0e6fa90,synthetic_prior,0,119,0.9982041716575623,0.2831122875213623,76886.0,0.9961245059967041,30.941627502441406,0.00010317564010620117,0.9978460073471069,2019.42529296875,3.0040740966796875e-05,0.9985175132751465,162.38656616210938,0.0002753734588623047,0.993009626865387,0.020974280312657356,0.012088596820831299,1.016447901725769,10.01439094543457,-0.03630661964416504,0.9992226362228394,16.6927547454834,0.0005837678909301758,30,423,0.0015915632247924805
SLIM*MIX_oms_pat5_fn-full_extended_const-small_ints_latent2048,9057152a-801c-11f1-8d02-2c7ba0e6fa90,synthetic_prior,0,120,0.9981603622436523,0.3451709747314453,76628.0,0.9952353835105896,30.91400909423828,0.0018873810768127441,0.998947262763977,2021.654052734375,-0.0021783113479614258,0.9979709982872009,162.2976837158203,0.0013694167137145996,0.9849984049797058,0.02080506831407547,0.027964472770690918,1.024543046951294,10.094146728515625,-0.05287885665893555,0.9963040351867676,16.643999099731445,0.006413638591766357,26,365,0.00167924165725708
SLIM*MIX_oms_pat5_fn-full_extended_const-small_ints_latent2048,9057152a-801c-11f1-8d02-2c7ba0e6fa90,synthetic_prior,0,121,0.9981962442398071,0.31436800956726074,75528.0,0.9961119294166565,30.94123649597168,0.0001283884048461914,0.9978504776954651,2019.4342041015625,2.1159648895263672e-05,0.9985255599021912,162.38787841796875,0.00025922060012817383,0.9932302236557007,0.020978938788175583,0.011649727821350098,1.0193266868591309,10.042754173278809,-0.042185068130493164,0.9993028044700623,16.694095611572266,0.0004233717918395996,32,449,0.0016074776649475098
SLIM*MIX_oms_pat5_fn-full_extended_const-small_ints_latent2048,9057152a-801c-11f1-8d02-2c7ba0e6fa90,synthetic_prior,0,122,0.9982123374938965,0.36037778854370117,76112.0,0.9959304332733154,30.93560028076172,0.0004927515983581543,0.9981655478477478,2020.072021484375,-0.0006104707717895508,0.9980549216270447,162.3113250732422,0.0012014508247375488,0.9856024384498596,0.020817825570702553,0.026771962642669678,1.0177150964736938,10.026876449584961,-0.038892269134521484,0.9969446659088135,16.654701232910156,0.0051354169845581055,27,392,0.0015752911567687988
SLIM*MIX_oms_pat5_fn-full_extended_const-small_ints_latent2048,9057152a-801c-11f1-8d02-2c7ba0e6fa90,synthetic_prior,0,123,0.9981499910354614,0.3999028205871582,77030.0,0.9960848093032837,30.940393447875977,0.00018286705017089844,0.9978268146514893,2019.3865966796875,6.854534149169922e-05,0.9984937906265259,162.38270568847656,0.00032275915145874023,0.9914101958274841,0.020940497517585754,0.015268504619598389,1.0250505208969116,10.099145889282227,-0.053922295570373535,0.9996291995048523,16.699546813964844,-0.00022971630096435547,31,446,0.0017000436782836914
SLIM*MIX_oms_pat5_fn-full_extended_const-small_ints_latent2048,9057152a-801c-11f1-8d02-2c7ba0e6fa90,synthetic_prior,0,124,0.9981682300567627,0.41947340965270996,79013.0,0.996120274066925,30.941495895385742,0.00011163949966430664,0.9978579878807068,2019.4495849609375,6.079673767089844e-06,0.998505175113678,162.38455200195312,0.0003000497817993164,0.9924831986427307,0.020963160321116447,0.013135790824890137,1.0213916301727295,10.063097953796387,-0.046411752700805664,0.9989468455314636,16.688148498535156,0.001135408878326416,29,412,0.001663506031036377
SLIM*MIX_oms_pat5_fn-full_extended_const-small_ints_latent2048,9057152a-801c-11f1-8d02-2c7ba0e6fa90,synthetic_prior,0,125,0.9981710314750671,0.39403343200683594,79083.0,0.9957758188247681,30.93079376220703,0.0008030533790588379,0.9986123442649841,2020.9761962890625,-0.0015064477920532227,0.9977762699127197,162.26600646972656,0.0017590522766113281,0.9846841096878052,0.02079842798411846,0.028584778308868408,1.0194191932678223,10.043664932250977,-0.0423741340637207,0.9958698749542236,16.63674545288086,0.007279396057128906,28,414,0.0016579627990722656
SLIM*MIX_oms_pat5_fn-full_extended_const-small_ints_latent2048,9057152a-801c-11f1-8d02-2c7ba0e6fa90,synthetic_prior,0,126,0.9982011318206787,0.2854123115539551,79973.0,0.9958274364471436,30.93239974975586,0.000699460506439209,0.9980331063270569,2019.8038330078125,-0.00034487247467041016,0.9982821345329285,162.34828186035156,0.0007465481758117676,0.9869332909584045,0.020845934748649597,0.024141967296600342,1.0189076662063599,10.038625717163086,-0.04132843017578125,0.9944581985473633,16.613162994384766,0.010091841220855713,31,453,0.0015976428985595703
SLIM*MIX_oms_pat5_fn-full_extended_const-small_ints_latent2048,9057152a-801c-11f1-8d02-2c7ba0e6fa90,synthetic_prior,0,127,0.9981900453567505,0.2705996036529541,80924.0,0.9959513545036316,30.936248779296875,0.0004507303237915039,0.9981263875961304,2019.99267578125,-0.0005319118499755859,0.9980807900428772,162.3155517578125,0.0011496543884277344,0.9860773682594299,0.02082785777747631,0.025833845138549805,1.0172667503356934,10.022459030151367,-0.03797709941864014,0.9972452521324158,16.65972137451172,0.0045354366302490234,29,422,0.001619875431060791
SLIM*MIX_oms_pat5_fn-full_extended_const-small_ints_latent2048,9057152a-801c-11f1-8d02-2c7ba0e6fa90,synthetic_prior,0,128,0.998191237449646,0.3151259422302246,42002.0,0.996117889881134,30.941421508789062,0.00011640787124633789,0.9979265928268433,2019.5885009765625,-0.00013148784637451172,0.9985281825065613,162.3883056640625,0.00025403499603271484,0.9930694103240967,0.020975543186068535,0.01196974515914917,1.0282113552093506,10.130289077758789,-0.0604320764541626,0.9994301199913025,16.69622230529785,0.00016868114471435547,30,424,0.0016174912452697754
SLIM*MIX_oms_pat5_fn-full_extended_const-small_ints_latent2048,9057152a-801c-11f1-8d02-2c7ba0e6fa90,synthetic_prior,0,129,0.9982044100761414,0.2860739231109619,60481.0,0.9956339001655579,30.926389694213867,0.0010878443717956543,0.9981335997581482,2020.0072021484375,-0.0005463361740112305,0.9982399344444275,162.34141540527344,0.0008311271667480469,0.9855952262878418,0.020817672833800316,0.026786208152770996,1.0258272886276245,10.106799125671387,-0.05552029609680176,0.9935876727104187,16.59861946105957,0.01182413101196289,32,468,0.0015910863876342773
SLIM*MIX_oms_pat5_fn-full_extended_const-small_ints_latent2048,9057152a-801c-11f1-8d02-2c7ba0e6fa90,synthetic_prior,0,130,0.9982119798660278,0.27749109268188477,71389.0,0.9956912994384766,30.92816925048828,0.0009726881980895996,0.9980679154396057,2019.8743896484375,-0.00041472911834716797,0.9983007907867432,162.351318359375,0.000709235668182373,0.9863312840461731,0.020833220332860947,0.025332093238830566,1.0254813432693481,10.103391647338867,-0.05480825901031494,0.9945005178451538,16.613868713378906,0.010007619857788086,30,428,0.0015760064125061035
SLIM*MIX_oms_pat5_fn-full_extended_const-small_ints_latent2048,9057152a-801c-11f1-8d02-2c7ba0e6fa90,synthetic_prior,0,131,0.9982007741928101,0.2634155750274658,83448.0,0.9958286881446838,30.932437896728516,0.0006969571113586426,0.9975020289421082,2018.72900390625,0.0007194280624389648,0.9984755516052246,162.37974548339844,0.0003593564033508301,0.9846561551094055,0.020797839388251305,0.02863985300064087,1.0266896486282349,10.115296363830566,-0.05729568004608154,0.9959630966186523,16.638301849365234,0.007093489170074463,30,442,0.001598358154296875
SLIM*MIX_oms_pat5_fn-full_extended_const-small_ints_latent2048,9057152a-801c-11f1-8d02-2c7ba0e6fa90,synthetic_prior,0,132,0.9981762170791626,0.3014981746673584,84671.0,0.9958809614181519,30.934062957763672,0.0005920529365539551,0.9986533522605896,2021.0592041015625,-0.0015887022018432617,0.9978272318840027,162.27430725097656,0.0016570687294006348,0.9842048287391663,0.02078830637037754,0.02953016757965088,1.0212544202804565,10.061746597290039,-0.04613065719604492,0.9961011409759521,16.640609741210938,0.006818234920501709,29,427,0.0016475915908813477
SLIM*MIX_oms_pat5_fn-full_extended_const-small_ints_latent2048,9057152a-801c-11f1-8d02-2c7ba0e6fa90,synthetic_prior,0,133,0.9981779456138611,0.3311934471130371,43789.0,0.995987594127655,30.937374114990234,0.00037795305252075195,0.9982065558433533,2020.1549072265625,-0.0006927251815795898,0.9980999827384949,162.31866455078125,0.0011113286018371582,0.983785092830658,0.0207794401794672,0.030357778072357178,1.0226680040359497,10.075674057006836,-0.049028873443603516,0.9981491565704346,16.674821853637695,0.0027300119400024414,32,482,0.0016440153121948242
SLIM*MIX_oms_pat5_fn-full_extended_const-small_ints_latent2048,9057152a-801c-11f1-8d02-2c7ba0e6fa90,synthetic_prior,0,134,0.998188853263855,0.3176240921020508,62920.0,0.9957046508789062,30.928585052490234,0.0009459257125854492,0.9987961053848267,2021.34814453125,-0.0018750429153442383,0.9976520538330078,162.24581909179688,0.002007603645324707,0.9840932488441467,0.020785950124263763,0.02975010871887207,1.0199897289276123,10.049284934997559,-0.04354119300842285,0.996107816696167,16.64072036743164,0.006805002689361572,27,385,0.0016222596168518066
SLIM*MIX_oms_pat5_fn-full_extended_const-small_ints_latent2048,9057152a-801c-11f1-8d02-2c7ba0e6fa90,synthetic_prior,0,135,0.9982067942619324,0.2854955196380615,80111.0,0.9959094524383545,30.934947967529297,0.0005348920822143555,0.9981856346130371,2020.112548828125,-0.0006506443023681641,0.9985438585281372,162.39083862304688,0.0002225637435913086,0.986583411693573,0.020838545635342598,0.0248337984085083,1.0417530536651611,10.26370620727539,-0.08854806423187256,0.9967085123062134,16.650754928588867,0.0056067705154418945,36,504,0.0015864372253417969
SLIM*MIX_oms_pat5_fn-full_extended_const-small_ints_latent2048,9057152a-801c-11f1-8d02-2c7ba0e6fa90,synthetic_prior,0,136,0.998174786567688,0.28676390647888184,86795.0,0.9959610104560852,30.936548233032227,0.00043135881423950195,0.9979736804962158,2019.6837158203125,-0.0002257823944091797,0.9983345866203308,162.3568115234375,0.0006415843963623047,0.9906269907951355,0.020923953503370285,0.01682382822036743,1.0223370790481567,10.072412490844727,-0.048349857330322266,0.9929972290992737,16.588754653930664,0.01299828290939331,33,455,0.0016504526138305664
SLIM*MIX_oms_pat5_fn-full_extended_const-small_ints_latent2048,9057152a-801c-11f1-8d02-2c7ba0e6fa90,synthetic_prior,0,137,0.998171865940094,0.2532670497894287,87304.0,0.9953961968421936,30.919004440307617,0.0015647411346435547,0.9986783266067505,2021.1097412109375,-0.0016387701034545898,0.9985854625701904,162.39761352539062,0.0001392364501953125,0.9870936274528503,0.02084932290017605,0.02382481098175049,1.0228933095932007,10.077893257141113,-0.049490928649902344,0.9992623329162598,16.69342041015625,0.0005044341087341309,28,387,0.001656174659729004
SLIM*MIX_oms_pat5_fn-full_extended_const-small_ints_latent2048,9057152a-801c-11f1-8d02-2c7ba0e6fa90,synthetic_prior,0,138,0.9981032609939575,0.28438687324523926,86450.0,0.9958692193031311,30.933698654174805,0.0006156563758850098,0.9985021948814392,2020.75341796875,-0.001285552978515625,0.9987925291061401,162.43128967285156,-0.0002753734588623047,0.9856945872306824,0.02081977389752865,0.02658998966217041,1.0349692106246948,10.196868896484375,-0.07441699504852295,0.9960726499557495,16.640132904052734,0.006875097751617432,33,463,0.0017934441566467285
SLIM*MIX_oms_pat5_fn-full_extended_const-small_ints_latent2048,9057152a-801c-11f1-8d02-2c7ba0e6fa90,synthetic_prior,0,139,0.9981951713562012,0.2541482448577881,86984.0,0.9957898259162903,30.93123435974121,0.0007749199867248535,0.9986169934272766,2020.985595703125,-0.0015157461166381836,0.9975647926330566,162.23162841796875,0.0021821260452270508,0.9853811860084534,0.020813152194023132,0.027208924293518066,1.0197941064834595,10.047359466552734,-0.04314112663269043,0.9971235394477844,16.65768814086914,0.004778444766998291,28,401,0.0016096830368041992
SLIM*MIX_oms_pat5_fn-full_extended_const-small_ints_latent2048,9057152a-801c-11f1-8d02-2c7ba0e6fa90,synthetic_prior,0,140,0.9981095790863037,0.2716941833496094,87987.0,0.995980978012085,30.93716812133789,0.00039130449295043945,0.9983845949172974,2020.515380859375,-0.0010497570037841797,0.9987059235572815,162.41720581054688,-0.00010204315185546875,0.9858194589614868,0.02082240954041481,0.026343345642089844,1.0265538692474365,10.113958358764648,-0.05701589584350586,0.9957579374313354,16.63487434387207,0.007502615451812744,31,423,0.0017808079719543457
SLIM*MIX_oms_pat5_fn-full_extended_const-small_ints_latent2048,9057152a-801c-11f1-8d02-2c7ba0e6fa90,synthetic_prior,0,141,0.9981095790863037,0.25624680519104004,88544.0,0.995980978012085,30.93716812133789,0.00039130449295043945,0.9983845949172974,2020.515380859375,-0.0010497570037841797,0.9987059235572815,162.41720581054688,-0.00010204315185546875,0.9858194589614868,0.02082240954041481,0.026343345642089844,1.0265538692474365,10.113958358764648,-0.05701589584350586,0.9957579374313354,16.63487434387207,0.007502615451812744,31,423,0.0017808079719543457
SLIM*MIX_oms_pat5_fn-full_extended_const-small_ints_latent2048,9057152a-801c-11f1-8d02-2c7ba0e6fa90,synthetic_prior,0,142,0.9981032609939575,0.2530710697174072,89024.0,0.9958692193031311,30.933698654174805,0.0006156563758850098,0.9985021948814392,2020.75341796875,-0.001285552978515625,0.9987925291061401,162.43128967285156,-0.0002753734588623047,0.9856945872306824,0.02081977389752865,0.02658998966217041,1.0349692106246948,10.196868896484375,-0.07441699504852295,0.9960726499557495,16.640132904052734,0.006875097751617432,33,463,0.0017934441566467285
SLIM*MIX_oms_pat5_fn-full_extended_const-small_ints_latent2048,9057152a-801c-11f1-8d02-2c7ba0e6fa90,synthetic_prior,0,143,0.9981565475463867,0.32354307174682617,44817.0,0.9960357546806335,30.93886947631836,0.00028133392333984375,0.9979642033576965,2019.6644287109375,-0.00020682811737060547,0.9987388849258423,162.42257690429688,-0.00016796588897705078,0.9871677160263062,0.020850887522101402,0.023678362369537354,1.0240651369094849,10.089438438415527,-0.05189716815948486,0.9971176981925964,16.6575927734375,0.004790067672729492,33,451,0.00168687105178833
SLIM*MIX_oms_pat5_fn-full_extended_const-small_ints_latent2048,9057152a-801c-11f1-8d02-2c7ba0e6fa90,synthetic_prior,0,144,0.9981629252433777,0.33347058296203613,65844.0,0.9960696697235107,30.939924240112305,0.00021326541900634766,0.9981206059455872,2019.9810791015625,-0.0005203485488891602,0.9986515641212463,162.4083709716797,6.9141387939453125e-06,0.9869844317436218,0.02084701508283615,0.02404075860977173,1.0266940593719482,10.115340232849121,-0.0573047399520874,0.9967897534370422,16.65211296081543,0.005444645881652832,31,423,0.0016741156578063965
SLIM*MIX_oms_pat5_fn-full_extended_const-small_ints_latent2048,9057152a-801c-11f1-8d02-2c7ba0e6fa90,synthetic_prior,0,145,0.9981682300567627,0.33376383781433105,84162.0,0.9960558414459229,30.939491271972656,0.00024110078811645508,0.9980402588844299,2019.8184814453125,-0.0003592967987060547,0.998610258102417,162.40164184570312,8.958578109741211e-05,0.9870396256446838,0.02084818296134472,0.02393162250518799,1.0261675119400024,10.110152244567871,-0.056220293045043945,0.9967671036720276,16.6517333984375,0.005489766597747803,33,451,0.0016634464263916016
SLIM*MIX_oms_pat5_fn-full_extended_const-small_ints_latent2048,9057152a-801c-11f1-8d02-2c7ba0e6fa90,synthetic_prior,0,146,0.9981771111488342,0.2827565670013428,89192.0,0.9959586262702942,30.93647575378418,0.0004361867904663086,0.9982280135154724,2020.198486328125,-0.0007356405258178711,0.9987074136734009,162.41744995117188,-0.0001049041748046875,0.9858459830284119,0.02082297019660473,0.0262908935546875,1.0377272367477417,10.224042892456055,-0.08015108108520508,0.9966062903404236,16.6490478515625,0.0058106184005737305,35,498,0.0016457438468933105
SLIM*MIX_oms_pat5_fn-full_extended_const-small_ints_latent2048,9057152a-801c-11f1-8d02-2c7ba0e6fa90,synthetic_prior,0,147,0.9981060028076172,0.2768137454986572,89224.0,0.9960017800331116,30.937814712524414,0.0003495216369628906,0.9983935356140137,2020.533447265625,-0.0010676383972167969,0.9986915588378906,162.4148712158203,-7.319450378417969e-05,0.9859077334403992,0.02082427404820919,0.026169002056121826,1.026073932647705,10.109230041503906,-0.056027889251708984,0.9956123232841492,16.632442474365234,0.007792830467224121,34,465,0.0017879605293273926
SLIM*MIX_oms_pat5_fn-full_extended_const-small_ints_latent2048,9057152a-801c-11f1-8d02-2c7ba0e6fa90,synthetic_prior,0,148,0.9981207251548767,0.3481447696685791,47078.0,0.9959861040115356,30.93733024597168,0.0003809928894042969,0.9981380105018616,2020.0162353515625,-0.0005552768707275391,0.9984293580055237,162.37222290039062,0.00045186281204223633,0.9881120920181274,0.020870834589004517,0.021809399127960205,1.0280721187591553,10.12891674041748,-0.060144901275634766,0.9963486194610596,16.64474105834961,0.00632476806640625,35,499,0.0017585158348083496
SLIM*MIX_oms_pat5_fn-full_extended_const-small_ints_latent2048,9057152a-801c-11f1-8d02-2c7ba0e6fa90,synthetic_prior,0,149,0.9981633424758911,0.365398645401001,76271.0,0.9961652755737305,30.942893981933594,2.1338462829589844e-05,0.9980129599571228,2019.76318359375,-0.0003045797348022461,0.9985960721969604,162.3993377685547,0.00011795759201049805,0.9885600209236145,0.02088029682636261,0.020922303199768066,1.0260426998138428,10.10892105102539,-0.05596351623535156,0.999151349067688,16.691566467285156,0.0007263422012329102,35,478,0.0016733407974243164
SLIM*MIX_oms_pat5_fn-full_extended_const-small_ints_latent2048,9057152a-801c-11f1-8d02-2c7ba0e6fa90,synthetic_prior,0,150,0.998159646987915,0.3863863945007324,93538.0,0.9961791038513184,30.943323135375977,-6.4373016357421875e-06,0.9981026649475098,2019.94482421875,-0.000484466552734375,0.9986221790313721,162.40357971191406,6.580352783203125e-05,0.9889880418777466,0.020889336243271828,0.020074307918548584,1.0304559469223022,10.152402877807617,-0.06506705284118652,0.9992789626121521,16.693696975708008,0.0004711747169494629,33,452,0.0016807317733764648
SLIM*MIX_oms_pat5_fn-full_extended_const-small_ints_latent2048,9057152a-801c-11f1-8d02-2c7ba0e6fa90,synthetic_prior,0,151,0.9981633424758911,0.3997170925140381,97313.0,0.9961652755737305,30.942893981933594,2.1338462829589844e-05,0.9980129599571228,2019.76318359375,-0.0003045797348022461,0.9985960721969604,162.3993377685547,0.00011795759201049805,0.9885600209236145,0.02088029682636261,0.020922303199768066,1.0260426998138428,10.10892105102539,-0.05596351623535156,0.999151349067688,16.691566467285156,0.0007263422012329102,35,478,0.0016733407974243164
SLIM*MIX_oms_pat5_fn-full_extended_const-small_ints_latent2048,9057152a-801c-11f1-8d02-2c7ba0e6fa90,synthetic_prior,0,152,0.9981648325920105,0.41095876693725586,97426.0,0.9959110021591187,30.934995651245117,0.0005317330360412598,0.9988052845001221,2021.36669921875,-0.0018935203552246094,0.9988084435462952,162.43386840820312,-0.0003072023391723633,0.9849372506141663,0.020803775638341904,0.028085172176361084,1.0340766906738281,10.188075065612793,-0.07256472110748291,0.9943925142288208,16.612064361572266,0.010222673416137695,34,474,0.0016703605651855469
SLIM*MIX_oms_pat5_fn-full_extended_const-small_ints_latent2048,9057152a-801c-11f1-8d02-2c7ba0e6fa90,synthetic_prior,0,153,0.9981023073196411,0.2550818920135498,97670.0,0.995922327041626,30.935346603393555,0.0005090832710266113,0.9982686042785645,2020.280517578125,-0.0008170604705810547,0.9987842440605164,162.42994689941406,-0.0002588033676147461,0.9852988719940186,0.0208114143460989,0.027371346950531006,1.0326545238494873,10.174063682556152,-0.06961655616760254,0.9973707795143127,16.66181755065918,0.004284918308258057,35,489,0.001795351505279541
SLIM*MIX_oms_pat5_fn-full_extended_const-small_ints_latent2048,9057152a-801c-11f1-8d02-2c7ba0e6fa90,synthetic_prior,0,154,0.9981461763381958,0.2516751289367676,97367.0,0.9960803985595703,30.94025421142578,0.00019180774688720703,0.9984954595565796,2020.7396240234375,-0.001271963119506836,0.9990220665931702,162.4686279296875,-0.000735163688659668,0.9898266792297363,0.020907049998641014,0.018411636352539062,1.0346068143844604,10.19329833984375,-0.07366490364074707,0.999434769153595,16.696298599243164,0.00015944242477416992,38,534,0.0017076730728149414
SLIM*MIX_oms_pat5_fn-full_extended_const-small_ints_latent2048,9057152a-801c-11f1-8d02-2c7ba0e6fa90,synthetic_prior,0,155,0.9981423020362854,0.2995293140411377,97834.0,0.995930552482605,30.93560218811035,0.0004925131797790527,0.9981199502944946,2019.979736328125,-0.0005190372467041016,0.9985792636871338,162.3966064453125,0.00015169382095336914,0.9869450926780701,0.020846184343099594,0.02411860227584839,1.0279552936553955,10.127765655517578,-0.059903860092163086,0.995579719543457,16.63189697265625,0.007857859134674072,36,506,0.0017154216766357422
SLIM*MIX_oms_pat5_fn-full_extended_const-small_ints_latent2048,9057152a-801c-11f1-8d02-2c7ba0e6fa90,synthetic_prior,0,156,0.9981202483177185,0.2897219657897949,97512.0,0.9961174726486206,30.941408157348633,0.00011736154556274414,0.9980533719062805,2019.844970703125,-0.00038552284240722656,0.9984874725341797,162.38168334960938,0.00033545494079589844,0.9944016933441162,0.021003684028983116,0.009316802024841309,1.0258057117462158,10.106587409973145,-0.055475711822509766,0.996600866317749,16.648956298828125,0.005821526050567627,38,547,0.0017595291137695312
SLIM*MIX_oms_pat5_fn-full_extended_const-small_ints_latent2048,9057152a-801c-11f1-8d02-2c7ba0e6fa90,synthetic_prior,0,157,0.9981177449226379,0.3155548572540283,98392.0,0.9961099624633789,30.941173553466797,0.00013238191604614258,0.9980599284172058,2019.858154296875,-0.0003986358642578125,0.9985049962997437,162.384521484375,0.00030040740966796875,0.9947160482406616,0.021010324358940125,0.008690357208251953,1.0267976522445679,10.116360664367676,-0.0575181245803833,0.996102511882782,16.6406307220459,0.006815552711486816,40,577,0.001764535903930664
SLIM*MIX_oms_pat5_fn-full_extended_const-small_ints_latent2048,9057152a-801c-11f1-8d02-2c7ba0e6fa90,synthetic_prior,0,158,0.9981202483177185,0.36232638359069824,49137.0,0.9961174726486206,30.941408157348633,0.00011736154556274414,0.9980533719062805,2019.844970703125,-0.00038552284240722656,0.9984874725341797,162.38168334960938,0.00033545494079589844,0.9944016933441162,0.021003684028983116,0.009316802024841309,1.0258057117462158,10.106587409973145,-0.055475711822509766,0.996600866317749,16.648956298828125,0.005821526050567627,38,547,0.0017595291137695312
SLIM*MIX_oms_pat5_fn-full_extended_const-small_ints_latent2048,9057152a-801c-11f1-8d02-2c7ba0e6fa90,synthetic_prior,0,159,0.9981276988983154,0.33304429054260254,75463.0,0.996211588382721,30.944332122802734,-7.164478302001953e-05,0.9979739785194397,2019.6842041015625,-0.0002263784408569336,0.998892605304718,162.4475555419922,-0.00047588348388671875,0.9867286682128906,0.02084161341190338,0.024546504020690918,1.0380516052246094,10.227237701416016,-0.08082640171051025,0.9976240396499634,16.66604995727539,0.0037790536880493164,33,461,0.0017446279525756836
SLIM*MIX_oms_pat5_fn-full_extended_const-small_ints_latent2048,9057152a-801c-11f1-8d02-2c7ba0e6fa90,synthetic_prior,0,160,0.9981378316879272,0.28641843795776367,94236.0,0.9962553977966309,30.945693969726562,-0.0001596212387084961,0.9981361627578735,2020.0125732421875,-0.0005515813827514648,0.9984512329101562,162.3757781982422,0.00040799379348754883,0.9965854287147522,0.021049806848168373,0.004960954189300537,1.0292807817459106,10.140826225280762,-0.06263923645019531,0.9968581795692444,16.653255462646484,0.005308032035827637,41,597,0.0017242431640625
SLIM*MIX_oms_pat5_fn-full_extended_const-small_ints_latent2048,9057152a-801c-11f1-8d02-2c7ba0e6fa90,synthetic_prior,0,161,0.9981516003608704,0.286088228225708,100814.0,0.9960983395576477,30.94081687927246,0.00015562772750854492,0.9980255961418152,2019.788818359375,-0.0003298521041870117,0.9984214305877686,162.37094116210938,0.00046771764755249023,0.991449236869812,0.020941322669386864,0.01519089937210083,1.0255584716796875,10.104150772094727,-0.05496692657470703,0.9963409900665283,16.644615173339844,0.006339907646179199,41,602,0.001696765422821045
SLIM*MIX_oms_pat5_fn-full_extended_const-small_ints_latent2048,9057152a-801c-11f1-8d02-2c7ba0e6fa90,synthetic_prior,0,162,0.9981499910354614,0.31692957878112793,103677.0,0.9962443113327026,30.94534683227539,-0.0001373291015625,0.9980894327163696,2019.91796875,-0.0004578828811645508,0.9984719753265381,162.379150390625,0.00036656856536865234,0.9949226379394531,0.021014688536524773,0.00827854871749878,1.0247094631195068,10.095786094665527,-0.05322098731994629,0.9970535039901733,16.656518936157227,0.004918277263641357,42,609,0.0017000436782836914
SLIM*MIX_oms_pat5_fn-full_extended_const-small_ints_latent2048,9057152a-801c-11f1-8d02-2c7ba0e6fa90,synthetic_prior,0,163,0.9981269240379333,0.33301353454589844,54367.0,0.9962524771690369,30.94560432434082,-0.0001537799835205078,0.9981874227523804,2020.1162109375,-0.0006543397903442383,0.9984641075134277,162.3778839111328,0.00038230419158935547,0.9876976609230042,0.02086208015680313,0.02262979745864868,1.028355360031128,10.131707191467285,-0.060729146003723145,0.9953168630599976,16.62750816345215,0.00838160514831543,42,606,0.0017461180686950684
SLIM*MIX_oms_pat5_fn-full_extended_const-small_ints_latent2048,9057152a-801c-11f1-8d02-2c7ba0e6fa90,synthetic_prior,0,164,0.9981276988983154,0.2954871654510498,79553.0,0.9961831569671631,30.943449020385742,-1.4543533325195312e-05,0.998149573802948,2020.03955078125,-0.0005784034729003906,0.9984411001205444,162.37413024902344,0.00042831897735595703,0.9902408719062805,0.020915798842906952,0.017590105533599854,1.0311105251312256,10.158851623535156,-0.0664205551147461,0.9944717884063721,16.613388061523438,0.01006472110748291,40,576,0.0017446279525756836
SLIM*MIX_oms_pat5_fn-full_extended_const-small_ints_latent2048,9057152a-801c-11f1-8d02-2c7ba0e6fa90,synthetic_prior,0,165,0.998130738735199,0.27858686447143555,101595.0,0.9961672425270081,30.942956924438477,1.7344951629638672e-05,0.9981043934822083,2019.9481201171875,-0.00048792362213134766,0.9983959794044495,162.36680603027344,0.0005186200141906738,0.989526629447937,0.02090071327984333,0.019006669521331787,1.030419945716858,10.152048110961914,-0.06499242782592773,0.9952089190483093,16.625703811645508,0.008596658706665039,42,605,0.0017384886741638184
SLIM*MIX_oms_pat5_fn-full_extended_const-small_ints_latent2048,9057152a-801c-11f1-8d02-2c7ba0e6fa90,synthetic_prior,0,166,0.9981375932693481,0.3144066333770752,110242.0,0.9962177276611328,30.944522857666016,-8.404254913330078e-05,0.9980881810188293,2019.9154052734375,-0.0004553794860839844,0.9982721209526062,162.34664916992188,0.0007666349411010742,0.9884985685348511,0.020878998562693596,0.021044015884399414,1.0266094207763672,10.114506721496582,-0.05713033676147461,0.9962270855903625,16.64271354675293,0.006567120552062988,40,566,0.001724839210510254
SLIM*MIX_oms_pat5_fn-full_extended_const-small_ints_latent2048,9057152a-801c-11f1-8d02-2c7ba0e6fa90,synthetic_prior,0,167,0.9981389045715332,0.39550280570983887,111948.0,0.9962210059165955,30.944625854492188,-9.059906005859375e-05,0.9980986714363098,2019.936767578125,-0.00047647953033447266,0.998261570930481,162.34494018554688,0.0007877945899963379,0.9884459972381592,0.020877888426184654,0.02114814519882202,1.0284667015075684,10.132803916931152,-0.06095874309539795,0.9963372349739075,16.64455223083496,0.006347358226776123,39,551,0.0017221570014953613
SLIM*MIX_oms_pat5_fn-full_extended_const-small_ints_latent2048,9057152a-801c-11f1-8d02-2c7ba0e6fa90,synthetic_prior,0,168,0.998140275478363,0.49149441719055176,57120.0,0.9962231516838074,30.944690704345703,-9.489059448242188e-05,0.9981039762496948,2019.9473876953125,-0.0004869699478149414,0.9982571601867676,162.34422302246094,0.0007965564727783203,0.9884140491485596,0.020877214148640633,0.02121138572692871,1.0286815166473389,10.134920120239258,-0.061401963233947754,0.996342122554779,16.644634246826172,0.00633770227432251,40,569,0.001719355583190918
SLIM*MIX_oms_pat5_fn-full_extended_const-small_ints_latent2048,9057152a-801c-11f1-8d02-2c7ba0e6fa90,synthetic_prior,0,169,0.9981359243392944,0.3873312473297119,84045.0,0.9962272047996521,30.944814682006836,-0.000102996826171875,0.9981471300125122,2020.03466796875,-0.0005735158920288086,0.9984634518623352,162.37777709960938,0.00038367509841918945,0.9887171387672424,0.02088361419737339,0.020611047744750977,1.0172712802886963,10.022503852844238,-0.0379863977432251,0.9926628470420837,16.58316993713379,0.013662934303283691,36,518,0.0017281174659729004
SLIM*MIX_oms_pat5_fn-full_extended_const-small_ints_latent2048,9057152a-801c-11f1-8d02-2c7ba0e6fa90,synthetic_prior,0,170,0.9980992078781128,0.26885557174682617,104064.0,0.99625164270401,30.94557762145996,-0.00015211105346679688,0.9977035522460938,2019.136962890625,0.00031560659408569336,0.9986572861671448,162.40928649902344,-4.5299530029296875e-06,0.9873639941215515,0.02085503377020359,0.023289978504180908,1.0252418518066406,10.101032257080078,-0.05431568622589111,0.9988831281661987,16.687082290649414,0.001262962818145752,37,520,0.0018015503883361816
SLIM*MIX_oms_pat5_fn-full_extended_const-small_ints_latent2048,9057152a-801c-11f1-8d02-2c7ba0e6fa90,synthetic_prior,0,171,0.998134970664978,0.2922964096069336,110868.0,0.9962313175201416,30.9449462890625,-0.0001112222671508789,0.9978854656219482,2019.5052490234375,-4.8995018005371094e-05,0.9986408352851868,162.4066162109375,2.8371810913085938e-05,0.9914901256561279,0.020942185074090958,0.015109777450561523,1.0378280878067017,10.225035667419434,-0.08036088943481445,0.9996322989463806,16.699600219726562,-0.0002357959747314453,38,535,0.0017300844192504883
SLIM*MIX_oms_pat5_fn-full_extended_const-small_ints_latent2048,9057152a-801c-11f1-8d02-2c7ba0e6fa90,synthetic_prior,0,172,0.998131275177002,0.31552743911743164,115216.0,0.9960693717002869,30.939916610717773,0.00021386146545410156,0.997645914554596,2019.0203857421875,0.0004311203956604004,0.9985865354537964,162.39779663085938,0.00013715028762817383,0.9912850856781006,0.020937856286764145,0.015516936779022217,1.0171695947647095,10.021500587463379,-0.03777873516082764,0.9980587363243103,16.673311233520508,0.0029107332229614258,39,560,0.0017374753952026367
SLIM*MIX_oms_pat5_fn-full_extended_const-small_ints_latent2048,9057152a-801c-11f1-8d02-2c7ba0e6fa90,synthetic_prior,0,173,0.9981175661087036,0.3159785270690918,116273.0,0.9963163137435913,30.947586059570312,-0.00028192996978759766,0.9979695081710815,2019.67529296875,-0.000217437744140625,0.9985332489013672,162.3891143798828,0.00024378299713134766,0.9898251891136169,0.020907016471028328,0.018414735794067383,1.0193753242492676,10.043232917785645,-0.042284607887268066,0.9950512051582336,16.62306785583496,0.008910953998565674,43,643,0.0017648935317993164
SLIM*MIX_oms_pat5_fn-full_extended_const-small_ints_latent2048,9057152a-801c-11f1-8d02-2c7ba0e6fa90,synthetic_prior,0,174,0.99813312292099,0.27454471588134766,113731.0,0.9962351322174072,30.945064544677734,-0.0001188516616821289,0.9977185130119324,2019.167236328125,0.0002855658531188965,0.9984786510467529,162.3802490234375,0.00035315752029418945,0.9869821667671204,0.02084697037935257,0.024045228958129883,1.0351191759109497,10.198347091674805,-0.07472860813140869,0.9989833235740662,16.688758850097656,0.0010624527931213379,38,536,0.0017337799072265625
SLIM*MIX_oms_pat5_fn-full_extended_const-small_ints_latent2048,9057152a-801c-11f1-8d02-2c7ba0e6fa90,synthetic_prior,0,175,0.9981402158737183,0.33241915702819824,57464.0,0.9962325692176819,30.944984436035156,-0.0001138448715209961,0.9977639317512512,2019.25927734375,0.000194549560546875,0.9985294342041016,162.3885040283203,0.00025147199630737305,0.9871909618377686,0.02085138112306595,0.0236322283744812,1.0284714698791504,10.132850646972656,-0.06096851825714111,0.9988843202590942,16.687101364135742,0.0012605786323547363,39,563,0.0017195343971252441
SLIM*MIX_oms_pat5_fn-full_extended_const-small_ints_latent2048,9057152a-801c-11f1-8d02-2c7ba0e6fa90,synthetic_prior,0,176,0.9981305003166199,0.2914252281188965,79290.0,0.9962316751480103,30.944955825805664,-0.0001119375228881836,0.9977016448974609,2019.133056640625,0.00031948089599609375,0.9985156655311584,162.38626098632812,0.0002790093421936035,0.9879365563392639,0.020867126062512398,0.022156894207000732,1.0262422561645508,10.110888481140137,-0.056374430656433105,0.999312162399292,16.694250106811523,0.00040477514266967773,39,545,0.0017389655113220215
SLIM*MIX_oms_pat5_fn-full_extended_const-small_ints_latent2048,9057152a-801c-11f1-8d02-2c7ba0e6fa90,synthetic_prior,0,177,0.998121440410614,0.2844877243041992,96766.0,0.9961779713630676,30.943286895751953,-4.172325134277344e-06,0.9977132678031921,2019.1566162109375,0.0002961158752441406,0.9986298084259033,162.40481567382812,5.048513412475586e-05,0.987341582775116,0.020854560658335686,0.023334264755249023,1.0249066352844238,10.097728729248047,-0.053626298904418945,0.999078631401062,16.690349578857422,0.0008718371391296387,40,569,0.0017571449279785156
SLIM*MIX_oms_pat5_fn-full_extended_const-small_ints_latent2048,9057152a-801c-11f1-8d02-2c7ba0e6fa90,synthetic_prior,0,178,0.9981163144111633,0.32320189476013184,109139.0,0.99610435962677,30.940998077392578,0.0001436471939086914,0.9977279901504517,2019.1865234375,0.00026661157608032227,0.9987446069717407,162.42349243164062,-0.00017952919006347656,0.9888973832130432,0.02088742144405842,0.02025395631790161,1.0212469100952148,10.061671257019043,-0.04611515998840332,0.9984040260314941,16.679079055786133,0.002220749855041504,38,543,0.0017673373222351074
SLIM*MIX_oms_pat5_fn-full_extended_const-small_ints_latent2048,9057152a-801c-11f1-8d02-2c7ba0e6fa90,synthetic_prior,0,179,0.9980992078781128,0.25307798385620117,111437.0,0.99625164270401,30.94557762145996,-0.00015211105346679688,0.9977035522460938,2019.136962890625,0.00031560659408569336,0.9986572861671448,162.40928649902344,-4.5299530029296875e-06,0.9873639941215515,0.02085503377020359,0.023289978504180908,1.0252418518066406,10.101032257080078,-0.05431568622589111,0.9988831281661987,16.687082290649414,0.001262962818145752,36,505,0.0018015503883361816
SLIM*MIX_oms_pat5_fn-full_extended_const-small_ints_latent2048,9057152a-801c-11f1-8d02-2c7ba0e6fa90,synthetic_prior,0,180,0.9981462955474854,0.34692955017089844,55386.0,0.996198832988739,30.94393539428711,-4.601478576660156e-05,0.9977889060974121,2019.3096923828125,0.00014454126358032227,0.9985499978065491,162.391845703125,0.00021022558212280273,0.9872244000434875,0.020852087065577507,0.023566067218780518,1.0251777172088623,10.1003999710083,-0.0541839599609375,0.9990226626396179,16.689414978027344,0.0009837746620178223,39,557,0.0017073750495910645
SLIM*MIX_oms_pat5_fn-full_extended_const-small_ints_latent2048,9057152a-801c-11f1-8d02-2c7ba0e6fa90,synthetic_prior,0,181,0.9981003999710083,0.34231996536254883,88630.0,0.9962517023086548,30.945579528808594,-0.00015223026275634766,0.9977056980133057,2019.141357421875,0.00031125545501708984,0.9986279010772705,162.40451049804688,5.429983139038086e-05,0.9871082901954651,0.02084963209927082,0.02379584312438965,1.0274578332901,10.122864723205566,-0.058878302574157715,0.9988537430763245,16.68659210205078,0.0013216733932495117,36,514,0.001799166202545166
SLIM*MIX_oms_pat5_fn-full_extended_const-small_ints_latent2048,9057152a-801c-11f1-8d02-2c7ba0e6fa90,synthetic_prior,0,182,0.9981269240379333,0.29819560050964355,106684.0,0.9962207078933716,30.944616317749023,-8.988380432128906e-05,0.9977772831916809,2019.2861328125,0.0001678466796875,0.9984713196754456,162.37905883789062,0.00036787986755371094,0.9871004223823547,0.02084946446120739,0.02381134033203125,1.0313180685043335,10.160897254943848,-0.06684994697570801,0.9994643926620483,16.696792602539062,0.00010025501251220703,39,558,0.0017461180686950684
SLIM*MIX_oms_pat5_fn-full_extended_const-small_ints_latent2048,9057152a-801c-11f1-8d02-2c7ba0e6fa90,synthetic_prior,0,183,0.9981415867805481,0.28568005561828613,110949.0,0.9962155222892761,30.944454193115234,-7.963180541992188e-05,0.997809886932373,2019.3521728515625,0.00010246038436889648,0.9985132813453674,162.38587951660156,0.00028377771377563477,0.9870749711990356,0.020848926156759262,0.02386176586151123,1.0296604633331299,10.14456558227539,-0.06342315673828125,0.9987576007843018,16.684988021850586,0.001513838768005371,37,528,0.0017167925834655762
SLIM*MIX_oms_pat5_fn-full_extended_const-small_ints_latent2048,9057152a-801c-11f1-8d02-2c7ba0e6fa90,synthetic_prior,0,184,0.998127281665802,0.2993583679199219,111286.0,0.9961007237434387,30.940887451171875,0.00015091896057128906,0.997698187828064,2019.1260986328125,0.00032639503479003906,0.9987519979476929,162.42471313476562,-0.00019431114196777344,0.9893467426300049,0.0208969134837389,0.019363343715667725,1.019966959953308,10.04906177520752,-0.04349470138549805,0.998593807220459,16.682249069213867,0.0018413662910461426,38,535,0.001745462417602539
SLIM*MIX_oms_pat5_fn-full_extended_const-small_ints_latent2048,9057152a-801c-11f1-8d02-2c7ba0e6fa90,synthetic_prior,0,185,0.9981415867805481,0.3639376163482666,56228.0,0.9962155222892761,30.944454193115234,-7.963180541992188e-05,0.997809886932373,2019.3521728515625,0.00010246038436889648,0.9985132813453674,162.38587951660156,0.00028377771377563477,0.9870749711990356,0.020848926156759262,0.02386176586151123,1.0296604633331299,10.14456558227539,-0.06342315673828125,0.9987576007843018,16.684988021850586,0.001513838768005371,37,528,0.0017167925834655762
SLIM*MIX_oms_pat5_fn-full_extended_const-small_ints_latent2048,9057152a-801c-11f1-8d02-2c7ba0e6fa90,synthetic_prior,0,186,0.9981008172035217,0.31498074531555176,89654.0,0.9964097142219543,30.950489044189453,-0.00046944618225097656,0.9975621104240417,2018.850830078125,0.0005990266799926758,0.9985608458518982,162.39361572265625,0.00018852949142456055,0.9878708720207214,0.02086574025452137,0.022286832332611084,1.0264098644256592,10.112539291381836,-0.056719303131103516,0.9988380670547485,16.686330795288086,0.0013529658317565918,35,495,0.001798391342163086
SLIM*MIX_oms_pat5_fn-full_extended_const-small_ints_latent2048,9057152a-801c-11f1-8d02-2c7ba0e6fa90,synthetic_prior,0,187,0.9981329441070557,0.2839934825897217,108181.0,0.9961713552474976,30.94308090209961,9.179115295410156e-06,0.9977096319198608,2019.1492919921875,0.0003033280372619629,0.9986616373062134,162.41000366210938,-1.33514404296875e-05,0.9883521795272827,0.020875904709100723,0.02133387327194214,1.023163914680481,10.080559730529785,-0.050046563148498535,0.9993166327476501,16.694324493408203,0.00039589405059814453,39,557,0.0017340779304504395
SLIM*MIX_oms_pat5_fn-full_extended_const-small_ints_latent2048,9057152a-801c-11f1-8d02-2c7ba0e6fa90,synthetic_prior,0,188,0.9981340765953064,0.2782266139984131,110491.0,0.996193528175354,30.943771362304688,-3.540515899658203e-05,0.9980106353759766,2019.7584228515625,-0.0002999305725097656,0.9985561966896057,162.39285278320312,0.00019788742065429688,0.9876971244812012,0.020862068980932236,0.022630810737609863,1.0360733270645142,10.207748413085938,-0.07671082019805908,1.0012531280517578,16.726675033569336,-0.0034819841384887695,40,583,0.0017318129539489746
SLIM*MIX_oms_pat5_fn-full_extended_const-small_ints_latent2048,9057152a-801c-11f1-8d02-2c7ba0e6fa90,synthetic_prior,0,189,0.9981445074081421,0.268949031829834,111627.0,0.9961906671524048,30.943683624267578,-2.968311309814453e-05,0.997977614402771,2019.6915283203125,-0.00023365020751953125,0.9985599517822266,162.39346313476562,0.00019043684005737305,0.9882702231407166,0.020874174311757088,0.021496236324310303,1.0325261354446411,10.172799110412598,-0.0693507194519043,1.0010390281677246,16.723100662231445,-0.0030530691146850586,39,569,0.0017109513282775879
SLIM*MIX_oms_pat5_fn-full_extended_const-small_ints_latent2048,9057152a-801c-11f1-8d02-2c7ba0e6fa90,synthetic_prior,0,190,0.9981272220611572,0.36434245109558105,57426.0,0.9962337613105774,30.94502067565918,-0.00011622905731201172,0.9980199337005615,2019.7772216796875,-0.0003185272216796875,0.9981719255447388,162.3303680419922,0.0009672045707702637,0.9876014590263367,0.02086004987359047,0.02282005548477173,1.0427852869033813,10.27387523651123,-0.09070634841918945,1.001332402229309,16.72800064086914,-0.003640890121459961,41,606,0.0017455816268920898
SLIM*MIX_oms_pat5_fn-full_extended_const-small_ints_latent2048,9057152a-801c-11f1-8d02-2c7ba0e6fa90,synthetic_prior,0,191,0.9981282353401184,0.3165311813354492,88071.0,0.9961947202682495,30.943809509277344,-3.7789344787597656e-05,0.9977523684501648,2019.2357177734375,0.00021779537200927734,0.9986222386360168,162.40359497070312,6.562471389770508e-05,0.9882215261459351,0.02087314799427986,0.02159261703491211,1.0213130712509155,10.062324523925781,-0.04625082015991211,0.9991269707679749,16.6911563873291,0.0007752180099487305,40,572,0.0017435550689697266
SLIM*MIX_oms_pat5_fn-full_extended_const-small_ints_latent2048,9057152a-801c-11f1-8d02-2c7ba0e6fa90,synthetic_prior,0,192,0.9980953335762024,0.4435603618621826,106868.0,0.9960857629776001,30.9404239654541,0.00018090009689331055,0.9977240562438965,2019.178466796875,0.00027447938919067383,0.998711347579956,162.4180908203125,-0.00011289119720458984,0.9881241917610168,0.02087108977138996,0.021785438060760498,1.0223134756088257,10.072179794311523,-0.04830145835876465,0.998560905456543,16.68170166015625,0.0019071102142333984,40,572,0.0018093585968017578
SLIM*MIX_oms_pat5_fn-full_extended_const-small_ints_latent2048,9057152a-801c-11f1-8d02-2c7ba0e6fa90,synthetic_prior,0,193,0.9981372356414795,0.39965367317199707,114858.0,0.9961501955986023,30.942426681518555,5.161762237548828e-05,0.997697651386261,2019.1251220703125,0.0003273487091064453,0.9986257553100586,162.40415954589844,5.8650970458984375e-05,0.9877135157585144,0.020862413570284843,0.02259838581085205,1.0227046012878418,10.076033592224121,-0.04910385608673096,0.9992882013320923,16.693851470947266,0.0004526972770690918,41,586,0.0017254352569580078
SLIM*MIX_oms_pat5_fn-full_extended_const-small_ints_latent2048,9057152a-801c-11f1-8d02-2c7ba0e6fa90,synthetic_prior,0,194,0.9980959892272949,0.3484368324279785,115363.0,0.9961009621620178,30.94089698791504,0.00015038251876831055,0.9977489709854126,2019.2288818359375,0.00022453069686889648,0.9987710118293762,162.42779541015625,-0.00023233890533447266,0.9879875779151917,0.020868204534053802,0.02205592393875122,1.0249720811843872,10.098373413085938,-0.05376100540161133,0.9984569549560547,16.679964065551758,0.0021149516105651855,38,546,0.0018080472946166992
SLIM*MIX_oms_pat5_fn-full_extended_const-small_ints_latent2048,9057152a-801c-11f1-8d02-2c7ba0e6fa90,synthetic_prior,0,195,0.9980785846710205,0.29895949363708496,115219.0,0.996168315410614,30.94298553466797,1.52587890625e-05,0.9976037740707397,2018.93505859375,0.0005154609680175781,0.9985155463218689,162.38624572753906,0.0002792477607727051,0.9868849515914917,0.02084491401910782,0.02423757314682007,1.034010410308838,10.187423706054688,-0.07242739200592041,1.0009595155715942,16.721771240234375,-0.0028934478759765625,41,593,0.001842796802520752
SLIM*MIX_oms_pat5_fn-full_extended_const-small_ints_latent2048,9057152a-801c-11f1-8d02-2c7ba0e6fa90,synthetic_prior,0,196,0.9981359243392944,0.28018999099731445,115711.0,0.9961538314819336,30.94253921508789,4.4226646423339844e-05,0.9976947903633118,2019.1192626953125,0.0003330707550048828,0.9986655116081238,162.41062927246094,-2.110004425048828e-05,0.9887030720710754,0.020883316174149513,0.020638883113861084,1.0207566022872925,10.056842803955078,-0.04511117935180664,0.9989845156669617,16.688777923583984,0.0010600686073303223,39,556,0.0017281174659729004
SLIM*MIX_oms_pat5_fn-full_extended_const-small_ints_latent2048,9057152a-801c-11f1-8d02-2c7ba0e6fa90,synthetic_prior,0,197,0.9981416463851929,0.29131507873535156,114852.0,0.9963179230690002,30.9476375579834,-0.00028526782989501953,0.9975664019584656,2018.859375,0.0005903840065002441,0.9986568689346313,162.4092254638672,-3.6954879760742188e-06,0.9875817894935608,0.02085963450372219,0.02285897731781006,1.016594409942627,10.01583480834961,-0.03660547733306885,0.996137261390686,16.641212463378906,0.006746232509613037,39,571,0.0017167329788208008
SLIM*MIX_oms_pat5_fn-full_extended_const-small_ints_latent2048,9057152a-801c-11f1-8d02-2c7ba0e6fa90,synthetic_prior,0,198,0.9981436729431152,0.328449010848999,115376.0,0.9961703419685364,30.943052291870117,1.1146068572998047e-05,0.9977114796638489,2019.1529541015625,0.00029975175857543945,0.9986540079116821,162.4087677001953,2.086162567138672e-06,0.9887856841087341,0.020885061472654343,0.020475327968597412,1.0217108726501465,10.066244125366211,-0.04706621170043945,0.9991078972816467,16.690839767456055,0.0008133053779602051,40,572,0.0017126798629760742
SLIM*MIX_oms_pat5_fn-full_extended_const-small_ints_latent2048,9057152a-801c-11f1-8d02-2c7ba0e6fa90,synthetic_prior,0,199,0.9981440305709839,0.27262449264526367,116449.0,0.9961942434310913,30.94379425048828,-3.6835670471191406e-05,0.9980148077011108,2019.7669677734375,-0.0003082752227783203,0.9985530376434326,162.39234924316406,0.0002041459083557129,0.9877825379371643,0.02086387388408184,0.02246171236038208,1.038841724395752,10.235021591186523,-0.08247232437133789,1.0013347864151,16.728038787841797,-0.003645658493041992,42,615,0.0017119050025939941
SLIM*MIX_oms_pat5_fn-full_extended_const-small_ints_latent2048,9057152a-801c-11f1-8d02-2c7ba0e6fa90,synthetic_prior,0,200,0.9981400966644287,0.34924769401550293,57755.0,0.9960828423500061,30.940332412719727,0.0001868605613708496,0.9978407621383667,2019.414794921875,4.0590763092041016e-05,0.9987453818321228,162.42361450195312,-0.00018095970153808594,0.9891818165779114,0.020893428474664688,0.019690275192260742,1.0309879779815674,10.157644271850586,-0.06616699695587158,1.0012269020080566,16.726238250732422,-0.003429412841796875,43,611,0.0017197728157043457
SLIM*MIX_oms_pat5_fn-full_extended_const-small_ints_latent4096,9057152a-801c-11f1-8d02-2c7ba0e6fa90,synthetic_prior,0,0,0.9990026950836182,1.1162464618682861,867.0,0.9961369633674622,30.942014694213867,7.82012939453125e-05,0.9977023005485535,2019.134521484375,0.0003180503845214844,0.9986305236816406,162.40493774414062,4.9054622650146484e-05,0.9990165829658508,0.02110115811228752,0.00010025501251220703,0.9987876415252686,9.840396881103516,-0.0006089210510253906,0.9995501041412354,16.698225021362305,-7.128715515136719e-05,1,9,-6.4373016357421875e-06
SLIM*MIX_oms_pat5_fn-full_extended_const-small_ints_latent4096,9057152a-801c-11f1-8d02-2c7ba0e6fa90,synthetic_prior,0,1,0.9990026950836182,0.7765753269195557,2329.0,0.9961369633674622,30.942014694213867,7.82012939453125e-05,0.9977023005485535,2019.134521484375,0.0003180503845214844,0.9986305236816406,162.40493774414062,4.9054622650146484e-05,0.9990165829658508,0.02110115811228752,0.00010025501251220703,0.9987876415252686,9.840396881103516,-0.0006089210510253906,0.9995501041412354,16.698225021362305,-7.128715515136719e-05,1,9,-6.4373016357421875e-06
SLIM*MIX_oms_pat5_fn-full_extended_const-small_ints_latent4096,9057152a-801c-11f1-8d02-2c7ba0e6fa90,synthetic_prior,0,2,0.9989995360374451,0.9005177021026611,2852.0,0.9961758852005005,30.94322395324707,0.0,0.9978610277175903,2019.455810546875,0.0,0.9986550211906433,162.408935546875,0.0,0.9990666508674622,0.021102217957377434,0.0,0.9984836578369141,9.837401390075684,0.0,0.9995144605636597,16.6976318359375,0.0,3,31,0.0
SLIM*MIX_oms_pat5_fn-full_extended_const-small_ints_latent4096,9057152a-801c-11f1-8d02-2c7ba0e6fa90,synthetic_prior,0,3,0.9989995360374451,0.9352264404296875,4012.0,0.9961758852005005,30.94322395324707,0.0,0.9978610277175903,2019.455810546875,0.0,0.9986550211906433,162.408935546875,0.0,0.9990666508674622,0.021102217957377434,0.0,0.9984836578369141,9.837401390075684,0.0,0.9995144605636597,16.6976318359375,0.0,3,31,0.0
SLIM*MIX_oms_pat5_fn-full_extended_const-small_ints_latent4096,9057152a-801c-11f1-8d02-2c7ba0e6fa90,synthetic_prior,0,4,0.9989749193191528,1.2472560405731201,5419.0,0.9962785840034485,30.946414947509766,-0.00020623207092285156,0.9975441098213196,2018.814208984375,0.0006350874900817871,0.9989659190177917,162.45948791503906,-0.0006227493286132812,0.9986962676048279,0.021094392985105515,0.0007413029670715332,0.9959447979927063,9.812386512756348,0.005079090595245361,1.0014159679412842,16.72939682006836,-0.0038084983825683594,4,44,4.9233436584472656e-05
SLIM*MIX_oms_pat5_fn-full_extended_const-small_ints_latent4096,9057152a-801c-11f1-8d02-2c7ba0e6fa90,synthetic_prior,0,5,0.9989749193191528,1.1713411808013916,6733.0,0.9962785840034485,30.946414947509766,-0.00020623207092285156,0.9975441098213196,2018.814208984375,0.0006350874900817871,0.9989659190177917,162.45948791503906,-0.0006227493286132812,0.9986962676048279,0.021094392985105515,0.0007413029670715332,0.9959447979927063,9.812386512756348,0.005079090595245361,1.0014159679412842,16.72939682006836,-0.0038084983825683594,4,44,4.9233436584472656e-05
SLIM*MIX_oms_pat5_fn-full_extended_const-small_ints_latent4096,9057152a-801c-11f1-8d02-2c7ba0e6fa90,synthetic_prior,0,6,0.998954176902771,1.1107556819915771,8731.0,0.9962193369865417,30.94457244873047,-8.726119995117188e-05,0.9979015588760376,2019.5377197265625,-8.130073547363281e-05,0.9984110593795776,162.36924743652344,0.0004884600639343262,0.9985755681991577,0.021091843023896217,0.000982820987701416,1.0002278089523315,9.854584693908691,-0.0034966468811035156,0.9981390237808228,16.674654006958008,0.0027503371238708496,2,15,9.065866470336914e-05
SLIM*MIX_oms_pat5_fn-full_extended_const-small_ints_latent4096,9057152a-801c-11f1-8d02-2c7ba0e6fa90,synthetic_prior,0,7,0.998954176902771,1.0745835304260254,8937.0,0.9962193369865417,30.94457244873047,-8.726119995117188e-05,0.9979015588760376,2019.5377197265625,-8.130073547363281e-05,0.9984110593795776,162.36924743652344,0.0004884600639343262,0.9985755681991577,0.021091843023896217,0.000982820987701416,1.0002278089523315,9.854584693908691,-0.0034966468811035156,0.9981390237808228,16.674654006958008,0.0027503371238708496,2,15,9.065866470336914e-05
SLIM*MIX_oms_pat5_fn-full_extended_const-small_ints_latent4096,9057152a-801c-11f1-8d02-2c7ba0e6fa90,synthetic_prior,0,8,0.9989359378814697,1.0945487022399902,10295.0,0.9963705539703369,30.949270248413086,-0.0003908872604370117,0.9974801540374756,2018.684814453125,0.0007631778717041016,0.9989153742790222,162.45126342773438,-0.0005214214324951172,0.9978911280632019,0.021077387034893036,0.002351820468902588,0.9967383742332458,9.820205688476562,0.0034928321838378906,1.0016793012619019,16.733793258666992,-0.004336357116699219,5,68,0.00012725591659545898
SLIM*MIX_oms_pat5_fn-full_extended_const-small_ints_latent4096,9057152a-801c-11f1-8d02-2c7ba0e6fa90,synthetic_prior,0,9,0.998887300491333,1.0659129619598389,11467.0,0.9962652325630188,30.946001052856445,-0.000179290771484375,0.9974190592765808,2018.5611572265625,0.0008856058120727539,0.9989520311355591,162.4572296142578,-0.0005948543548583984,0.9970107078552246,0.021058792248368263,0.00411146879196167,0.9958945512771606,9.81189250946045,0.005179345607757568,1.0020456314086914,16.73991584777832,-0.005071163177490234,6,83,0.00022459030151367188
SLIM*MIX_oms_pat5_fn-full_extended_const-small_ints_latent4096,9057152a-801c-11f1-8d02-2c7ba0e6fa90,synthetic_prior,0,10,0.9988446831703186,1.0769968032836914,13212.0,0.9964354038238525,30.951284408569336,-0.0005211830139160156,0.9978310465812683,2019.39501953125,6.008148193359375e-05,0.9989614486694336,162.45875549316406,-0.0006138086318969727,0.998339831829071,0.021086864173412323,0.001454472541809082,0.9971662759780884,9.824421882629395,0.002637147903442383,1.0025726556777954,16.74871826171875,-0.006128668785095215,5,57,0.00030988454818725586
SLIM*MIX_oms_pat5_fn-full_extended_const-small_ints_latent4096,9057152a-801c-11f1-8d02-2c7ba0e6fa90,synthetic_prior,0,11,0.9988446831703186,1.1696553230285645,13984.0,0.9964354038238525,30.951284408569336,-0.0005211830139160156,0.9978310465812683,2019.39501953125,6.008148193359375e-05,0.9989614486694336,162.45875549316406,-0.0006138086318969727,0.998339831829071,0.021086864173412323,0.001454472541809082,0.9971662759780884,9.824421882629395,0.002637147903442383,1.0025726556777954,16.74871826171875,-0.006128668785095215,5,57,0.00030988454818725586
SLIM*MIX_oms_pat5_fn-full_extended_const-small_ints_latent4096,9057152a-801c-11f1-8d02-2c7ba0e6fa90,synthetic_prior,0,12,0.9988446831703186,1.1819379329681396,15554.0,0.9964354038238525,30.951284408569336,-0.0005211830139160156,0.9978310465812683,2019.39501953125,6.008148193359375e-05,0.9989614486694336,162.45875549316406,-0.0006138086318969727,0.998339831829071,0.021086864173412323,0.001454472541809082,0.9971662759780884,9.824421882629395,0.002637147903442383,1.0025726556777954,16.74871826171875,-0.006128668785095215,5,57,0.00030988454818725586
SLIM*MIX_oms_pat5_fn-full_extended_const-small_ints_latent4096,9057152a-801c-11f1-8d02-2c7ba0e6fa90,synthetic_prior,0,13,0.9988363981246948,1.0935685634613037,16513.0,0.9960349798202515,30.9388484954834,0.0002828836441040039,0.9973341822624207,2018.3895263671875,0.0010556578636169434,0.9989673495292664,162.45973205566406,-0.0006256103515625,0.9976040720939636,0.02107132412493229,0.002925693988800049,0.9958093762397766,9.811053276062012,0.005349576473236084,1.0019313097000122,16.738004684448242,-0.004841923713684082,9,130,0.00032651424407958984
SLIM*MIX_oms_pat5_fn-full_extended_const-small_ints_latent4096,9057152a-801c-11f1-8d02-2c7ba0e6fa90,synthetic_prior,0,14,0.9987700581550598,1.1768133640289307,17685.0,0.995563268661499,30.924192428588867,0.0012296438217163086,0.9969707131385803,2017.65380859375,0.0017837285995483398,0.999233603477478,162.50302124023438,-0.001159071922302246,0.9960935711860657,0.021039418876171112,0.005942881107330322,0.9946449398994446,9.799581527709961,0.007674276828765869,1.0062730312347412,16.810537338256836,-0.013569474220275879,7,103,0.00045931339263916016
SLIM*MIX_oms_pat5_fn-full_extended_const-small_ints_latent4096,9057152a-801c-11f1-8d02-2c7ba0e6fa90,synthetic_prior,0,15,0.9987700581550598,1.1726126670837402,18834.0,0.995563268661499,30.924192428588867,0.0012296438217163086,0.9969707131385803,2017.65380859375,0.0017837285995483398,0.999233603477478,162.50302124023438,-0.001159071922302246,0.9960935711860657,0.021039418876171112,0.005942881107330322,0.9946449398994446,9.799581527709961,0.007674276828765869,1.0062730312347412,16.810537338256836,-0.013569474220275879,7,103,0.00045931339263916016
SLIM*MIX_oms_pat5_fn-full_extended_const-small_ints_latent4096,9057152a-801c-11f1-8d02-2c7ba0e6fa90,synthetic_prior,0,16,0.9987688064575195,1.261390209197998,19189.0,0.9955675601959229,30.924327850341797,0.0012209415435791016,0.9967936277389526,2017.29541015625,0.0021382570266723633,0.9993062615394592,162.51483154296875,-0.0013047456741333008,0.9955480694770813,0.02102789655327797,0.007031381130218506,0.9939232468605042,9.792470932006836,0.009113788604736328,1.009109616279602,16.857927322387695,-0.01929187774658203,8,128,0.00046175718307495117
SLIM*MIX_oms_pat5_fn-full_extended_const-small_ints_latent4096,9057152a-801c-11f1-8d02-2c7ba0e6fa90,synthetic_prior,0,17,0.9987032413482666,1.2107007503509521,21372.0,0.9960591793060303,30.93959617614746,0.00023430585861206055,0.9974991083145142,2018.7232666015625,0.0007252693176269531,0.9987466931343079,162.423828125,-0.0001837015151977539,0.9977141618728638,0.02107364870607853,0.0027057528495788574,0.9971917271614075,9.82467269897461,0.0025861263275146484,1.0058773756027222,16.80392837524414,-0.012772560119628906,8,115,0.0005930066108703613
SLIM*MIX_oms_pat5_fn-full_extended_const-small_ints_latent4096,9057152a-801c-11f1-8d02-2c7ba0e6fa90,synthetic_prior,0,18,0.9987032413482666,1.3299269676208496,22786.0,0.9960591793060303,30.93959617614746,0.00023430585861206055,0.9974991083145142,2018.7232666015625,0.0007252693176269531,0.9987466931343079,162.423828125,-0.0001837015151977539,0.9977141618728638,0.02107364870607853,0.0027057528495788574,0.9971917271614075,9.82467269897461,0.0025861263275146484,1.0058773756027222,16.80392837524414,-0.012772560119628906,8,115,0.0005930066108703613
SLIM*MIX_oms_pat5_fn-full_extended_const-small_ints_latent4096,9057152a-801c-11f1-8d02-2c7ba0e6fa90,synthetic_prior,0,19,0.9987032413482666,1.2854907512664795,23701.0,0.9960591793060303,30.93959617614746,0.00023430585861206055,0.9974991083145142,2018.7232666015625,0.0007252693176269531,0.9987466931343079,162.423828125,-0.0001837015151977539,0.9977141618728638,0.02107364870607853,0.0027057528495788574,0.9971917271614075,9.82467269897461,0.0025861263275146484,1.0058773756027222,16.80392837524414,-0.012772560119628906,8,115,0.0005930066108703613
SLIM*MIX_oms_pat5_fn-full_extended_const-small_ints_latent4096,9057152a-801c-11f1-8d02-2c7ba0e6fa90,synthetic_prior,0,20,0.9986917972564697,1.1874244213104248,24831.0,0.9960787296295166,30.94020652770996,0.00019508600234985352,0.9975231885910034,2018.7718505859375,0.0006769895553588867,0.9987571239471436,162.425537109375,-0.00020444393157958984,0.9977101683616638,0.021073564887046814,0.0027137398719787598,0.9962381720542908,9.815278053283691,0.004492759704589844,1.0090677738189697,16.857223510742188,-0.019207239151000977,8,107,0.0006159543991088867
SLIM*MIX_oms_pat5_fn-full_extended_const-small_ints_latent4096,9057152a-801c-11f1-8d02-2c7ba0e6fa90,synthetic_prior,0,21,0.9986799359321594,1.235978364944458,25811.0,0.9960601329803467,30.939626693725586,0.00023239850997924805,0.9976018071174622,2018.9310302734375,0.0005195140838623047,0.9987465143203735,162.42381286621094,-0.00018322467803955078,0.9976413249969482,0.021072110161185265,0.0028513073921203613,0.9978986978530884,9.831637382507324,0.0011713504791259766,1.0090909004211426,16.85761260986328,-0.019253969192504883,10,157,0.0006396770477294922
SLIM*MIX_oms_pat5_fn-full_extended_const-small_ints_latent4096,9057152a-801c-11f1-8d02-2c7ba0e6fa90,synthetic_prior,0,22,0.9986633658409119,1.3177564144134521,25995.0,0.9958879947662354,30.934280395507812,0.0005779266357421875,0.9973464608192444,2018.4144287109375,0.0010309815406799316,0.9989672899246216,162.45970153808594,-0.0006254911422729492,0.9969238042831421,0.02105695568025112,0.004285097122192383,0.9967947602272034,9.820761680603027,0.003380119800567627,1.003761649131775,16.76858139038086,-0.008516430854797363,9,150,0.0006728172302246094
SLIM*MIX_oms_pat5_fn-full_extended_const-small_ints_latent4096,9057152a-801c-11f1-8d02-2c7ba0e6fa90,synthetic_prior,0,23,0.9986633658409119,1.381544589996338,28923.0,0.9958879947662354,30.934280395507812,0.0005779266357421875,0.9973464608192444,2018.4144287109375,0.0010309815406799316,0.9989672899246216,162.45970153808594,-0.0006254911422729492,0.9969238042831421,0.02105695568025112,0.004285097122192383,0.9967947602272034,9.820761680603027,0.003380119800567627,1.003761649131775,16.76858139038086,-0.008516430854797363,9,150,0.0006728172302246094
SLIM*MIX_oms_pat5_fn-full_extended_const-small_ints_latent4096,9057152a-801c-11f1-8d02-2c7ba0e6fa90,synthetic_prior,0,24,0.9986633658409119,1.3381311893463135,29661.0,0.9958879947662354,30.934280395507812,0.0005779266357421875,0.9973464608192444,2018.4144287109375,0.0010309815406799316,0.9989672899246216,162.45970153808594,-0.0006254911422729492,0.9969238042831421,0.02105695568025112,0.004285097122192383,0.9967947602272034,9.820761680603027,0.003380119800567627,1.003761649131775,16.76858139038086,-0.008516430854797363,9,150,0.0006728172302246094
SLIM*MIX_oms_pat5_fn-full_extended_const-small_ints_latent4096,9057152a-801c-11f1-8d02-2c7ba0e6fa90,synthetic_prior,0,25,0.9986370801925659,1.3219516277313232,31719.0,0.9959368109703064,30.9357967376709,0.0004799365997314453,0.9975252151489258,2018.7760009765625,0.0006729364395141602,0.9990181922912598,162.46798706054688,-0.000727534294128418,0.9975478649139404,0.02107013575732708,0.003038167953491211,0.9959895014762878,9.812828063964844,0.004989683628082275,1.000176191329956,16.70868492126465,-0.0013246536254882812,9,139,0.0007254481315612793
SLIM*MIX_oms_pat5_fn-full_extended_const-small_ints_latent4096,9057152a-801c-11f1-8d02-2c7ba0e6fa90,synthetic_prior,0,26,0.9985942840576172,1.4900240898132324,32548.0,0.9960036873817444,30.9378719329834,0.000345766544342041,0.9975700974464417,2018.866943359375,0.0005829930305480957,0.9987695813179016,162.42755126953125,-0.00022935867309570312,0.9970367550849915,0.021059341728687286,0.004059493541717529,0.9976657032966614,9.82934284210205,0.0016377568244934082,1.0138217210769653,16.9366455078125,-0.02883327007293701,12,188,0.0008109807968139648
SLIM*MIX_oms_pat5_fn-full_extended_const-small_ints_latent4096,9057152a-801c-11f1-8d02-2c7ba0e6fa90,synthetic_prior,0,27,0.9985759854316711,1.2928359508514404,32653.0,0.9961973428726196,30.943889617919922,-4.303455352783203e-05,0.9974640607833862,2018.65234375,0.0007954239845275879,0.999190092086792,162.49594116210938,-0.001071929931640625,0.9976503849029541,0.021072302013635635,0.0028331875801086426,0.9940218329429626,9.793441772460938,0.008917272090911865,1.0004205703735352,16.712766647338867,-0.0018138885498046875,10,152,0.0008476972579956055
SLIM*MIX_oms_pat5_fn-full_extended_const-small_ints_latent4096,9057152a-801c-11f1-8d02-2c7ba0e6fa90,synthetic_prior,0,28,0.9985458254814148,1.281369686126709,33475.0,0.9960748553276062,30.94008445739746,0.0002028346061706543,0.9973911046981812,2018.504638671875,0.0009415745735168457,0.9995278716087341,162.55087280273438,-0.001748800277709961,0.9979972243309021,0.02107962779700756,0.002139747142791748,0.9921599626541138,9.775096893310547,0.012626588344573975,1.0006238222122192,16.716163635253906,-0.0022209882736206055,11,164,0.0009080171585083008
SLIM*MIX_oms_pat5_fn-full_extended_const-small_ints_latent4096,9057152a-801c-11f1-8d02-2c7ba0e6fa90,synthetic_prior,0,29,0.9985148310661316,1.1852014064788818,33653.0,0.996135413646698,30.94196891784668,8.124113082885742e-05,0.9975646138191223,2018.855712890625,0.000594019889831543,0.999225378036499,162.50169372558594,-0.0011426210403442383,0.9982221722602844,0.02108437940478325,0.0016897916793823242,0.9936297535896301,9.789579391479492,0.009698927402496338,1.0000853538513184,16.70716667175293,-0.0011426210403442383,12,178,0.0009700655937194824
SLIM*MIX_oms_pat5_fn-full_extended_const-small_ints_latent4096,9057152a-801c-11f1-8d02-2c7ba0e6fa90,synthetic_prior,0,30,0.9985148310661316,1.254720687866211,35151.0,0.996135413646698,30.94196891784668,8.124113082885742e-05,0.9975646138191223,2018.855712890625,0.000594019889831543,0.999225378036499,162.50169372558594,-0.0011426210403442383,0.9982221722602844,0.02108437940478325,0.0016897916793823242,0.9936297535896301,9.789579391479492,0.009698927402496338,1.0000853538513184,16.70716667175293,-0.0011426210403442383,12,178,0.0009700655937194824
SLIM*MIX_oms_pat5_fn-full_extended_const-small_ints_latent4096,9057152a-801c-11f1-8d02-2c7ba0e6fa90,synthetic_prior,0,31,0.9985148310661316,1.2056562900543213,35767.0,0.996135413646698,30.94196891784668,8.124113082885742e-05,0.9975646138191223,2018.855712890625,0.000594019889831543,0.999225378036499,162.50169372558594,-0.0011426210403442383,0.9982221722602844,0.02108437940478325,0.0016897916793823242,0.9936297535896301,9.789579391479492,0.009698927402496338,1.0000853538513184,16.70716667175293,-0.0011426210403442383,12,178,0.0009700655937194824
SLIM*MIX_oms_pat5_fn-full_extended_const-small_ints_latent4096,9057152a-801c-11f1-8d02-2c7ba0e6fa90,synthetic_prior,0,32,0.9985148310661316,1.2353601455688477,36722.0,0.996135413646698,30.94196891784668,8.124113082885742e-05,0.9975646138191223,2018.855712890625,0.000594019889831543,0.999225378036499,162.50169372558594,-0.0011426210403442383,0.9982221722602844,0.02108437940478325,0.0016897916793823242,0.9936297535896301,9.789579391479492,0.009698927402496338,1.0000853538513184,16.70716667175293,-0.0011426210403442383,12,178,0.0009700655937194824
SLIM*MIX_oms_pat5_fn-full_extended_const-small_ints_latent4096,9057152a-801c-11f1-8d02-2c7ba0e6fa90,synthetic_prior,0,33,0.9985148310661316,1.1701195240020752,37151.0,0.996135413646698,30.94196891784668,8.124113082885742e-05,0.9975646138191223,2018.855712890625,0.000594019889831543,0.999225378036499,162.50169372558594,-0.0011426210403442383,0.9982221722602844,0.02108437940478325,0.0016897916793823242,0.9936297535896301,9.789579391479492,0.009698927402496338,1.0000853538513184,16.70716667175293,-0.0011426210403442383,12,178,0.0009700655937194824
SLIM*MIX_oms_pat5_fn-full_extended_const-small_ints_latent4096,9057152a-801c-11f1-8d02-2c7ba0e6fa90,synthetic_prior,0,34,0.9984979033470154,1.300025224685669,37985.0,0.9960132837295532,30.938173294067383,0.00032639503479003906,0.997523844242096,2018.7733154296875,0.0006756186485290527,0.9989877343177795,162.46302795410156,-0.000666499137878418,0.9979173541069031,0.021077940240502357,0.002299487590789795,0.9953476786613464,9.806504249572754,0.006271660327911377,1.0002093315124512,16.709238052368164,-0.0013908147811889648,11,163,0.0010039806365966797
SLIM*MIX_oms_pat5_fn-full_extended_const-small_ints_latent4096,9057152a-801c-11f1-8d02-2c7ba0e6fa90,synthetic_prior,0,35,0.9984979033470154,1.2634124755859375,39215.0,0.9960132837295532,30.938173294067383,0.00032639503479003906,0.997523844242096,2018.7733154296875,0.0006756186485290527,0.9989877343177795,162.46302795410156,-0.000666499137878418,0.9979173541069031,0.021077940240502357,0.002299487590789795,0.9953476786613464,9.806504249572754,0.006271660327911377,1.0002093315124512,16.709238052368164,-0.0013908147811889648,11,163,0.0010039806365966797
SLIM*MIX_oms_pat5_fn-full_extended_const-small_ints_latent4096,9057152a-801c-11f1-8d02-2c7ba0e6fa90,synthetic_prior,0,36,0.9984979033470154,1.243873119354248,39820.0,0.9960132837295532,30.938173294067383,0.00032639503479003906,0.997523844242096,2018.7733154296875,0.0006756186485290527,0.9989877343177795,162.46302795410156,-0.000666499137878418,0.9979173541069031,0.021077940240502357,0.002299487590789795,0.9953476786613464,9.806504249572754,0.006271660327911377,1.0002093315124512,16.709238052368164,-0.0013908147811889648,11,163,0.0010039806365966797
SLIM*MIX_oms_pat5_fn-full_extended_const-small_ints_latent4096,9057152a-801c-11f1-8d02-2c7ba0e6fa90,synthetic_prior,0,37,0.9984979033470154,1.3412525653839111,41052.0,0.9960132837295532,30.938173294067383,0.00032639503479003906,0.997523844242096,2018.7733154296875,0.0006756186485290527,0.9989877343177795,162.46302795410156,-0.000666499137878418,0.9979173541069031,0.021077940240502357,0.002299487590789795,0.9953476786613464,9.806504249572754,0.006271660327911377,1.0002093315124512,16.709238052368164,-0.0013908147811889648,11,163,0.0010039806365966797
SLIM*MIX_oms_pat5_fn-full_extended_const-small_ints_latent4096,9057152a-801c-11f1-8d02-2c7ba0e6fa90,synthetic_prior,0,38,0.9984956383705139,1.3198091983795166,43493.0,0.9961578845977783,30.942665100097656,3.618001937866211e-05,0.997780978679657,2019.293701171875,0.00016039609909057617,0.998671293258667,162.4115753173828,-3.254413604736328e-05,0.9977811574935913,0.021075064316391945,0.0025718212127685547,0.9975877404212952,9.828574180603027,0.0017938613891601562,1.0017802715301514,16.735483169555664,-0.004538893699645996,19,273,0.001008450984954834
SLIM*MIX_oms_pat5_fn-full_extended_const-small_ints_latent4096,9057152a-801c-11f1-8d02-2c7ba0e6fa90,synthetic_prior,0,39,0.9984875321388245,1.3849492073059082,43170.0,0.9957765340805054,30.930814743041992,0.0008016824722290039,0.9975774884223938,2018.8817138671875,0.0005682706832885742,0.9992026090621948,162.4979705810547,-0.001096963882446289,0.9977458715438843,0.021074317395687103,0.002642333507537842,0.9944660067558289,9.797818183898926,0.00803142786026001,1.0003302097320557,16.711257934570312,-0.0016328096389770508,12,181,0.0010246634483337402
SLIM*MIX_oms_pat5_fn-full_extended_const-small_ints_latent4096,9057152a-801c-11f1-8d02-2c7ba0e6fa90,synthetic_prior,0,40,0.9984802603721619,1.2831676006317139,43179.0,0.9958471655845642,30.933012008666992,0.0006598830223083496,0.9975817203521729,2018.890380859375,0.0005597472190856934,0.9989991188049316,162.4648895263672,-0.0006892681121826172,0.9966681003570557,0.0210515558719635,0.00479578971862793,0.9930850863456726,9.784212112426758,0.010784327983856201,1.0002392530441284,16.709739685058594,-0.0014508962631225586,11,156,0.001039266586303711
SLIM*MIX_oms_pat5_fn-full_extended_const-small_ints_latent4096,9057152a-801c-11f1-8d02-2c7ba0e6fa90,synthetic_prior,0,41,0.9984802603721619,1.3645780086517334,42929.0,0.9958471655845642,30.933012008666992,0.0006598830223083496,0.9975817203521729,2018.890380859375,0.0005597472190856934,0.9989991188049316,162.4648895263672,-0.0006892681121826172,0.9966681003570557,0.0210515558719635,0.00479578971862793,0.9930850863456726,9.784212112426758,0.010784327983856201,1.0002392530441284,16.709739685058594,-0.0014508962631225586,11,156,0.001039266586303711
SLIM*MIX_oms_pat5_fn-full_extended_const-small_ints_latent4096,9057152a-801c-11f1-8d02-2c7ba0e6fa90,synthetic_prior,0,42,0.9984375834465027,1.2911293506622314,44259.0,0.9961643218994141,30.94286346435547,2.3245811462402344e-05,0.997608482837677,2018.944580078125,0.0005061626434326172,0.99896240234375,162.45892333984375,-0.0006158351898193359,0.9980469942092896,0.021080678328871727,0.0020401477813720703,0.9978229999542236,9.830892562866211,0.001322925090789795,1.0012661218643188,16.72689437866211,-0.0035080909729003906,13,188,0.0011246204376220703
SLIM*MIX_oms_pat5_fn-full_extended_const-small_ints_latent4096,9057152a-801c-11f1-8d02-2c7ba0e6fa90,synthetic_prior,0,43,0.9984375834465027,1.2275769710540771,45534.0,0.9961643218994141,30.94286346435547,2.3245811462402344e-05,0.997608482837677,2018.944580078125,0.0005061626434326172,0.99896240234375,162.45892333984375,-0.0006158351898193359,0.9980469942092896,0.021080678328871727,0.0020401477813720703,0.9978229999542236,9.830892562866211,0.001322925090789795,1.0012661218643188,16.72689437866211,-0.0035080909729003906,13,188,0.0011246204376220703
SLIM*MIX_oms_pat5_fn-full_extended_const-small_ints_latent4096,9057152a-801c-11f1-8d02-2c7ba0e6fa90,synthetic_prior,0,44,0.9984375834465027,1.2447054386138916,47441.0,0.9961643218994141,30.94286346435547,2.3245811462402344e-05,0.997608482837677,2018.944580078125,0.0005061626434326172,0.99896240234375,162.45892333984375,-0.0006158351898193359,0.9980469942092896,0.021080678328871727,0.0020401477813720703,0.9978229999542236,9.830892562866211,0.001322925090789795,1.0012661218643188,16.72689437866211,-0.0035080909729003906,13,188,0.0011246204376220703
SLIM*MIX_oms_pat5_fn-full_extended_const-small_ints_latent4096,9057152a-801c-11f1-8d02-2c7ba0e6fa90,synthetic_prior,0,45,0.9984375834465027,1.1636579036712646,48883.0,0.9961643218994141,30.94286346435547,2.3245811462402344e-05,0.997608482837677,2018.944580078125,0.0005061626434326172,0.99896240234375,162.45892333984375,-0.0006158351898193359,0.9980469942092896,0.021080678328871727,0.0020401477813720703,0.9978229999542236,9.830892562866211,0.001322925090789795,1.0012661218643188,16.72689437866211,-0.0035080909729003906,13,188,0.0011246204376220703
SLIM*MIX_oms_pat5_fn-full_extended_const-small_ints_latent4096,9057152a-801c-11f1-8d02-2c7ba0e6fa90,synthetic_prior,0,46,0.9984366297721863,1.1954138278961182,50845.0,0.9961960315704346,30.94384765625,-4.0411949157714844e-05,0.9976842999458313,2019.0980224609375,0.0003542304039001465,0.9989228248596191,162.45248413085938,-0.0005364418029785156,0.9974141716957092,0.021067311987280846,0.003305375576019287,0.9966960549354553,9.819788932800293,0.00357741117477417,1.00112783908844,16.724584579467773,-0.0032309293746948242,12,174,0.0011265873908996582
SLIM*MIX_oms_pat5_fn-full_extended_const-small_ints_latent4096,9057152a-801c-11f1-8d02-2c7ba0e6fa90,synthetic_prior,0,47,0.9984006881713867,1.2236247062683105,53768.0,0.9961482882499695,30.942365646362305,5.537271499633789e-05,0.9977810382843018,2019.293701171875,0.00016033649444580078,0.9986768364906311,162.4124755859375,-4.374980926513672e-05,0.9990284442901611,0.02110140770673752,7.653236389160156e-05,0.9977095127105713,9.829774856567383,0.0015500783920288086,1.0006778240203857,16.717065811157227,-0.002329230308532715,20,295,0.0011985301971435547
SLIM*MIX_oms_pat5_fn-full_extended_const-small_ints_latent4096,9057152a-801c-11f1-8d02-2c7ba0e6fa90,synthetic_prior,0,48,0.9984006881713867,1.3437049388885498,55894.0,0.9961482882499695,30.942365646362305,5.537271499633789e-05,0.9977810382843018,2019.293701171875,0.00016033649444580078,0.9986768364906311,162.4124755859375,-4.374980926513672e-05,0.9990284442901611,0.02110140770673752,7.653236389160156e-05,0.9977095127105713,9.829774856567383,0.0015500783920288086,1.0006778240203857,16.717065811157227,-0.002329230308532715,20,295,0.0011985301971435547
SLIM*MIX_oms_pat5_fn-full_extended_const-small_ints_latent4096,9057152a-801c-11f1-8d02-2c7ba0e6fa90,synthetic_prior,0,49,0.9984006881713867,1.2813050746917725,56890.0,0.9961482882499695,30.942365646362305,5.537271499633789e-05,0.9977810382843018,2019.293701171875,0.00016033649444580078,0.9986768364906311,162.4124755859375,-4.374980926513672e-05,0.9990284442901611,0.02110140770673752,7.653236389160156e-05,0.9977095127105713,9.829774856567383,0.0015500783920288086,1.0006778240203857,16.717065811157227,-0.002329230308532715,20,295,0.0011985301971435547
SLIM*MIX_oms_pat5_fn-full_extended_const-small_ints_latent4096,9057152a-801c-11f1-8d02-2c7ba0e6fa90,synthetic_prior,0,50,0.9983996748924255,1.2960734367370605,56594.0,0.996147871017456,30.942350387573242,5.632638931274414e-05,0.9977810382843018,2019.2938232421875,0.0001602768898010254,0.9986768364906311,162.4124755859375,-4.374980926513672e-05,0.9990285634994507,0.021101409569382668,7.62939453125e-05,0.997726321220398,9.829939842224121,0.0015164017677307129,1.0006916522979736,16.717296600341797,-0.002357006072998047,19,280,0.0012004375457763672
SLIM*MIX_oms_pat5_fn-full_extended_const-small_ints_latent4096,9057152a-801c-11f1-8d02-2c7ba0e6fa90,synthetic_prior,0,51,0.9983987808227539,1.3503844738006592,56890.0,0.9961435794830322,30.942218780517578,6.490945816040039e-05,0.9977768063545227,2019.2852783203125,0.00016874074935913086,0.9986833930015564,162.4135284423828,-5.6862831115722656e-05,0.9990331530570984,0.021101508289575577,6.705522537231445e-05,0.9976357221603394,9.829047203063965,0.0016977787017822266,1.000897765159607,16.72073745727539,-0.0027698278427124023,20,298,0.0012022852897644043
SLIM*MIX_oms_pat5_fn-full_extended_const-small_ints_latent4096,9057152a-801c-11f1-8d02-2c7ba0e6fa90,synthetic_prior,0,52,0.9983987808227539,1.2171523571014404,58915.0,0.9961435794830322,30.942218780517578,6.490945816040039e-05,0.9977768063545227,2019.2852783203125,0.00016874074935913086,0.9986833930015564,162.4135284423828,-5.6862831115722656e-05,0.9990331530570984,0.021101508289575577,6.705522537231445e-05,0.9976357221603394,9.829047203063965,0.0016977787017822266,1.000897765159607,16.72073745727539,-0.0027698278427124023,20,298,0.0012022852897644043
SLIM*MIX_oms_pat5_fn-full_extended_const-small_ints_latent4096,9057152a-801c-11f1-8d02-2c7ba0e6fa90,synthetic_prior,0,53,0.998391330242157,1.2479228973388672,59168.0,0.9961503148078918,30.94243049621582,5.143880844116211e-05,0.9977827072143555,2019.297119140625,0.0001569986343383789,0.9986916780471802,162.4148712158203,-7.343292236328125e-05,0.9990031719207764,0.021100874990224838,0.0001270771026611328,0.9971129298210144,9.823896408081055,0.0027437806129455566,1.0014894008636475,16.730623245239258,-0.0039556026458740234,18,270,0.001217186450958252
SLIM*MIX_oms_pat5_fn-full_extended_const-small_ints_latent4096,9057152a-801c-11f1-8d02-2c7ba0e6fa90,synthetic_prior,0,54,0.9983808398246765,1.431777000427246,59459.0,0.9962947368621826,30.946916580200195,-0.00023865699768066406,0.9976208209991455,2018.969482421875,0.0004814267158508301,0.9991797804832458,162.4942626953125,-0.0010513067245483398,0.9954621195793152,0.02102608047425747,0.007202804088592529,0.9971476793289185,9.824238777160645,0.0026742219924926758,1.0017949342727661,16.735727310180664,-0.00456845760345459,18,285,0.0012382268905639648
SLIM*MIX_oms_pat5_fn-full_extended_const-small_ints_latent4096,9057152a-801c-11f1-8d02-2c7ba0e6fa90,synthetic_prior,0,55,0.9983808398246765,1.3724141120910645,58580.0,0.9962947368621826,30.946916580200195,-0.00023865699768066406,0.9976208209991455,2018.969482421875,0.0004814267158508301,0.9991797804832458,162.4942626953125,-0.0010513067245483398,0.9954621195793152,0.02102608047425747,0.007202804088592529,0.9971476793289185,9.824238777160645,0.0026742219924926758,1.0017949342727661,16.735727310180664,-0.00456845760345459,18,285,0.0012382268905639648
SLIM*MIX_oms_pat5_fn-full_extended_const-small_ints_latent4096,9057152a-801c-11f1-8d02-2c7ba0e6fa90,synthetic_prior,0,56,0.9983713030815125,1.3019731044769287,59550.0,0.9961584210395813,30.94268035888672,3.510713577270508e-05,0.9977849721908569,2019.3017578125,0.00015246868133544922,0.9987006783485413,162.41635131835938,-9.143352508544922e-05,0.9990325570106506,0.02110149711370468,6.824731826782227e-05,0.9974571466445923,9.827287673950195,0.0020551681518554688,1.001955270767212,16.738405227661133,-0.004889965057373047,20,319,0.0012572407722473145
SLIM*MIX_oms_pat5_fn-full_extended_const-small_ints_latent4096,9057152a-801c-11f1-8d02-2c7ba0e6fa90,synthetic_prior,0,57,0.998362123966217,1.3332488536834717,61517.0,0.9961578249931335,30.94266128540039,3.62396240234375e-05,0.9977556467056274,2019.2425537109375,0.00021117925643920898,0.9987131357192993,162.41836547851562,-0.0001163482666015625,0.9990338683128357,0.02110152505338192,6.562471389770508e-05,0.9973468780517578,9.826201438903809,0.0022757649421691895,1.0022951364517212,16.744083404541016,-0.005571842193603516,21,331,0.0012755393981933594
SLIM*MIX_oms_pat5_fn-full_extended_const-small_ints_latent4096,9057152a-801c-11f1-8d02-2c7ba0e6fa90,synthetic_prior,0,58,0.998362123966217,1.2613589763641357,62800.0,0.9961578249931335,30.94266128540039,3.62396240234375e-05,0.9977556467056274,2019.2425537109375,0.00021117925643920898,0.9987131357192993,162.41836547851562,-0.0001163482666015625,0.9990338683128357,0.02110152505338192,6.562471389770508e-05,0.9973468780517578,9.826201438903809,0.0022757649421691895,1.0022951364517212,16.744083404541016,-0.005571842193603516,21,331,0.0012755393981933594
SLIM*MIX_oms_pat5_fn-full_extended_const-small_ints_latent4096,9057152a-801c-11f1-8d02-2c7ba0e6fa90,synthetic_prior,0,59,0.998362123966217,1.3956611156463623,63036.0,0.9961578249931335,30.94266128540039,3.62396240234375e-05,0.9977556467056274,2019.2425537109375,0.00021117925643920898,0.9987131357192993,162.41836547851562,-0.0001163482666015625,0.9990338683128357,0.02110152505338192,6.562471389770508e-05,0.9973468780517578,9.826201438903809,0.0022757649421691895,1.0022951364517212,16.744083404541016,-0.005571842193603516,21,331,0.0012755393981933594
SLIM*MIX_oms_pat5_fn-full_extended_const-small_ints_latent4096,9057152a-801c-11f1-8d02-2c7ba0e6fa90,synthetic_prior,0,60,0.998362123966217,1.318284511566162,63289.0,0.9961578249931335,30.94266128540039,3.62396240234375e-05,0.9977556467056274,2019.2425537109375,0.00021117925643920898,0.9987131357192993,162.41836547851562,-0.0001163482666015625,0.9990338683128357,0.02110152505338192,6.562471389770508e-05,0.9973468780517578,9.826201438903809,0.0022757649421691895,1.0022951364517212,16.744083404541016,-0.005571842193603516,21,331,0.0012755393981933594
SLIM*MIX_oms_pat5_fn-full_extended_const-small_ints_latent4096,9057152a-801c-11f1-8d02-2c7ba0e6fa90,synthetic_prior,0,61,0.9983553290367126,1.3285136222839355,64462.0,0.9961451292037964,30.9422664642334,6.175041198730469e-05,0.9977777004241943,2019.2869873046875,0.00016707181930541992,0.9986706376075745,162.41146850585938,-3.123283386230469e-05,0.999000608921051,0.02110082097351551,0.0001322031021118164,0.997437596321106,9.827095031738281,0.0020942091941833496,1.00153648853302,16.73141098022461,-0.004050135612487793,23,333,0.0012891888618469238
SLIM*MIX_oms_pat5_fn-full_extended_const-small_ints_latent4096,9057152a-801c-11f1-8d02-2c7ba0e6fa90,synthetic_prior,0,62,0.9983553290367126,1.2393393516540527,63398.0,0.9961451292037964,30.9422664642334,6.175041198730469e-05,0.9977777004241943,2019.2869873046875,0.00016707181930541992,0.9986706376075745,162.41146850585938,-3.123283386230469e-05,0.999000608921051,0.02110082097351551,0.0001322031021118164,0.997437596321106,9.827095031738281,0.0020942091941833496,1.00153648853302,16.73141098022461,-0.004050135612487793,23,333,0.0012891888618469238
SLIM*MIX_oms_pat5_fn-full_extended_const-small_ints_latent4096,9057152a-801c-11f1-8d02-2c7ba0e6fa90,synthetic_prior,0,63,0.9983553290367126,1.3908429145812988,63411.0,0.9961451292037964,30.9422664642334,6.175041198730469e-05,0.9977777004241943,2019.2869873046875,0.00016707181930541992,0.9986706376075745,162.41146850585938,-3.123283386230469e-05,0.999000608921051,0.02110082097351551,0.0001322031021118164,0.997437596321106,9.827095031738281,0.0020942091941833496,1.00153648853302,16.73141098022461,-0.004050135612487793,23,333,0.0012891888618469238
SLIM*MIX_oms_pat5_fn-full_extended_const-small_ints_latent4096,9057152a-801c-11f1-8d02-2c7ba0e6fa90,synthetic_prior,0,64,0.9983553290367126,1.249558687210083,63020.0,0.996149480342865,30.94240379333496,5.3048133850097656e-05,0.9977875351905823,2019.306884765625,0.00014728307723999023,0.9986943602561951,162.41531372070312,-7.87973403930664e-05,0.9989497065544128,0.021099746227264404,0.00023412704467773438,0.9979751706123352,9.832391738891602,0.0010182857513427734,1.000815987586975,16.719375610351562,-0.002606034278869629,21,306,0.0012891888618469238
SLIM*MIX_oms_pat5_fn-full_extended_const-small_ints_latent4096,9057152a-801c-11f1-8d02-2c7ba0e6fa90,synthetic_prior,0,65,0.9983474612236023,1.3634498119354248,63291.0,0.996142566204071,30.942188262939453,6.687641143798828e-05,0.9977644085884094,2019.2601318359375,0.00019365549087524414,0.9986715316772461,162.41160583496094,-3.3020973205566406e-05,0.9990167617797852,0.02110116183757782,9.98377799987793e-05,0.9974659085273743,9.827373504638672,0.002037644386291504,1.0017921924591064,16.735681533813477,-0.004562854766845703,24,347,0.001304924488067627
SLIM*MIX_oms_pat5_fn-full_extended_const-small_ints_latent4096,9057152a-801c-11f1-8d02-2c7ba0e6fa90,synthetic_prior,0,66,0.9983474612236023,1.3926024436950684,64534.0,0.996142566204071,30.942188262939453,6.687641143798828e-05,0.9977644085884094,2019.2601318359375,0.00019365549087524414,0.9986715316772461,162.41160583496094,-3.3020973205566406e-05,0.9990167617797852,0.02110116183757782,9.98377799987793e-05,0.9974659085273743,9.827373504638672,0.002037644386291504,1.0017921924591064,16.735681533813477,-0.004562854766845703,24,347,0.001304924488067627
SLIM*MIX_oms_pat5_fn-full_extended_const-small_ints_latent4096,9057152a-801c-11f1-8d02-2c7ba0e6fa90,synthetic_prior,0,67,0.9983473420143127,1.3703644275665283,65010.0,0.9961426258087158,30.942190170288086,6.67572021484375e-05,0.9977647066116333,2019.2607421875,0.00019305944442749023,0.9986714720726013,162.41160583496094,-3.3020973205566406e-05,0.9990168809890747,0.02110116556286812,9.959936141967773e-05,0.9974693655967712,9.827407836914062,0.002030670642852783,1.0017833709716797,16.73553466796875,-0.0045452117919921875,25,365,0.0013051629066467285
SLIM*MIX_oms_pat5_fn-full_extended_const-small_ints_latent4096,9057152a-801c-11f1-8d02-2c7ba0e6fa90,synthetic_prior,0,68,0.9983313083648682,1.251382827758789,66648.0,0.9961336851119995,30.941913604736328,8.475780487060547e-05,0.9977651238441467,2019.26171875,0.00019222497940063477,0.9986754059791565,162.41224670410156,-4.076957702636719e-05,0.9990071654319763,0.021100960671901703,0.00011909008026123047,0.9972187280654907,9.824938774108887,0.0025321245193481445,1.0018112659454346,16.73600196838379,-0.004601240158081055,23,334,0.0013372302055358887
SLIM*MIX_oms_pat5_fn-full_extended_const-small_ints_latent4096,9057152a-801c-11f1-8d02-2c7ba0e6fa90,synthetic_prior,0,69,0.9983289241790771,1.3794124126434326,67581.0,0.9961332678794861,30.9419002532959,8.559226989746094e-05,0.9977636933326721,2019.2586669921875,0.00019508600234985352,0.9986763000488281,162.41238403320312,-4.2557716369628906e-05,0.9990061521530151,0.021100938320159912,0.00012117624282836914,0.9972250461578369,9.825000762939453,0.0025194883346557617,1.0018236637115479,16.736207962036133,-0.004626035690307617,24,349,0.0013420581817626953
SLIM*MIX_oms_pat5_fn-full_extended_const-small_ints_latent4096,9057152a-801c-11f1-8d02-2c7ba0e6fa90,synthetic_prior,0,70,0.9983289241790771,1.2770366668701172,68457.0,0.9961332678794861,30.9419002532959,8.559226989746094e-05,0.9977636933326721,2019.2586669921875,0.00019508600234985352,0.9986763000488281,162.41238403320312,-4.2557716369628906e-05,0.9990061521530151,0.021100938320159912,0.00012117624282836914,0.9972250461578369,9.825000762939453,0.0025194883346557617,1.0018236637115479,16.736207962036133,-0.004626035690307617,24,349,0.0013420581817626953
SLIM*MIX_oms_pat5_fn-full_extended_const-small_ints_latent4096,9057152a-801c-11f1-8d02-2c7ba0e6fa90,synthetic_prior,0,71,0.9983289241790771,1.2897791862487793,67579.0,0.9961332678794861,30.9419002532959,8.559226989746094e-05,0.9977636933326721,2019.2586669921875,0.00019508600234985352,0.9986763000488281,162.41238403320312,-4.2557716369628906e-05,0.9990061521530151,0.021100938320159912,0.00012117624282836914,0.9972250461578369,9.825000762939453,0.0025194883346557617,1.0018236637115479,16.736207962036133,-0.004626035690307617,24,349,0.0013420581817626953
SLIM*MIX_oms_pat5_fn-full_extended_const-small_ints_latent4096,9057152a-801c-11f1-8d02-2c7ba0e6fa90,synthetic_prior,0,72,0.9983274936676025,1.316723346710205,67151.0,0.9961342811584473,30.941932678222656,8.356571197509766e-05,0.9977332949638367,2019.197021484375,0.00025600194931030273,0.9986715912818909,162.41162109375,-3.314018249511719e-05,0.9990192651748657,0.021101215854287148,9.483098983764648e-05,0.9973496794700623,9.826228141784668,0.0022701621055603027,1.00287926197052,16.75383949279785,-0.0067441463470458984,27,384,0.001344919204711914
SLIM*MIX_oms_pat5_fn-full_extended_const-small_ints_latent4096,9057152a-801c-11f1-8d02-2c7ba0e6fa90,synthetic_prior,0,73,0.9983274936676025,1.3271827697753906,68916.0,0.9961342811584473,30.941932678222656,8.356571197509766e-05,0.9977332949638367,2019.197021484375,0.00025600194931030273,0.9986715912818909,162.41162109375,-3.314018249511719e-05,0.9990192651748657,0.021101215854287148,9.483098983764648e-05,0.9973496794700623,9.826228141784668,0.0022701621055603027,1.00287926197052,16.75383949279785,-0.0067441463470458984,27,384,0.001344919204711914
SLIM*MIX_oms_pat5_fn-full_extended_const-small_ints_latent4096,9057152a-801c-11f1-8d02-2c7ba0e6fa90,synthetic_prior,0,74,0.9983267188072205,1.3506338596343994,69071.0,0.99610435962677,30.940998077392578,0.0001436471939086914,0.9977165460586548,2019.163330078125,0.00028949975967407227,0.9986777305603027,162.41262817382812,-4.553794860839844e-05,0.9989880323410034,0.02110055647790432,0.00015729665756225586,0.9968938231468201,9.821737289428711,0.0031819939613342285,1.0017380714416504,16.734777450561523,-0.004454493522644043,25,368,0.0013464689254760742
SLIM*MIX_oms_pat5_fn-full_extended_const-small_ints_latent4096,9057152a-801c-11f1-8d02-2c7ba0e6fa90,synthetic_prior,0,75,0.9983232021331787,1.2687747478485107,69646.0,0.9961249232292175,30.941640853881836,0.0001023411750793457,0.9977558851242065,2019.242919921875,0.00021076202392578125,0.9986733794212341,162.4119110107422,-3.6716461181640625e-05,0.9990137219429016,0.021101098507642746,0.00010597705841064453,0.9966029524803162,9.818872451782227,0.0037636160850524902,1.0030159950256348,16.756128311157227,-0.007018923759460449,24,351,0.001353442668914795
SLIM*MIX_oms_pat5_fn-full_extended_const-small_ints_latent4096,9057152a-801c-11f1-8d02-2c7ba0e6fa90,synthetic_prior,0,76,0.9983206987380981,1.255627155303955,69866.0,0.9961466789245605,30.94231414794922,5.8710575103759766e-05,0.9977803826332092,2019.2926025390625,0.00016158819198608398,0.99866783618927,162.4110107421875,-2.562999725341797e-05,0.9990163445472717,0.021101154386997223,0.00010073184967041016,0.9972236752510071,9.824987411499023,0.002522289752960205,1.0019384622573853,16.73812484741211,-0.004856228828430176,25,361,0.0013584494590759277
SLIM*MIX_oms_pat5_fn-full_extended_const-small_ints_latent4096,9057152a-801c-11f1-8d02-2c7ba0e6fa90,synthetic_prior,0,77,0.9983206987380981,1.3691363334655762,71952.0,0.9961466789245605,30.94231414794922,5.8710575103759766e-05,0.9977803826332092,2019.2926025390625,0.00016158819198608398,0.99866783618927,162.4110107421875,-2.562999725341797e-05,0.9990163445472717,0.021101154386997223,0.00010073184967041016,0.9972236752510071,9.824987411499023,0.002522289752960205,1.0019384622573853,16.73812484741211,-0.004856228828430176,25,361,0.0013584494590759277
SLIM*MIX_oms_pat5_fn-full_extended_const-small_ints_latent4096,9057152a-801c-11f1-8d02-2c7ba0e6fa90,synthetic_prior,0,78,0.9983206987380981,1.4265553951263428,72514.0,0.9961466789245605,30.94231414794922,5.8710575103759766e-05,0.9977803826332092,2019.2926025390625,0.00016158819198608398,0.99866783618927,162.4110107421875,-2.562999725341797e-05,0.9990163445472717,0.021101154386997223,0.00010073184967041016,0.9972236752510071,9.824987411499023,0.002522289752960205,1.0019384622573853,16.73812484741211,-0.004856228828430176,25,361,0.0013584494590759277
SLIM*MIX_oms_pat5_fn-full_extended_const-small_ints_latent4096,9057152a-801c-11f1-8d02-2c7ba0e6fa90,synthetic_prior,0,79,0.9983181953430176,1.3205029964447021,73135.0,0.9961464405059814,30.942306518554688,5.91278076171875e-05,0.9977816343307495,2019.2950439453125,0.00015908479690551758,0.9986687898635864,162.41116333007812,-2.765655517578125e-05,0.9990119934082031,0.02110106125473976,0.00010943412780761719,0.9972156286239624,9.824908256530762,0.002538323402404785,1.0018634796142578,16.73687171936035,-0.00470578670501709,26,374,0.001363515853881836
SLIM*MIX_oms_pat5_fn-full_extended_const-small_ints_latent4096,9057152a-801c-11f1-8d02-2c7ba0e6fa90,synthetic_prior,0,80,0.9983181953430176,1.2857608795166016,73067.0,0.9961464405059814,30.942306518554688,5.91278076171875e-05,0.9977816343307495,2019.2950439453125,0.00015908479690551758,0.9986687898635864,162.41116333007812,-2.765655517578125e-05,0.9990119934082031,0.02110106125473976,0.00010943412780761719,0.9972156286239624,9.824908256530762,0.002538323402404785,1.0018634796142578,16.73687171936035,-0.00470578670501709,26,374,0.001363515853881836
SLIM*MIX_oms_pat5_fn-full_extended_const-small_ints_latent4096,9057152a-801c-11f1-8d02-2c7ba0e6fa90,synthetic_prior,0,81,0.9983181953430176,1.2422349452972412,74315.0,0.9961464405059814,30.942306518554688,5.91278076171875e-05,0.9977816343307495,2019.2950439453125,0.00015908479690551758,0.9986687898635864,162.41116333007812,-2.765655517578125e-05,0.9990119934082031,0.02110106125473976,0.00010943412780761719,0.9972156286239624,9.824908256530762,0.002538323402404785,1.0018634796142578,16.73687171936035,-0.00470578670501709,26,374,0.001363515853881836
SLIM*MIX_oms_pat5_fn-full_extended_const-small_ints_latent4096,9057152a-801c-11f1-8d02-2c7ba0e6fa90,synthetic_prior,0,82,0.9983150362968445,1.265059232711792,74776.0,0.9961407780647278,30.94213104248047,7.05718994140625e-05,0.9977672100067139,2019.265869140625,0.00018799304962158203,0.998671293258667,162.4115753173828,-3.266334533691406e-05,0.9990044236183167,0.021100901067256927,0.0001245737075805664,0.9968777894973755,9.821579933166504,0.0032140612602233887,1.002332329750061,16.744705200195312,-0.005646347999572754,27,387,0.001369774341583252
SLIM*MIX_oms_pat5_fn-full_extended_const-small_ints_latent4096,9057152a-801c-11f1-8d02-2c7ba0e6fa90,synthetic_prior,0,83,0.9983142018318176,1.379561185836792,76034.0,0.9961439371109009,30.942230224609375,6.41942024230957e-05,0.997775673866272,2019.2830810546875,0.0001710057258605957,0.9986692070960999,162.41122436523438,-2.849102020263672e-05,0.9989920258522034,0.021100640296936035,0.00014930963516235352,0.9969581961631775,9.822371482849121,0.0030532479286193848,1.0023056268692017,16.744260787963867,-0.005592942237854004,28,402,0.0013715028762817383
SLIM*MIX_oms_pat5_fn-full_extended_const-small_ints_latent4096,9057152a-801c-11f1-8d02-2c7ba0e6fa90,synthetic_prior,0,84,0.9983142018318176,1.3139369487762451,76315.0,0.9961439371109009,30.942230224609375,6.41942024230957e-05,0.997775673866272,2019.2830810546875,0.0001710057258605957,0.9986692070960999,162.41122436523438,-2.849102020263672e-05,0.9989920258522034,0.021100640296936035,0.00014930963516235352,0.9969581961631775,9.822371482849121,0.0030532479286193848,1.0023056268692017,16.744260787963867,-0.005592942237854004,28,402,0.0013715028762817383
SLIM*MIX_oms_pat5_fn-full_extended_const-small_ints_latent4096,9057152a-801c-11f1-8d02-2c7ba0e6fa90,synthetic_prior,0,85,0.9983142018318176,1.252570629119873,77291.0,0.9961439371109009,30.942230224609375,6.41942024230957e-05,0.997775673866272,2019.2830810546875,0.0001710057258605957,0.9986692070960999,162.41122436523438,-2.849102020263672e-05,0.9989920258522034,0.021100640296936035,0.00014930963516235352,0.9969581961631775,9.822371482849121,0.0030532479286193848,1.0023056268692017,16.744260787963867,-0.005592942237854004,28,402,0.0013715028762817383
SLIM*MIX_oms_pat5_fn-full_extended_const-small_ints_latent4096,9057152a-801c-11f1-8d02-2c7ba0e6fa90,synthetic_prior,0,86,0.9983087778091431,1.2672789096832275,77382.0,0.9961407780647278,30.94213104248047,7.05718994140625e-05,0.997761070728302,2019.2532958984375,0.0002003312110900879,0.9986717700958252,162.41165161132812,-3.361701965332031e-05,0.9989959597587585,0.02110072411596775,0.00014156103134155273,0.9966769814491272,9.819601058959961,0.00361555814743042,1.0029196739196777,16.7545166015625,-0.00682520866394043,29,413,0.0013824105262756348
SLIM*MIX_oms_pat5_fn-full_extended_const-small_ints_latent4096,9057152a-801c-11f1-8d02-2c7ba0e6fa90,synthetic_prior,0,87,0.9983072280883789,1.2338321208953857,77042.0,0.9961477518081665,30.94234848022461,5.65648078918457e-05,0.9977832436561584,2019.2982177734375,0.00015592575073242188,0.9986717104911804,162.41163635253906,-3.337860107421875e-05,0.999034583568573,0.021101539954543114,6.42538070678711e-05,0.997002363204956,9.822806358337402,0.002964913845062256,1.0024340152740479,16.746400833129883,-0.005850315093994141,27,390,0.0013853907585144043
SLIM*MIX_oms_pat5_fn-full_extended_const-small_ints_latent4096,9057152a-801c-11f1-8d02-2c7ba0e6fa90,synthetic_prior,0,88,0.9983072280883789,1.263545036315918,77956.0,0.9961477518081665,30.94234848022461,5.65648078918457e-05,0.9977832436561584,2019.2982177734375,0.00015592575073242188,0.9986717104911804,162.41163635253906,-3.337860107421875e-05,0.999034583568573,0.021101539954543114,6.42538070678711e-05,0.997002363204956,9.822806358337402,0.002964913845062256,1.0024340152740479,16.746400833129883,-0.005850315093994141,27,390,0.0013853907585144043
SLIM*MIX_oms_pat5_fn-full_extended_const-small_ints_latent4096,9057152a-801c-11f1-8d02-2c7ba0e6fa90,synthetic_prior,0,89,0.9983067512512207,1.2908427715301514,79647.0,0.9961469769477844,30.94232940673828,5.799531936645508e-05,0.9977813959121704,2019.2945556640625,0.0001595020294189453,0.9986720085144043,162.4116973876953,-3.409385681152344e-05,0.9990348219871521,0.021101543679833412,6.377696990966797e-05,0.9969760179519653,9.822547912597656,0.003017604351043701,1.002501130104065,16.74752426147461,-0.005985140800476074,28,405,0.001386404037475586
SLIM*MIX_oms_pat5_fn-full_extended_const-small_ints_latent4096,9057152a-801c-11f1-8d02-2c7ba0e6fa90,synthetic_prior,0,90,0.9983067512512207,1.3385891914367676,80681.0,0.9961469769477844,30.94232940673828,5.799531936645508e-05,0.9977813959121704,2019.2945556640625,0.0001595020294189453,0.9986720085144043,162.4116973876953,-3.409385681152344e-05,0.9990348219871521,0.021101543679833412,6.377696990966797e-05,0.9969760179519653,9.822547912597656,0.003017604351043701,1.002501130104065,16.74752426147461,-0.005985140800476074,28,405,0.001386404037475586
SLIM*MIX_oms_pat5_fn-full_extended_const-small_ints_latent4096,9057152a-801c-11f1-8d02-2c7ba0e6fa90,synthetic_prior,0,91,0.9983067512512207,1.345870018005371,82705.0,0.9961469769477844,30.94232940673828,5.799531936645508e-05,0.9977813959121704,2019.2945556640625,0.0001595020294189453,0.9986720085144043,162.4116973876953,-3.409385681152344e-05,0.9990348219871521,0.021101543679833412,6.377696990966797e-05,0.9969760179519653,9.822547912597656,0.003017604351043701,1.002501130104065,16.74752426147461,-0.005985140800476074,28,405,0.001386404037475586
SLIM*MIX_oms_pat5_fn-full_extended_const-small_ints_latent4096,9057152a-801c-11f1-8d02-2c7ba0e6fa90,synthetic_prior,0,92,0.9983067512512207,1.3565139770507812,83990.0,0.9961469769477844,30.94232940673828,5.799531936645508e-05,0.9977813959121704,2019.2945556640625,0.0001595020294189453,0.9986720085144043,162.4116973876953,-3.409385681152344e-05,0.9990348219871521,0.021101543679833412,6.377696990966797e-05,0.9969760179519653,9.822547912597656,0.003017604351043701,1.002501130104065,16.74752426147461,-0.005985140800476074,28,405,0.001386404037475586
SLIM*MIX_oms_pat5_fn-full_extended_const-small_ints_latent4096,9057152a-801c-11f1-8d02-2c7ba0e6fa90,synthetic_prior,0,93,0.9983067512512207,1.2937843799591064,83652.0,0.9961469769477844,30.94232940673828,5.799531936645508e-05,0.9977813959121704,2019.2945556640625,0.0001595020294189453,0.9986720085144043,162.4116973876953,-3.409385681152344e-05,0.9990348219871521,0.021101543679833412,6.377696990966797e-05,0.9969760179519653,9.822547912597656,0.003017604351043701,1.002501130104065,16.74752426147461,-0.005985140800476074,28,405,0.001386404037475586
SLIM*MIX_oms_pat5_fn-full_extended_const-small_ints_latent4096,9057152a-801c-11f1-8d02-2c7ba0e6fa90,synthetic_prior,0,94,0.9983008503913879,1.287748098373413,82282.0,0.9961464405059814,30.94230842590332,5.91278076171875e-05,0.9977399110794067,2019.2105712890625,0.00024276971817016602,0.9986900091171265,162.41461181640625,-7.009506225585938e-05,0.9990140795707703,0.021101105958223343,0.00010532140731811523,0.9962961673736572,9.815849304199219,0.004376888275146484,1.0018655061721802,16.736906051635742,-0.004709839820861816,27,390,0.0013982057571411133
SLIM*MIX_oms_pat5_fn-full_extended_const-small_ints_latent4096,9057152a-801c-11f1-8d02-2c7ba0e6fa90,synthetic_prior,0,95,0.9983008503913879,1.334787368774414,83628.0,0.9961464405059814,30.94230842590332,5.91278076171875e-05,0.9977399110794067,2019.2105712890625,0.00024276971817016602,0.9986900091171265,162.41461181640625,-7.009506225585938e-05,0.9990140795707703,0.021101105958223343,0.00010532140731811523,0.9962961673736572,9.815849304199219,0.004376888275146484,1.0018655061721802,16.736906051635742,-0.004709839820861816,27,390,0.0013982057571411133
SLIM*MIX_oms_pat5_fn-full_extended_const-small_ints_latent4096,9057152a-801c-11f1-8d02-2c7ba0e6fa90,synthetic_prior,0,96,0.9983008503913879,1.30946946144104,84293.0,0.9961464405059814,30.94230842590332,5.91278076171875e-05,0.9977399110794067,2019.2105712890625,0.00024276971817016602,0.9986900091171265,162.41461181640625,-7.009506225585938e-05,0.9990140795707703,0.021101105958223343,0.00010532140731811523,0.9962961673736572,9.815849304199219,0.004376888275146484,1.0018655061721802,16.736906051635742,-0.004709839820861816,27,390,0.0013982057571411133
SLIM*MIX_oms_pat5_fn-full_extended_const-small_ints_latent4096,9057152a-801c-11f1-8d02-2c7ba0e6fa90,synthetic_prior,0,97,0.998300313949585,1.2991745471954346,83233.0,0.9961464405059814,30.942310333251953,5.91278076171875e-05,0.997738778591156,2019.208251953125,0.00024503469467163086,0.9986902475357056,162.41465759277344,-7.05718994140625e-05,0.9990183711051941,0.021101197227835655,9.66191291809082e-05,0.9961298704147339,9.814210891723633,0.004709184169769287,1.0019866228103638,16.73893165588379,-0.004952907562255859,27,388,0.0013992786407470703
SLIM*MIX_oms_pat5_fn-full_extended_const-small_ints_latent4096,9057152a-801c-11f1-8d02-2c7ba0e6fa90,synthetic_prior,0,98,0.9983000159263611,1.3778929710388184,81753.0,0.9961502552032471,30.942426681518555,5.14984130859375e-05,0.9977549910545349,2019.2410888671875,0.0002124309539794922,0.9986835718154907,162.41355895996094,-5.7220458984375e-05,0.9990254640579224,0.021101346239447594,8.249282836914062e-05,0.9964627027511597,9.817489624023438,0.004043996334075928,1.0015939474105835,16.732370376586914,-0.004165291786193848,26,368,0.0013999342918395996
SLIM*MIX_oms_pat5_fn-full_extended_const-small_ints_latent4096,9057152a-801c-11f1-8d02-2c7ba0e6fa90,synthetic_prior,0,99,0.9982948303222656,1.2714722156524658,81438.0,0.9961480498313904,30.94235610961914,5.59687614440918e-05,0.9977608323097229,2019.2530517578125,0.00020074844360351562,0.9986844658851624,162.41371154785156,-5.900859832763672e-05,0.998998761177063,0.021100781857967377,0.0001360177993774414,0.9962047934532166,9.814949035644531,0.004559576511383057,1.001895785331726,16.737411499023438,-0.004770636558532715,26,374,0.0014103055000305176
SLIM*MIX_oms_pat5_fn-full_extended_const-small_ints_latent4096,9057152a-801c-11f1-8d02-2c7ba0e6fa90,synthetic_prior,0,100,0.9982892274856567,1.4254419803619385,81390.0,0.9961503148078918,30.942428588867188,5.143880844116211e-05,0.9977595210075378,2019.250244140625,0.0002033710479736328,0.9986845850944519,162.41372680664062,-5.924701690673828e-05,0.9990126490592957,0.021101076155900955,0.0001081228256225586,0.9965395927429199,9.81824779510498,0.0038902759552001953,1.001358985900879,16.728445053100586,-0.00369417667388916,28,407,0.0014213919639587402
SLIM*MIX_oms_pat5_fn-full_extended_const-small_ints_latent4096,9057152a-801c-11f1-8d02-2c7ba0e6fa90,synthetic_prior,0,101,0.998285174369812,1.3239469528198242,79629.0,0.9961532950401306,30.942523956298828,4.5299530029296875e-05,0.9977481961250305,2019.227294921875,0.00022614002227783203,0.9986920356750488,162.41494750976562,-7.414817810058594e-05,0.9989675879478455,0.0211001206189394,0.0001983642578125,0.9962435364723206,9.81533145904541,0.004482090473175049,1.0024611949920654,16.746856689453125,-0.0059049129486083984,27,389,0.0014295578002929688
SLIM*MIX_oms_pat5_fn-full_extended_const-small_ints_latent4096,9057152a-801c-11f1-8d02-2c7ba0e6fa90,synthetic_prior,0,102,0.998283326625824,1.3711373805999756,77911.0,0.996147632598877,30.942346572875977,5.6803226470947266e-05,0.997762143611908,2019.2557373046875,0.00019812583923339844,0.9986840486526489,162.4136505126953,-5.829334259033203e-05,0.9989873766899109,0.021100543439388275,0.00015866756439208984,0.9961967468261719,9.814870834350586,0.004575610160827637,1.0020486116409302,16.73996353149414,-0.0050771236419677734,28,409,0.0014333128929138184
SLIM*MIX_oms_pat5_fn-full_extended_const-small_ints_latent4096,9057152a-801c-11f1-8d02-2c7ba0e6fa90,synthetic_prior,0,103,0.998283326625824,1.3089337348937988,77098.0,0.996147632598877,30.942346572875977,5.6803226470947266e-05,0.997762143611908,2019.2557373046875,0.00019812583923339844,0.9986840486526489,162.4136505126953,-5.829334259033203e-05,0.9989873766899109,0.021100543439388275,0.00015866756439208984,0.9961967468261719,9.814870834350586,0.004575610160827637,1.0020486116409302,16.73996353149414,-0.0050771236419677734,28,409,0.0014333128929138184
SLIM*MIX_oms_pat5_fn-full_extended_const-small_ints_latent4096,9057152a-801c-11f1-8d02-2c7ba0e6fa90,synthetic_prior,0,104,0.998283326625824,1.3308773040771484,78234.0,0.996147632598877,30.942346572875977,5.6803226470947266e-05,0.997762143611908,2019.2557373046875,0.00019812583923339844,0.9986840486526489,162.4136505126953,-5.829334259033203e-05,0.9989873766899109,0.021100543439388275,0.00015866756439208984,0.9961967468261719,9.814870834350586,0.004575610160827637,1.0020486116409302,16.73996353149414,-0.0050771236419677734,28,409,0.0014333128929138184
SLIM*MIX_oms_pat5_fn-full_extended_const-small_ints_latent4096,9057152a-801c-11f1-8d02-2c7ba0e6fa90,synthetic_prior,0,105,0.9982826709747314,1.3807339668273926,79329.0,0.996155858039856,30.94260025024414,4.023313522338867e-05,0.9977631568908691,2019.2576904296875,0.00019615888595581055,0.9986878037452698,162.41424560546875,-6.568431854248047e-05,0.998971164226532,0.021100198850035667,0.00019121170043945312,0.9964966177940369,9.81782341003418,0.003976166248321533,1.0019351243972778,16.73807144165039,-0.004849553108215332,27,390,0.0014345645904541016
SLIM*MIX_oms_pat5_fn-full_extended_const-small_ints_latent4096,9057152a-801c-11f1-8d02-2c7ba0e6fa90,synthetic_prior,0,106,0.9982503056526184,1.3467259407043457,79349.0,0.9961583614349365,30.942678451538086,3.522634506225586e-05,0.9977666735649109,2019.2647705078125,0.00018906593322753906,0.9986981153488159,162.4159393310547,-8.64267349243164e-05,0.9990105032920837,0.021101029589772224,0.00011235475540161133,0.9963833689689636,9.8167085647583,0.004202604293823242,1.002526879310608,16.747955322265625,-0.006036996841430664,28,399,0.0014993548393249512
SLIM*MIX_oms_pat5_fn-full_extended_const-small_ints_latent4096,9057152a-801c-11f1-8d02-2c7ba0e6fa90,synthetic_prior,0,107,0.9982503056526184,1.351876974105835,79549.0,0.9961583614349365,30.942678451538086,3.522634506225586e-05,0.9977666735649109,2019.2647705078125,0.00018906593322753906,0.9986981153488159,162.4159393310547,-8.64267349243164e-05,0.9990105032920837,0.021101029589772224,0.00011235475540161133,0.9963833689689636,9.8167085647583,0.004202604293823242,1.002526879310608,16.747955322265625,-0.006036996841430664,28,399,0.0014993548393249512
SLIM*MIX_oms_pat5_fn-full_extended_const-small_ints_latent4096,9057152a-801c-11f1-8d02-2c7ba0e6fa90,synthetic_prior,0,108,0.9982503056526184,1.403630018234253,80061.0,0.9961583614349365,30.942678451538086,3.522634506225586e-05,0.9977666735649109,2019.2647705078125,0.00018906593322753906,0.9986981153488159,162.4159393310547,-8.64267349243164e-05,0.9990105032920837,0.021101029589772224,0.00011235475540161133,0.9963833689689636,9.8167085647583,0.004202604293823242,1.002526879310608,16.747955322265625,-0.006036996841430664,28,399,0.0014993548393249512
SLIM*MIX_oms_pat5_fn-full_extended_const-small_ints_latent4096,9057152a-801c-11f1-8d02-2c7ba0e6fa90,synthetic_prior,0,109,0.9982503056526184,1.2957322597503662,80511.0,0.9961583614349365,30.942678451538086,3.522634506225586e-05,0.9977666735649109,2019.2647705078125,0.00018906593322753906,0.9986981153488159,162.4159393310547,-8.64267349243164e-05,0.9990105032920837,0.021101029589772224,0.00011235475540161133,0.9963833689689636,9.8167085647583,0.004202604293823242,1.002526879310608,16.747955322265625,-0.006036996841430664,28,399,0.0014993548393249512
SLIM*MIX_oms_pat5_fn-full_extended_const-small_ints_latent4096,9057152a-801c-11f1-8d02-2c7ba0e6fa90,synthetic_prior,0,110,0.9982503056526184,1.3207108974456787,81188.0,0.9961583614349365,30.942678451538086,3.522634506225586e-05,0.9977666735649109,2019.2647705078125,0.00018906593322753906,0.9986981153488159,162.4159393310547,-8.64267349243164e-05,0.9990105032920837,0.021101029589772224,0.00011235475540161133,0.9963833689689636,9.8167085647583,0.004202604293823242,1.002526879310608,16.747955322265625,-0.006036996841430664,28,399,0.0014993548393249512
SLIM*MIX_oms_pat5_fn-full_extended_const-small_ints_latent4096,9057152a-801c-11f1-8d02-2c7ba0e6fa90,synthetic_prior,0,111,0.9982503056526184,1.865333080291748,41220.0,0.9961583614349365,30.942678451538086,3.522634506225586e-05,0.9977666735649109,2019.2647705078125,0.00018906593322753906,0.9986981153488159,162.4159393310547,-8.64267349243164e-05,0.9990105032920837,0.021101029589772224,0.00011235475540161133,0.9963833689689636,9.8167085647583,0.004202604293823242,1.002526879310608,16.747955322265625,-0.006036996841430664,28,399,0.0014993548393249512
SLIM*MIX_oms_pat5_fn-full_extended_const-small_ints_latent4096,9057152a-801c-11f1-8d02-2c7ba0e6fa90,synthetic_prior,0,112,0.9982503056526184,1.2468833923339844,65229.0,0.9961583614349365,30.942678451538086,3.522634506225586e-05,0.9977666735649109,2019.2647705078125,0.00018906593322753906,0.9986981153488159,162.4159393310547,-8.64267349243164e-05,0.9990105032920837,0.021101029589772224,0.00011235475540161133,0.9963833689689636,9.8167085647583,0.004202604293823242,1.002526879310608,16.747955322265625,-0.006036996841430664,28,399,0.0014993548393249512
SLIM*MIX_oms_pat5_fn-full_extended_const-small_ints_latent4096,9057152a-801c-11f1-8d02-2c7ba0e6fa90,synthetic_prior,0,113,0.9982492923736572,1.2813372611999512,77462.0,0.9961584806442261,30.942684173583984,3.49879264831543e-05,0.9977704286575317,2019.272216796875,0.00018161535263061523,0.9986969232559204,162.41574096679688,-8.392333984375e-05,0.9990148544311523,0.021101122722029686,0.00010371208190917969,0.9964548945426941,9.817412376403809,0.0040596723556518555,1.0024030208587646,16.745885848999023,-0.005788326263427734,29,414,0.0015013813972473145
SLIM*MIX_oms_pat5_fn-full_extended_const-small_ints_latent4096,9057152a-801c-11f1-8d02-2c7ba0e6fa90,synthetic_prior,0,114,0.9982492923736572,1.2502658367156982,81166.0,0.9961584806442261,30.942684173583984,3.49879264831543e-05,0.9977704286575317,2019.272216796875,0.00018161535263061523,0.9986969232559204,162.41574096679688,-8.392333984375e-05,0.9990148544311523,0.021101122722029686,0.00010371208190917969,0.9964548945426941,9.817412376403809,0.0040596723556518555,1.0024030208587646,16.745885848999023,-0.005788326263427734,29,414,0.0015013813972473145
SLIM*MIX_oms_pat5_fn-full_extended_const-small_ints_latent4096,9057152a-801c-11f1-8d02-2c7ba0e6fa90,synthetic_prior,0,115,0.9982492923736572,1.391904354095459,82222.0,0.9961584806442261,30.942684173583984,3.49879264831543e-05,0.9977704286575317,2019.272216796875,0.00018161535263061523,0.9986969232559204,162.41574096679688,-8.392333984375e-05,0.9990148544311523,0.021101122722029686,0.00010371208190917969,0.9964548945426941,9.817412376403809,0.0040596723556518555,1.0024030208587646,16.745885848999023,-0.005788326263427734,29,414,0.0015013813972473145
SLIM*MIX_oms_pat5_fn-full_extended_const-small_ints_latent4096,9057152a-801c-11f1-8d02-2c7ba0e6fa90,synthetic_prior,0,116,0.9982474446296692,1.3185784816741943,82472.0,0.9961557388305664,30.942594528198242,4.0471553802490234e-05,0.9977624416351318,2019.256103515625,0.00019758939743041992,0.9987015724182129,162.41650390625,-9.322166442871094e-05,0.9990075826644897,0.0211009681224823,0.00011831521987915039,0.996371328830719,9.81658935546875,0.004226744174957275,1.0027449131011963,16.751598358154297,-0.006474614143371582,27,384,0.0015050768852233887
SLIM*MIX_oms_pat5_fn-full_extended_const-small_ints_latent4096,9057152a-801c-11f1-8d02-2c7ba0e6fa90,synthetic_prior,0,117,0.9982474446296692,1.3225667476654053,83020.0,0.9961557388305664,30.942594528198242,4.0471553802490234e-05,0.9977624416351318,2019.256103515625,0.00019758939743041992,0.9987015724182129,162.41650390625,-9.322166442871094e-05,0.9990075826644897,0.0211009681224823,0.00011831521987915039,0.996371328830719,9.81658935546875,0.004226744174957275,1.0027449131011963,16.751598358154297,-0.006474614143371582,27,384,0.0015050768852233887
SLIM*MIX_oms_pat5_fn-full_extended_const-small_ints_latent4096,9057152a-801c-11f1-8d02-2c7ba0e6fa90,synthetic_prior,0,118,0.9982454180717468,1.2127406597137451,81913.0,0.9961539506912231,30.942543029785156,4.398822784423828e-05,0.9977579116821289,2019.2470703125,0.0002067089080810547,0.9987021684646606,162.41659545898438,-9.453296661376953e-05,0.9990043044090271,0.021100899204611778,0.00012481212615966797,0.996311604976654,9.816000938415527,0.004346013069152832,1.0028105974197388,16.752696990966797,-0.006606459617614746,27,387,0.0015090703964233398
SLIM*MIX_oms_pat5_fn-full_extended_const-small_ints_latent4096,9057152a-801c-11f1-8d02-2c7ba0e6fa90,synthetic_prior,0,119,0.9982337355613708,1.3476054668426514,82492.0,0.9961500763893127,30.942420959472656,5.1856040954589844e-05,0.9977574348449707,2019.2459716796875,0.00020754337310791016,0.9987128376960754,162.4183349609375,-0.00011587142944335938,0.9989897608757019,0.021100591868162155,0.0001538991928100586,0.9968128204345703,9.820939064025879,0.003343939781188965,1.0023127794265747,16.74437713623047,-0.005607008934020996,30,433,0.0015324950218200684
SLIM*MIX_oms_pat5_fn-full_extended_const-small_ints_latent4096,9057152a-801c-11f1-8d02-2c7ba0e6fa90,synthetic_prior,0,120,0.998231828212738,1.2256600856781006,82042.0,0.9961540102958679,30.942543029785156,4.38690185546875e-05,0.997775137424469,2019.2818603515625,0.00017201900482177734,0.9987005591392517,162.4163360595703,-9.119510650634766e-05,0.998993456363678,0.021100668236613274,0.00014662742614746094,0.9970343112945557,9.823122024536133,0.002901017665863037,1.002166509628296,16.74193572998047,-0.005313754081726074,31,448,0.0015363097190856934
SLIM*MIX_oms_pat5_fn-full_extended_const-small_ints_latent4096,9057152a-801c-11f1-8d02-2c7ba0e6fa90,synthetic_prior,0,121,0.998231053352356,1.3477883338928223,80851.0,0.9961532950401306,30.942522048950195,4.5299530029296875e-05,0.9977722764015198,2019.276123046875,0.00017780065536499023,0.9987021088600159,162.41659545898438,-9.429454803466797e-05,0.9989910125732422,0.021100617945194244,0.0001513957977294922,0.9969914555549622,9.822699546813965,0.0029868483543395996,1.0022361278533936,16.74309730529785,-0.00545346736907959,32,463,0.0015377998352050781
SLIM*MIX_oms_pat5_fn-full_extended_const-small_ints_latent4096,9057152a-801c-11f1-8d02-2c7ba0e6fa90,synthetic_prior,0,122,0.998231053352356,1.3798701763153076,81864.0,0.9961532950401306,30.942522048950195,4.5299530029296875e-05,0.9977722764015198,2019.276123046875,0.00017780065536499023,0.9987021088600159,162.41659545898438,-9.429454803466797e-05,0.9989910125732422,0.021100617945194244,0.0001513957977294922,0.9969914555549622,9.822699546813965,0.0029868483543395996,1.0022361278533936,16.74309730529785,-0.00545346736907959,32,463,0.0015377998352050781
SLIM*MIX_oms_pat5_fn-full_extended_const-small_ints_latent4096,9057152a-801c-11f1-8d02-2c7ba0e6fa90,synthetic_prior,0,123,0.998231053352356,1.3643569946289062,81703.0,0.9961532950401306,30.942522048950195,4.5299530029296875e-05,0.9977722764015198,2019.276123046875,0.00017780065536499023,0.9987021088600159,162.41659545898438,-9.429454803466797e-05,0.9989910125732422,0.021100617945194244,0.0001513957977294922,0.9969914555549622,9.822699546813965,0.0029868483543395996,1.0022361278533936,16.74309730529785,-0.00545346736907959,32,463,0.0015377998352050781
SLIM*MIX_oms_pat5_fn-full_extended_const-small_ints_latent4096,9057152a-801c-11f1-8d02-2c7ba0e6fa90,synthetic_prior,0,124,0.9982300400733948,1.2548484802246094,82433.0,0.9961501955986023,30.942426681518555,5.161762237548828e-05,0.9977616667747498,2019.254638671875,0.0001990795135498047,0.9987077116966248,162.41749572753906,-0.00010561943054199219,0.9990103840827942,0.021101027727127075,0.00011259317398071289,0.9968864321708679,9.821664810180664,0.0031968355178833008,1.0027059316635132,16.750946044921875,-0.006396293640136719,32,463,0.0015398263931274414
SLIM*MIX_oms_pat5_fn-full_extended_const-small_ints_latent4096,9057152a-801c-11f1-8d02-2c7ba0e6fa90,synthetic_prior,0,125,0.9982284903526306,1.4093334674835205,83457.0,0.9961494207382202,30.942401885986328,5.316734313964844e-05,0.9977591633796692,2019.24951171875,0.0002041459083557129,0.9987072944641113,162.4174346923828,-0.00010478496551513672,0.9990078806877136,0.021100975573062897,0.0001175999641418457,0.9968978762626648,9.82177734375,0.0031739473342895508,1.002787709236145,16.7523136138916,-0.0065604448318481445,33,480,0.0015429854393005371
SLIM*MIX_oms_pat5_fn-full_extended_const-small_ints_latent4096,9057152a-801c-11f1-8d02-2c7ba0e6fa90,synthetic_prior,0,126,0.9982284903526306,1.365586519241333,83804.0,0.9961494207382202,30.942401885986328,5.316734313964844e-05,0.9977591633796692,2019.24951171875,0.0002041459083557129,0.9987072944641113,162.4174346923828,-0.00010478496551513672,0.9990078806877136,0.021100975573062897,0.0001175999641418457,0.9968978762626648,9.82177734375,0.0031739473342895508,1.002787709236145,16.7523136138916,-0.0065604448318481445,33,480,0.0015429854393005371
SLIM*MIX_oms_pat5_fn-full_extended_const-small_ints_latent4096,9057152a-801c-11f1-8d02-2c7ba0e6fa90,synthetic_prior,0,127,0.9982273578643799,1.2934901714324951,84689.0,0.9961506128311157,30.94243621826172,5.08427619934082e-05,0.9977630972862244,2019.25732421875,0.00019633769989013672,0.9987068176269531,162.41734313964844,-0.00010371208190917969,0.9990127086639404,0.021101078018546104,0.0001080632209777832,0.9969004988670349,9.821803092956543,0.003168642520904541,1.0026143789291382,16.74941635131836,-0.006212472915649414,31,448,0.0015451908111572266
SLIM*MIX_oms_pat5_fn-full_extended_const-small_ints_latent4096,9057152a-801c-11f1-8d02-2c7ba0e6fa90,synthetic_prior,0,128,0.9982273578643799,1.3913116455078125,86123.0,0.9961506128311157,30.94243621826172,5.08427619934082e-05,0.9977630972862244,2019.25732421875,0.00019633769989013672,0.9987068176269531,162.41734313964844,-0.00010371208190917969,0.9990127086639404,0.021101078018546104,0.0001080632209777832,0.9969004988670349,9.821803092956543,0.003168642520904541,1.0026143789291382,16.74941635131836,-0.006212472915649414,31,448,0.0015451908111572266
SLIM*MIX_oms_pat5_fn-full_extended_const-small_ints_latent4096,9057152a-801c-11f1-8d02-2c7ba0e6fa90,synthetic_prior,0,129,0.9982225298881531,1.2947461605072021,87546.0,0.996145486831665,30.942279815673828,6.103515625e-05,0.9977548122406006,2019.24072265625,0.0002129077911376953,0.9987117052078247,162.4181365966797,-0.00011348724365234375,0.9990065097808838,0.021100947633385658,0.00012034177780151367,0.9968979358673096,9.82177734375,0.003173828125,1.0030156373977661,16.756120681762695,-0.0070182085037231445,32,465,0.0015548467636108398
SLIM*MIX_oms_pat5_fn-full_extended_const-small_ints_latent4096,9057152a-801c-11f1-8d02-2c7ba0e6fa90,synthetic_prior,0,130,0.9982225298881531,1.2354850769042969,88903.0,0.996145486831665,30.942279815673828,6.103515625e-05,0.9977548122406006,2019.24072265625,0.0002129077911376953,0.9987117052078247,162.4181365966797,-0.00011348724365234375,0.9990065097808838,0.021100947633385658,0.00012034177780151367,0.9968979358673096,9.82177734375,0.003173828125,1.0030156373977661,16.756120681762695,-0.0070182085037231445,32,465,0.0015548467636108398
SLIM*MIX_oms_pat5_fn-full_extended_const-small_ints_latent4096,9057152a-801c-11f1-8d02-2c7ba0e6fa90,synthetic_prior,0,131,0.9982223510742188,1.2429287433624268,89145.0,0.9961459636688232,30.94229507446289,6.008148193359375e-05,0.9977562427520752,2019.24365234375,0.00021004676818847656,0.9987106323242188,162.41796875,-0.00011134147644042969,0.9990091919898987,0.021101003512740135,0.00011497735977172852,0.9969115257263184,9.821911811828613,0.003146529197692871,1.002914547920227,16.754432678222656,-0.006815075874328613,31,450,0.0015552639961242676
SLIM*MIX_oms_pat5_fn-full_extended_const-small_ints_latent4096,9057152a-801c-11f1-8d02-2c7ba0e6fa90,synthetic_prior,0,132,0.9982223510742188,1.2993974685668945,90127.0,0.9961459636688232,30.94229507446289,6.008148193359375e-05,0.9977562427520752,2019.24365234375,0.00021004676818847656,0.9987106323242188,162.41796875,-0.00011134147644042969,0.9990091919898987,0.021101003512740135,0.00011497735977172852,0.9969115257263184,9.821911811828613,0.003146529197692871,1.002914547920227,16.754432678222656,-0.006815075874328613,31,450,0.0015552639961242676
SLIM*MIX_oms_pat5_fn-full_extended_const-small_ints_latent4096,9057152a-801c-11f1-8d02-2c7ba0e6fa90,synthetic_prior,0,133,0.9982197284698486,1.443803071975708,91856.0,0.9961557984352112,30.94260025024414,4.035234451293945e-05,0.997768223285675,2019.267822265625,0.00018590688705444336,0.9987039566040039,162.41690063476562,-9.810924530029297e-05,0.9990531206130981,0.021101931110024452,2.7060508728027344e-05,0.9969604015350342,9.822394371032715,0.0030487775802612305,1.0023046731948853,16.744243621826172,-0.005591034889221191,31,448,0.001560509204864502
SLIM*MIX_oms_pat5_fn-full_extended_const-small_ints_latent4096,9057152a-801c-11f1-8d02-2c7ba0e6fa90,synthetic_prior,0,134,0.99821937084198,1.4125733375549316,92859.0,0.9961450099945068,30.9422664642334,6.198883056640625e-05,0.9977520704269409,2019.235107421875,0.00021839141845703125,0.9987134337425232,162.4184112548828,-0.0001169443130493164,0.999008059501648,0.021100979298353195,0.00011730194091796875,0.9968860745429993,9.821660995483398,0.00319749116897583,1.002955675125122,16.75511932373047,-0.006897568702697754,34,491,0.0015612244606018066
SLIM*MIX_oms_pat5_fn-full_extended_const-small_ints_latent4096,9057152a-801c-11f1-8d02-2c7ba0e6fa90,synthetic_prior,0,135,0.998217761516571,1.340149164199829,94213.0,0.9961434006690979,30.94221305847168,6.526708602905273e-05,0.9977477192878723,2019.2264404296875,0.0002270340919494629,0.9987165927886963,162.4189453125,-0.0001233816146850586,0.9990113973617554,0.021101048216223717,0.00011068582534790039,0.9968371987342834,9.821179389953613,0.0032952427864074707,1.0030333995819092,16.75641632080078,-0.007053732872009277,35,503,0.0015643835067749023
SLIM*MIX_oms_pat5_fn-full_extended_const-small_ints_latent4096,9057152a-801c-11f1-8d02-2c7ba0e6fa90,synthetic_prior,0,136,0.998217761516571,1.2926666736602783,94125.0,0.9961434006690979,30.94221305847168,6.526708602905273e-05,0.9977477192878723,2019.2264404296875,0.0002270340919494629,0.9987165927886963,162.4189453125,-0.0001233816146850586,0.9990113973617554,0.021101048216223717,0.00011068582534790039,0.9968371987342834,9.821179389953613,0.0032952427864074707,1.0030333995819092,16.75641632080078,-0.007053732872009277,35,503,0.0015643835067749023
SLIM*MIX_oms_pat5_fn-full_extended_const-small_ints_latent4096,9057152a-801c-11f1-8d02-2c7ba0e6fa90,synthetic_prior,0,137,0.998217761516571,1.3250982761383057,94631.0,0.9961434006690979,30.94221305847168,6.526708602905273e-05,0.9977477192878723,2019.2264404296875,0.0002270340919494629,0.9987165927886963,162.4189453125,-0.0001233816146850586,0.9990113973617554,0.021101048216223717,0.00011068582534790039,0.9968371987342834,9.821179389953613,0.0032952427864074707,1.0030333995819092,16.75641632080078,-0.007053732872009277,35,503,0.0015643835067749023
SLIM*MIX_oms_pat5_fn-full_extended_const-small_ints_latent4096,9057152a-801c-11f1-8d02-2c7ba0e6fa90,synthetic_prior,0,138,0.998217761516571,1.3110761642456055,94966.0,0.9961434006690979,30.94221305847168,6.526708602905273e-05,0.9977477192878723,2019.2264404296875,0.0002270340919494629,0.9987165927886963,162.4189453125,-0.0001233816146850586,0.9990113973617554,0.021101048216223717,0.00011068582534790039,0.9968371987342834,9.821179389953613,0.0032952427864074707,1.0030333995819092,16.75641632080078,-0.007053732872009277,35,503,0.0015643835067749023
SLIM*MIX_oms_pat5_fn-full_extended_const-small_ints_latent4096,9057152a-801c-11f1-8d02-2c7ba0e6fa90,synthetic_prior,0,139,0.9982175827026367,1.2908408641815186,94722.0,0.9961546659469604,30.942564010620117,4.26173210144043e-05,0.9977629780769348,2019.2572021484375,0.0001965165138244629,0.9987069368362427,162.41737365722656,-0.00010406970977783203,0.9990524649620056,0.02110191620886326,2.8431415557861328e-05,0.9969066381454468,9.821863174438477,0.0031563639640808105,1.0022132396697998,16.742717742919922,-0.00540769100189209,32,462,0.0015647411346435547
SLIM*MIX_oms_pat5_fn-full_extended_const-small_ints_latent4096,9057152a-801c-11f1-8d02-2c7ba0e6fa90,synthetic_prior,0,140,0.9982175827026367,1.2483305931091309,94658.0,0.9961546659469604,30.942564010620117,4.26173210144043e-05,0.9977629780769348,2019.2572021484375,0.0001965165138244629,0.9987069368362427,162.41737365722656,-0.00010406970977783203,0.9990524649620056,0.02110191620886326,2.8431415557861328e-05,0.9969066381454468,9.821863174438477,0.0031563639640808105,1.0022132396697998,16.742717742919922,-0.00540769100189209,32,462,0.0015647411346435547
SLIM*MIX_oms_pat5_fn-full_extended_const-small_ints_latent4096,9057152a-801c-11f1-8d02-2c7ba0e6fa90,synthetic_prior,0,141,0.9982175827026367,1.3329315185546875,94882.0,0.9961546659469604,30.942564010620117,4.26173210144043e-05,0.9977629780769348,2019.2572021484375,0.0001965165138244629,0.9987069368362427,162.41737365722656,-0.00010406970977783203,0.9990524649620056,0.02110191620886326,2.8431415557861328e-05,0.9969066381454468,9.821863174438477,0.0031563639640808105,1.0022132396697998,16.742717742919922,-0.00540769100189209,32,462,0.0015647411346435547
SLIM*MIX_oms_pat5_fn-full_extended_const-small_ints_latent4096,9057152a-801c-11f1-8d02-2c7ba0e6fa90,synthetic_prior,0,142,0.9982175827026367,1.3030986785888672,95620.0,0.9961546659469604,30.942564010620117,4.26173210144043e-05,0.9977629780769348,2019.2572021484375,0.0001965165138244629,0.9987069368362427,162.41737365722656,-0.00010406970977783203,0.9990524649620056,0.02110191620886326,2.8431415557861328e-05,0.9969066381454468,9.821863174438477,0.0031563639640808105,1.0022132396697998,16.742717742919922,-0.00540769100189209,32,462,0.0015647411346435547
SLIM*MIX_oms_pat5_fn-full_extended_const-small_ints_latent4096,9057152a-801c-11f1-8d02-2c7ba0e6fa90,synthetic_prior,0,143,0.9982175827026367,1.2354521751403809,95863.0,0.9961546659469604,30.942564010620117,4.26173210144043e-05,0.9977629780769348,2019.2572021484375,0.0001965165138244629,0.9987069368362427,162.41737365722656,-0.00010406970977783203,0.9990524649620056,0.02110191620886326,2.8431415557861328e-05,0.9969066381454468,9.821863174438477,0.0031563639640808105,1.0022132396697998,16.742717742919922,-0.00540769100189209,32,462,0.0015647411346435547
SLIM*MIX_oms_pat5_fn-full_extended_const-small_ints_latent4096,9057152a-801c-11f1-8d02-2c7ba0e6fa90,synthetic_prior,0,144,0.998212993144989,1.3497021198272705,96259.0,0.9961499571800232,30.942415237426758,5.2094459533691406e-05,0.9977462887763977,2019.2236328125,0.00022983551025390625,0.9987167716026306,162.41897583007812,-0.00012373924255371094,0.9990638494491577,0.02110215835273266,5.602836608886719e-06,0.9967721700668335,9.820538520812988,0.003425300121307373,1.0022811889648438,16.743850708007812,-0.005543828010559082,33,488,0.0015739798545837402
SLIM*MIX_oms_pat5_fn-full_extended_const-small_ints_latent4096,9057152a-801c-11f1-8d02-2c7ba0e6fa90,synthetic_prior,0,145,0.998212993144989,1.3002231121063232,96440.0,0.9961499571800232,30.942415237426758,5.2094459533691406e-05,0.9977462887763977,2019.2236328125,0.00022983551025390625,0.9987167716026306,162.41897583007812,-0.00012373924255371094,0.9990638494491577,0.02110215835273266,5.602836608886719e-06,0.9967721700668335,9.820538520812988,0.003425300121307373,1.0022811889648438,16.743850708007812,-0.005543828010559082,33,488,0.0015739798545837402
SLIM*MIX_oms_pat5_fn-full_extended_const-small_ints_latent4096,9057152a-801c-11f1-8d02-2c7ba0e6fa90,synthetic_prior,0,146,0.998211681842804,1.3908627033233643,97870.0,0.996147871017456,30.942350387573242,5.632638931274414e-05,0.9977329969406128,2019.1966552734375,0.00025653839111328125,0.9987287521362305,162.42091369628906,-0.00014770030975341797,0.9990543723106384,0.02110195718705654,2.4557113647460938e-05,0.9966467022895813,9.819302558898926,0.0036762356758117676,1.0030847787857056,16.75727653503418,-0.007156968116760254,30,444,0.0015766620635986328
SLIM*MIX_oms_pat5_fn-full_extended_const-small_ints_latent4096,9057152a-801c-11f1-8d02-2c7ba0e6fa90,synthetic_prior,0,147,0.998211681842804,1.3145322799682617,97571.0,0.996147871017456,30.942350387573242,5.632638931274414e-05,0.9977329969406128,2019.1966552734375,0.00025653839111328125,0.9987287521362305,162.42091369628906,-0.00014770030975341797,0.9990543723106384,0.02110195718705654,2.4557113647460938e-05,0.9966467022895813,9.819302558898926,0.0036762356758117676,1.0030847787857056,16.75727653503418,-0.007156968116760254,30,444,0.0015766620635986328
SLIM*MIX_oms_pat5_fn-full_extended_const-small_ints_latent4096,9057152a-801c-11f1-8d02-2c7ba0e6fa90,synthetic_prior,0,148,0.998211681842804,1.3729760646820068,98923.0,0.996147871017456,30.942350387573242,5.632638931274414e-05,0.9977329969406128,2019.1966552734375,0.00025653839111328125,0.9987287521362305,162.42091369628906,-0.00014770030975341797,0.9990543723106384,0.02110195718705654,2.4557113647460938e-05,0.9966467022895813,9.819302558898926,0.0036762356758117676,1.0030847787857056,16.75727653503418,-0.007156968116760254,30,444,0.0015766620635986328
SLIM*MIX_oms_pat5_fn-full_extended_const-small_ints_latent4096,9057152a-801c-11f1-8d02-2c7ba0e6fa90,synthetic_prior,0,149,0.998211681842804,1.3968844413757324,99225.0,0.996147871017456,30.942350387573242,5.632638931274414e-05,0.9977329969406128,2019.1966552734375,0.00025653839111328125,0.9987287521362305,162.42091369628906,-0.00014770030975341797,0.9990543723106384,0.02110195718705654,2.4557113647460938e-05,0.9966467022895813,9.819302558898926,0.0036762356758117676,1.0030847787857056,16.75727653503418,-0.007156968116760254,30,444,0.0015766620635986328
SLIM*MIX_oms_pat5_fn-full_extended_const-small_ints_latent4096,9057152a-801c-11f1-8d02-2c7ba0e6fa90,synthetic_prior,0,150,0.998211145401001,1.436427116394043,98719.0,0.9961499571800232,30.942415237426758,5.2094459533691406e-05,0.9977430701255798,2019.2169189453125,0.00023639202117919922,0.9987152814865112,162.41873168945312,-0.0001207590103149414,0.9990721940994263,0.021102333441376686,-1.1086463928222656e-05,0.9967327117919922,9.820150375366211,0.003504157066345215,1.0022764205932617,16.743770599365234,-0.005534172058105469,35,514,0.0015777349472045898
SLIM*MIX_oms_pat5_fn-full_extended_const-small_ints_latent4096,9057152a-801c-11f1-8d02-2c7ba0e6fa90,synthetic_prior,0,151,0.998211145401001,1.3631200790405273,98771.0,0.9961499571800232,30.942415237426758,5.2094459533691406e-05,0.9977430701255798,2019.2169189453125,0.00023639202117919922,0.9987152814865112,162.41873168945312,-0.0001207590103149414,0.9990721940994263,0.021102333441376686,-1.1086463928222656e-05,0.9967327117919922,9.820150375366211,0.003504157066345215,1.0022764205932617,16.743770599365234,-0.005534172058105469,35,514,0.0015777349472045898
SLIM*MIX_oms_pat5_fn-full_extended_const-small_ints_latent4096,9057152a-801c-11f1-8d02-2c7ba0e6fa90,synthetic_prior,0,152,0.998211145401001,1.4423704147338867,100085.0,0.9961499571800232,30.942415237426758,5.2094459533691406e-05,0.9977430701255798,2019.2169189453125,0.00023639202117919922,0.9987152814865112,162.41873168945312,-0.0001207590103149414,0.9990721940994263,0.021102333441376686,-1.1086463928222656e-05,0.9967327117919922,9.820150375366211,0.003504157066345215,1.0022764205932617,16.743770599365234,-0.005534172058105469,35,514,0.0015777349472045898
SLIM*MIX_oms_pat5_fn-full_extended_const-small_ints_latent4096,9057152a-801c-11f1-8d02-2c7ba0e6fa90,synthetic_prior,0,153,0.9982105493545532,1.4145491123199463,100167.0,0.9961497187614441,30.94240951538086,5.257129669189453e-05,0.9977428913116455,2019.216552734375,0.00023674964904785156,0.9987161159515381,162.4188690185547,-0.00012242794036865234,0.999069333076477,0.02110227197408676,-5.364418029785156e-06,0.9967253804206848,9.820077896118164,0.0035188794136047363,1.0023139715194702,16.74439811706543,-0.0056095123291015625,34,500,0.0015789270401000977
SLIM*MIX_oms_pat5_fn-full_extended_const-small_ints_latent4096,9057152a-801c-11f1-8d02-2c7ba0e6fa90,synthetic_prior,0,154,0.9982104301452637,1.4692556858062744,100950.0,0.9961494207382202,30.942401885986328,5.316734313964844e-05,0.9977431893348694,2019.21728515625,0.00023609399795532227,0.9987161159515381,162.41883850097656,-0.00012230873107910156,0.9990694522857666,0.02110227569937706,-5.602836608886719e-06,0.9967275261878967,9.820098876953125,0.0035146474838256836,1.0023136138916016,16.74439239501953,-0.005608916282653809,35,519,0.0015791654586791992
SLIM*MIX_oms_pat5_fn-full_extended_const-small_ints_latent4096,9057152a-801c-11f1-8d02-2c7ba0e6fa90,synthetic_prior,0,155,0.9982043504714966,1.5364391803741455,100528.0,0.9961491227149963,30.942392349243164,5.3763389587402344e-05,0.9977166652679443,2019.16357421875,0.0002892613410949707,0.9987323880195618,162.4215087890625,-0.00015497207641601562,0.9990813136100769,0.021102525293827057,-2.9325485229492188e-05,0.9964494109153748,9.81735897064209,0.004070639610290527,1.0026038885116577,16.749242782592773,-0.006191372871398926,36,528,0.0015912652015686035
SLIM*MIX_oms_pat5_fn-full_extended_const-small_ints_latent4096,9057152a-801c-11f1-8d02-2c7ba0e6fa90,synthetic_prior,0,156,0.9982014894485474,1.4122741222381592,102311.0,0.9961546063423157,30.94256019592285,4.273653030395508e-05,0.9977327585220337,2019.1961669921875,0.000256955623626709,0.9987221956253052,162.41986083984375,-0.00013458728790283203,0.9990665316581726,0.021102214232087135,2.384185791015625e-07,0.9965764284133911,9.818610191345215,0.003816664218902588,1.003010869026184,16.756040573120117,-0.0070084333419799805,35,514,0.001596987247467041
SLIM*MIX_oms_pat5_fn-full_extended_const-small_ints_latent4096,9057152a-801c-11f1-8d02-2c7ba0e6fa90,synthetic_prior,0,157,0.9982014894485474,1.4746458530426025,101677.0,0.9961546063423157,30.94256019592285,4.273653030395508e-05,0.9977327585220337,2019.1961669921875,0.000256955623626709,0.9987221956253052,162.41986083984375,-0.00013458728790283203,0.9990665316581726,0.021102214232087135,2.384185791015625e-07,0.9965764284133911,9.818610191345215,0.003816664218902588,1.003010869026184,16.756040573120117,-0.0070084333419799805,35,514,0.001596987247467041
SLIM*MIX_oms_pat5_fn-full_extended_const-small_ints_latent4096,9057152a-801c-11f1-8d02-2c7ba0e6fa90,synthetic_prior,0,158,0.9982014894485474,1.5683953762054443,102245.0,0.9961546063423157,30.94256019592285,4.273653030395508e-05,0.9977327585220337,2019.1961669921875,0.000256955623626709,0.9987221956253052,162.41986083984375,-0.00013458728790283203,0.9990665316581726,0.021102214232087135,2.384185791015625e-07,0.9965764284133911,9.818610191345215,0.003816664218902588,1.003010869026184,16.756040573120117,-0.0070084333419799805,35,514,0.001596987247467041
SLIM*MIX_oms_pat5_fn-full_extended_const-small_ints_latent4096,9057152a-801c-11f1-8d02-2c7ba0e6fa90,synthetic_prior,0,159,0.9982014894485474,1.4755055904388428,103173.0,0.9961546063423157,30.94256019592285,4.273653030395508e-05,0.9977327585220337,2019.1961669921875,0.000256955623626709,0.9987221956253052,162.41986083984375,-0.00013458728790283203,0.9990665316581726,0.021102214232087135,2.384185791015625e-07,0.9965764284133911,9.818610191345215,0.003816664218902588,1.003010869026184,16.756040573120117,-0.0070084333419799805,35,514,0.001596987247467041
SLIM*MIX_oms_pat5_fn-full_extended_const-small_ints_latent4096,9057152a-801c-11f1-8d02-2c7ba0e6fa90,synthetic_prior,0,160,0.9982014894485474,1.4596138000488281,102734.0,0.9961546063423157,30.94256019592285,4.273653030395508e-05,0.9977327585220337,2019.1961669921875,0.000256955623626709,0.9987221956253052,162.41986083984375,-0.00013458728790283203,0.9990665316581726,0.021102214232087135,2.384185791015625e-07,0.9965764284133911,9.818610191345215,0.003816664218902588,1.003010869026184,16.756040573120117,-0.0070084333419799805,35,514,0.001596987247467041
SLIM*MIX_oms_pat5_fn-full_extended_const-small_ints_latent4096,9057152a-801c-11f1-8d02-2c7ba0e6fa90,synthetic_prior,0,161,0.9982014894485474,1.8361175060272217,51342.0,0.9961546063423157,30.94256019592285,4.273653030395508e-05,0.9977327585220337,2019.1961669921875,0.000256955623626709,0.9987221956253052,162.41986083984375,-0.00013458728790283203,0.9990665316581726,0.021102214232087135,2.384185791015625e-07,0.9965764284133911,9.818610191345215,0.003816664218902588,1.003010869026184,16.756040573120117,-0.0070084333419799805,35,514,0.001596987247467041
SLIM*MIX_oms_pat5_fn-full_extended_const-small_ints_latent4096,9057152a-801c-11f1-8d02-2c7ba0e6fa90,synthetic_prior,0,162,0.9981974959373474,1.2838022708892822,78190.0,0.996160626411438,30.942752838134766,3.063678741455078e-05,0.9977481365203857,2019.2271728515625,0.0002262592315673828,0.9987106323242188,162.41796875,-0.00011134147644042969,0.9990614652633667,0.02110210806131363,1.0371208190917969e-05,0.9967749118804932,9.820566177368164,0.003419816493988037,1.0024080276489258,16.745969772338867,-0.00579833984375,35,517,0.0016049742698669434
SLIM*MIX_oms_pat5_fn-full_extended_const-small_ints_latent4096,9057152a-801c-11f1-8d02-2c7ba0e6fa90,synthetic_prior,0,163,0.9981974959373474,1.4105689525604248,97901.0,0.996160626411438,30.942752838134766,3.063678741455078e-05,0.9977481365203857,2019.2271728515625,0.0002262592315673828,0.9987106323242188,162.41796875,-0.00011134147644042969,0.9990614652633667,0.02110210806131363,1.0371208190917969e-05,0.9967749118804932,9.820566177368164,0.003419816493988037,1.0024080276489258,16.745969772338867,-0.00579833984375,35,517,0.0016049742698669434
SLIM*MIX_oms_pat5_fn-full_extended_const-small_ints_latent4096,9057152a-801c-11f1-8d02-2c7ba0e6fa90,synthetic_prior,0,164,0.9981974959373474,1.3960468769073486,103507.0,0.996160626411438,30.942752838134766,3.063678741455078e-05,0.9977481365203857,2019.2271728515625,0.0002262592315673828,0.9987106323242188,162.41796875,-0.00011134147644042969,0.9990614652633667,0.02110210806131363,1.0371208190917969e-05,0.9967749118804932,9.820566177368164,0.003419816493988037,1.0024080276489258,16.745969772338867,-0.00579833984375,35,517,0.0016049742698669434
SLIM*MIX_oms_pat5_fn-full_extended_const-small_ints_latent4096,9057152a-801c-11f1-8d02-2c7ba0e6fa90,synthetic_prior,0,165,0.9981974959373474,1.5249109268188477,103532.0,0.996160626411438,30.942752838134766,3.063678741455078e-05,0.9977481365203857,2019.2271728515625,0.0002262592315673828,0.9987106323242188,162.41796875,-0.00011134147644042969,0.9990614652633667,0.02110210806131363,1.0371208190917969e-05,0.9967749118804932,9.820566177368164,0.003419816493988037,1.0024080276489258,16.745969772338867,-0.00579833984375,35,517,0.0016049742698669434
SLIM*MIX_oms_pat5_fn-full_extended_const-small_ints_latent4096,9057152a-801c-11f1-8d02-2c7ba0e6fa90,synthetic_prior,0,166,0.9981974959373474,1.381269931793213,103778.0,0.996160626411438,30.942752838134766,3.063678741455078e-05,0.9977481365203857,2019.2271728515625,0.0002262592315673828,0.9987106323242188,162.41796875,-0.00011134147644042969,0.9990614652633667,0.02110210806131363,1.0371208190917969e-05,0.9967749118804932,9.820566177368164,0.003419816493988037,1.0024080276489258,16.745969772338867,-0.00579833984375,35,517,0.0016049742698669434
SLIM*MIX_oms_pat5_fn-full_extended_const-small_ints_latent4096,9057152a-801c-11f1-8d02-2c7ba0e6fa90,synthetic_prior,0,167,0.9981974959373474,1.8264377117156982,52450.0,0.996160626411438,30.942752838134766,3.063678741455078e-05,0.9977481365203857,2019.2271728515625,0.0002262592315673828,0.9987106323242188,162.41796875,-0.00011134147644042969,0.9990614652633667,0.02110210806131363,1.0371208190917969e-05,0.9967749118804932,9.820566177368164,0.003419816493988037,1.0024080276489258,16.745969772338867,-0.00579833984375,35,517,0.0016049742698669434
SLIM*MIX_oms_pat5_fn-full_extended_const-small_ints_latent4096,9057152a-801c-11f1-8d02-2c7ba0e6fa90,synthetic_prior,0,168,0.9981974959373474,1.314507007598877,79722.0,0.996160626411438,30.942752838134766,3.063678741455078e-05,0.9977481365203857,2019.2271728515625,0.0002262592315673828,0.9987106323242188,162.41796875,-0.00011134147644042969,0.9990614652633667,0.02110210806131363,1.0371208190917969e-05,0.9967749118804932,9.820566177368164,0.003419816493988037,1.0024080276489258,16.745969772338867,-0.00579833984375,35,517,0.0016049742698669434
SLIM*MIX_oms_pat5_fn-full_extended_const-small_ints_latent4096,9057152a-801c-11f1-8d02-2c7ba0e6fa90,synthetic_prior,0,169,0.9981974959373474,1.3937747478485107,97300.0,0.996160626411438,30.942752838134766,3.063678741455078e-05,0.9977481365203857,2019.2271728515625,0.0002262592315673828,0.9987106323242188,162.41796875,-0.00011134147644042969,0.9990614652633667,0.02110210806131363,1.0371208190917969e-05,0.9967749118804932,9.820566177368164,0.003419816493988037,1.0024080276489258,16.745969772338867,-0.00579833984375,35,517,0.0016049742698669434
SLIM*MIX_oms_pat5_fn-full_extended_const-small_ints_latent4096,9057152a-801c-11f1-8d02-2c7ba0e6fa90,synthetic_prior,0,170,0.9981974959373474,1.405911922454834,102855.0,0.996160626411438,30.942752838134766,3.063678741455078e-05,0.9977481365203857,2019.2271728515625,0.0002262592315673828,0.9987106323242188,162.41796875,-0.00011134147644042969,0.9990614652633667,0.02110210806131363,1.0371208190917969e-05,0.9967749118804932,9.820566177368164,0.003419816493988037,1.0024080276489258,16.745969772338867,-0.00579833984375,35,517,0.0016049742698669434
SLIM*MIX_oms_pat5_fn-full_extended_const-small_ints_latent4096,9057152a-801c-11f1-8d02-2c7ba0e6fa90,synthetic_prior,0,171,0.9981958270072937,1.3274908065795898,105906.0,0.9961605072021484,30.942745208740234,3.0875205993652344e-05,0.9977479577064514,2019.2269287109375,0.00022649765014648438,0.9987114667892456,162.4180908203125,-0.00011301040649414062,0.9990574717521667,0.021102022379636765,1.8358230590820312e-05,0.9967641830444336,9.820460319519043,0.0034412741661071777,1.0024536848068237,16.74673080444336,-0.005889892578125,34,503,0.0016083121299743652
SLIM*MIX_oms_pat5_fn-full_extended_const-small_ints_latent4096,9057152a-801c-11f1-8d02-2c7ba0e6fa90,synthetic_prior,0,172,0.9981958270072937,1.3898842334747314,105200.0,0.9961605072021484,30.942745208740234,3.0875205993652344e-05,0.9977479577064514,2019.2269287109375,0.00022649765014648438,0.9987114667892456,162.4180908203125,-0.00011301040649414062,0.9990574717521667,0.021102022379636765,1.8358230590820312e-05,0.9967641830444336,9.820460319519043,0.0034412741661071777,1.0024536848068237,16.74673080444336,-0.005889892578125,34,503,0.0016083121299743652
SLIM*MIX_oms_pat5_fn-full_extended_const-small_ints_latent4096,9057152a-801c-11f1-8d02-2c7ba0e6fa90,synthetic_prior,0,173,0.9981958270072937,1.4745278358459473,103756.0,0.9961605072021484,30.942745208740234,3.0875205993652344e-05,0.9977479577064514,2019.2269287109375,0.00022649765014648438,0.9987114667892456,162.4180908203125,-0.00011301040649414062,0.9990574717521667,0.021102022379636765,1.8358230590820312e-05,0.9967641830444336,9.820460319519043,0.0034412741661071777,1.0024536848068237,16.74673080444336,-0.005889892578125,34,503,0.0016083121299743652
SLIM*MIX_oms_pat5_fn-full_extended_const-small_ints_latent4096,9057152a-801c-11f1-8d02-2c7ba0e6fa90,synthetic_prior,0,174,0.9981894493103027,1.3941915035247803,105025.0,0.9961581230163574,30.942672729492188,3.5703182220458984e-05,0.9977424740791321,2019.2156982421875,0.00023752450942993164,0.998715877532959,162.4188232421875,-0.00012195110321044922,0.999056339263916,0.021102000027894974,2.0623207092285156e-05,0.9967637062072754,9.820454597473145,0.0034422874450683594,1.002646803855896,16.749958038330078,-0.00627744197845459,33,488,0.0016211271286010742
SLIM*MIX_oms_pat5_fn-full_extended_const-small_ints_latent4096,9057152a-801c-11f1-8d02-2c7ba0e6fa90,synthetic_prior,0,175,0.9981894493103027,1.3276219367980957,105070.0,0.9961581230163574,30.942672729492188,3.5703182220458984e-05,0.9977424740791321,2019.2156982421875,0.00023752450942993164,0.998715877532959,162.4188232421875,-0.00012195110321044922,0.999056339263916,0.021102000027894974,2.0623207092285156e-05,0.9967637062072754,9.820454597473145,0.0034422874450683594,1.002646803855896,16.749958038330078,-0.00627744197845459,33,488,0.0016211271286010742
SLIM*MIX_oms_pat5_fn-full_extended_const-small_ints_latent4096,9057152a-801c-11f1-8d02-2c7ba0e6fa90,synthetic_prior,0,176,0.9981894493103027,1.4323368072509766,104921.0,0.9961581230163574,30.942672729492188,3.5703182220458984e-05,0.9977424740791321,2019.2156982421875,0.00023752450942993164,0.998715877532959,162.4188232421875,-0.00012195110321044922,0.999056339263916,0.021102000027894974,2.0623207092285156e-05,0.9967637062072754,9.820454597473145,0.0034422874450683594,1.002646803855896,16.749958038330078,-0.00627744197845459,33,488,0.0016211271286010742
SLIM*MIX_oms_pat5_fn-full_extended_const-small_ints_latent4096,9057152a-801c-11f1-8d02-2c7ba0e6fa90,synthetic_prior,0,177,0.9981894493103027,1.3973016738891602,104583.0,0.9961581230163574,30.942672729492188,3.5703182220458984e-05,0.9977424740791321,2019.2156982421875,0.00023752450942993164,0.998715877532959,162.4188232421875,-0.00012195110321044922,0.999056339263916,0.021102000027894974,2.0623207092285156e-05,0.9967637062072754,9.820454597473145,0.0034422874450683594,1.002646803855896,16.749958038330078,-0.00627744197845459,33,488,0.0016211271286010742
SLIM*MIX_oms_pat5_fn-full_extended_const-small_ints_latent4096,9057152a-801c-11f1-8d02-2c7ba0e6fa90,synthetic_prior,0,178,0.9981894493103027,1.3200421333312988,104325.0,0.9961581230163574,30.942672729492188,3.5703182220458984e-05,0.9977424740791321,2019.2156982421875,0.00023752450942993164,0.998715877532959,162.4188232421875,-0.00012195110321044922,0.999056339263916,0.021102000027894974,2.0623207092285156e-05,0.9967637062072754,9.820454597473145,0.0034422874450683594,1.002646803855896,16.749958038330078,-0.00627744197845459,33,488,0.0016211271286010742
SLIM*MIX_oms_pat5_fn-full_extended_const-small_ints_latent4096,9057152a-801c-11f1-8d02-2c7ba0e6fa90,synthetic_prior,0,179,0.9981894493103027,1.742732286453247,52110.0,0.9961581230163574,30.942672729492188,3.5703182220458984e-05,0.9977424740791321,2019.2156982421875,0.00023752450942993164,0.998715877532959,162.4188232421875,-0.00012195110321044922,0.999056339263916,0.021102000027894974,2.0623207092285156e-05,0.9967637062072754,9.820454597473145,0.0034422874450683594,1.002646803855896,16.749958038330078,-0.00627744197845459,33,488,0.0016211271286010742
SLIM*MIX_oms_pat5_fn-full_extended_const-small_ints_latent4096,9057152a-801c-11f1-8d02-2c7ba0e6fa90,synthetic_prior,0,180,0.9981894493103027,1.268535852432251,79302.0,0.9961581230163574,30.942672729492188,3.5703182220458984e-05,0.9977424740791321,2019.2156982421875,0.00023752450942993164,0.998715877532959,162.4188232421875,-0.00012195110321044922,0.999056339263916,0.021102000027894974,2.0623207092285156e-05,0.9967637062072754,9.820454597473145,0.0034422874450683594,1.002646803855896,16.749958038330078,-0.00627744197845459,33,488,0.0016211271286010742
SLIM*MIX_oms_pat5_fn-full_extended_const-small_ints_latent4096,9057152a-801c-11f1-8d02-2c7ba0e6fa90,synthetic_prior,0,181,0.9981894493103027,1.360701322555542,98864.0,0.9961581230163574,30.942672729492188,3.5703182220458984e-05,0.9977424740791321,2019.2156982421875,0.00023752450942993164,0.998715877532959,162.4188232421875,-0.00012195110321044922,0.999056339263916,0.021102000027894974,2.0623207092285156e-05,0.9967637062072754,9.820454597473145,0.0034422874450683594,1.002646803855896,16.749958038330078,-0.00627744197845459,33,488,0.0016211271286010742
SLIM*MIX_oms_pat5_fn-full_extended_const-small_ints_latent4096,9057152a-801c-11f1-8d02-2c7ba0e6fa90,synthetic_prior,0,182,0.9981894493103027,1.411633014678955,104353.0,0.9961581230163574,30.942672729492188,3.5703182220458984e-05,0.9977424740791321,2019.2156982421875,0.00023752450942993164,0.998715877532959,162.4188232421875,-0.00012195110321044922,0.999056339263916,0.021102000027894974,2.0623207092285156e-05,0.9967637062072754,9.820454597473145,0.0034422874450683594,1.002646803855896,16.749958038330078,-0.00627744197845459,33,488,0.0016211271286010742
SLIM*MIX_oms_pat5_fn-full_extended_const-small_ints_latent4096,9057152a-801c-11f1-8d02-2c7ba0e6fa90,synthetic_prior,0,183,0.9981894493103027,1.440002679824829,104766.0,0.9961581230163574,30.942672729492188,3.5703182220458984e-05,0.9977424740791321,2019.2156982421875,0.00023752450942993164,0.998715877532959,162.4188232421875,-0.00012195110321044922,0.999056339263916,0.021102000027894974,2.0623207092285156e-05,0.9967637062072754,9.820454597473145,0.0034422874450683594,1.002646803855896,16.749958038330078,-0.00627744197845459,33,488,0.0016211271286010742
SLIM*MIX_oms_pat5_fn-full_extended_const-small_ints_latent4096,9057152a-801c-11f1-8d02-2c7ba0e6fa90,synthetic_prior,0,184,0.9981894493103027,1.867156982421875,51680.0,0.9961581230163574,30.942672729492188,3.5703182220458984e-05,0.9977424740791321,2019.2156982421875,0.00023752450942993164,0.998715877532959,162.4188232421875,-0.00012195110321044922,0.999056339263916,0.021102000027894974,2.0623207092285156e-05,0.9967637062072754,9.820454597473145,0.0034422874450683594,1.002646803855896,16.749958038330078,-0.00627744197845459,33,488,0.0016211271286010742
SLIM*MIX_oms_pat5_fn-full_extended_const-small_ints_latent4096,9057152a-801c-11f1-8d02-2c7ba0e6fa90,synthetic_prior,0,185,0.9981887936592102,1.3448472023010254,76834.0,0.9961580038070679,30.942668914794922,3.594160079956055e-05,0.9977431297302246,2019.2171630859375,0.00023621320724487305,0.9987159967422485,162.41883850097656,-0.00012218952178955078,0.9990556836128235,0.02110198326408863,2.199411392211914e-05,0.9967617392539978,9.820436477661133,0.0034461617469787598,1.002636194229126,16.749780654907227,-0.006256222724914551,34,507,0.0016223788261413574
SLIM*MIX_oms_pat5_fn-full_extended_const-small_ints_latent4096,9057152a-801c-11f1-8d02-2c7ba0e6fa90,synthetic_prior,0,186,0.9981887936592102,1.3402748107910156,96368.0,0.9961580038070679,30.942668914794922,3.594160079956055e-05,0.9977431297302246,2019.2171630859375,0.00023621320724487305,0.9987159967422485,162.41883850097656,-0.00012218952178955078,0.9990556836128235,0.02110198326408863,2.199411392211914e-05,0.9967617392539978,9.820436477661133,0.0034461617469787598,1.002636194229126,16.749780654907227,-0.006256222724914551,34,507,0.0016223788261413574
SLIM*MIX_oms_pat5_fn-full_extended_const-small_ints_latent4096,9057152a-801c-11f1-8d02-2c7ba0e6fa90,synthetic_prior,0,187,0.9981887936592102,1.2690062522888184,100838.0,0.9961580038070679,30.942668914794922,3.594160079956055e-05,0.9977431297302246,2019.2171630859375,0.00023621320724487305,0.9987159967422485,162.41883850097656,-0.00012218952178955078,0.9990556836128235,0.02110198326408863,2.199411392211914e-05,0.9967617392539978,9.820436477661133,0.0034461617469787598,1.002636194229126,16.749780654907227,-0.006256222724914551,34,507,0.0016223788261413574
SLIM*MIX_oms_pat5_fn-full_extended_const-small_ints_latent4096,9057152a-801c-11f1-8d02-2c7ba0e6fa90,synthetic_prior,0,188,0.9981887936592102,1.3840954303741455,101130.0,0.9961580038070679,30.942668914794922,3.594160079956055e-05,0.9977431297302246,2019.2171630859375,0.00023621320724487305,0.9987159967422485,162.41883850097656,-0.00012218952178955078,0.9990556836128235,0.02110198326408863,2.199411392211914e-05,0.9967617392539978,9.820436477661133,0.0034461617469787598,1.002636194229126,16.749780654907227,-0.006256222724914551,34,507,0.0016223788261413574
SLIM*MIX_oms_pat5_fn-full_extended_const-small_ints_latent4096,9057152a-801c-11f1-8d02-2c7ba0e6fa90,synthetic_prior,0,189,0.9981887936592102,1.4390053749084473,100733.0,0.9961580038070679,30.942668914794922,3.594160079956055e-05,0.9977431297302246,2019.2171630859375,0.00023621320724487305,0.9987159967422485,162.41883850097656,-0.00012218952178955078,0.9990556836128235,0.02110198326408863,2.199411392211914e-05,0.9967617392539978,9.820436477661133,0.0034461617469787598,1.002636194229126,16.749780654907227,-0.006256222724914551,34,507,0.0016223788261413574
SLIM*MIX_oms_pat5_fn-full_extended_const-small_ints_latent4096,9057152a-801c-11f1-8d02-2c7ba0e6fa90,synthetic_prior,0,190,0.9981878399848938,1.3806242942810059,99419.0,0.9961636662483215,30.94284439086914,2.4557113647460938e-05,0.997744083404541,2019.218994140625,0.00023436546325683594,0.998723566532135,162.4200897216797,-0.0001373291015625,0.9990386962890625,0.02110162377357483,5.602836608886719e-05,0.997339129447937,9.82612419128418,0.0022913217544555664,1.0024306774139404,16.746349334716797,-0.005843758583068848,35,513,0.00162428617477417
SLIM*MIX_oms_pat5_fn-full_extended_const-small_ints_latent4096,9057152a-801c-11f1-8d02-2c7ba0e6fa90,synthetic_prior,0,191,0.9981876611709595,1.4764459133148193,100375.0,0.9961636066436768,30.942842483520508,2.467632293701172e-05,0.9977443814277649,2019.2196044921875,0.00023370981216430664,0.9987233877182007,162.4200439453125,-0.00013697147369384766,0.9990386962890625,0.02110162377357483,5.602836608886719e-05,0.9973433613777161,9.826167106628418,0.0022827982902526855,1.0024136304855347,16.746063232421875,-0.0058095455169677734,36,527,0.0016246438026428223
SLIM*MIX_oms_pat5_fn-full_extended_const-small_ints_latent4096,9057152a-801c-11f1-8d02-2c7ba0e6fa90,synthetic_prior,0,192,0.9981876611709595,1.4196956157684326,100356.0,0.9961636066436768,30.942842483520508,2.467632293701172e-05,0.9977443814277649,2019.2196044921875,0.00023370981216430664,0.9987233877182007,162.4200439453125,-0.00013697147369384766,0.9990386962890625,0.02110162377357483,5.602836608886719e-05,0.9973433613777161,9.826167106628418,0.0022827982902526855,1.0024136304855347,16.746063232421875,-0.0058095455169677734,36,527,0.0016246438026428223
SLIM*MIX_oms_pat5_fn-full_extended_const-small_ints_latent4096,9057152a-801c-11f1-8d02-2c7ba0e6fa90,synthetic_prior,0,193,0.9981876611709595,1.4746983051300049,100159.0,0.9961636066436768,30.942842483520508,2.467632293701172e-05,0.9977443814277649,2019.2196044921875,0.00023370981216430664,0.9987233877182007,162.4200439453125,-0.00013697147369384766,0.9990386962890625,0.02110162377357483,5.602836608886719e-05,0.9973433613777161,9.826167106628418,0.0022827982902526855,1.0024136304855347,16.746063232421875,-0.0058095455169677734,36,527,0.0016246438026428223
SLIM*MIX_oms_pat5_fn-full_extended_const-small_ints_latent4096,9057152a-801c-11f1-8d02-2c7ba0e6fa90,synthetic_prior,0,194,0.9981876611709595,1.331779956817627,101289.0,0.9961636066436768,30.942842483520508,2.467632293701172e-05,0.9977443814277649,2019.2196044921875,0.00023370981216430664,0.9987233877182007,162.4200439453125,-0.00013697147369384766,0.9990386962890625,0.02110162377357483,5.602836608886719e-05,0.9973433613777161,9.826167106628418,0.0022827982902526855,1.0024136304855347,16.746063232421875,-0.0058095455169677734,36,527,0.0016246438026428223
SLIM*MIX_oms_pat5_fn-full_extended_const-small_ints_latent4096,9057152a-801c-11f1-8d02-2c7ba0e6fa90,synthetic_prior,0,195,0.9981876611709595,1.3959391117095947,101217.0,0.9961636066436768,30.942842483520508,2.467632293701172e-05,0.9977443814277649,2019.2196044921875,0.00023370981216430664,0.9987233877182007,162.4200439453125,-0.00013697147369384766,0.9990386962890625,0.02110162377357483,5.602836608886719e-05,0.9973433613777161,9.826167106628418,0.0022827982902526855,1.0024136304855347,16.746063232421875,-0.0058095455169677734,36,527,0.0016246438026428223
SLIM*MIX_oms_pat5_fn-full_extended_const-small_ints_latent4096,9057152a-801c-11f1-8d02-2c7ba0e6fa90,synthetic_prior,0,196,0.9981817007064819,1.3681893348693848,100836.0,0.9961552619934082,30.942583084106445,4.1425228118896484e-05,0.9977433085441589,2019.2174072265625,0.00023597478866577148,0.9987289905548096,162.42095947265625,-0.0001481771469116211,0.9990376234054565,0.021101603284478188,5.817413330078125e-05,0.9973320960998535,9.826055526733398,0.002305328845977783,1.0019969940185547,16.739103317260742,-0.004973649978637695,37,548,0.0016365647315979004
SLIM*MIX_oms_pat5_fn-full_extended_const-small_ints_latent4096,9057152a-801c-11f1-8d02-2c7ba0e6fa90,synthetic_prior,0,197,0.9981817007064819,1.4319758415222168,101939.0,0.9961552619934082,30.942583084106445,4.1425228118896484e-05,0.9977433085441589,2019.2174072265625,0.00023597478866577148,0.9987289905548096,162.42095947265625,-0.0001481771469116211,0.9990376234054565,0.021101603284478188,5.817413330078125e-05,0.9973320960998535,9.826055526733398,0.002305328845977783,1.0019969940185547,16.739103317260742,-0.004973649978637695,37,548,0.0016365647315979004
SLIM*MIX_oms_pat5_fn-full_extended_const-small_ints_latent4096,9057152a-801c-11f1-8d02-2c7ba0e6fa90,synthetic_prior,0,198,0.9981817007064819,1.4076056480407715,103592.0,0.9961552619934082,30.942583084106445,4.1425228118896484e-05,0.9977433085441589,2019.2174072265625,0.00023597478866577148,0.9987289905548096,162.42095947265625,-0.0001481771469116211,0.9990376234054565,0.021101603284478188,5.817413330078125e-05,0.9973320960998535,9.826055526733398,0.002305328845977783,1.0019969940185547,16.739103317260742,-0.004973649978637695,37,548,0.0016365647315979004
SLIM*MIX_oms_pat5_fn-full_extended_const-small_ints_latent4096,9057152a-801c-11f1-8d02-2c7ba0e6fa90,synthetic_prior,0,199,0.9981817007064819,1.4035484790802002,104207.0,0.9961552619934082,30.942583084106445,4.1425228118896484e-05,0.9977433085441589,2019.2174072265625,0.00023597478866577148,0.9987289905548096,162.42095947265625,-0.0001481771469116211,0.9990376234054565,0.021101603284478188,5.817413330078125e-05,0.9973320960998535,9.826055526733398,0.002305328845977783,1.0019969940185547,16.739103317260742,-0.004973649978637695,37,548,0.0016365647315979004
SLIM*MIX_oms_pat5_fn-full_extended_const-small_ints_latent4096,9057152a-801c-11f1-8d02-2c7ba0e6fa90,synthetic_prior,0,200,0.998163104057312,1.4525551795959473,104186.0,0.9961598515510559,30.942724227905273,3.218650817871094e-05,0.9977356791496277,2019.201904296875,0.0002512335777282715,0.9987291097640991,162.42095947265625,-0.00014841556549072266,0.9990761876106262,0.0211024172604084,-1.9073486328125e-05,0.997306764125824,9.8258056640625,0.0023560523986816406,1.0029250383377075,16.754606246948242,-0.0068361759185791016,38,561,0.0016736984252929688
