SLIM*MIX_oms_pat5_fn-full_extended_const-small_ints_tabpfn,0c72c85c-8099-11f1-b0d1-2c7ba0e6fa90,synthetic_prior,0,0,0.9769602417945862,0.07832574844360352,889.0,0.9949705600738525,30.90578269958496,0.0024183988571166992,0.997926652431488,2019.5885009765625,-0.0001316070556640625,0.9982270002365112,162.33932495117188,0.0008570551872253418,0.9928866624832153,0.02097168378531933,0.012333333492279053,0.9961353540420532,9.814264297485352,0.004698336124420166,0.9964307546615601,16.646114349365234,0.006160855293273926,1,3,0.0436360239982605
SLIM*MIX_oms_pat5_fn-full_extended_const-small_ints_tabpfn,0c72c85c-8099-11f1-b0d1-2c7ba0e6fa90,synthetic_prior,0,1,0.9769602417945862,0.09963750839233398,2404.0,0.9949705600738525,30.90578269958496,0.0024183988571166992,0.997926652431488,2019.5885009765625,-0.0001316070556640625,0.9982270002365112,162.33932495117188,0.0008570551872253418,0.9928866624832153,0.02097168378531933,0.012333333492279053,0.9961353540420532,9.814264297485352,0.004698336124420166,0.9964307546615601,16.646114349365234,0.006160855293273926,1,3,0.0436360239982605
SLIM*MIX_oms_pat5_fn-full_extended_const-small_ints_tabpfn,0c72c85c-8099-11f1-b0d1-2c7ba0e6fa90,synthetic_prior,0,2,0.9748239517211914,0.10218667984008789,2820.0,0.9948858022689819,30.903148651123047,0.0025884509086608887,0.9985065460205078,2020.76220703125,-0.001294255256652832,0.9981409907341003,162.3253173828125,0.00102919340133667,0.9979754686355591,0.0210791677236557,0.002183258533477783,0.993494987487793,9.788250923156738,0.009967625141143799,1.0025371313095093,16.748126983642578,-0.0060575008392333984,3,27,0.04781395196914673
SLIM*MIX_oms_pat5_fn-full_extended_const-small_ints_tabpfn,0c72c85c-8099-11f1-b0d1-2c7ba0e6fa90,synthetic_prior,0,3,0.9715796709060669,0.09494853019714355,3755.0,0.9949705600738525,30.90578269958496,0.0024183988571166992,0.997926652431488,2019.5885009765625,-0.0001316070556640625,0.9982270002365112,162.33932495117188,0.0008570551872253418,0.9928866624832153,0.02097168378531933,0.012333333492279053,0.9961353540420532,9.814264297485352,0.004698336124420166,0.9964307546615601,16.646114349365234,0.006160855293273926,2,23,0.05414116382598877
SLIM*MIX_oms_pat5_fn-full_extended_const-small_ints_tabpfn,0c72c85c-8099-11f1-b0d1-2c7ba0e6fa90,synthetic_prior,0,4,0.9659810662269592,0.09395933151245117,4564.0,1.0096710920333862,31.362411499023438,-0.027277588844299316,1.0159978866577148,2056.16064453125,-0.0366818904876709,1.0202851295471191,165.92657470703125,-0.04378771781921387,1.0243433713912964,0.021636109799146652,-0.05124080181121826,1.0175896883010864,10.025640487670898,-0.038636088371276855,1.0088558197021484,16.85368537902832,-0.01877915859222412,2,17,0.06501054763793945
SLIM*MIX_oms_pat5_fn-full_extended_const-small_ints_tabpfn,0c72c85c-8099-11f1-b0d1-2c7ba0e6fa90,synthetic_prior,0,5,0.9551416635513306,0.1069478988647461,5105.0,1.0358227491378784,32.17473220825195,-0.08118188381195068,1.0454175472259521,2115.69970703125,-0.09758830070495605,1.0517011880874634,171.0356903076172,-0.10905671119689941,1.0544918775558472,0.022272903472185135,-0.11403167247772217,1.0428885221481323,10.274893760681152,-0.09092247486114502,1.0292656421661377,17.194644927978516,-0.06041717529296875,3,29,0.08587616682052612
SLIM*MIX_oms_pat5_fn-full_extended_const-small_ints_tabpfn,0c72c85c-8099-11f1-b0d1-2c7ba0e6fa90,synthetic_prior,0,6,0.9551416635513306,0.0900261402130127,6187.0,1.0358227491378784,32.17473220825195,-0.08118188381195068,1.0454175472259521,2115.69970703125,-0.09758830070495605,1.0517011880874634,171.0356903076172,-0.10905671119689941,1.0544918775558472,0.022272903472185135,-0.11403167247772217,1.0428885221481323,10.274893760681152,-0.09092247486114502,1.0292656421661377,17.194644927978516,-0.06041717529296875,3,29,0.08587616682052612
SLIM*MIX_oms_pat5_fn-full_extended_const-small_ints_tabpfn,0c72c85c-8099-11f1-b0d1-2c7ba0e6fa90,synthetic_prior,0,7,0.9551416635513306,0.12024116516113281,7923.0,1.0358227491378784,32.17473220825195,-0.08118188381195068,1.0454175472259521,2115.69970703125,-0.09758830070495605,1.0517011880874634,171.0356903076172,-0.10905671119689941,1.0544918775558472,0.022272903472185135,-0.11403167247772217,1.0428885221481323,10.274893760681152,-0.09092247486114502,1.0292656421661377,17.194644927978516,-0.06041717529296875,3,29,0.08587616682052612
SLIM*MIX_oms_pat5_fn-full_extended_const-small_ints_tabpfn,0c72c85c-8099-11f1-b0d1-2c7ba0e6fa90,synthetic_prior,0,8,0.9530941843986511,0.11087656021118164,9715.0,1.028027892112732,31.93260955810547,-0.06497085094451904,1.0370073318481445,2098.679443359375,-0.07999944686889648,1.0427459478378296,169.57933044433594,-0.09024989604949951,1.0460864305496216,0.022095363587141037,-0.09634232521057129,1.0356016159057617,10.203099250793457,-0.07573044300079346,1.0232372283935547,17.093936920166016,-0.04803204536437988,6,67,0.08979105949401855
SLIM*MIX_oms_pat5_fn-full_extended_const-small_ints_tabpfn,0c72c85c-8099-11f1-b0d1-2c7ba0e6fa90,synthetic_prior,0,9,0.9527150392532349,0.10953021049499512,11358.0,1.0440555810928345,32.43046569824219,-0.09843719005584717,1.0582830905914307,2141.73681640625,-0.12476968765258789,1.0722202062606812,174.37265014648438,-0.15275490283966064,1.0503398180007935,0.022185202687978745,-0.10527586936950684,1.0374059677124023,10.220877647399902,-0.07948243618011475,1.0351487398147583,17.29292869567871,-0.07257425785064697,5,67,0.09051501750946045
SLIM*MIX_oms_pat5_fn-full_extended_const-small_ints_tabpfn,0c72c85c-8099-11f1-b0d1-2c7ba0e6fa90,synthetic_prior,0,10,0.9518343806266785,0.11985659599304199,11764.0,0.9962682723999023,30.94609260559082,-0.00018548965454101562,0.9976683259010315,2019.065673828125,0.00038617849349975586,0.9984723925590515,162.3792266845703,0.0003657341003417969,0.9913327097892761,0.02093886025249958,0.015422403812408447,0.9959325790405273,9.812267303466797,0.005103409290313721,0.995430588722229,16.629405975341797,0.008154988288879395,7,104,0.09219574928283691
SLIM*MIX_oms_pat5_fn-full_extended_const-small_ints_tabpfn,0c72c85c-8099-11f1-b0d1-2c7ba0e6fa90,synthetic_prior,0,11,0.9518343806266785,0.11043071746826172,11686.0,0.9962682723999023,30.94609260559082,-0.00018548965454101562,0.9976683259010315,2019.065673828125,0.00038617849349975586,0.9984723925590515,162.3792266845703,0.0003657341003417969,0.9913327097892761,0.02093886025249958,0.015422403812408447,0.9959325790405273,9.812267303466797,0.005103409290313721,0.995430588722229,16.629405975341797,0.008154988288879395,7,104,0.09219574928283691
SLIM*MIX_oms_pat5_fn-full_extended_const-small_ints_tabpfn,0c72c85c-8099-11f1-b0d1-2c7ba0e6fa90,synthetic_prior,0,12,0.9501854777336121,0.11023283004760742,12718.0,1.016197681427002,31.565141677856445,-0.040601134300231934,1.0231266021728516,2070.587646484375,-0.05128049850463867,1.0277854204177856,167.14633178710938,-0.05919015407562256,1.0313665866851807,0.021784452721476555,-0.06570541858673096,1.0221341848373413,10.070414543151855,-0.04793393611907959,1.0136548280715942,16.933855056762695,-0.028494596481323242,6,94,0.09533816576004028
SLIM*MIX_oms_pat5_fn-full_extended_const-small_ints_tabpfn,0c72c85c-8099-11f1-b0d1-2c7ba0e6fa90,synthetic_prior,0,13,0.9389544129371643,0.1247859001159668,13807.0,0.9952805042266846,30.915409088134766,0.0017969012260437012,1.0003736019134521,2024.5406494140625,-0.0050421953201293945,1.0005934238433838,162.72415161132812,-0.003885626792907715,0.9774714708328247,0.02064608596265316,0.04276353120803833,0.9879226088523865,9.733349800109863,0.02104240655899048,0.9869547486305237,16.487812042236328,0.024973630905151367,8,99,0.11659783124923706
SLIM*MIX_oms_pat5_fn-full_extended_const-small_ints_tabpfn,0c72c85c-8099-11f1-b0d1-2c7ba0e6fa90,synthetic_prior,0,14,0.9389544129371643,0.12232255935668945,15503.0,0.9952805042266846,30.915409088134766,0.0017969012260437012,1.0003736019134521,2024.5406494140625,-0.0050421953201293945,1.0005934238433838,162.72415161132812,-0.003885626792907715,0.9774714708328247,0.02064608596265316,0.04276353120803833,0.9879226088523865,9.733349800109863,0.02104240655899048,0.9869547486305237,16.487812042236328,0.024973630905151367,8,99,0.11659783124923706
SLIM*MIX_oms_pat5_fn-full_extended_const-small_ints_tabpfn,0c72c85c-8099-11f1-b0d1-2c7ba0e6fa90,synthetic_prior,0,15,0.9389544129371643,0.11168694496154785,17102.0,0.9952805042266846,30.915409088134766,0.0017969012260437012,1.0003736019134521,2024.5406494140625,-0.0050421953201293945,1.0005934238433838,162.72415161132812,-0.003885626792907715,0.9774714708328247,0.02064608596265316,0.04276353120803833,0.9879226088523865,9.733349800109863,0.02104240655899048,0.9869547486305237,16.487812042236328,0.024973630905151367,8,99,0.11659783124923706
SLIM*MIX_oms_pat5_fn-full_extended_const-small_ints_tabpfn,0c72c85c-8099-11f1-b0d1-2c7ba0e6fa90,synthetic_prior,0,16,0.934955894947052,0.10188770294189453,18329.0,0.9966186285018921,30.956974029541016,-0.0008889436721801758,0.997521698474884,2018.76904296875,0.0006799697875976562,0.9989434480667114,162.45584106445312,-0.0005778074264526367,0.9902581572532654,0.020916162058711052,0.01755577325820923,0.9972934126853943,9.825674057006836,0.0023827552795410156,0.9984868168830872,16.680463790893555,0.0020552873611450195,8,131,0.12410569190979004
SLIM*MIX_oms_pat5_fn-full_extended_const-small_ints_tabpfn,0c72c85c-8099-11f1-b0d1-2c7ba0e6fa90,synthetic_prior,0,17,0.9328396916389465,0.08789849281311035,19701.0,0.9949383735656738,30.904783248901367,0.002483069896697998,0.9996679425239563,2023.112548828125,-0.0036249160766601562,0.9997685551643372,162.59002685546875,-0.0022313594818115234,0.9796547293663025,0.02069219760596752,0.038482606410980225,0.9890012741088867,9.743977546691895,0.01890343427658081,0.9882693290710449,16.5097713470459,0.02237457036972046,9,111,0.12806624174118042
SLIM*MIX_oms_pat5_fn-full_extended_const-small_ints_tabpfn,0c72c85c-8099-11f1-b0d1-2c7ba0e6fa90,synthetic_prior,0,18,0.9328396916389465,0.1084585189819336,20855.0,0.9949383735656738,30.904783248901367,0.002483069896697998,0.9996679425239563,2023.112548828125,-0.0036249160766601562,0.9997685551643372,162.59002685546875,-0.0022313594818115234,0.9796547293663025,0.02069219760596752,0.038482606410980225,0.9890012741088867,9.743977546691895,0.01890343427658081,0.9882693290710449,16.5097713470459,0.02237457036972046,9,111,0.12806624174118042
SLIM*MIX_oms_pat5_fn-full_extended_const-small_ints_tabpfn,0c72c85c-8099-11f1-b0d1-2c7ba0e6fa90,synthetic_prior,0,19,0.9328396916389465,0.10364365577697754,21228.0,0.9949383735656738,30.904783248901367,0.002483069896697998,0.9996679425239563,2023.112548828125,-0.0036249160766601562,0.9997685551643372,162.59002685546875,-0.0022313594818115234,0.9796547293663025,0.02069219760596752,0.038482606410980225,0.9890012741088867,9.743977546691895,0.01890343427658081,0.9882693290710449,16.5097713470459,0.02237457036972046,9,111,0.12806624174118042
SLIM*MIX_oms_pat5_fn-full_extended_const-small_ints_tabpfn,0c72c85c-8099-11f1-b0d1-2c7ba0e6fa90,synthetic_prior,0,20,0.9173706769943237,0.10714077949523926,21832.0,0.9949219822883606,30.904277801513672,0.0025157928466796875,0.9990628361701965,2021.8876953125,-0.0024101734161376953,0.9989458322525024,162.45620727539062,-0.000582575798034668,0.9824582934379578,0.02075141668319702,0.03297144174575806,0.9906821250915527,9.760537147521973,0.015565812587738037,0.9901993274688721,16.542015075683594,0.018552422523498535,10,132,0.15674448013305664
SLIM*MIX_oms_pat5_fn-full_extended_const-small_ints_tabpfn,0c72c85c-8099-11f1-b0d1-2c7ba0e6fa90,synthetic_prior,0,21,0.9173706769943237,0.10661506652832031,22388.0,0.9949219822883606,30.904277801513672,0.0025157928466796875,0.9990628361701965,2021.8876953125,-0.0024101734161376953,0.9989458322525024,162.45620727539062,-0.000582575798034668,0.9824582934379578,0.02075141668319702,0.03297144174575806,0.9906821250915527,9.760537147521973,0.015565812587738037,0.9901993274688721,16.542015075683594,0.018552422523498535,10,132,0.15674448013305664
SLIM*MIX_oms_pat5_fn-full_extended_const-small_ints_tabpfn,0c72c85c-8099-11f1-b0d1-2c7ba0e6fa90,synthetic_prior,0,22,0.9173706769943237,0.10552430152893066,22305.0,0.9949219822883606,30.904277801513672,0.0025157928466796875,0.9990628361701965,2021.8876953125,-0.0024101734161376953,0.9989458322525024,162.45620727539062,-0.000582575798034668,0.9824582934379578,0.02075141668319702,0.03297144174575806,0.9906821250915527,9.760537147521973,0.015565812587738037,0.9901993274688721,16.542015075683594,0.018552422523498535,10,132,0.15674448013305664
SLIM*MIX_oms_pat5_fn-full_extended_const-small_ints_tabpfn,0c72c85c-8099-11f1-b0d1-2c7ba0e6fa90,synthetic_prior,0,23,0.9173706769943237,0.10506820678710938,23977.0,0.9949219822883606,30.904277801513672,0.0025157928466796875,0.9990628361701965,2021.8876953125,-0.0024101734161376953,0.9989458322525024,162.45620727539062,-0.000582575798034668,0.9824582934379578,0.02075141668319702,0.03297144174575806,0.9906821250915527,9.760537147521973,0.015565812587738037,0.9901993274688721,16.542015075683594,0.018552422523498535,10,132,0.15674448013305664
SLIM*MIX_oms_pat5_fn-full_extended_const-small_ints_tabpfn,0c72c85c-8099-11f1-b0d1-2c7ba0e6fa90,synthetic_prior,0,24,0.9173706769943237,0.11313486099243164,26016.0,0.9949219822883606,30.904277801513672,0.0025157928466796875,0.9990628361701965,2021.8876953125,-0.0024101734161376953,0.9989458322525024,162.45620727539062,-0.000582575798034668,0.9824582934379578,0.02075141668319702,0.03297144174575806,0.9906821250915527,9.760537147521973,0.015565812587738037,0.9901993274688721,16.542015075683594,0.018552422523498535,9,118,0.15674448013305664
SLIM*MIX_oms_pat5_fn-full_extended_const-small_ints_tabpfn,0c72c85c-8099-11f1-b0d1-2c7ba0e6fa90,synthetic_prior,0,25,0.9173706769943237,0.12999796867370605,14580.0,0.9949219822883606,30.904277801513672,0.0025157928466796875,0.9990628361701965,2021.8876953125,-0.0024101734161376953,0.9989458322525024,162.45620727539062,-0.000582575798034668,0.9824582934379578,0.02075141668319702,0.03297144174575806,0.9906821250915527,9.760537147521973,0.015565812587738037,0.9901993274688721,16.542015075683594,0.018552422523498535,9,118,0.15674448013305664
SLIM*MIX_oms_pat5_fn-full_extended_const-small_ints_tabpfn,0c72c85c-8099-11f1-b0d1-2c7ba0e6fa90,synthetic_prior,0,26,0.9173706769943237,0.1041715145111084,21508.0,0.9949219822883606,30.904277801513672,0.0025157928466796875,0.9990628361701965,2021.8876953125,-0.0024101734161376953,0.9989458322525024,162.45620727539062,-0.000582575798034668,0.9824582934379578,0.02075141668319702,0.03297144174575806,0.9906821250915527,9.760537147521973,0.015565812587738037,0.9901993274688721,16.542015075683594,0.018552422523498535,9,118,0.15674448013305664
SLIM*MIX_oms_pat5_fn-full_extended_const-small_ints_tabpfn,0c72c85c-8099-11f1-b0d1-2c7ba0e6fa90,synthetic_prior,0,27,0.9173706769943237,0.10315203666687012,26764.0,0.9949219822883606,30.904277801513672,0.0025157928466796875,0.9990628361701965,2021.8876953125,-0.0024101734161376953,0.9989458322525024,162.45620727539062,-0.000582575798034668,0.9824582934379578,0.02075141668319702,0.03297144174575806,0.9906821250915527,9.760537147521973,0.015565812587738037,0.9901993274688721,16.542015075683594,0.018552422523498535,9,118,0.15674448013305664
SLIM*MIX_oms_pat5_fn-full_extended_const-small_ints_tabpfn,0c72c85c-8099-11f1-b0d1-2c7ba0e6fa90,synthetic_prior,0,28,0.9166532754898071,0.10829758644104004,28465.0,0.995044469833374,30.908079147338867,0.0022702813148498535,0.99929279088974,2022.3531494140625,-0.0028717517852783203,0.9991629123687744,162.49151611328125,-0.0010173320770263672,0.9808326363563538,0.02071707881987095,0.03616899251937866,0.9897725582122803,9.75157642364502,0.017372548580169678,0.9891423583030701,16.524356842041016,0.020646631717681885,11,149,0.1580628752708435
SLIM*MIX_oms_pat5_fn-full_extended_const-small_ints_tabpfn,0c72c85c-8099-11f1-b0d1-2c7ba0e6fa90,synthetic_prior,0,29,0.9166532754898071,0.10643744468688965,28132.0,0.995044469833374,30.908079147338867,0.0022702813148498535,0.99929279088974,2022.3531494140625,-0.0028717517852783203,0.9991629123687744,162.49151611328125,-0.0010173320770263672,0.9808326363563538,0.02071707881987095,0.03616899251937866,0.9897725582122803,9.75157642364502,0.017372548580169678,0.9891423583030701,16.524356842041016,0.020646631717681885,11,149,0.1580628752708435
SLIM*MIX_oms_pat5_fn-full_extended_const-small_ints_tabpfn,0c72c85c-8099-11f1-b0d1-2c7ba0e6fa90,synthetic_prior,0,30,0.9154552817344666,0.10562968254089355,28472.0,0.995051920413971,30.908309936523438,0.002255380153656006,0.9987331032752991,2021.2205810546875,-0.0017485618591308594,0.9986737370491028,162.41197204589844,-3.7550926208496094e-05,0.9847936630249023,0.020800743252038956,0.028368592262268066,0.9919126629829407,9.772661209106445,0.0131186842918396,0.9915757179260254,16.56500816345215,0.015822112560272217,11,158,0.1602621078491211
SLIM*MIX_oms_pat5_fn-full_extended_const-small_ints_tabpfn,0c72c85c-8099-11f1-b0d1-2c7ba0e6fa90,synthetic_prior,0,31,0.9154552817344666,0.10317826271057129,27735.0,0.995051920413971,30.908309936523438,0.002255380153656006,0.9987331032752991,2021.2205810546875,-0.0017485618591308594,0.9986737370491028,162.41197204589844,-3.7550926208496094e-05,0.9847936630249023,0.020800743252038956,0.028368592262268066,0.9919126629829407,9.772661209106445,0.0131186842918396,0.9915757179260254,16.56500816345215,0.015822112560272217,11,158,0.1602621078491211
SLIM*MIX_oms_pat5_fn-full_extended_const-small_ints_tabpfn,0c72c85c-8099-11f1-b0d1-2c7ba0e6fa90,synthetic_prior,0,32,0.9146924018859863,0.10048437118530273,26062.0,0.9950688481330872,30.908836364746094,0.002221345901489258,0.998724639415741,2021.203369140625,-0.0017317533493041992,0.9986802339553833,162.41302490234375,-5.054473876953125e-05,0.9848151803016663,0.020801197737455368,0.02832615375518799,0.9919415712356567,9.77294635772705,0.013061165809631348,0.991601824760437,16.565444946289062,0.015770256519317627,12,170,0.1616610884666443
SLIM*MIX_oms_pat5_fn-full_extended_const-small_ints_tabpfn,0c72c85c-8099-11f1-b0d1-2c7ba0e6fa90,synthetic_prior,0,33,0.9146924018859863,0.10177040100097656,25435.0,0.9950688481330872,30.908836364746094,0.002221345901489258,0.998724639415741,2021.203369140625,-0.0017317533493041992,0.9986802339553833,162.41302490234375,-5.054473876953125e-05,0.9848151803016663,0.020801197737455368,0.02832615375518799,0.9919415712356567,9.77294635772705,0.013061165809631348,0.991601824760437,16.565444946289062,0.015770256519317627,12,170,0.1616610884666443
SLIM*MIX_oms_pat5_fn-full_extended_const-small_ints_tabpfn,0c72c85c-8099-11f1-b0d1-2c7ba0e6fa90,synthetic_prior,0,34,0.9132062792778015,0.10292673110961914,24830.0,0.9948694705963135,30.90264320373535,0.0026212334632873535,0.9996747970581055,2023.126220703125,-0.003638625144958496,0.9993523359298706,162.5223388671875,-0.0013970136642456055,0.9802152514457703,0.020704040303826332,0.03738194704055786,0.9896842837333679,9.750706672668457,0.017547786235809326,0.9889649152755737,16.521392822265625,0.02099788188934326,9,121,0.16438305377960205
SLIM*MIX_oms_pat5_fn-full_extended_const-small_ints_tabpfn,0c72c85c-8099-11f1-b0d1-2c7ba0e6fa90,synthetic_prior,0,35,0.910467267036438,0.10190939903259277,25461.0,0.9948890805244446,30.90325355529785,0.002581775188446045,1.000106930732727,2024.0009765625,-0.004506468772888184,0.9997551441192627,162.5878448486328,-0.0022045373916625977,0.9788018465042114,0.02067418582737446,0.040156006813049316,0.9889377951622009,9.743351936340332,0.019029319286346436,0.98809415102005,16.506847381591797,0.022721171379089355,10,137,0.16938817501068115
SLIM*MIX_oms_pat5_fn-full_extended_const-small_ints_tabpfn,0c72c85c-8099-11f1-b0d1-2c7ba0e6fa90,synthetic_prior,0,36,0.905704915523529,0.10279417037963867,26608.0,0.9949623346328735,30.905529022216797,0.002434968948364258,1.000245451927185,2024.28125,-0.004784941673278809,0.9998396039009094,162.60157775878906,-0.002373814582824707,0.9781185388565063,0.02065975032746792,0.04149580001831055,0.988452672958374,9.738572120666504,0.019991517066955566,0.9875761270523071,16.498191833496094,0.023745596408843994,11,150,0.17805469036102295
SLIM*MIX_oms_pat5_fn-full_extended_const-small_ints_tabpfn,0c72c85c-8099-11f1-b0d1-2c7ba0e6fa90,synthetic_prior,0,37,0.905704915523529,0.10226106643676758,27019.0,0.9949623346328735,30.905529022216797,0.002434968948364258,1.000245451927185,2024.28125,-0.004784941673278809,0.9998396039009094,162.60157775878906,-0.002373814582824707,0.9781185388565063,0.02065975032746792,0.04149580001831055,0.988452672958374,9.738572120666504,0.019991517066955566,0.9875761270523071,16.498191833496094,0.023745596408843994,11,150,0.17805469036102295
SLIM*MIX_oms_pat5_fn-full_extended_const-small_ints_tabpfn,0c72c85c-8099-11f1-b0d1-2c7ba0e6fa90,synthetic_prior,0,38,0.905704915523529,0.09872126579284668,28233.0,0.9949623346328735,30.905529022216797,0.002434968948364258,1.000245451927185,2024.28125,-0.004784941673278809,0.9998396039009094,162.60157775878906,-0.002373814582824707,0.9781185388565063,0.02065975032746792,0.04149580001831055,0.988452672958374,9.738572120666504,0.019991517066955566,0.9875761270523071,16.498191833496094,0.023745596408843994,11,150,0.17805469036102295
SLIM*MIX_oms_pat5_fn-full_extended_const-small_ints_tabpfn,0c72c85c-8099-11f1-b0d1-2c7ba0e6fa90,synthetic_prior,0,39,0.9007787108421326,0.10171341896057129,27775.0,0.9977007508277893,30.990589141845703,-0.003063678741455078,1.0070204734802246,2037.992431640625,-0.018442511558532715,1.002814769744873,163.08541870117188,-0.00834798812866211,0.9660172462463379,0.02040414698421955,0.06506633758544922,0.9828187823295593,9.683065414428711,0.031131267547607422,0.9781398773193359,16.340553283691406,0.0423126220703125,12,177,0.18697166442871094
SLIM*MIX_oms_pat5_fn-full_extended_const-small_ints_tabpfn,0c72c85c-8099-11f1-b0d1-2c7ba0e6fa90,synthetic_prior,0,40,0.9007787108421326,0.1023707389831543,28752.0,0.9977007508277893,30.990589141845703,-0.003063678741455078,1.0070204734802246,2037.992431640625,-0.018442511558532715,1.002814769744873,163.08541870117188,-0.00834798812866211,0.9660172462463379,0.02040414698421955,0.06506633758544922,0.9828187823295593,9.683065414428711,0.031131267547607422,0.9781398773193359,16.340553283691406,0.0423126220703125,12,177,0.18697166442871094
SLIM*MIX_oms_pat5_fn-full_extended_const-small_ints_tabpfn,0c72c85c-8099-11f1-b0d1-2c7ba0e6fa90,synthetic_prior,0,41,0.8992498517036438,0.11759138107299805,28209.0,0.9979848265647888,30.999414443969727,-0.0036351680755615234,1.0072335004806519,2038.4234619140625,-0.01887333393096924,1.002950668334961,163.10752868652344,-0.008621454238891602,0.9659344553947449,0.02040240168571472,0.06522643566131592,0.9827077984809875,9.681971549987793,0.03135007619857788,0.9779564142227173,16.337486267089844,0.042671799659729004,13,196,0.18972915410995483
SLIM*MIX_oms_pat5_fn-full_extended_const-small_ints_tabpfn,0c72c85c-8099-11f1-b0d1-2c7ba0e6fa90,synthetic_prior,0,42,0.8984449505805969,0.10305333137512207,29145.0,0.9978269338607788,30.994508743286133,-0.0033174753189086914,1.0075405836105347,2039.0450439453125,-0.01949477195739746,1.003788709640503,163.2438201904297,-0.010307669639587402,0.9658319354057312,0.020400235429406166,0.06542491912841797,0.9820622205734253,9.675612449645996,0.03262227773666382,0.9772467613220215,16.325632095336914,0.044060707092285156,14,208,0.19117897748947144
SLIM*MIX_oms_pat5_fn-full_extended_const-small_ints_tabpfn,0c72c85c-8099-11f1-b0d1-2c7ba0e6fa90,synthetic_prior,0,43,0.8984449505805969,0.10971283912658691,29640.0,0.9978269338607788,30.994508743286133,-0.0033174753189086914,1.0075405836105347,2039.0450439453125,-0.01949477195739746,1.003788709640503,163.2438201904297,-0.010307669639587402,0.9658319354057312,0.020400235429406166,0.06542491912841797,0.9820622205734253,9.675612449645996,0.03262227773666382,0.9772467613220215,16.325632095336914,0.044060707092285156,14,208,0.19117897748947144
SLIM*MIX_oms_pat5_fn-full_extended_const-small_ints_tabpfn,0c72c85c-8099-11f1-b0d1-2c7ba0e6fa90,synthetic_prior,0,44,0.8984449505805969,0.1018979549407959,30432.0,0.9978269338607788,30.994508743286133,-0.0033174753189086914,1.0075405836105347,2039.0450439453125,-0.01949477195739746,1.003788709640503,163.2438201904297,-0.010307669639587402,0.9658319354057312,0.020400235429406166,0.06542491912841797,0.9820622205734253,9.675612449645996,0.03262227773666382,0.9772467613220215,16.325632095336914,0.044060707092285156,14,208,0.19117897748947144
SLIM*MIX_oms_pat5_fn-full_extended_const-small_ints_tabpfn,0c72c85c-8099-11f1-b0d1-2c7ba0e6fa90,synthetic_prior,0,45,0.8984449505805969,0.10495376586914062,31520.0,0.9978269338607788,30.994508743286133,-0.0033174753189086914,1.0075405836105347,2039.0450439453125,-0.01949477195739746,1.003788709640503,163.2438201904297,-0.010307669639587402,0.9658319354057312,0.020400235429406166,0.06542491912841797,0.9820622205734253,9.675612449645996,0.03262227773666382,0.9772467613220215,16.325632095336914,0.044060707092285156,14,208,0.19117897748947144
SLIM*MIX_oms_pat5_fn-full_extended_const-small_ints_tabpfn,0c72c85c-8099-11f1-b0d1-2c7ba0e6fa90,synthetic_prior,0,46,0.8984449505805969,0.10485076904296875,33106.0,0.9978269338607788,30.994508743286133,-0.0033174753189086914,1.0075405836105347,2039.0450439453125,-0.01949477195739746,1.003788709640503,163.2438201904297,-0.010307669639587402,0.9658319354057312,0.020400235429406166,0.06542491912841797,0.9820622205734253,9.675612449645996,0.03262227773666382,0.9772467613220215,16.325632095336914,0.044060707092285156,14,208,0.19117897748947144
SLIM*MIX_oms_pat5_fn-full_extended_const-small_ints_tabpfn,0c72c85c-8099-11f1-b0d1-2c7ba0e6fa90,synthetic_prior,0,47,0.8984449505805969,0.12665438652038574,17090.0,0.9978269338607788,30.994508743286133,-0.0033174753189086914,1.0075405836105347,2039.0450439453125,-0.01949477195739746,1.003788709640503,163.2438201904297,-0.010307669639587402,0.9658319354057312,0.020400235429406166,0.06542491912841797,0.9820622205734253,9.675612449645996,0.03262227773666382,0.9772467613220215,16.325632095336914,0.044060707092285156,14,208,0.19117897748947144
SLIM*MIX_oms_pat5_fn-full_extended_const-small_ints_tabpfn,0c72c85c-8099-11f1-b0d1-2c7ba0e6fa90,synthetic_prior,0,48,0.8984449505805969,0.11420202255249023,27757.0,0.9978269338607788,30.994508743286133,-0.0033174753189086914,1.0075405836105347,2039.0450439453125,-0.01949477195739746,1.003788709640503,163.2438201904297,-0.010307669639587402,0.9658319354057312,0.020400235429406166,0.06542491912841797,0.9820622205734253,9.675612449645996,0.03262227773666382,0.9772467613220215,16.325632095336914,0.044060707092285156,14,208,0.19117897748947144
SLIM*MIX_oms_pat5_fn-full_extended_const-small_ints_tabpfn,0c72c85c-8099-11f1-b0d1-2c7ba0e6fa90,synthetic_prior,0,49,0.8984449505805969,0.11524295806884766,33767.0,0.9978269338607788,30.994508743286133,-0.0033174753189086914,1.0075405836105347,2039.0450439453125,-0.01949477195739746,1.003788709640503,163.2438201904297,-0.010307669639587402,0.9658319354057312,0.020400235429406166,0.06542491912841797,0.9820622205734253,9.675612449645996,0.03262227773666382,0.9772467613220215,16.325632095336914,0.044060707092285156,14,208,0.19117897748947144
SLIM*MIX_oms_pat5_fn-full_extended_const-small_ints_tabpfn,0c72c85c-8099-11f1-b0d1-2c7ba0e6fa90,synthetic_prior,0,50,0.8984449505805969,0.12494969367980957,35764.0,0.9978269338607788,30.994508743286133,-0.0033174753189086914,1.0075405836105347,2039.0450439453125,-0.01949477195739746,1.003788709640503,163.2438201904297,-0.010307669639587402,0.9658319354057312,0.020400235429406166,0.06542491912841797,0.9820622205734253,9.675612449645996,0.03262227773666382,0.9772467613220215,16.325632095336914,0.044060707092285156,14,208,0.19117897748947144
SLIM*MIX_oms_pat5_fn-full_extended_const-small_ints_tabpfn,0c72c85c-8099-11f1-b0d1-2c7ba0e6fa90,synthetic_prior,0,51,0.8984449505805969,0.11033368110656738,37153.0,0.9978269338607788,30.994508743286133,-0.0033174753189086914,1.0075405836105347,2039.0450439453125,-0.01949477195739746,1.003788709640503,163.2438201904297,-0.010307669639587402,0.9658319354057312,0.020400235429406166,0.06542491912841797,0.9820622205734253,9.675612449645996,0.03262227773666382,0.9772467613220215,16.325632095336914,0.044060707092285156,14,208,0.19117897748947144
SLIM*MIX_oms_pat5_fn-full_extended_const-small_ints_tabpfn,0c72c85c-8099-11f1-b0d1-2c7ba0e6fa90,synthetic_prior,0,52,0.8984449505805969,0.1753089427947998,19684.0,0.9978269338607788,30.994508743286133,-0.0033174753189086914,1.0075405836105347,2039.0450439453125,-0.01949477195739746,1.003788709640503,163.2438201904297,-0.010307669639587402,0.9658319354057312,0.020400235429406166,0.06542491912841797,0.9820622205734253,9.675612449645996,0.03262227773666382,0.9772467613220215,16.325632095336914,0.044060707092285156,14,208,0.19117897748947144
SLIM*MIX_oms_pat5_fn-full_extended_const-small_ints_tabpfn,0c72c85c-8099-11f1-b0d1-2c7ba0e6fa90,synthetic_prior,0,53,0.8966366648674011,0.10979866981506348,29517.0,0.9951491355895996,30.911327362060547,0.002060413360595703,1.0075854063034058,2039.1357421875,-0.019585371017456055,1.0028083324432373,163.08438110351562,-0.008335232734680176,0.9653471112251282,0.020389994606375694,0.06636297702789307,0.984129786491394,9.695981979370117,0.02854478359222412,0.9780358076095581,16.33881378173828,0.042516350746154785,11,171,0.19443154335021973
SLIM*MIX_oms_pat5_fn-full_extended_const-small_ints_tabpfn,0c72c85c-8099-11f1-b0d1-2c7ba0e6fa90,synthetic_prior,0,54,0.8966366648674011,0.1105964183807373,35759.0,0.9951491355895996,30.911327362060547,0.002060413360595703,1.0075854063034058,2039.1357421875,-0.019585371017456055,1.0028083324432373,163.08438110351562,-0.008335232734680176,0.9653471112251282,0.020389994606375694,0.06636297702789307,0.984129786491394,9.695981979370117,0.02854478359222412,0.9780358076095581,16.33881378173828,0.042516350746154785,11,171,0.19443154335021973
SLIM*MIX_oms_pat5_fn-full_extended_const-small_ints_tabpfn,0c72c85c-8099-11f1-b0d1-2c7ba0e6fa90,synthetic_prior,0,55,0.8966366648674011,0.12512898445129395,37608.0,0.9951491355895996,30.911327362060547,0.002060413360595703,1.0075854063034058,2039.1357421875,-0.019585371017456055,1.0028083324432373,163.08438110351562,-0.008335232734680176,0.9653471112251282,0.020389994606375694,0.06636297702789307,0.984129786491394,9.695981979370117,0.02854478359222412,0.9780358076095581,16.33881378173828,0.042516350746154785,11,171,0.19443154335021973
SLIM*MIX_oms_pat5_fn-full_extended_const-small_ints_tabpfn,0c72c85c-8099-11f1-b0d1-2c7ba0e6fa90,synthetic_prior,0,56,0.8966366648674011,0.12191939353942871,38134.0,0.9951491355895996,30.911327362060547,0.002060413360595703,1.0075854063034058,2039.1357421875,-0.019585371017456055,1.0028083324432373,163.08438110351562,-0.008335232734680176,0.9653471112251282,0.020389994606375694,0.06636297702789307,0.984129786491394,9.695981979370117,0.02854478359222412,0.9780358076095581,16.33881378173828,0.042516350746154785,11,171,0.19443154335021973
SLIM*MIX_oms_pat5_fn-full_extended_const-small_ints_tabpfn,0c72c85c-8099-11f1-b0d1-2c7ba0e6fa90,synthetic_prior,0,57,0.8966366648674011,0.10384774208068848,38307.0,0.9951491355895996,30.911327362060547,0.002060413360595703,1.0075854063034058,2039.1357421875,-0.019585371017456055,1.0028083324432373,163.08438110351562,-0.008335232734680176,0.9653471112251282,0.020389994606375694,0.06636297702789307,0.984129786491394,9.695981979370117,0.02854478359222412,0.9780358076095581,16.33881378173828,0.042516350746154785,11,171,0.19443154335021973
SLIM*MIX_oms_pat5_fn-full_extended_const-small_ints_tabpfn,0c72c85c-8099-11f1-b0d1-2c7ba0e6fa90,synthetic_prior,0,58,0.8953636288642883,0.1100611686706543,37911.0,0.9960057139396667,30.937936782836914,0.00034165382385253906,1.0035547018051147,2030.978515625,-0.011444330215454102,1.0009418725967407,162.78082275390625,-0.004585146903991699,0.9737891554832458,0.020568305626511574,0.04996204376220703,0.9862756133079529,9.717123031616211,0.024303674697875977,0.9827831387519836,16.418123245239258,0.03319859504699707,15,216,0.19671738147735596
SLIM*MIX_oms_pat5_fn-full_extended_const-small_ints_tabpfn,0c72c85c-8099-11f1-b0d1-2c7ba0e6fa90,synthetic_prior,0,59,0.8953636288642883,0.1031954288482666,37982.0,0.9960057139396667,30.937936782836914,0.00034165382385253906,1.0035547018051147,2030.978515625,-0.011444330215454102,1.0009418725967407,162.78082275390625,-0.004585146903991699,0.9737891554832458,0.020568305626511574,0.04996204376220703,0.9862756133079529,9.717123031616211,0.024303674697875977,0.9827831387519836,16.418123245239258,0.03319859504699707,15,216,0.19671738147735596
SLIM*MIX_oms_pat5_fn-full_extended_const-small_ints_tabpfn,0c72c85c-8099-11f1-b0d1-2c7ba0e6fa90,synthetic_prior,0,60,0.8953636288642883,0.1044313907623291,38239.0,0.9960057139396667,30.937936782836914,0.00034165382385253906,1.0035547018051147,2030.978515625,-0.011444330215454102,1.0009418725967407,162.78082275390625,-0.004585146903991699,0.9737891554832458,0.020568305626511574,0.04996204376220703,0.9862756133079529,9.717123031616211,0.024303674697875977,0.9827831387519836,16.418123245239258,0.03319859504699707,15,216,0.19671738147735596
SLIM*MIX_oms_pat5_fn-full_extended_const-small_ints_tabpfn,0c72c85c-8099-11f1-b0d1-2c7ba0e6fa90,synthetic_prior,0,61,0.8953636288642883,0.10775375366210938,38032.0,0.9960057139396667,30.937936782836914,0.00034165382385253906,1.0035547018051147,2030.978515625,-0.011444330215454102,1.0009418725967407,162.78082275390625,-0.004585146903991699,0.9737891554832458,0.020568305626511574,0.04996204376220703,0.9862756133079529,9.717123031616211,0.024303674697875977,0.9827831387519836,16.418123245239258,0.03319859504699707,15,216,0.19671738147735596
SLIM*MIX_oms_pat5_fn-full_extended_const-small_ints_tabpfn,0c72c85c-8099-11f1-b0d1-2c7ba0e6fa90,synthetic_prior,0,62,0.8953636288642883,0.1007838249206543,37775.0,0.9960057139396667,30.937936782836914,0.00034165382385253906,1.0035547018051147,2030.978515625,-0.011444330215454102,1.0009418725967407,162.78082275390625,-0.004585146903991699,0.9737891554832458,0.020568305626511574,0.04996204376220703,0.9862756133079529,9.717123031616211,0.024303674697875977,0.9827831387519836,16.418123245239258,0.03319859504699707,15,216,0.19671738147735596
SLIM*MIX_oms_pat5_fn-full_extended_const-small_ints_tabpfn,0c72c85c-8099-11f1-b0d1-2c7ba0e6fa90,synthetic_prior,0,63,0.8952296376228333,0.10129833221435547,37837.0,0.9960060119628906,30.937946319580078,0.00034111738204956055,1.0035545825958252,2030.97802734375,-0.01144397258758545,1.0009411573410034,162.78073120117188,-0.00458371639251709,0.9737885594367981,0.02056829445064068,0.049963295459747314,0.9862753748893738,9.717120170593262,0.024304211139678955,0.9827830791473389,16.418121337890625,0.03319871425628662,16,237,0.19695782661437988
SLIM*MIX_oms_pat5_fn-full_extended_const-small_ints_tabpfn,0c72c85c-8099-11f1-b0d1-2c7ba0e6fa90,synthetic_prior,0,64,0.8952296376228333,0.10316777229309082,38094.0,0.9960060119628906,30.937946319580078,0.00034111738204956055,1.0035545825958252,2030.97802734375,-0.01144397258758545,1.0009411573410034,162.78073120117188,-0.00458371639251709,0.9737885594367981,0.02056829445064068,0.049963295459747314,0.9862753748893738,9.717120170593262,0.024304211139678955,0.9827830791473389,16.418121337890625,0.03319871425628662,16,237,0.19695782661437988
SLIM*MIX_oms_pat5_fn-full_extended_const-small_ints_tabpfn,0c72c85c-8099-11f1-b0d1-2c7ba0e6fa90,synthetic_prior,0,65,0.8952296376228333,0.10254883766174316,40031.0,0.9960060119628906,30.937946319580078,0.00034111738204956055,1.0035545825958252,2030.97802734375,-0.01144397258758545,1.0009411573410034,162.78073120117188,-0.00458371639251709,0.9737885594367981,0.02056829445064068,0.049963295459747314,0.9862753748893738,9.717120170593262,0.024304211139678955,0.9827830791473389,16.418121337890625,0.03319871425628662,16,237,0.19695782661437988
SLIM*MIX_oms_pat5_fn-full_extended_const-small_ints_tabpfn,0c72c85c-8099-11f1-b0d1-2c7ba0e6fa90,synthetic_prior,0,66,0.8952296376228333,0.10617208480834961,40578.0,0.9960060119628906,30.937946319580078,0.00034111738204956055,1.0035545825958252,2030.97802734375,-0.01144397258758545,1.0009411573410034,162.78073120117188,-0.00458371639251709,0.9737885594367981,0.02056829445064068,0.049963295459747314,0.9862753748893738,9.717120170593262,0.024304211139678955,0.9827830791473389,16.418121337890625,0.03319871425628662,16,237,0.19695782661437988
SLIM*MIX_oms_pat5_fn-full_extended_const-small_ints_tabpfn,0c72c85c-8099-11f1-b0d1-2c7ba0e6fa90,synthetic_prior,0,67,0.8952296376228333,0.1099550724029541,40720.0,0.9960060119628906,30.937946319580078,0.00034111738204956055,1.0035545825958252,2030.97802734375,-0.01144397258758545,1.0009411573410034,162.78073120117188,-0.00458371639251709,0.9737885594367981,0.02056829445064068,0.049963295459747314,0.9862753748893738,9.717120170593262,0.024304211139678955,0.9827830791473389,16.418121337890625,0.03319871425628662,16,237,0.19695782661437988
SLIM*MIX_oms_pat5_fn-full_extended_const-small_ints_tabpfn,0c72c85c-8099-11f1-b0d1-2c7ba0e6fa90,synthetic_prior,0,68,0.8952296376228333,0.13248968124389648,20372.0,0.9960060119628906,30.937946319580078,0.00034111738204956055,1.0035545825958252,2030.97802734375,-0.01144397258758545,1.0009411573410034,162.78073120117188,-0.00458371639251709,0.9737885594367981,0.02056829445064068,0.049963295459747314,0.9862753748893738,9.717120170593262,0.024304211139678955,0.9827830791473389,16.418121337890625,0.03319871425628662,16,237,0.19695782661437988
SLIM*MIX_oms_pat5_fn-full_extended_const-small_ints_tabpfn,0c72c85c-8099-11f1-b0d1-2c7ba0e6fa90,synthetic_prior,0,69,0.8952296376228333,0.11090540885925293,32472.0,0.9960060119628906,30.937946319580078,0.00034111738204956055,1.0035545825958252,2030.97802734375,-0.01144397258758545,1.0009411573410034,162.78073120117188,-0.00458371639251709,0.9737885594367981,0.02056829445064068,0.049963295459747314,0.9862753748893738,9.717120170593262,0.024304211139678955,0.9827830791473389,16.418121337890625,0.03319871425628662,16,237,0.19695782661437988
SLIM*MIX_oms_pat5_fn-full_extended_const-small_ints_tabpfn,0c72c85c-8099-11f1-b0d1-2c7ba0e6fa90,synthetic_prior,0,70,0.8952296376228333,0.10812997817993164,39461.0,0.9960060119628906,30.937946319580078,0.00034111738204956055,1.0035545825958252,2030.97802734375,-0.01144397258758545,1.0009411573410034,162.78073120117188,-0.00458371639251709,0.9737885594367981,0.02056829445064068,0.049963295459747314,0.9862753748893738,9.717120170593262,0.024304211139678955,0.9827830791473389,16.418121337890625,0.03319871425628662,16,237,0.19695782661437988
SLIM*MIX_oms_pat5_fn-full_extended_const-small_ints_tabpfn,0c72c85c-8099-11f1-b0d1-2c7ba0e6fa90,synthetic_prior,0,71,0.8952296376228333,0.11929464340209961,40634.0,0.9960060119628906,30.937946319580078,0.00034111738204956055,1.0035545825958252,2030.97802734375,-0.01144397258758545,1.0009411573410034,162.78073120117188,-0.00458371639251709,0.9737885594367981,0.02056829445064068,0.049963295459747314,0.9862753748893738,9.717120170593262,0.024304211139678955,0.9827830791473389,16.418121337890625,0.03319871425628662,16,237,0.19695782661437988
SLIM*MIX_oms_pat5_fn-full_extended_const-small_ints_tabpfn,0c72c85c-8099-11f1-b0d1-2c7ba0e6fa90,synthetic_prior,0,72,0.8952296376228333,0.10630345344543457,40625.0,0.9960060119628906,30.937946319580078,0.00034111738204956055,1.0035545825958252,2030.97802734375,-0.01144397258758545,1.0009411573410034,162.78073120117188,-0.00458371639251709,0.9737885594367981,0.02056829445064068,0.049963295459747314,0.9862753748893738,9.717120170593262,0.024304211139678955,0.9827830791473389,16.418121337890625,0.03319871425628662,16,237,0.19695782661437988
SLIM*MIX_oms_pat5_fn-full_extended_const-small_ints_tabpfn,0c72c85c-8099-11f1-b0d1-2c7ba0e6fa90,synthetic_prior,0,73,0.8942757248878479,0.1329212188720703,39934.0,0.9959972500801086,30.937673568725586,0.0003587007522583008,1.0035566091537476,2030.9822998046875,-0.011448144912719727,1.0009489059448242,162.781982421875,-0.004599332809448242,0.9737603068351746,0.020567696541547775,0.05001842975616455,0.9862635135650635,9.71700382232666,0.02432769536972046,0.9827724099159241,16.41794204711914,0.03321981430053711,15,217,0.19866818189620972
SLIM*MIX_oms_pat5_fn-full_extended_const-small_ints_tabpfn,0c72c85c-8099-11f1-b0d1-2c7ba0e6fa90,synthetic_prior,0,74,0.8936262726783752,0.1176915168762207,40038.0,0.9960222244262695,30.938451766967773,0.0003084540367126465,1.0035147666931152,2030.897705078125,-0.011363744735717773,1.0010037422180176,162.7908935546875,-0.004709362983703613,0.9741730093955994,0.020576415583491325,0.04921293258666992,0.9864487051963806,9.718829154968262,0.023961186408996582,0.982895016670227,16.41999053955078,0.03297853469848633,16,229,0.19983172416687012
SLIM*MIX_oms_pat5_fn-full_extended_const-small_ints_tabpfn,0c72c85c-8099-11f1-b0d1-2c7ba0e6fa90,synthetic_prior,0,75,0.8936262726783752,0.10507321357727051,39361.0,0.9960222244262695,30.938451766967773,0.0003084540367126465,1.0035147666931152,2030.897705078125,-0.011363744735717773,1.0010037422180176,162.7908935546875,-0.004709362983703613,0.9741730093955994,0.020576415583491325,0.04921293258666992,0.9864487051963806,9.718829154968262,0.023961186408996582,0.982895016670227,16.41999053955078,0.03297853469848633,16,229,0.19983172416687012
SLIM*MIX_oms_pat5_fn-full_extended_const-small_ints_tabpfn,0c72c85c-8099-11f1-b0d1-2c7ba0e6fa90,synthetic_prior,0,76,0.8933402895927429,0.11897420883178711,40219.0,0.9930539727210999,30.846250534057617,0.0062580108642578125,0.999588131904602,2022.9510498046875,-0.0034646987915039062,0.9983124136924744,162.35321044921875,0.0006860494613647461,0.9711098074913025,0.02051171474158764,0.05518293380737305,0.9811558723449707,9.666681289672852,0.03440713882446289,0.9862468838691711,16.47598648071289,0.02637183666229248,16,230,0.2003437876701355
SLIM*MIX_oms_pat5_fn-full_extended_const-small_ints_tabpfn,0c72c85c-8099-11f1-b0d1-2c7ba0e6fa90,synthetic_prior,0,77,0.8927223682403564,0.09690117835998535,39990.0,0.9956253170967102,30.92612075805664,0.0011050701141357422,1.003707766532898,2031.288330078125,-0.011752963066101074,1.0012568235397339,162.83206176757812,-0.005217432975769043,0.9716675877571106,0.020523494109511375,0.05409723520278931,0.9846838712692261,9.701440811157227,0.027450501918792725,0.9812438488006592,16.392406463623047,0.03622472286224365,17,241,0.2014496922492981
SLIM*MIX_oms_pat5_fn-full_extended_const-small_ints_tabpfn,0c72c85c-8099-11f1-b0d1-2c7ba0e6fa90,synthetic_prior,0,78,0.8864438533782959,0.1298542022705078,40526.0,1.011559009552002,31.42105484008789,-0.031122803688049316,1.0028002262115479,2029.4515380859375,-0.009924173355102539,1.0025005340576172,163.03431701660156,-0.0077162981033325195,0.9672233462333679,0.020429624244570732,0.06273025274276733,0.9839742183685303,9.694449424743652,0.028851807117462158,0.9818151593208313,16.40195083618164,0.035102128982543945,18,258,0.2126426100730896
SLIM*MIX_oms_pat5_fn-full_extended_const-small_ints_tabpfn,0c72c85c-8099-11f1-b0d1-2c7ba0e6fa90,synthetic_prior,0,79,0.8862923979759216,0.11516690254211426,41282.0,1.0111035108566284,31.406906127929688,-0.03019428253173828,1.0029048919677734,2029.6634521484375,-0.01013493537902832,1.0025122165679932,163.03619384765625,-0.007739663124084473,0.9687379002571106,0.020461613312363625,0.05979269742965698,0.9851130843162537,9.705670356750488,0.026602447032928467,0.9830694794654846,16.42290687561035,0.03263521194458008,17,245,0.21291154623031616
SLIM*MIX_oms_pat5_fn-full_extended_const-small_ints_tabpfn,0c72c85c-8099-11f1-b0d1-2c7ba0e6fa90,synthetic_prior,0,80,0.8862923979759216,0.11749505996704102,41792.0,1.0111035108566284,31.406906127929688,-0.03019428253173828,1.0029048919677734,2029.6634521484375,-0.01013493537902832,1.0025122165679932,163.03619384765625,-0.007739663124084473,0.9687379002571106,0.020461613312363625,0.05979269742965698,0.9851130843162537,9.705670356750488,0.026602447032928467,0.9830694794654846,16.42290687561035,0.03263521194458008,17,245,0.21291154623031616
SLIM*MIX_oms_pat5_fn-full_extended_const-small_ints_tabpfn,0c72c85c-8099-11f1-b0d1-2c7ba0e6fa90,synthetic_prior,0,81,0.8862923979759216,0.12742042541503906,43312.0,1.0111035108566284,31.406906127929688,-0.03019428253173828,1.0029048919677734,2029.6634521484375,-0.01013493537902832,1.0025122165679932,163.03619384765625,-0.007739663124084473,0.9687379002571106,0.020461613312363625,0.05979269742965698,0.9851130843162537,9.705670356750488,0.026602447032928467,0.9830694794654846,16.42290687561035,0.03263521194458008,17,245,0.21291154623031616
SLIM*MIX_oms_pat5_fn-full_extended_const-small_ints_tabpfn,0c72c85c-8099-11f1-b0d1-2c7ba0e6fa90,synthetic_prior,0,82,0.8862923979759216,0.11064887046813965,45185.0,1.0111035108566284,31.406906127929688,-0.03019428253173828,1.0029048919677734,2029.6634521484375,-0.01013493537902832,1.0025122165679932,163.03619384765625,-0.007739663124084473,0.9687379002571106,0.020461613312363625,0.05979269742965698,0.9851130843162537,9.705670356750488,0.026602447032928467,0.9830694794654846,16.42290687561035,0.03263521194458008,17,245,0.21291154623031616
SLIM*MIX_oms_pat5_fn-full_extended_const-small_ints_tabpfn,0c72c85c-8099-11f1-b0d1-2c7ba0e6fa90,synthetic_prior,0,83,0.8862923979759216,0.12677812576293945,45326.0,1.0111035108566284,31.406906127929688,-0.03019428253173828,1.0029048919677734,2029.6634521484375,-0.01013493537902832,1.0025122165679932,163.03619384765625,-0.007739663124084473,0.9687379002571106,0.020461613312363625,0.05979269742965698,0.9851130843162537,9.705670356750488,0.026602447032928467,0.9830694794654846,16.42290687561035,0.03263521194458008,17,245,0.21291154623031616
SLIM*MIX_oms_pat5_fn-full_extended_const-small_ints_tabpfn,0c72c85c-8099-11f1-b0d1-2c7ba0e6fa90,synthetic_prior,0,84,0.8862923979759216,0.1431560516357422,23470.0,1.0111035108566284,31.406906127929688,-0.03019428253173828,1.0029048919677734,2029.6634521484375,-0.01013493537902832,1.0025122165679932,163.03619384765625,-0.007739663124084473,0.9687379002571106,0.020461613312363625,0.05979269742965698,0.9851130843162537,9.705670356750488,0.026602447032928467,0.9830694794654846,16.42290687561035,0.03263521194458008,17,245,0.21291154623031616
SLIM*MIX_oms_pat5_fn-full_extended_const-small_ints_tabpfn,0c72c85c-8099-11f1-b0d1-2c7ba0e6fa90,synthetic_prior,0,85,0.8862923979759216,0.12196469306945801,35938.0,1.0111035108566284,31.406906127929688,-0.03019428253173828,1.0029048919677734,2029.6634521484375,-0.01013493537902832,1.0025122165679932,163.03619384765625,-0.007739663124084473,0.9687379002571106,0.020461613312363625,0.05979269742965698,0.9851130843162537,9.705670356750488,0.026602447032928467,0.9830694794654846,16.42290687561035,0.03263521194458008,17,245,0.21291154623031616
SLIM*MIX_oms_pat5_fn-full_extended_const-small_ints_tabpfn,0c72c85c-8099-11f1-b0d1-2c7ba0e6fa90,synthetic_prior,0,86,0.8862923979759216,0.09564566612243652,43276.0,1.0111035108566284,31.406906127929688,-0.03019428253173828,1.0029048919677734,2029.6634521484375,-0.01013493537902832,1.0025122165679932,163.03619384765625,-0.007739663124084473,0.9687379002571106,0.020461613312363625,0.05979269742965698,0.9851130843162537,9.705670356750488,0.026602447032928467,0.9830694794654846,16.42290687561035,0.03263521194458008,17,245,0.21291154623031616
SLIM*MIX_oms_pat5_fn-full_extended_const-small_ints_tabpfn,0c72c85c-8099-11f1-b0d1-2c7ba0e6fa90,synthetic_prior,0,87,0.8862923979759216,0.11848139762878418,47315.0,1.0111035108566284,31.406906127929688,-0.03019428253173828,1.0029048919677734,2029.6634521484375,-0.01013493537902832,1.0025122165679932,163.03619384765625,-0.007739663124084473,0.9687379002571106,0.020461613312363625,0.05979269742965698,0.9851130843162537,9.705670356750488,0.026602447032928467,0.9830694794654846,16.42290687561035,0.03263521194458008,17,245,0.21291154623031616
SLIM*MIX_oms_pat5_fn-full_extended_const-small_ints_tabpfn,0c72c85c-8099-11f1-b0d1-2c7ba0e6fa90,synthetic_prior,0,88,0.885782778263092,0.11314606666564941,47218.0,1.0079567432403564,31.309160232543945,-0.023792028427124023,1.0013872385025024,2026.592041015625,-0.007079958915710449,1.0006870031356812,162.7393798828125,-0.004073619842529297,0.9727925658226013,0.020547255873680115,0.051905691623687744,0.9873890280723572,9.728093147277832,0.022099554538726807,0.9858611822128296,16.469541549682617,0.027133285999298096,19,275,0.21381646394729614
SLIM*MIX_oms_pat5_fn-full_extended_const-small_ints_tabpfn,0c72c85c-8099-11f1-b0d1-2c7ba0e6fa90,synthetic_prior,0,89,0.8847267627716064,0.10629630088806152,46620.0,1.0048445463180542,31.212488174438477,-0.017479538917541504,0.9979013204574585,2019.537353515625,-8.082389831542969e-05,0.9993742108345032,162.52587890625,-0.001440882682800293,0.9781079888343811,0.02065952867269516,0.04151648283004761,0.9905936121940613,9.759665489196777,0.015741705894470215,0.9899013638496399,16.53703498840332,0.019143104553222656,18,244,0.21568989753723145
SLIM*MIX_oms_pat5_fn-full_extended_const-small_ints_tabpfn,0c72c85c-8099-11f1-b0d1-2c7ba0e6fa90,synthetic_prior,0,90,0.8847267627716064,0.1253337860107422,45422.0,1.0048445463180542,31.212488174438477,-0.017479538917541504,0.9979013204574585,2019.537353515625,-8.082389831542969e-05,0.9993742108345032,162.52587890625,-0.001440882682800293,0.9781079888343811,0.02065952867269516,0.04151648283004761,0.9905936121940613,9.759665489196777,0.015741705894470215,0.9899013638496399,16.53703498840332,0.019143104553222656,18,244,0.21568989753723145
SLIM*MIX_oms_pat5_fn-full_extended_const-small_ints_tabpfn,0c72c85c-8099-11f1-b0d1-2c7ba0e6fa90,synthetic_prior,0,91,0.8847267627716064,0.12657642364501953,45351.0,1.0048445463180542,31.212488174438477,-0.017479538917541504,0.9979013204574585,2019.537353515625,-8.082389831542969e-05,0.9993742108345032,162.52587890625,-0.001440882682800293,0.9781079888343811,0.02065952867269516,0.04151648283004761,0.9905936121940613,9.759665489196777,0.015741705894470215,0.9899013638496399,16.53703498840332,0.019143104553222656,18,244,0.21568989753723145
SLIM*MIX_oms_pat5_fn-full_extended_const-small_ints_tabpfn,0c72c85c-8099-11f1-b0d1-2c7ba0e6fa90,synthetic_prior,0,92,0.8847267627716064,0.12575650215148926,45704.0,1.0048445463180542,31.212488174438477,-0.017479538917541504,0.9979013204574585,2019.537353515625,-8.082389831542969e-05,0.9993742108345032,162.52587890625,-0.001440882682800293,0.9781079888343811,0.02065952867269516,0.04151648283004761,0.9905936121940613,9.759665489196777,0.015741705894470215,0.9899013638496399,16.53703498840332,0.019143104553222656,18,244,0.21568989753723145
SLIM*MIX_oms_pat5_fn-full_extended_const-small_ints_tabpfn,0c72c85c-8099-11f1-b0d1-2c7ba0e6fa90,synthetic_prior,0,93,0.8847267627716064,0.11214065551757812,45199.0,1.0048445463180542,31.212488174438477,-0.017479538917541504,0.9979013204574585,2019.537353515625,-8.082389831542969e-05,0.9993742108345032,162.52587890625,-0.001440882682800293,0.9781079888343811,0.02065952867269516,0.04151648283004761,0.9905936121940613,9.759665489196777,0.015741705894470215,0.9899013638496399,16.53703498840332,0.019143104553222656,18,244,0.21568989753723145
SLIM*MIX_oms_pat5_fn-full_extended_const-small_ints_tabpfn,0c72c85c-8099-11f1-b0d1-2c7ba0e6fa90,synthetic_prior,0,94,0.8847267627716064,0.1838986873626709,23533.0,1.0048445463180542,31.212488174438477,-0.017479538917541504,0.9979013204574585,2019.537353515625,-8.082389831542969e-05,0.9993742108345032,162.52587890625,-0.001440882682800293,0.9781079888343811,0.02065952867269516,0.04151648283004761,0.9905936121940613,9.759665489196777,0.015741705894470215,0.9899013638496399,16.53703498840332,0.019143104553222656,18,244,0.21568989753723145
SLIM*MIX_oms_pat5_fn-full_extended_const-small_ints_tabpfn,0c72c85c-8099-11f1-b0d1-2c7ba0e6fa90,synthetic_prior,0,95,0.8846960067749023,0.14149045944213867,33974.0,1.0048446655273438,31.212493896484375,-0.017479777336120605,0.9979012608528137,2019.537109375,-8.058547973632812e-05,0.999373733997345,162.52581787109375,-0.0014399290084838867,0.9781078100204468,0.02065952494740486,0.041516780853271484,0.9905936121940613,9.759665489196777,0.015741705894470215,0.9899014234542847,16.537036895751953,0.019142985343933105,17,232,0.2157444953918457
SLIM*MIX_oms_pat5_fn-full_extended_const-small_ints_tabpfn,0c72c85c-8099-11f1-b0d1-2c7ba0e6fa90,synthetic_prior,0,96,0.8837341666221619,0.11031770706176758,40971.0,1.009501576423645,31.357147216796875,-0.026932597160339355,1.0020885467529297,2028.0113525390625,-0.008491158485412598,1.0012794733047485,162.83572387695312,-0.00526273250579834,0.9705412983894348,0.020499706268310547,0.05628877878189087,0.9864126443862915,9.718473434448242,0.024032533168792725,0.9847667217254639,16.45125961303711,0.029292047023773193,20,285,0.21744883060455322
SLIM*MIX_oms_pat5_fn-full_extended_const-small_ints_tabpfn,0c72c85c-8099-11f1-b0d1-2c7ba0e6fa90,synthetic_prior,0,97,0.8837341666221619,0.11017465591430664,45623.0,1.009501576423645,31.357147216796875,-0.026932597160339355,1.0020885467529297,2028.0113525390625,-0.008491158485412598,1.0012794733047485,162.83572387695312,-0.00526273250579834,0.9705412983894348,0.020499706268310547,0.05628877878189087,0.9864126443862915,9.718473434448242,0.024032533168792725,0.9847667217254639,16.45125961303711,0.029292047023773193,20,285,0.21744883060455322
SLIM*MIX_oms_pat5_fn-full_extended_const-small_ints_tabpfn,0c72c85c-8099-11f1-b0d1-2c7ba0e6fa90,synthetic_prior,0,98,0.8815993070602417,0.1107175350189209,46503.0,1.0032674074172974,31.163497924804688,-0.014288067817687988,0.9977541565895081,2019.239501953125,0.00021415948867797852,0.9988124966621399,162.43453979492188,-0.0003154277801513672,0.9809464812278748,0.020719481632113457,0.035945236682891846,0.9918559193611145,9.772102355957031,0.013231635093688965,0.991424560546875,16.562482833862305,0.016122162342071533,18,245,0.2212250828742981
SLIM*MIX_oms_pat5_fn-full_extended_const-small_ints_tabpfn,0c72c85c-8099-11f1-b0d1-2c7ba0e6fa90,synthetic_prior,0,99,0.8815993070602417,0.10938596725463867,47653.0,1.0032674074172974,31.163497924804688,-0.014288067817687988,0.9977541565895081,2019.239501953125,0.00021415948867797852,0.9988124966621399,162.43453979492188,-0.0003154277801513672,0.9809464812278748,0.020719481632113457,0.035945236682891846,0.9918559193611145,9.772102355957031,0.013231635093688965,0.991424560546875,16.562482833862305,0.016122162342071533,18,245,0.2212250828742981
SLIM*MIX_oms_pat5_fn-full_extended_const-small_ints_tabpfn,0c72c85c-8099-11f1-b0d1-2c7ba0e6fa90,synthetic_prior,0,100,0.8815993070602417,0.11035871505737305,48459.0,1.0032674074172974,31.163497924804688,-0.014288067817687988,0.9977541565895081,2019.239501953125,0.00021415948867797852,0.9988124966621399,162.43453979492188,-0.0003154277801513672,0.9809464812278748,0.020719481632113457,0.035945236682891846,0.9918559193611145,9.772102355957031,0.013231635093688965,0.991424560546875,16.562482833862305,0.016122162342071533,18,245,0.2212250828742981
SLIM*MIX_oms_pat5_fn-full_extended_const-small_ints_tabpfn,0c72c85c-8099-11f1-b0d1-2c7ba0e6fa90,synthetic_prior,0,101,0.8815993070602417,0.11139106750488281,49372.0,1.0032674074172974,31.163497924804688,-0.014288067817687988,0.9977541565895081,2019.239501953125,0.00021415948867797852,0.9988124966621399,162.43453979492188,-0.0003154277801513672,0.9809464812278748,0.020719481632113457,0.035945236682891846,0.9918559193611145,9.772102355957031,0.013231635093688965,0.991424560546875,16.562482833862305,0.016122162342071533,18,245,0.2212250828742981
SLIM*MIX_oms_pat5_fn-full_extended_const-small_ints_tabpfn,0c72c85c-8099-11f1-b0d1-2c7ba0e6fa90,synthetic_prior,0,102,0.8815993070602417,0.12579846382141113,49681.0,1.0032674074172974,31.163497924804688,-0.014288067817687988,0.9977541565895081,2019.239501953125,0.00021415948867797852,0.9988124966621399,162.43453979492188,-0.0003154277801513672,0.9809464812278748,0.020719481632113457,0.035945236682891846,0.9918559193611145,9.772102355957031,0.013231635093688965,0.991424560546875,16.562482833862305,0.016122162342071533,18,245,0.2212250828742981
SLIM*MIX_oms_pat5_fn-full_extended_const-small_ints_tabpfn,0c72c85c-8099-11f1-b0d1-2c7ba0e6fa90,synthetic_prior,0,103,0.8815993070602417,0.16961908340454102,25463.0,1.0032674074172974,31.163497924804688,-0.014288067817687988,0.9977541565895081,2019.239501953125,0.00021415948867797852,0.9988124966621399,162.43453979492188,-0.0003154277801513672,0.9809464812278748,0.020719481632113457,0.035945236682891846,0.9918559193611145,9.772102355957031,0.013231635093688965,0.991424560546875,16.562482833862305,0.016122162342071533,17,231,0.2212250828742981
SLIM*MIX_oms_pat5_fn-full_extended_const-small_ints_tabpfn,0c72c85c-8099-11f1-b0d1-2c7ba0e6fa90,synthetic_prior,0,104,0.8815993070602417,0.11459875106811523,39552.0,1.0032674074172974,31.163497924804688,-0.014288067817687988,0.9977541565895081,2019.239501953125,0.00021415948867797852,0.9988124966621399,162.43453979492188,-0.0003154277801513672,0.9809464812278748,0.020719481632113457,0.035945236682891846,0.9918559193611145,9.772102355957031,0.013231635093688965,0.991424560546875,16.562482833862305,0.016122162342071533,17,231,0.2212250828742981
SLIM*MIX_oms_pat5_fn-full_extended_const-small_ints_tabpfn,0c72c85c-8099-11f1-b0d1-2c7ba0e6fa90,synthetic_prior,0,105,0.8813127875328064,0.10972237586975098,45994.0,1.0032687187194824,31.163537979125977,-0.014290690422058105,0.9977559447288513,2019.2430419921875,0.0002105236053466797,0.9988188743591309,162.43557739257812,-0.0003281831741333008,0.9809439778327942,0.020719429478049278,0.0359501838684082,0.9918558597564697,9.772101402282715,0.013231754302978516,0.9914265871047974,16.562517166137695,0.016118168830871582,19,266,0.22173118591308594
SLIM*MIX_oms_pat5_fn-full_extended_const-small_ints_tabpfn,0c72c85c-8099-11f1-b0d1-2c7ba0e6fa90,synthetic_prior,0,106,0.8813127875328064,0.11897635459899902,48339.0,1.0032687187194824,31.163537979125977,-0.014290690422058105,0.9977559447288513,2019.2430419921875,0.0002105236053466797,0.9988188743591309,162.43557739257812,-0.0003281831741333008,0.9809439778327942,0.020719429478049278,0.0359501838684082,0.9918558597564697,9.772101402282715,0.013231754302978516,0.9914265871047974,16.562517166137695,0.016118168830871582,19,266,0.22173118591308594
SLIM*MIX_oms_pat5_fn-full_extended_const-small_ints_tabpfn,0c72c85c-8099-11f1-b0d1-2c7ba0e6fa90,synthetic_prior,0,107,0.8813127875328064,0.11299753189086914,47869.0,1.0032687187194824,31.163537979125977,-0.014290690422058105,0.9977559447288513,2019.2430419921875,0.0002105236053466797,0.9988188743591309,162.43557739257812,-0.0003281831741333008,0.9809439778327942,0.020719429478049278,0.0359501838684082,0.9918558597564697,9.772101402282715,0.013231754302978516,0.9914265871047974,16.562517166137695,0.016118168830871582,19,266,0.22173118591308594
SLIM*MIX_oms_pat5_fn-full_extended_const-small_ints_tabpfn,0c72c85c-8099-11f1-b0d1-2c7ba0e6fa90,synthetic_prior,0,108,0.8813127875328064,0.09499359130859375,47962.0,1.0032687187194824,31.163537979125977,-0.014290690422058105,0.9977559447288513,2019.2430419921875,0.0002105236053466797,0.9988188743591309,162.43557739257812,-0.0003281831741333008,0.9809439778327942,0.020719429478049278,0.0359501838684082,0.9918558597564697,9.772101402282715,0.013231754302978516,0.9914265871047974,16.562517166137695,0.016118168830871582,19,266,0.22173118591308594
SLIM*MIX_oms_pat5_fn-full_extended_const-small_ints_tabpfn,0c72c85c-8099-11f1-b0d1-2c7ba0e6fa90,synthetic_prior,0,109,0.8781899809837341,0.11323332786560059,48746.0,1.0082180500030518,31.317277908325195,-0.024322986602783203,0.998759388923645,2021.2738037109375,-0.0018013715744018555,1.0004216432571411,162.69622802734375,-0.003541111946105957,0.972849428653717,0.020548459142446518,0.05179476737976074,0.9886922836303711,9.740934371948242,0.019516289234161377,0.9874886870384216,16.49673080444336,0.023918449878692627,16,210,0.22723686695098877
SLIM*MIX_oms_pat5_fn-full_extended_const-small_ints_tabpfn,0c72c85c-8099-11f1-b0d1-2c7ba0e6fa90,synthetic_prior,0,110,0.8755010962486267,0.10987019538879395,47989.0,0.9999140501022339,31.059337615966797,-0.0075190067291259766,0.9971009492874146,2017.9176025390625,0.0015227794647216797,0.9999475479125977,162.61912536621094,-0.002590179443359375,0.9822708368301392,0.020747458562254906,0.033340394496917725,0.9937124252319336,9.790392875671387,0.009534180164337158,0.9945374727249146,16.614486694335938,0.009933948516845703,16,227,0.23196178674697876
SLIM*MIX_oms_pat5_fn-full_extended_const-small_ints_tabpfn,0c72c85c-8099-11f1-b0d1-2c7ba0e6fa90,synthetic_prior,0,111,0.8755010962486267,0.10750699043273926,47046.0,0.9999140501022339,31.059337615966797,-0.0075190067291259766,0.9971009492874146,2017.9176025390625,0.0015227794647216797,0.9999475479125977,162.61912536621094,-0.002590179443359375,0.9822708368301392,0.020747458562254906,0.033340394496917725,0.9937124252319336,9.790392875671387,0.009534180164337158,0.9945374727249146,16.614486694335938,0.009933948516845703,16,227,0.23196178674697876
SLIM*MIX_oms_pat5_fn-full_extended_const-small_ints_tabpfn,0c72c85c-8099-11f1-b0d1-2c7ba0e6fa90,synthetic_prior,0,112,0.8752803802490234,0.1123199462890625,46334.0,0.9998968243598938,31.058805465698242,-0.00748443603515625,0.997180163860321,2018.0777587890625,0.0013641715049743652,0.9999751448631287,162.6236114501953,-0.0026456117630004883,0.9831563234329224,0.020766159519553185,0.031596839427948,0.9940929412841797,9.794142723083496,0.008775532245635986,0.994918942451477,16.620861053466797,0.00917428731918335,15,214,0.23234891891479492
SLIM*MIX_oms_pat5_fn-full_extended_const-small_ints_tabpfn,0c72c85c-8099-11f1-b0d1-2c7ba0e6fa90,synthetic_prior,0,113,0.8752803802490234,0.11102128028869629,45764.0,0.9998968243598938,31.058805465698242,-0.00748443603515625,0.997180163860321,2018.0777587890625,0.0013641715049743652,0.9999751448631287,162.6236114501953,-0.0026456117630004883,0.9831563234329224,0.020766159519553185,0.031596839427948,0.9940929412841797,9.794142723083496,0.008775532245635986,0.994918942451477,16.620861053466797,0.00917428731918335,15,214,0.23234891891479492
SLIM*MIX_oms_pat5_fn-full_extended_const-small_ints_tabpfn,0c72c85c-8099-11f1-b0d1-2c7ba0e6fa90,synthetic_prior,0,114,0.8752803802490234,0.1182394027709961,44128.0,0.9998968243598938,31.058805465698242,-0.00748443603515625,0.997180163860321,2018.0777587890625,0.0013641715049743652,0.9999751448631287,162.6236114501953,-0.0026456117630004883,0.9831563234329224,0.020766159519553185,0.031596839427948,0.9940929412841797,9.794142723083496,0.008775532245635986,0.994918942451477,16.620861053466797,0.00917428731918335,15,214,0.23234891891479492
SLIM*MIX_oms_pat5_fn-full_extended_const-small_ints_tabpfn,0c72c85c-8099-11f1-b0d1-2c7ba0e6fa90,synthetic_prior,0,115,0.8752803802490234,0.11431550979614258,42578.0,0.9998968243598938,31.058805465698242,-0.00748443603515625,0.997180163860321,2018.0777587890625,0.0013641715049743652,0.9999751448631287,162.6236114501953,-0.0026456117630004883,0.9831563234329224,0.020766159519553185,0.031596839427948,0.9940929412841797,9.794142723083496,0.008775532245635986,0.994918942451477,16.620861053466797,0.00917428731918335,15,214,0.23234891891479492
SLIM*MIX_oms_pat5_fn-full_extended_const-small_ints_tabpfn,0c72c85c-8099-11f1-b0d1-2c7ba0e6fa90,synthetic_prior,0,116,0.8752803802490234,0.10924911499023438,42032.0,0.9998968243598938,31.058805465698242,-0.00748443603515625,0.997180163860321,2018.0777587890625,0.0013641715049743652,0.9999751448631287,162.6236114501953,-0.0026456117630004883,0.9831563234329224,0.020766159519553185,0.031596839427948,0.9940929412841797,9.794142723083496,0.008775532245635986,0.994918942451477,16.620861053466797,0.00917428731918335,15,214,0.23234891891479492
SLIM*MIX_oms_pat5_fn-full_extended_const-small_ints_tabpfn,0c72c85c-8099-11f1-b0d1-2c7ba0e6fa90,synthetic_prior,0,117,0.874855101108551,0.11277270317077637,41922.0,0.9998614192008972,31.057703018188477,-0.007413029670715332,0.9972131252288818,2018.14453125,0.0012981891632080078,0.9998228549957275,162.59884643554688,-0.0023401975631713867,0.9832959175109863,0.020769108086824417,0.03132176399230957,0.994262158870697,9.795808792114258,0.00843799114227295,0.995130717754364,16.62439727783203,0.008752524852752686,14,202,0.23309475183486938
SLIM*MIX_oms_pat5_fn-full_extended_const-small_ints_tabpfn,0c72c85c-8099-11f1-b0d1-2c7ba0e6fa90,synthetic_prior,0,118,0.874855101108551,0.11007404327392578,41182.0,0.9998614192008972,31.057703018188477,-0.007413029670715332,0.9972131252288818,2018.14453125,0.0012981891632080078,0.9998228549957275,162.59884643554688,-0.0023401975631713867,0.9832959175109863,0.020769108086824417,0.03132176399230957,0.994262158870697,9.795808792114258,0.00843799114227295,0.995130717754364,16.62439727783203,0.008752524852752686,14,202,0.23309475183486938
SLIM*MIX_oms_pat5_fn-full_extended_const-small_ints_tabpfn,0c72c85c-8099-11f1-b0d1-2c7ba0e6fa90,synthetic_prior,0,119,0.874855101108551,0.11491990089416504,40767.0,0.9998614192008972,31.057703018188477,-0.007413029670715332,0.9972131252288818,2018.14453125,0.0012981891632080078,0.9998228549957275,162.59884643554688,-0.0023401975631713867,0.9832959175109863,0.020769108086824417,0.03132176399230957,0.994262158870697,9.795808792114258,0.00843799114227295,0.995130717754364,16.62439727783203,0.008752524852752686,14,202,0.23309475183486938
SLIM*MIX_oms_pat5_fn-full_extended_const-small_ints_tabpfn,0c72c85c-8099-11f1-b0d1-2c7ba0e6fa90,synthetic_prior,0,120,0.874855101108551,0.09554910659790039,39817.0,0.9998614192008972,31.057703018188477,-0.007413029670715332,0.9972131252288818,2018.14453125,0.0012981891632080078,0.9998228549957275,162.59884643554688,-0.0023401975631713867,0.9832959175109863,0.020769108086824417,0.03132176399230957,0.994262158870697,9.795808792114258,0.00843799114227295,0.995130717754364,16.62439727783203,0.008752524852752686,14,202,0.23309475183486938
SLIM*MIX_oms_pat5_fn-full_extended_const-small_ints_tabpfn,0c72c85c-8099-11f1-b0d1-2c7ba0e6fa90,synthetic_prior,0,121,0.8740909695625305,0.1167600154876709,39514.0,0.9998634457588196,31.057767868041992,-0.007417201995849609,0.9972134232521057,2018.14501953125,0.0012975335121154785,0.9998186826705933,162.59817504882812,-0.002331852912902832,0.983296275138855,0.020769115537405014,0.031321048736572266,0.9942625761032104,9.79581356048584,0.008437156677246094,0.9951310157775879,16.62440299987793,0.008751869201660156,16,231,0.2344338297843933
SLIM*MIX_oms_pat5_fn-full_extended_const-small_ints_tabpfn,0c72c85c-8099-11f1-b0d1-2c7ba0e6fa90,synthetic_prior,0,122,0.8740909695625305,0.13818693161010742,39426.0,0.9998634457588196,31.057767868041992,-0.007417201995849609,0.9972134232521057,2018.14501953125,0.0012975335121154785,0.9998186826705933,162.59817504882812,-0.002331852912902832,0.983296275138855,0.020769115537405014,0.031321048736572266,0.9942625761032104,9.79581356048584,0.008437156677246094,0.9951310157775879,16.62440299987793,0.008751869201660156,16,231,0.2344338297843933
SLIM*MIX_oms_pat5_fn-full_extended_const-small_ints_tabpfn,0c72c85c-8099-11f1-b0d1-2c7ba0e6fa90,synthetic_prior,0,123,0.8740909695625305,0.11595511436462402,38985.0,0.9998634457588196,31.057767868041992,-0.007417201995849609,0.9972134232521057,2018.14501953125,0.0012975335121154785,0.9998186826705933,162.59817504882812,-0.002331852912902832,0.983296275138855,0.020769115537405014,0.031321048736572266,0.9942625761032104,9.79581356048584,0.008437156677246094,0.9951310157775879,16.62440299987793,0.008751869201660156,16,231,0.2344338297843933
SLIM*MIX_oms_pat5_fn-full_extended_const-small_ints_tabpfn,0c72c85c-8099-11f1-b0d1-2c7ba0e6fa90,synthetic_prior,0,124,0.8740909695625305,0.11140727996826172,39719.0,0.9998634457588196,31.057767868041992,-0.007417201995849609,0.9972134232521057,2018.14501953125,0.0012975335121154785,0.9998186826705933,162.59817504882812,-0.002331852912902832,0.983296275138855,0.020769115537405014,0.031321048736572266,0.9942625761032104,9.79581356048584,0.008437156677246094,0.9951310157775879,16.62440299987793,0.008751869201660156,16,231,0.2344338297843933
SLIM*MIX_oms_pat5_fn-full_extended_const-small_ints_tabpfn,0c72c85c-8099-11f1-b0d1-2c7ba0e6fa90,synthetic_prior,0,125,0.8740909695625305,0.12400674819946289,38838.0,0.9998634457588196,31.057767868041992,-0.007417201995849609,0.9972134232521057,2018.14501953125,0.0012975335121154785,0.9998186826705933,162.59817504882812,-0.002331852912902832,0.983296275138855,0.020769115537405014,0.031321048736572266,0.9942625761032104,9.79581356048584,0.008437156677246094,0.9951310157775879,16.62440299987793,0.008751869201660156,16,231,0.2344338297843933
SLIM*MIX_oms_pat5_fn-full_extended_const-small_ints_tabpfn,0c72c85c-8099-11f1-b0d1-2c7ba0e6fa90,synthetic_prior,0,126,0.8740909695625305,0.14195728302001953,19235.0,0.9998634457588196,31.057767868041992,-0.007417201995849609,0.9972134232521057,2018.14501953125,0.0012975335121154785,0.9998186826705933,162.59817504882812,-0.002331852912902832,0.983296275138855,0.020769115537405014,0.031321048736572266,0.9942625761032104,9.79581356048584,0.008437156677246094,0.9951310157775879,16.62440299987793,0.008751869201660156,16,231,0.2344338297843933
SLIM*MIX_oms_pat5_fn-full_extended_const-small_ints_tabpfn,0c72c85c-8099-11f1-b0d1-2c7ba0e6fa90,synthetic_prior,0,127,0.8740909695625305,0.12738513946533203,28385.0,0.9998634457588196,31.057767868041992,-0.007417201995849609,0.9972134232521057,2018.14501953125,0.0012975335121154785,0.9998186826705933,162.59817504882812,-0.002331852912902832,0.983296275138855,0.020769115537405014,0.031321048736572266,0.9942625761032104,9.79581356048584,0.008437156677246094,0.9951310157775879,16.62440299987793,0.008751869201660156,16,231,0.2344338297843933
SLIM*MIX_oms_pat5_fn-full_extended_const-small_ints_tabpfn,0c72c85c-8099-11f1-b0d1-2c7ba0e6fa90,synthetic_prior,0,128,0.8740909695625305,0.13608765602111816,35819.0,0.9998634457588196,31.057767868041992,-0.007417201995849609,0.9972134232521057,2018.14501953125,0.0012975335121154785,0.9998186826705933,162.59817504882812,-0.002331852912902832,0.983296275138855,0.020769115537405014,0.031321048736572266,0.9942625761032104,9.79581356048584,0.008437156677246094,0.9951310157775879,16.62440299987793,0.008751869201660156,16,231,0.2344338297843933
SLIM*MIX_oms_pat5_fn-full_extended_const-small_ints_tabpfn,0c72c85c-8099-11f1-b0d1-2c7ba0e6fa90,synthetic_prior,0,129,0.8740909695625305,0.11063122749328613,37062.0,0.9998634457588196,31.057767868041992,-0.007417201995849609,0.9972134232521057,2018.14501953125,0.0012975335121154785,0.9998186826705933,162.59817504882812,-0.002331852912902832,0.983296275138855,0.020769115537405014,0.031321048736572266,0.9942625761032104,9.79581356048584,0.008437156677246094,0.9951310157775879,16.62440299987793,0.008751869201660156,16,231,0.2344338297843933
SLIM*MIX_oms_pat5_fn-full_extended_const-small_ints_tabpfn,0c72c85c-8099-11f1-b0d1-2c7ba0e6fa90,synthetic_prior,0,130,0.8740909695625305,0.15599274635314941,37786.0,0.9998634457588196,31.057767868041992,-0.007417201995849609,0.9972134232521057,2018.14501953125,0.0012975335121154785,0.9998186826705933,162.59817504882812,-0.002331852912902832,0.983296275138855,0.020769115537405014,0.031321048736572266,0.9942625761032104,9.79581356048584,0.008437156677246094,0.9951310157775879,16.62440299987793,0.008751869201660156,16,231,0.2344338297843933
SLIM*MIX_oms_pat5_fn-full_extended_const-small_ints_tabpfn,0c72c85c-8099-11f1-b0d1-2c7ba0e6fa90,synthetic_prior,0,131,0.8740909695625305,0.15741205215454102,19906.0,0.9998634457588196,31.057767868041992,-0.007417201995849609,0.9972134232521057,2018.14501953125,0.0012975335121154785,0.9998186826705933,162.59817504882812,-0.002331852912902832,0.983296275138855,0.020769115537405014,0.031321048736572266,0.9942625761032104,9.79581356048584,0.008437156677246094,0.9951310157775879,16.62440299987793,0.008751869201660156,16,231,0.2344338297843933
SLIM*MIX_oms_pat5_fn-full_extended_const-small_ints_tabpfn,0c72c85c-8099-11f1-b0d1-2c7ba0e6fa90,synthetic_prior,0,132,0.8740909695625305,0.1198587417602539,31739.0,0.9998634457588196,31.057767868041992,-0.007417201995849609,0.9972134232521057,2018.14501953125,0.0012975335121154785,0.9998186826705933,162.59817504882812,-0.002331852912902832,0.983296275138855,0.020769115537405014,0.031321048736572266,0.9942625761032104,9.79581356048584,0.008437156677246094,0.9951310157775879,16.62440299987793,0.008751869201660156,16,231,0.2344338297843933
SLIM*MIX_oms_pat5_fn-full_extended_const-small_ints_tabpfn,0c72c85c-8099-11f1-b0d1-2c7ba0e6fa90,synthetic_prior,0,133,0.8740909695625305,0.12479448318481445,37683.0,0.9998634457588196,31.057767868041992,-0.007417201995849609,0.9972134232521057,2018.14501953125,0.0012975335121154785,0.9998186826705933,162.59817504882812,-0.002331852912902832,0.983296275138855,0.020769115537405014,0.031321048736572266,0.9942625761032104,9.79581356048584,0.008437156677246094,0.9951310157775879,16.62440299987793,0.008751869201660156,16,231,0.2344338297843933
SLIM*MIX_oms_pat5_fn-full_extended_const-small_ints_tabpfn,0c72c85c-8099-11f1-b0d1-2c7ba0e6fa90,synthetic_prior,0,134,0.8740909695625305,0.12008976936340332,38853.0,0.9998634457588196,31.057767868041992,-0.007417201995849609,0.9972134232521057,2018.14501953125,0.0012975335121154785,0.9998186826705933,162.59817504882812,-0.002331852912902832,0.983296275138855,0.020769115537405014,0.031321048736572266,0.9942625761032104,9.79581356048584,0.008437156677246094,0.9951310157775879,16.62440299987793,0.008751869201660156,16,231,0.2344338297843933
SLIM*MIX_oms_pat5_fn-full_extended_const-small_ints_tabpfn,0c72c85c-8099-11f1-b0d1-2c7ba0e6fa90,synthetic_prior,0,135,0.8732756972312927,0.10973715782165527,37673.0,0.9999279975891113,31.059772491455078,-0.007547259330749512,0.9972193837165833,2018.1571044921875,0.0012856125831604004,0.9998262524604797,162.59939575195312,-0.0023469924926757812,0.9830727577209473,0.020764395594596863,0.031761348247528076,0.9941486120223999,9.79469108581543,0.008664369583129883,0.9949864149093628,16.621986389160156,0.00903993844985962,16,230,0.23586124181747437
SLIM*MIX_oms_pat5_fn-full_extended_const-small_ints_tabpfn,0c72c85c-8099-11f1-b0d1-2c7ba0e6fa90,synthetic_prior,0,136,0.8729946613311768,0.10983800888061523,37886.0,0.9998179078102112,31.056354522705078,-0.007325410842895508,0.9972354173660278,2018.1895751953125,0.0012534856796264648,0.9997860193252563,162.5928497314453,-0.0022662878036499023,0.9831947684288025,0.02076697163283825,0.03152108192443848,0.9942474961280823,9.795665740966797,0.00846719741821289,0.9950159192085266,16.622478485107422,0.00898122787475586,15,217,0.2363530993461609
SLIM*MIX_oms_pat5_fn-full_extended_const-small_ints_tabpfn,0c72c85c-8099-11f1-b0d1-2c7ba0e6fa90,synthetic_prior,0,137,0.8729946613311768,0.12550091743469238,38761.0,0.9998179078102112,31.056354522705078,-0.007325410842895508,0.9972354173660278,2018.1895751953125,0.0012534856796264648,0.9997860193252563,162.5928497314453,-0.0022662878036499023,0.9831947684288025,0.02076697163283825,0.03152108192443848,0.9942474961280823,9.795665740966797,0.00846719741821289,0.9950159192085266,16.622478485107422,0.00898122787475586,15,217,0.2363530993461609
SLIM*MIX_oms_pat5_fn-full_extended_const-small_ints_tabpfn,0c72c85c-8099-11f1-b0d1-2c7ba0e6fa90,synthetic_prior,0,138,0.8725278377532959,0.12589359283447266,37834.0,0.9998592734336853,31.05763816833496,-0.007408738136291504,0.9972267150878906,2018.171875,0.0012709498405456543,0.9997700452804565,162.5902557373047,-0.002234339714050293,0.9830622673034668,0.020764172077178955,0.03178209066390991,0.9941734671592712,9.79493522644043,0.008614838123321533,0.9950175285339355,16.62250518798828,0.008978009223937988,16,229,0.23716950416564941
SLIM*MIX_oms_pat5_fn-full_extended_const-small_ints_tabpfn,0c72c85c-8099-11f1-b0d1-2c7ba0e6fa90,synthetic_prior,0,139,0.8725278377532959,0.1253674030303955,37184.0,0.9998592734336853,31.05763816833496,-0.007408738136291504,0.9972267150878906,2018.171875,0.0012709498405456543,0.9997700452804565,162.5902557373047,-0.002234339714050293,0.9830622673034668,0.020764172077178955,0.03178209066390991,0.9941734671592712,9.79493522644043,0.008614838123321533,0.9950175285339355,16.62250518798828,0.008978009223937988,16,229,0.23716950416564941
SLIM*MIX_oms_pat5_fn-full_extended_const-small_ints_tabpfn,0c72c85c-8099-11f1-b0d1-2c7ba0e6fa90,synthetic_prior,0,140,0.8725278377532959,0.1255638599395752,36965.0,0.9998592734336853,31.05763816833496,-0.007408738136291504,0.9972267150878906,2018.171875,0.0012709498405456543,0.9997700452804565,162.5902557373047,-0.002234339714050293,0.9830622673034668,0.020764172077178955,0.03178209066390991,0.9941734671592712,9.79493522644043,0.008614838123321533,0.9950175285339355,16.62250518798828,0.008978009223937988,16,229,0.23716950416564941
SLIM*MIX_oms_pat5_fn-full_extended_const-small_ints_tabpfn,0c72c85c-8099-11f1-b0d1-2c7ba0e6fa90,synthetic_prior,0,141,0.8725278377532959,0.1624126434326172,35828.0,0.9998592734336853,31.05763816833496,-0.007408738136291504,0.9972267150878906,2018.171875,0.0012709498405456543,0.9997700452804565,162.5902557373047,-0.002234339714050293,0.9830622673034668,0.020764172077178955,0.03178209066390991,0.9941734671592712,9.79493522644043,0.008614838123321533,0.9950175285339355,16.62250518798828,0.008978009223937988,16,229,0.23716950416564941
SLIM*MIX_oms_pat5_fn-full_extended_const-small_ints_tabpfn,0c72c85c-8099-11f1-b0d1-2c7ba0e6fa90,synthetic_prior,0,142,0.8725033402442932,0.14191746711730957,34247.0,0.9999268651008606,31.059734344482422,-0.007544875144958496,0.9972178936004639,2018.154052734375,0.00128859281539917,0.9998255968093872,162.5992889404297,-0.0023456811904907227,0.9830818772315979,0.020764587447047234,0.031743407249450684,0.9941540956497192,9.794744491577148,0.008653521537780762,0.9949882626533508,16.62201690673828,0.009036242961883545,17,244,0.23721230030059814
SLIM*MIX_oms_pat5_fn-full_extended_const-small_ints_tabpfn,0c72c85c-8099-11f1-b0d1-2c7ba0e6fa90,synthetic_prior,0,143,0.8725033402442932,0.10915327072143555,33863.0,0.9999268651008606,31.059734344482422,-0.007544875144958496,0.9972178936004639,2018.154052734375,0.00128859281539917,0.9998255968093872,162.5992889404297,-0.0023456811904907227,0.9830818772315979,0.020764587447047234,0.031743407249450684,0.9941540956497192,9.794744491577148,0.008653521537780762,0.9949882626533508,16.62201690673828,0.009036242961883545,17,244,0.23721230030059814
SLIM*MIX_oms_pat5_fn-full_extended_const-small_ints_tabpfn,0c72c85c-8099-11f1-b0d1-2c7ba0e6fa90,synthetic_prior,0,144,0.8711481094360352,0.11044836044311523,31182.0,0.9927614331245422,30.83716583251953,0.0068433284759521484,0.9987068176269531,2021.16748046875,-0.0016959905624389648,0.997482419013977,162.2182159423828,0.0023469924926757812,0.9638862013816833,0.020359136164188385,0.0691867470741272,0.9862039685249329,9.716418266296387,0.024445414543151855,0.9867576956748962,16.484519958496094,0.025363028049468994,4,39,0.23958009481430054
SLIM*MIX_oms_pat5_fn-full_extended_const-small_ints_tabpfn,0c72c85c-8099-11f1-b0d1-2c7ba0e6fa90,synthetic_prior,0,145,0.8700225949287415,0.11326122283935547,28992.0,0.9926050901412964,30.832307815551758,0.0071561336517333984,0.9988883137702942,2021.53466796875,-0.0020600557327270508,0.9976688027381897,162.24855041503906,0.001974046230316162,0.962512195110321,0.020330116152763367,0.07183849811553955,0.9858008623123169,9.712446212768555,0.025242745876312256,0.986293613910675,16.47676658630371,0.026279568672180176,5,50,0.241543710231781
SLIM*MIX_oms_pat5_fn-full_extended_const-small_ints_tabpfn,0c72c85c-8099-11f1-b0d1-2c7ba0e6fa90,synthetic_prior,0,146,0.865371584892273,0.13327884674072266,25051.0,0.992746114730835,30.836685180664062,0.00687408447265625,0.9988962411880493,2021.5506591796875,-0.0020760297775268555,0.9975264072418213,162.2253875732422,0.0022589564323425293,0.9630911946296692,0.020342344418168068,0.07072150707244873,0.9857965707778931,9.712403297424316,0.025251328945159912,0.9863584637641907,16.47784996032715,0.02615147829055786,4,43,0.24963128566741943
SLIM*MIX_oms_pat5_fn-full_extended_const-small_ints_tabpfn,0c72c85c-8099-11f1-b0d1-2c7ba0e6fa90,synthetic_prior,0,147,0.8623928427696228,0.11805915832519531,20184.0,0.9925418496131897,30.830345153808594,0.007282674312591553,0.9999125003814697,2023.6075439453125,-0.004116058349609375,0.9982526898384094,162.34349060058594,0.0008055567741394043,0.9539420008659363,0.020149096846580505,0.08829355239868164,0.9823921918869019,9.678862571716309,0.03197211027145386,0.9831821322441101,16.424787521362305,0.0324135422706604,7,78,0.25478821992874146
SLIM*MIX_oms_pat5_fn-full_extended_const-small_ints_tabpfn,0c72c85c-8099-11f1-b0d1-2c7ba0e6fa90,synthetic_prior,0,148,0.8621809482574463,0.11813640594482422,17623.0,0.9925011396408081,30.829078674316406,0.007364153861999512,0.9999085664749146,2023.599365234375,-0.0041081905364990234,0.9981664419174194,162.3294677734375,0.000978231430053711,0.9547483921051025,0.020166127011179924,0.08675163984298706,0.9828022718429565,9.682902336120605,0.03116375207901001,0.9834927916526794,16.429977416992188,0.03180199861526489,8,90,0.2551543116569519
SLIM*MIX_oms_pat5_fn-full_extended_const-small_ints_tabpfn,0c72c85c-8099-11f1-b0d1-2c7ba0e6fa90,synthetic_prior,0,149,0.8621809482574463,0.15706539154052734,15707.0,0.9925011396408081,30.829078674316406,0.007364153861999512,0.9999085664749146,2023.599365234375,-0.0041081905364990234,0.9981664419174194,162.3294677734375,0.000978231430053711,0.9547483921051025,0.020166127011179924,0.08675163984298706,0.9828022718429565,9.682902336120605,0.03116375207901001,0.9834927916526794,16.429977416992188,0.03180199861526489,8,90,0.2551543116569519
SLIM*MIX_oms_pat5_fn-full_extended_const-small_ints_tabpfn,0c72c85c-8099-11f1-b0d1-2c7ba0e6fa90,synthetic_prior,0,150,0.861069917678833,0.09539127349853516,12201.0,0.9928796887397766,30.840837478637695,0.0066068172454833984,0.9986457824707031,2021.0438232421875,-0.0015734434127807617,0.9973443150520325,162.19577026367188,0.0026232004165649414,0.9654799699783325,0.020392801612615585,0.06610596179962158,0.9864201545715332,9.718546867370605,0.024017810821533203,0.9871876835823059,16.491703033447266,0.024513423442840576,6,68,0.25707268714904785
SLIM*MIX_oms_pat5_fn-full_extended_const-small_ints_tabpfn,0c72c85c-8099-11f1-b0d1-2c7ba0e6fa90,synthetic_prior,0,151,0.8532324433326721,0.11092996597290039,11606.0,0.9924548268318176,30.827638626098633,0.007456719875335693,0.9992833137512207,2022.3341064453125,-0.002852797508239746,0.9978190064430237,162.27294921875,0.0016736388206481934,0.9580835700035095,0.020236574113368988,0.08035999536514282,0.9843418002128601,9.698070526123047,0.028126180171966553,0.9849196672439575,16.453813552856445,0.028990566730499268,8,90,0.2705354690551758
SLIM*MIX_oms_pat5_fn-full_extended_const-small_ints_tabpfn,0c72c85c-8099-11f1-b0d1-2c7ba0e6fa90,synthetic_prior,0,152,0.8532324433326721,0.09566092491149902,12885.0,0.9924548268318176,30.827638626098633,0.007456719875335693,0.9992833137512207,2022.3341064453125,-0.002852797508239746,0.9978190064430237,162.27294921875,0.0016736388206481934,0.9580835700035095,0.020236574113368988,0.08035999536514282,0.9843418002128601,9.698070526123047,0.028126180171966553,0.9849196672439575,16.453813552856445,0.028990566730499268,8,90,0.2705354690551758
SLIM*MIX_oms_pat5_fn-full_extended_const-small_ints_tabpfn,0c72c85c-8099-11f1-b0d1-2c7ba0e6fa90,synthetic_prior,0,153,0.8501271605491638,0.10973215103149414,15151.0,0.9925852417945862,30.831689834594727,0.007195949554443359,1.0008854866027832,2025.576416015625,-0.006070971488952637,0.9989079236984253,162.45005798339844,-0.0005066394805908203,0.9478501081466675,0.02002042345702648,0.09990084171295166,0.9803248047828674,9.658493995666504,0.036042213439941406,0.9813089370727539,16.39349365234375,0.03609699010848999,9,104,0.2758355736732483
SLIM*MIX_oms_pat5_fn-full_extended_const-small_ints_tabpfn,0c72c85c-8099-11f1-b0d1-2c7ba0e6fa90,synthetic_prior,0,154,0.8490707278251648,0.12662172317504883,16240.0,0.9928072094917297,30.838584899902344,0.0067517757415771484,1.0030988454818726,2030.055908203125,-0.01052558422088623,1.0003546476364136,162.6853485107422,-0.0034068822860717773,0.9423703551292419,0.01990468241274357,0.11027801036834717,0.9766780734062195,9.622565269470215,0.04320043325424194,0.9781550168991089,16.340805053710938,0.042282938957214355,10,127,0.2776341438293457
SLIM*MIX_oms_pat5_fn-full_extended_const-small_ints_tabpfn,0c72c85c-8099-11f1-b0d1-2c7ba0e6fa90,synthetic_prior,0,155,0.8445825576782227,0.1417853832244873,17607.0,0.993253231048584,30.85243797302246,0.0058591365814208984,1.002269983291626,2028.3785400390625,-0.008856415748596191,1.0000665187835693,162.63845825195312,-0.0028287172317504883,0.9403519630432129,0.01986204832792282,0.11408519744873047,0.9776729345321655,9.632366180419922,0.04125028848648071,0.9790785312652588,16.356233596801758,0.04047363996505737,11,129,0.285250723361969
SLIM*MIX_oms_pat5_fn-full_extended_const-small_ints_tabpfn,0c72c85c-8099-11f1-b0d1-2c7ba0e6fa90,synthetic_prior,0,156,0.8423683643341064,0.12677216529846191,18986.0,0.9934597611427307,30.858854293823242,0.005445718765258789,1.0028433799743652,2029.538818359375,-0.010010957717895508,1.0002195835113525,162.66336059570312,-0.0031358003616333008,0.9408282041549683,0.019872110337018967,0.11318767070770264,0.9767275452613831,9.623052597045898,0.04310363531112671,0.9783444404602051,16.343969345092773,0.0419120192527771,10,129,0.2889934778213501
SLIM*MIX_oms_pat5_fn-full_extended_const-small_ints_tabpfn,0c72c85c-8099-11f1-b0d1-2c7ba0e6fa90,synthetic_prior,0,157,0.8405750393867493,0.12548613548278809,21034.0,0.9930534958839417,30.84623908996582,0.006258904933929443,1.001965880393982,2027.762939453125,-0.008244156837463379,0.9997381567955017,162.5850830078125,-0.0021704435348510742,0.9422488808631897,0.019902115687727928,0.11050736904144287,0.9781850576400757,9.637412071228027,0.040245652198791504,0.9795784950256348,16.364585876464844,0.039493441581726074,12,141,0.2920176386833191
SLIM*MIX_oms_pat5_fn-full_extended_const-small_ints_tabpfn,0c72c85c-8099-11f1-b0d1-2c7ba0e6fa90,synthetic_prior,0,158,0.8331955075263977,0.095855712890625,22422.0,0.9934191703796387,30.85759735107422,0.0055269598960876465,1.0029398202896118,2029.7340087890625,-0.010205268859863281,1.0018787384033203,162.93319702148438,-0.00646662712097168,0.9394358992576599,0.01984269917011261,0.11581045389175415,0.9772466421127319,9.628166198730469,0.042086243629455566,0.9788535237312317,16.352476119995117,0.04091459512710571,13,170,0.30439406633377075
SLIM*MIX_oms_pat5_fn-full_extended_const-small_ints_tabpfn,0c72c85c-8099-11f1-b0d1-2c7ba0e6fa90,synthetic_prior,0,159,0.8329642415046692,0.10938405990600586,24538.0,0.9927029609680176,30.83534812927246,0.00696033239364624,1.0009534358978271,2025.7139892578125,-0.006207585334777832,0.999588668346405,162.56076049804688,-0.0018707513809204102,0.9484213590621948,0.02003249153494835,0.09881550073623657,0.98069167137146,9.662108421325684,0.03532052040100098,0.9820423722267151,16.40574836730957,0.03465551137924194,14,184,0.3047800660133362
SLIM*MIX_oms_pat5_fn-full_extended_const-small_ints_tabpfn,0c72c85c-8099-11f1-b0d1-2c7ba0e6fa90,synthetic_prior,0,160,0.8329642415046692,0.1256577968597412,26257.0,0.9927029609680176,30.83534812927246,0.00696033239364624,1.0009534358978271,2025.7139892578125,-0.006207585334777832,0.999588668346405,162.56076049804688,-0.0018707513809204102,0.9484213590621948,0.02003249153494835,0.09881550073623657,0.98069167137146,9.662108421325684,0.03532052040100098,0.9820423722267151,16.40574836730957,0.03465551137924194,14,184,0.3047800660133362
SLIM*MIX_oms_pat5_fn-full_extended_const-small_ints_tabpfn,0c72c85c-8099-11f1-b0d1-2c7ba0e6fa90,synthetic_prior,0,161,0.8328701257705688,0.12104463577270508,28665.0,0.9925496578216553,30.830585479736328,0.0072670578956604,1.0011396408081055,2026.0908203125,-0.006582021713256836,0.9995761513710022,162.5587158203125,-0.001845717430114746,0.9482730031013489,0.020029356703162193,0.09909743070602417,0.9802964329719543,9.658214569091797,0.036097943782806396,0.9814414381980896,16.395706176757812,0.03583657741546631,13,158,0.3049372434616089
SLIM*MIX_oms_pat5_fn-full_extended_const-small_ints_tabpfn,0c72c85c-8099-11f1-b0d1-2c7ba0e6fa90,synthetic_prior,0,162,0.8232583999633789,0.10989165306091309,31026.0,0.9940638542175293,30.877620697021484,0.00423586368560791,1.0029879808425903,2029.8314208984375,-0.010302186012268066,1.0013755559921265,162.8513641357422,-0.0054558515548706055,0.9356594681739807,0.019762933254241943,0.12290483713150024,0.9769625663757324,9.62536907196045,0.04264301061630249,0.9792207479476929,16.358610153198242,0.04019486904144287,18,220,0.32088738679885864
SLIM*MIX_oms_pat5_fn-full_extended_const-small_ints_tabpfn,0c72c85c-8099-11f1-b0d1-2c7ba0e6fa90,synthetic_prior,0,163,0.8232583999633789,0.1248464584350586,32648.0,0.9940638542175293,30.877620697021484,0.00423586368560791,1.0029879808425903,2029.8314208984375,-0.010302186012268066,1.0013755559921265,162.8513641357422,-0.0054558515548706055,0.9356594681739807,0.019762933254241943,0.12290483713150024,0.9769625663757324,9.62536907196045,0.04264301061630249,0.9792207479476929,16.358610153198242,0.04019486904144287,18,220,0.32088738679885864
SLIM*MIX_oms_pat5_fn-full_extended_const-small_ints_tabpfn,0c72c85c-8099-11f1-b0d1-2c7ba0e6fa90,synthetic_prior,0,164,0.8232583999633789,0.09567499160766602,34074.0,0.9940638542175293,30.877620697021484,0.00423586368560791,1.0029879808425903,2029.8314208984375,-0.010302186012268066,1.0013755559921265,162.8513641357422,-0.0054558515548706055,0.9356594681739807,0.019762933254241943,0.12290483713150024,0.9769625663757324,9.62536907196045,0.04264301061630249,0.9792207479476929,16.358610153198242,0.04019486904144287,18,220,0.32088738679885864
SLIM*MIX_oms_pat5_fn-full_extended_const-small_ints_tabpfn,0c72c85c-8099-11f1-b0d1-2c7ba0e6fa90,synthetic_prior,0,165,0.8232583999633789,0.12621116638183594,35469.0,0.9940638542175293,30.877620697021484,0.00423586368560791,1.0029879808425903,2029.8314208984375,-0.010302186012268066,1.0013755559921265,162.8513641357422,-0.0054558515548706055,0.9356594681739807,0.019762933254241943,0.12290483713150024,0.9769625663757324,9.62536907196045,0.04264301061630249,0.9792207479476929,16.358610153198242,0.04019486904144287,18,220,0.32088738679885864
SLIM*MIX_oms_pat5_fn-full_extended_const-small_ints_tabpfn,0c72c85c-8099-11f1-b0d1-2c7ba0e6fa90,synthetic_prior,0,166,0.8190692067146301,0.11081194877624512,37969.0,0.9950991272926331,30.90977668762207,0.00216066837310791,1.0052076578140259,2034.3236083984375,-0.014778852462768555,1.0028395652770996,163.08944702148438,-0.008398056030273438,0.9299480319023132,0.01964229717850685,0.13358008861541748,0.9743176102638245,9.599308967590332,0.04781973361968994,0.9775309562683105,16.330379486083984,0.04350459575653076,18,221,0.32778120040893555
SLIM*MIX_oms_pat5_fn-full_extended_const-small_ints_tabpfn,0c72c85c-8099-11f1-b0d1-2c7ba0e6fa90,synthetic_prior,0,167,0.8190692067146301,0.1011056900024414,40649.0,0.9950991272926331,30.90977668762207,0.00216066837310791,1.0052076578140259,2034.3236083984375,-0.014778852462768555,1.0028395652770996,163.08944702148438,-0.008398056030273438,0.9299480319023132,0.01964229717850685,0.13358008861541748,0.9743176102638245,9.599308967590332,0.04781973361968994,0.9775309562683105,16.330379486083984,0.04350459575653076,18,221,0.32778120040893555
SLIM*MIX_oms_pat5_fn-full_extended_const-small_ints_tabpfn,0c72c85c-8099-11f1-b0d1-2c7ba0e6fa90,synthetic_prior,0,168,0.8172113299369812,0.11017704010009766,42209.0,0.9937992095947266,30.869400024414062,0.004765927791595459,1.0019474029541016,2027.7254638671875,-0.008206963539123535,1.0005929470062256,162.72409057617188,-0.0038847923278808594,0.9405686259269714,0.01986662484705448,0.11367696523666382,0.9783863425254822,9.639395713806152,0.039850592613220215,0.980526328086853,16.38041877746582,0.03763377666473389,18,223,0.3308272957801819
SLIM*MIX_oms_pat5_fn-full_extended_const-small_ints_tabpfn,0c72c85c-8099-11f1-b0d1-2c7ba0e6fa90,synthetic_prior,0,169,0.8169618248939514,0.11315679550170898,44037.0,0.995939314365387,30.935874938964844,0.0004749298095703125,1.0064241886138916,2036.7857666015625,-0.017236709594726562,1.0039564371109009,163.2710723876953,-0.010645270347595215,0.9247019290924072,0.01953149028122425,0.14332789182662964,0.9721898436546326,9.57834529876709,0.05197411775588989,0.9760305881500244,16.305315017700195,0.046438515186309814,17,215,0.3312358856201172
SLIM*MIX_oms_pat5_fn-full_extended_const-small_ints_tabpfn,0c72c85c-8099-11f1-b0d1-2c7ba0e6fa90,synthetic_prior,0,170,0.81167072057724,0.12522339820861816,45057.0,0.9944170713424683,30.888591766357422,0.0035280585289001465,1.002628207206726,2029.1033935546875,-0.009577631950378418,1.0008535385131836,162.76646423339844,-0.0044078826904296875,0.9376280903816223,0.019804514944553375,0.11921018362045288,0.9759892225265503,9.615777969360352,0.04454970359802246,0.9781084656715393,16.34002685546875,0.0423741340637207,18,237,0.3398703932762146
SLIM*MIX_oms_pat5_fn-full_extended_const-small_ints_tabpfn,0c72c85c-8099-11f1-b0d1-2c7ba0e6fa90,synthetic_prior,0,171,0.81167072057724,0.10273981094360352,46226.0,0.9944170713424683,30.888591766357422,0.0035280585289001465,1.002628207206726,2029.1033935546875,-0.009577631950378418,1.0008535385131836,162.76646423339844,-0.0044078826904296875,0.9376280903816223,0.019804514944553375,0.11921018362045288,0.9759892225265503,9.615777969360352,0.04454970359802246,0.9781084656715393,16.34002685546875,0.0423741340637207,18,237,0.3398703932762146
SLIM*MIX_oms_pat5_fn-full_extended_const-small_ints_tabpfn,0c72c85c-8099-11f1-b0d1-2c7ba0e6fa90,synthetic_prior,0,172,0.8101484775543213,0.11715102195739746,47050.0,0.9942970871925354,30.884864807128906,0.003768444061279297,1.0028786659240723,2029.6103515625,-0.010082125663757324,1.000859260559082,162.76739501953125,-0.0044193267822265625,0.9374949336051941,0.019801702350378036,0.11946028470993042,0.9754922389984131,9.610881805419922,0.04552257061004639,0.977358341217041,16.327495574951172,0.0438423752784729,17,211,0.3423440456390381
SLIM*MIX_oms_pat5_fn-full_extended_const-small_ints_tabpfn,0c72c85c-8099-11f1-b0d1-2c7ba0e6fa90,synthetic_prior,0,173,0.8078541159629822,0.12518930435180664,48132.0,0.995650053024292,30.926891326904297,0.0010554194450378418,1.0046203136444092,2033.135009765625,-0.013593435287475586,1.0023821592330933,163.01504516601562,-0.007478237152099609,0.9301759004592896,0.019647110253572464,0.1331554651260376,0.9722087383270264,9.578531265258789,0.051937222480773926,0.9754292964935303,16.295269012451172,0.04761308431625366,18,241,0.34606385231018066
SLIM*MIX_oms_pat5_fn-full_extended_const-small_ints_tabpfn,0c72c85c-8099-11f1-b0d1-2c7ba0e6fa90,synthetic_prior,0,174,0.8074972033500671,0.10946083068847656,48678.0,0.9955663681030273,30.924291610717773,0.0012233853340148926,1.0049329996109009,2033.767822265625,-0.014224529266357422,1.0024259090423584,163.0221710205078,-0.007566213607788086,0.9300704002380371,0.019644882529973984,0.13335204124450684,0.971631646156311,9.572846412658691,0.053062379360198975,0.9745720624923706,16.280948638916016,0.04928624629974365,17,215,0.34664154052734375
SLIM*MIX_oms_pat5_fn-full_extended_const-small_ints_tabpfn,0c72c85c-8099-11f1-b0d1-2c7ba0e6fa90,synthetic_prior,0,175,0.8074972033500671,0.10981464385986328,49596.0,0.9955663681030273,30.924291610717773,0.0012233853340148926,1.0049329996109009,2033.767822265625,-0.014224529266357422,1.0024259090423584,163.0221710205078,-0.007566213607788086,0.9300704002380371,0.019644882529973984,0.13335204124450684,0.971631646156311,9.572846412658691,0.053062379360198975,0.9745720624923706,16.280948638916016,0.04928624629974365,17,215,0.34664154052734375
SLIM*MIX_oms_pat5_fn-full_extended_const-small_ints_tabpfn,0c72c85c-8099-11f1-b0d1-2c7ba0e6fa90,synthetic_prior,0,176,0.8074533343315125,0.14697480201721191,49645.0,0.9955728650093079,30.92449188232422,0.0012103915214538574,1.0048829317092896,2033.66650390625,-0.01412343978881836,1.0022910833358765,163.000244140625,-0.007295131683349609,0.9303356409072876,0.01965048350393772,0.13285768032073975,0.9717451333999634,9.57396411895752,0.052841246128082275,0.9746739268302917,16.282651901245117,0.0490875244140625,18,228,0.34671252965927124
SLIM*MIX_oms_pat5_fn-full_extended_const-small_ints_tabpfn,0c72c85c-8099-11f1-b0d1-2c7ba0e6fa90,synthetic_prior,0,177,0.8038670420646667,0.11892437934875488,50033.0,0.9952882528305054,30.915651321411133,0.0017812848091125488,1.0040432214736938,2031.967041015625,-0.012429237365722656,1.0018930435180664,162.93551635742188,-0.006495356559753418,0.9336378574371338,0.019720233976840973,0.12669098377227783,0.973065972328186,9.5869779586792,0.050264596939086914,0.9757243394851685,16.30019760131836,0.047036826610565186,20,253,0.35250282287597656
SLIM*MIX_oms_pat5_fn-full_extended_const-small_ints_tabpfn,0c72c85c-8099-11f1-b0d1-2c7ba0e6fa90,synthetic_prior,0,178,0.8032228350639343,0.11376714706420898,49769.0,0.9952949285507202,30.91585922241211,0.0017679333686828613,1.0040497779846191,2031.9805908203125,-0.012442588806152344,1.001922369003296,162.94027709960938,-0.006554126739501953,0.9336135983467102,0.019719719886779785,0.12673640251159668,0.9730642437934875,9.586960792541504,0.050267934799194336,0.975728452205658,16.300268173217773,0.04702872037887573,21,267,0.3535401225090027
SLIM*MIX_oms_pat5_fn-full_extended_const-small_ints_tabpfn,0c72c85c-8099-11f1-b0d1-2c7ba0e6fa90,synthetic_prior,0,179,0.8032228350639343,0.11045598983764648,50291.0,0.9952949285507202,30.91585922241211,0.0017679333686828613,1.0040497779846191,2031.9805908203125,-0.012442588806152344,1.001922369003296,162.94027709960938,-0.006554126739501953,0.9336135983467102,0.019719719886779785,0.12673640251159668,0.9730642437934875,9.586960792541504,0.050267934799194336,0.975728452205658,16.300268173217773,0.04702872037887573,21,267,0.3535401225090027
SLIM*MIX_oms_pat5_fn-full_extended_const-small_ints_tabpfn,0c72c85c-8099-11f1-b0d1-2c7ba0e6fa90,synthetic_prior,0,180,0.8015382289886475,0.11014080047607422,50852.0,0.995928943157196,30.93555450439453,0.0004956722259521484,1.0050822496414185,2034.06982421875,-0.014525651931762695,1.0035641193389893,163.207275390625,-0.00985562801361084,0.9291512966156006,0.01962546817958355,0.13506412506103516,0.9712775349617004,9.569356918334961,0.05375248193740845,0.9742857813835144,16.276166915893555,0.04984480142593384,20,253,0.35624897480010986
SLIM*MIX_oms_pat5_fn-full_extended_const-small_ints_tabpfn,0c72c85c-8099-11f1-b0d1-2c7ba0e6fa90,synthetic_prior,0,181,0.8012678027153015,0.1106560230255127,52514.0,0.9967756867408752,30.96185302734375,-0.0012044906616210938,1.0060360431671143,2036.0001220703125,-0.01645207405090332,1.0042979717254639,163.32662963867188,-0.011332988739013672,0.9266171455383301,0.01957194320857525,0.13977563381195068,0.9711339473724365,9.56794261932373,0.05403226613998413,0.972826361656189,16.251785278320312,0.052689194679260254,21,270,0.35668325424194336
SLIM*MIX_oms_pat5_fn-full_extended_const-small_ints_tabpfn,0c72c85c-8099-11f1-b0d1-2c7ba0e6fa90,synthetic_prior,0,182,0.8003258109092712,0.14627909660339355,53568.0,0.9957846999168396,30.931072235107422,0.0007852315902709961,1.0048248767852783,2033.549072265625,-0.014006376266479492,1.0024573802947998,163.0272979736328,-0.007629513740539551,0.9308635592460632,0.019661635160446167,0.1318732500076294,0.97147536277771,9.571306228637695,0.05336695909500122,0.9745510220527649,16.280597686767578,0.049327313899993896,22,280,0.3581949472427368
SLIM*MIX_oms_pat5_fn-full_extended_const-small_ints_tabpfn,0c72c85c-8099-11f1-b0d1-2c7ba0e6fa90,synthetic_prior,0,183,0.7992977499961853,0.1504676342010498,55148.0,0.9958277344703674,30.932409286499023,0.0006988644599914551,1.004879355430603,2033.6593017578125,-0.014116168022155762,1.0023919343948364,163.0166473388672,-0.007497906684875488,0.9307184815406799,0.019658571109175682,0.13214385509490967,0.9713484048843384,9.57005500793457,0.05361449718475342,0.9745023846626282,16.27978515625,0.04942220449447632,23,297,0.35984283685684204
SLIM*MIX_oms_pat5_fn-full_extended_const-small_ints_tabpfn,0c72c85c-8099-11f1-b0d1-2c7ba0e6fa90,synthetic_prior,0,184,0.7992977499961853,0.1196589469909668,56803.0,0.9958277344703674,30.932409286499023,0.0006988644599914551,1.004879355430603,2033.6593017578125,-0.014116168022155762,1.0023919343948364,163.0166473388672,-0.007497906684875488,0.9307184815406799,0.019658571109175682,0.13214385509490967,0.9713484048843384,9.57005500793457,0.05361449718475342,0.9745023846626282,16.27978515625,0.04942220449447632,23,297,0.35984283685684204
SLIM*MIX_oms_pat5_fn-full_extended_const-small_ints_tabpfn,0c72c85c-8099-11f1-b0d1-2c7ba0e6fa90,synthetic_prior,0,185,0.7964092493057251,0.10515999794006348,58114.0,0.9956148266792297,30.925796508789062,0.001126110553741455,1.00491464138031,2033.730712890625,-0.014187455177307129,1.0024199485778809,163.02120971679688,-0.007554173469543457,0.9311615228652954,0.01966792903840542,0.13131743669509888,0.9711761474609375,9.568358421325684,0.05395007133483887,0.9744499921798706,16.27890968322754,0.04952442646026611,23,291,0.3644612431526184
SLIM*MIX_oms_pat5_fn-full_extended_const-small_ints_tabpfn,0c72c85c-8099-11f1-b0d1-2c7ba0e6fa90,synthetic_prior,0,186,0.7955692410469055,0.10837721824645996,58713.0,0.9965817928314209,30.95583152770996,-0.0008150339126586914,1.0058469772338867,2035.6175537109375,-0.016070127487182617,1.002814769744873,163.0854034423828,-0.00834798812866211,0.9297252297401428,0.019637592136859894,0.1339951753616333,0.970181405544281,9.558557510375977,0.055887043476104736,0.9739986062049866,16.27136993408203,0.05040478706359863,24,303,0.3658011555671692
SLIM*MIX_oms_pat5_fn-full_extended_const-small_ints_tabpfn,0c72c85c-8099-11f1-b0d1-2c7ba0e6fa90,synthetic_prior,0,187,0.7955692410469055,0.11026978492736816,58520.0,0.9965817928314209,30.95583152770996,-0.0008150339126586914,1.0058469772338867,2035.6175537109375,-0.016070127487182617,1.002814769744873,163.0854034423828,-0.00834798812866211,0.9297252297401428,0.019637592136859894,0.1339951753616333,0.970181405544281,9.558557510375977,0.055887043476104736,0.9739986062049866,16.27136993408203,0.05040478706359863,24,303,0.3658011555671692
SLIM*MIX_oms_pat5_fn-full_extended_const-small_ints_tabpfn,0c72c85c-8099-11f1-b0d1-2c7ba0e6fa90,synthetic_prior,0,188,0.790695071220398,0.11025738716125488,58784.0,0.9983128905296326,31.00960350036621,-0.004294991493225098,1.0093754529953003,2042.7584228515625,-0.023211359977722168,1.006734013557434,163.7227783203125,-0.016245126724243164,0.9208317399024963,0.019449744373559952,0.15048378705978394,0.9653332233428955,9.510791778564453,0.06529933214187622,0.9705470204353333,16.213706970214844,0.05712312459945679,25,329,0.37354838848114014
SLIM*MIX_oms_pat5_fn-full_extended_const-small_ints_tabpfn,0c72c85c-8099-11f1-b0d1-2c7ba0e6fa90,synthetic_prior,0,189,0.790695071220398,0.1160440444946289,59911.0,0.9983128905296326,31.00960350036621,-0.004294991493225098,1.0093754529953003,2042.7584228515625,-0.023211359977722168,1.006734013557434,163.7227783203125,-0.016245126724243164,0.9208317399024963,0.019449744373559952,0.15048378705978394,0.9653332233428955,9.510791778564453,0.06529933214187622,0.9705470204353333,16.213706970214844,0.05712312459945679,25,329,0.37354838848114014
SLIM*MIX_oms_pat5_fn-full_extended_const-small_ints_tabpfn,0c72c85c-8099-11f1-b0d1-2c7ba0e6fa90,synthetic_prior,0,190,0.790695071220398,0.1077728271484375,60892.0,0.9983128905296326,31.00960350036621,-0.004294991493225098,1.0093754529953003,2042.7584228515625,-0.023211359977722168,1.006734013557434,163.7227783203125,-0.016245126724243164,0.9208317399024963,0.019449744373559952,0.15048378705978394,0.9653332233428955,9.510791778564453,0.06529933214187622,0.9705470204353333,16.213706970214844,0.05712312459945679,25,329,0.37354838848114014
SLIM*MIX_oms_pat5_fn-full_extended_const-small_ints_tabpfn,0c72c85c-8099-11f1-b0d1-2c7ba0e6fa90,synthetic_prior,0,191,0.790695071220398,0.12668156623840332,63661.0,0.9983128905296326,31.00960350036621,-0.004294991493225098,1.0093754529953003,2042.7584228515625,-0.023211359977722168,1.006734013557434,163.7227783203125,-0.016245126724243164,0.9208317399024963,0.019449744373559952,0.15048378705978394,0.9653332233428955,9.510791778564453,0.06529933214187622,0.9705470204353333,16.213706970214844,0.05712312459945679,25,329,0.37354838848114014
SLIM*MIX_oms_pat5_fn-full_extended_const-small_ints_tabpfn,0c72c85c-8099-11f1-b0d1-2c7ba0e6fa90,synthetic_prior,0,192,0.7905557751655579,0.11082744598388672,64980.0,0.9980964660644531,31.002880096435547,-0.0038595199584960938,1.0090153217315674,2042.0296630859375,-0.022481322288513184,1.0063745975494385,163.66433715820312,-0.01551973819732666,0.9215608835220337,0.019465144723653793,0.1491379737854004,0.965798556804657,9.515376091003418,0.06439805030822754,0.9708463549613953,16.218708038330078,0.056541383266448975,26,343,0.3737691044807434
SLIM*MIX_oms_pat5_fn-full_extended_const-small_ints_tabpfn,0c72c85c-8099-11f1-b0d1-2c7ba0e6fa90,synthetic_prior,0,193,0.7861106991767883,0.11004877090454102,66940.0,0.9990746378898621,31.033266067504883,-0.005828261375427246,1.010711669921875,2045.4627685546875,-0.025922298431396484,1.0077191591262817,163.8830108642578,-0.018235087394714355,0.9185829162597656,0.019402243196964264,0.15462815761566162,0.9642139673233032,9.499764442443848,0.06746554374694824,0.9698353409767151,16.201818466186523,0.05850541591644287,25,328,0.3807916045188904
SLIM*MIX_oms_pat5_fn-full_extended_const-small_ints_tabpfn,0c72c85c-8099-11f1-b0d1-2c7ba0e6fa90,synthetic_prior,0,194,0.7861106991767883,0.11637234687805176,68107.0,0.9990746378898621,31.033266067504883,-0.005828261375427246,1.010711669921875,2045.4627685546875,-0.025922298431396484,1.0077191591262817,163.8830108642578,-0.018235087394714355,0.9185829162597656,0.019402243196964264,0.15462815761566162,0.9642139673233032,9.499764442443848,0.06746554374694824,0.9698353409767151,16.201818466186523,0.05850541591644287,25,328,0.3807916045188904
SLIM*MIX_oms_pat5_fn-full_extended_const-small_ints_tabpfn,0c72c85c-8099-11f1-b0d1-2c7ba0e6fa90,synthetic_prior,0,195,0.7831599116325378,0.10926127433776855,69065.0,0.9980567693710327,31.00164794921875,-0.003779768943786621,1.009444236755371,2042.8978271484375,-0.023350954055786133,1.0063213109970093,163.6556854248047,-0.015412330627441406,0.919113039970398,0.01941344141960144,0.15365201234817505,0.9663503170013428,9.52081298828125,0.06332862377166748,0.9710202813148499,16.221614837646484,0.05620330572128296,27,355,0.3854314088821411
SLIM*MIX_oms_pat5_fn-full_extended_const-small_ints_tabpfn,0c72c85c-8099-11f1-b0d1-2c7ba0e6fa90,synthetic_prior,0,196,0.7831599116325378,0.09638142585754395,69405.0,0.9980567693710327,31.00164794921875,-0.003779768943786621,1.009444236755371,2042.8978271484375,-0.023350954055786133,1.0063213109970093,163.6556854248047,-0.015412330627441406,0.919113039970398,0.01941344141960144,0.15365201234817505,0.9663503170013428,9.52081298828125,0.06332862377166748,0.9710202813148499,16.221614837646484,0.05620330572128296,27,355,0.3854314088821411
SLIM*MIX_oms_pat5_fn-full_extended_const-small_ints_tabpfn,0c72c85c-8099-11f1-b0d1-2c7ba0e6fa90,synthetic_prior,0,197,0.782629668712616,0.15875840187072754,69766.0,0.9983295798301697,31.010120391845703,-0.004328608512878418,1.0098903179168701,2043.800537109375,-0.02425563335418701,1.0067253112792969,163.7213897705078,-0.01622772216796875,0.9182053208351135,0.019394269213080406,0.15532302856445312,0.9658220410346985,9.515607833862305,0.06435245275497437,0.9706941843032837,16.21616554260254,0.05683714151382446,28,372,0.38626331090927124
SLIM*MIX_oms_pat5_fn-full_extended_const-small_ints_tabpfn,0c72c85c-8099-11f1-b0d1-2c7ba0e6fa90,synthetic_prior,0,198,0.782629668712616,0.11738276481628418,70259.0,0.9983295798301697,31.010120391845703,-0.004328608512878418,1.0098903179168701,2043.800537109375,-0.02425563335418701,1.0067253112792969,163.7213897705078,-0.01622772216796875,0.9182053208351135,0.019394269213080406,0.15532302856445312,0.9658220410346985,9.515607833862305,0.06435245275497437,0.9706941843032837,16.21616554260254,0.05683714151382446,28,372,0.38626331090927124
SLIM*MIX_oms_pat5_fn-full_extended_const-small_ints_tabpfn,0c72c85c-8099-11f1-b0d1-2c7ba0e6fa90,synthetic_prior,0,199,0.782629668712616,0.11052155494689941,69769.0,0.9983295798301697,31.010120391845703,-0.004328608512878418,1.0098903179168701,2043.800537109375,-0.02425563335418701,1.0067253112792969,163.7213897705078,-0.01622772216796875,0.9182053208351135,0.019394269213080406,0.15532302856445312,0.9658220410346985,9.515607833862305,0.06435245275497437,0.9706941843032837,16.21616554260254,0.05683714151382446,28,372,0.38626331090927124
SLIM*MIX_oms_pat5_fn-full_extended_const-small_ints_tabpfn,0c72c85c-8099-11f1-b0d1-2c7ba0e6fa90,synthetic_prior,0,200,0.7820039391517639,0.126054048538208,69953.0,0.9991772174835205,31.03645133972168,-0.006034731864929199,1.0110770463943481,2046.2020263671875,-0.026664018630981445,1.0079478025436401,163.92018127441406,-0.018697142601013184,0.9160597324371338,0.019348949193954468,0.15926593542099,0.9645729064941406,9.503300666809082,0.06677109003067017,0.9699530005455017,16.203784942626953,0.0582769513130188,24,317,0.3872443437576294
SLIM*MIX_oms_pat5_fn-scientific_extended_const-small_ints_tabpfn,0c72c85c-8099-11f1-b0d1-2c7ba0e6fa90,synthetic_prior,0,0,0.8644095659255981,0.06358194351196289,1028.0,1.0028252601623535,31.149763107299805,-0.01339423656463623,0.9999151229858398,2023.6129150390625,-0.004121303558349609,1.001157283782959,162.8158721923828,-0.005017757415771484,1.013923168182373,0.021416015923023224,-0.02996194362640381,1.044367790222168,10.28946590423584,-0.09401917457580566,1.0069276094436646,16.82147216796875,-0.014888525009155273,1,8,0.251298725605011
SLIM*MIX_oms_pat5_fn-scientific_extended_const-small_ints_tabpfn,0c72c85c-8099-11f1-b0d1-2c7ba0e6fa90,synthetic_prior,0,1,0.8644095659255981,0.09649109840393066,2552.0,1.0028252601623535,31.149763107299805,-0.01339423656463623,0.9999151229858398,2023.6129150390625,-0.004121303558349609,1.001157283782959,162.8158721923828,-0.005017757415771484,1.013923168182373,0.021416015923023224,-0.02996194362640381,1.044367790222168,10.28946590423584,-0.09401917457580566,1.0069276094436646,16.82147216796875,-0.014888525009155273,1,8,0.251298725605011
SLIM*MIX_oms_pat5_fn-scientific_extended_const-small_ints_tabpfn,0c72c85c-8099-11f1-b0d1-2c7ba0e6fa90,synthetic_prior,0,2,0.8644095659255981,0.09937286376953125,2775.0,1.0028252601623535,31.149763107299805,-0.01339423656463623,0.9999151229858398,2023.6129150390625,-0.004121303558349609,1.001157283782959,162.8158721923828,-0.005017757415771484,1.013923168182373,0.021416015923023224,-0.02996194362640381,1.044367790222168,10.28946590423584,-0.09401917457580566,1.0069276094436646,16.82147216796875,-0.014888525009155273,1,8,0.251298725605011
SLIM*MIX_oms_pat5_fn-scientific_extended_const-small_ints_tabpfn,0c72c85c-8099-11f1-b0d1-2c7ba0e6fa90,synthetic_prior,0,3,0.8644095659255981,0.10132622718811035,3520.0,1.0028252601623535,31.149763107299805,-0.01339423656463623,0.9999151229858398,2023.6129150390625,-0.004121303558349609,1.001157283782959,162.8158721923828,-0.005017757415771484,1.013923168182373,0.021416015923023224,-0.02996194362640381,1.044367790222168,10.28946590423584,-0.09401917457580566,1.0069276094436646,16.82147216796875,-0.014888525009155273,1,8,0.251298725605011
SLIM*MIX_oms_pat5_fn-scientific_extended_const-small_ints_tabpfn,0c72c85c-8099-11f1-b0d1-2c7ba0e6fa90,synthetic_prior,0,4,0.863534688949585,0.12599587440490723,4418.0,1.0062086582183838,31.25486183166504,-0.020244121551513672,1.001847267150879,2027.52294921875,-0.008005619049072266,1.0027951002120972,163.08221435546875,-0.00830841064453125,1.0220935344696045,0.021588588133454323,-0.04662799835205078,1.0555360317230225,10.399500846862793,-0.11754298210144043,1.0131398439407349,16.92525291442871,-0.027449846267700195,2,27,0.25281351804733276
SLIM*MIX_oms_pat5_fn-scientific_extended_const-small_ints_tabpfn,0c72c85c-8099-11f1-b0d1-2c7ba0e6fa90,synthetic_prior,0,5,0.8599497079849243,0.10444760322570801,5287.0,1.0034966468811035,31.170621871948242,-0.014751672744750977,1.0004382133483887,2024.6712646484375,-0.005172133445739746,1.0018181800842285,162.92332458496094,-0.006344914436340332,1.0159698724746704,0.021459244191646576,-0.03412425518035889,1.0476369857788086,10.321677207946777,-0.10087943077087402,1.0094707012176514,16.86395835876465,-0.020021438598632812,4,60,0.25900453329086304
SLIM*MIX_oms_pat5_fn-scientific_extended_const-small_ints_tabpfn,0c72c85c-8099-11f1-b0d1-2c7ba0e6fa90,synthetic_prior,0,6,0.8584511280059814,0.09525227546691895,5709.0,1.00333571434021,31.165624618530273,-0.014426350593566895,1.0003623962402344,2024.51806640625,-0.0050199031829833984,1.0018130540847778,162.92251586914062,-0.006334662437438965,1.0162464380264282,0.021465089172124863,-0.03468751907348633,1.0479120016098022,10.324385643005371,-0.10145735740661621,1.0095627307891846,16.865495681762695,-0.02020728588104248,5,72,0.2615848183631897
SLIM*MIX_oms_pat5_fn-scientific_extended_const-small_ints_tabpfn,0c72c85c-8099-11f1-b0d1-2c7ba0e6fa90,synthetic_prior,0,7,0.8530276417732239,0.11960291862487793,6332.0,1.007272720336914,31.287912368774414,-0.02240288257598877,1.0026787519454956,2029.205810546875,-0.009679555892944336,1.004173994064331,163.3064727783203,-0.011083364486694336,1.0255396366119385,0.02166137658059597,-0.05369758605957031,1.0665392875671387,10.50790786743164,-0.14096343517303467,1.0167779922485352,16.986032485961914,-0.03484225273132324,4,51,0.2708855867385864
SLIM*MIX_oms_pat5_fn-scientific_extended_const-small_ints_tabpfn,0c72c85c-8099-11f1-b0d1-2c7ba0e6fa90,synthetic_prior,0,8,0.8465222716331482,0.09428596496582031,7574.0,1.0045925378799438,31.204660415649414,-0.01696932315826416,1.0009760856628418,2025.760009765625,-0.006253242492675781,1.0023335218429565,163.0071563720703,-0.0073806047439575195,1.0185459852218628,0.02151365764439106,-0.0393751859664917,1.053718090057373,10.38158893585205,-0.11369657516479492,1.010767936706543,16.88562774658203,-0.022644519805908203,3,36,0.28196394443511963
SLIM*MIX_oms_pat5_fn-scientific_extended_const-small_ints_tabpfn,0c72c85c-8099-11f1-b0d1-2c7ba0e6fa90,synthetic_prior,0,9,0.8465222716331482,0.10615420341491699,7570.0,1.0045925378799438,31.204660415649414,-0.01696932315826416,1.0009760856628418,2025.760009765625,-0.006253242492675781,1.0023335218429565,163.0071563720703,-0.0073806047439575195,1.0185459852218628,0.02151365764439106,-0.0393751859664917,1.053718090057373,10.38158893585205,-0.11369657516479492,1.010767936706543,16.88562774658203,-0.022644519805908203,3,36,0.28196394443511963
SLIM*MIX_oms_pat5_fn-scientific_extended_const-small_ints_tabpfn,0c72c85c-8099-11f1-b0d1-2c7ba0e6fa90,synthetic_prior,0,10,0.8464389443397522,0.12542152404785156,8774.0,1.0083366632461548,31.32096290588379,-0.02456378936767578,1.0032086372375488,2030.278076171875,-0.010746955871582031,1.0044666528701782,163.35406494140625,-0.011672735214233398,1.0272269248962402,0.021697016432881355,-0.057167649269104004,1.0691293478012085,10.533427238464355,-0.14651203155517578,1.0183380842208862,17.01209259033203,-0.03802025318145752,5,64,0.28210532665252686
SLIM*MIX_oms_pat5_fn-scientific_extended_const-small_ints_tabpfn,0c72c85c-8099-11f1-b0d1-2c7ba0e6fa90,synthetic_prior,0,11,0.8464389443397522,0.09544253349304199,9958.0,1.0083366632461548,31.32096290588379,-0.02456378936767578,1.0032086372375488,2030.278076171875,-0.010746955871582031,1.0044666528701782,163.35406494140625,-0.011672735214233398,1.0272269248962402,0.021697016432881355,-0.057167649269104004,1.0691293478012085,10.533427238464355,-0.14651203155517578,1.0183380842208862,17.01209259033203,-0.03802025318145752,5,64,0.28210532665252686
SLIM*MIX_oms_pat5_fn-scientific_extended_const-small_ints_tabpfn,0c72c85c-8099-11f1-b0d1-2c7ba0e6fa90,synthetic_prior,0,12,0.8365246057510376,0.12531495094299316,12149.0,1.0018643140792847,31.119916915893555,-0.01145315170288086,0.9995894432067871,2022.95361328125,-0.0034672021865844727,1.0007202625274658,162.7447967529297,-0.004140496253967285,1.011013150215149,0.02135455049574375,-0.02405834197998047,1.040977120399475,10.256060600280762,-0.08692705631256104,1.0060864686965942,16.807418823242188,-0.013193607330322266,9,127,0.2988241910934448
SLIM*MIX_oms_pat5_fn-scientific_extended_const-small_ints_tabpfn,0c72c85c-8099-11f1-b0d1-2c7ba0e6fa90,synthetic_prior,0,13,0.8355940580368042,0.11011815071105957,13850.0,1.0018640756607056,31.119911193847656,-0.011452674865722656,0.9995921850204468,2022.9591064453125,-0.0034728050231933594,1.0007201433181763,162.74476623535156,-0.004140138626098633,1.01102614402771,0.02135482244193554,-0.02408444881439209,1.0409860610961914,10.256149291992188,-0.08694577217102051,1.0060869455337524,16.807430267333984,-0.013194680213928223,10,141,0.30038338899612427
SLIM*MIX_oms_pat5_fn-scientific_extended_const-small_ints_tabpfn,0c72c85c-8099-11f1-b0d1-2c7ba0e6fa90,synthetic_prior,0,14,0.8355940580368042,0.11771941184997559,16212.0,1.0018640756607056,31.119911193847656,-0.011452674865722656,0.9995921850204468,2022.9591064453125,-0.0034728050231933594,1.0007201433181763,162.74476623535156,-0.004140138626098633,1.01102614402771,0.02135482244193554,-0.02408444881439209,1.0409860610961914,10.256149291992188,-0.08694577217102051,1.0060869455337524,16.807430267333984,-0.013194680213928223,10,141,0.30038338899612427
SLIM*MIX_oms_pat5_fn-scientific_extended_const-small_ints_tabpfn,0c72c85c-8099-11f1-b0d1-2c7ba0e6fa90,synthetic_prior,0,15,0.833588719367981,0.09520077705383301,17766.0,1.0036283731460571,31.174715042114258,-0.015018224716186523,1.0004997253417969,2024.7958984375,-0.005295753479003906,1.001904010772705,162.9373016357422,-0.006517291069030762,1.0167226791381836,0.02147514373064041,-0.03565716743469238,1.0525736808776855,10.370315551757812,-0.11127901077270508,1.0100034475326538,16.87285614013672,-0.02109837532043457,10,143,0.3037373423576355
SLIM*MIX_oms_pat5_fn-scientific_extended_const-small_ints_tabpfn,0c72c85c-8099-11f1-b0d1-2c7ba0e6fa90,synthetic_prior,0,16,0.833588719367981,0.11020398139953613,21016.0,1.0036283731460571,31.174715042114258,-0.015018224716186523,1.0004997253417969,2024.7958984375,-0.005295753479003906,1.001904010772705,162.9373016357422,-0.006517291069030762,1.0167226791381836,0.02147514373064041,-0.03565716743469238,1.0525736808776855,10.370315551757812,-0.11127901077270508,1.0100034475326538,16.87285614013672,-0.02109837532043457,10,143,0.3037373423576355
SLIM*MIX_oms_pat5_fn-scientific_extended_const-small_ints_tabpfn,0c72c85c-8099-11f1-b0d1-2c7ba0e6fa90,synthetic_prior,0,17,0.8277820944786072,0.1050882339477539,24420.0,1.0037049055099487,31.177087783813477,-0.015172839164733887,1.0005321502685547,2024.8614501953125,-0.005360841751098633,1.0016584396362305,162.89735412597656,-0.006024003028869629,1.014809489250183,0.021434733644127846,-0.031763315200805664,1.0474729537963867,10.320060729980469,-0.10053467750549316,1.0089677572250366,16.85555648803711,-0.019005298614501953,12,167,0.31340354681015015
SLIM*MIX_oms_pat5_fn-scientific_extended_const-small_ints_tabpfn,0c72c85c-8099-11f1-b0d1-2c7ba0e6fa90,synthetic_prior,0,18,0.8277820944786072,0.11911797523498535,27377.0,1.0037049055099487,31.177087783813477,-0.015172839164733887,1.0005321502685547,2024.8614501953125,-0.005360841751098633,1.0016584396362305,162.89735412597656,-0.006024003028869629,1.014809489250183,0.021434733644127846,-0.031763315200805664,1.0474729537963867,10.320060729980469,-0.10053467750549316,1.0089677572250366,16.85555648803711,-0.019005298614501953,12,167,0.31340354681015015
SLIM*MIX_oms_pat5_fn-scientific_extended_const-small_ints_tabpfn,0c72c85c-8099-11f1-b0d1-2c7ba0e6fa90,synthetic_prior,0,19,0.8266538381576538,0.14178252220153809,29185.0,1.003859043121338,31.18187713623047,-0.01548469066619873,1.0004236698150635,2024.64208984375,-0.0051430463790893555,1.0012779235839844,162.83547973632812,-0.00525975227355957,1.0127118825912476,0.021390428766608238,-0.02750241756439209,1.0443462133407593,10.289255142211914,-0.09397411346435547,1.0046292543411255,16.7830753326416,-0.010260701179504395,13,184,0.3152740001678467
SLIM*MIX_oms_pat5_fn-scientific_extended_const-small_ints_tabpfn,0c72c85c-8099-11f1-b0d1-2c7ba0e6fa90,synthetic_prior,0,20,0.8238717913627625,0.1097564697265625,31531.0,1.004472255706787,31.200923919677734,-0.016725659370422363,1.001182198524475,2026.1771240234375,-0.006667733192443848,1.0030505657196045,163.12376403808594,-0.008822321891784668,1.021960735321045,0.021585781127214432,-0.0463559627532959,1.0591875314712524,10.43547534942627,-0.12528812885284424,1.0127720832824707,16.919109344482422,-0.026704072952270508,12,184,0.31987500190734863
SLIM*MIX_oms_pat5_fn-scientific_extended_const-small_ints_tabpfn,0c72c85c-8099-11f1-b0d1-2c7ba0e6fa90,synthetic_prior,0,21,0.822725772857666,0.11079287528991699,32438.0,1.0031459331512451,31.159727096557617,-0.01404261589050293,1.0008056163787842,2025.4149169921875,-0.005910634994506836,1.0022506713867188,162.99368286132812,-0.007214069366455078,1.0152714252471924,0.021444492042064667,-0.03270292282104492,1.0519182682037354,10.363856315612793,-0.10989534854888916,1.0112899541854858,16.894350051879883,-0.02370131015777588,13,191,0.3217657804489136
SLIM*MIX_oms_pat5_fn-scientific_extended_const-small_ints_tabpfn,0c72c85c-8099-11f1-b0d1-2c7ba0e6fa90,synthetic_prior,0,22,0.8211961388587952,0.11054801940917969,34098.0,1.0024895668029785,31.139339447021484,-0.012715935707092285,1.0003842115402222,2024.56201171875,-0.005063533782958984,1.001773715019226,162.91612243652344,-0.006255626678466797,1.0134931802749634,0.021406931802630424,-0.029088497161865234,1.048385500907898,10.32905101776123,-0.10245299339294434,1.0097955465316772,16.869384765625,-0.020677924156188965,14,204,0.32428544759750366
SLIM*MIX_oms_pat5_fn-scientific_extended_const-small_ints_tabpfn,0c72c85c-8099-11f1-b0d1-2c7ba0e6fa90,synthetic_prior,0,23,0.8187693953514099,0.11026930809020996,34466.0,1.0027250051498413,31.146652221679688,-0.013191819190979004,1.0003923177719116,2024.5784912109375,-0.005079984664916992,1.0023705959320068,163.01319885253906,-0.007455229759216309,1.0142614841461182,0.021423161029815674,-0.030649304389953613,1.050492525100708,10.349809646606445,-0.10688865184783936,1.0096749067306519,16.867366790771484,-0.020434021949768066,12,166,0.32827329635620117
SLIM*MIX_oms_pat5_fn-scientific_extended_const-small_ints_tabpfn,0c72c85c-8099-11f1-b0d1-2c7ba0e6fa90,synthetic_prior,0,24,0.8182164430618286,0.11135721206665039,35642.0,1.0027661323547363,31.14792823791504,-0.013274908065795898,1.0003827810287476,2024.559326171875,-0.005060791969299316,1.0023187398910522,163.00474548339844,-0.007350921630859375,1.0139312744140625,0.021416185423731804,-0.029978275299072266,1.0503677129745483,10.348580360412598,-0.10662579536437988,1.0095704793930054,16.865623474121094,-0.020223140716552734,13,186,0.3291802406311035
SLIM*MIX_oms_pat5_fn-scientific_extended_const-small_ints_tabpfn,0c72c85c-8099-11f1-b0d1-2c7ba0e6fa90,synthetic_prior,0,25,0.8182164430618286,0.10965895652770996,36825.0,1.0027661323547363,31.14792823791504,-0.013274908065795898,1.0003827810287476,2024.559326171875,-0.005060791969299316,1.0023187398910522,163.00474548339844,-0.007350921630859375,1.0139312744140625,0.021416185423731804,-0.029978275299072266,1.0503677129745483,10.348580360412598,-0.10662579536437988,1.0095704793930054,16.865623474121094,-0.020223140716552734,13,186,0.3291802406311035
SLIM*MIX_oms_pat5_fn-scientific_extended_const-small_ints_tabpfn,0c72c85c-8099-11f1-b0d1-2c7ba0e6fa90,synthetic_prior,0,26,0.8128765225410461,0.1423206329345703,37765.0,1.008543848991394,31.3273983001709,-0.02498495578765869,1.00312340259552,2030.105712890625,-0.010575175285339355,1.0041013956069946,163.29466247558594,-0.010937333106994629,1.0234203338623047,0.021616613492369652,-0.04934704303741455,1.0650373697280884,10.493110656738281,-0.13775229454040527,1.0123027563095093,16.91126823425293,-0.025752663612365723,12,195,0.3379075527191162
SLIM*MIX_oms_pat5_fn-scientific_extended_const-small_ints_tabpfn,0c72c85c-8099-11f1-b0d1-2c7ba0e6fa90,synthetic_prior,0,27,0.8123026490211487,0.13664817810058594,39577.0,1.0082099437713623,31.317026138305664,-0.024306416511535645,1.0028988122940063,2029.651123046875,-0.01012277603149414,1.003875732421875,163.25796508789062,-0.010483026504516602,1.0224435329437256,0.02159598283469677,-0.04734504222869873,1.0634206533432007,10.47718334197998,-0.13430094718933105,1.0116772651672363,16.90081787109375,-0.024485349655151367,11,179,0.33884209394454956
SLIM*MIX_oms_pat5_fn-scientific_extended_const-small_ints_tabpfn,0c72c85c-8099-11f1-b0d1-2c7ba0e6fa90,synthetic_prior,0,28,0.8123026490211487,0.1422257423400879,40974.0,1.0082099437713623,31.317026138305664,-0.024306416511535645,1.0028988122940063,2029.651123046875,-0.01012277603149414,1.003875732421875,163.25796508789062,-0.010483026504516602,1.0224435329437256,0.02159598283469677,-0.04734504222869873,1.0634206533432007,10.47718334197998,-0.13430094718933105,1.0116772651672363,16.90081787109375,-0.024485349655151367,11,179,0.33884209394454956
SLIM*MIX_oms_pat5_fn-scientific_extended_const-small_ints_tabpfn,0c72c85c-8099-11f1-b0d1-2c7ba0e6fa90,synthetic_prior,0,29,0.8119345903396606,0.12925291061401367,41466.0,1.006778359413147,31.27255630493164,-0.021399497985839844,1.001939296722412,2027.7093505859375,-0.00819087028503418,1.0027638673782349,163.07713317871094,-0.008245706558227539,1.0189130306243896,0.02152140997350216,-0.04012453556060791,1.0558747053146362,10.402837753295898,-0.11826014518737793,1.008285641670227,16.844161987304688,-0.017627954483032227,10,157,0.33944112062454224
SLIM*MIX_oms_pat5_fn-scientific_extended_const-small_ints_tabpfn,0c72c85c-8099-11f1-b0d1-2c7ba0e6fa90,synthetic_prior,0,30,0.8115746378898621,0.11086440086364746,41270.0,1.0094072818756104,31.354215621948242,-0.026740670204162598,1.0036988258361816,2031.27001953125,-0.011734724044799805,1.0045610666275024,163.36941528320312,-0.011862993240356445,1.025753140449524,0.02166588604450226,-0.05413639545440674,1.0672345161437988,10.514758110046387,-0.14245164394378662,1.0131033658981323,16.92464256286621,-0.02737593650817871,13,203,0.3400266170501709
SLIM*MIX_oms_pat5_fn-scientific_extended_const-small_ints_tabpfn,0c72c85c-8099-11f1-b0d1-2c7ba0e6fa90,synthetic_prior,0,31,0.8090152144432068,0.12627601623535156,41872.0,1.006517767906189,31.264463424682617,-0.02087080478668213,1.0016731023788452,2027.17041015625,-0.007655143737792969,1.0027061700820923,163.0677490234375,-0.008129715919494629,1.0198978185653687,0.02154221199452877,-0.04213607311248779,1.0549838542938232,10.394060134887695,-0.11637401580810547,1.0089589357376099,16.855405807495117,-0.018987298011779785,14,218,0.34418272972106934
SLIM*MIX_oms_pat5_fn-scientific_extended_const-small_ints_tabpfn,0c72c85c-8099-11f1-b0d1-2c7ba0e6fa90,synthetic_prior,0,32,0.8090152144432068,0.1103215217590332,41784.0,1.006517767906189,31.264463424682617,-0.02087080478668213,1.0016731023788452,2027.17041015625,-0.007655143737792969,1.0027061700820923,163.0677490234375,-0.008129715919494629,1.0198978185653687,0.02154221199452877,-0.04213607311248779,1.0549838542938232,10.394060134887695,-0.11637401580810547,1.0089589357376099,16.855405807495117,-0.018987298011779785,14,218,0.34418272972106934
SLIM*MIX_oms_pat5_fn-scientific_extended_const-small_ints_tabpfn,0c72c85c-8099-11f1-b0d1-2c7ba0e6fa90,synthetic_prior,0,33,0.8090152144432068,0.11397361755371094,42116.0,1.006517767906189,31.264463424682617,-0.02087080478668213,1.0016731023788452,2027.17041015625,-0.007655143737792969,1.0027061700820923,163.0677490234375,-0.008129715919494629,1.0198978185653687,0.02154221199452877,-0.04213607311248779,1.0549838542938232,10.394060134887695,-0.11637401580810547,1.0089589357376099,16.855405807495117,-0.018987298011779785,14,218,0.34418272972106934
SLIM*MIX_oms_pat5_fn-scientific_extended_const-small_ints_tabpfn,0c72c85c-8099-11f1-b0d1-2c7ba0e6fa90,synthetic_prior,0,34,0.8090152144432068,0.1106729507446289,42672.0,1.006517767906189,31.264463424682617,-0.02087080478668213,1.0016731023788452,2027.17041015625,-0.007655143737792969,1.0027061700820923,163.0677490234375,-0.008129715919494629,1.0198978185653687,0.02154221199452877,-0.04213607311248779,1.0549838542938232,10.394060134887695,-0.11637401580810547,1.0089589357376099,16.855405807495117,-0.018987298011779785,14,218,0.34418272972106934
SLIM*MIX_oms_pat5_fn-scientific_extended_const-small_ints_tabpfn,0c72c85c-8099-11f1-b0d1-2c7ba0e6fa90,synthetic_prior,0,35,0.8090152144432068,0.15796351432800293,44132.0,1.006517767906189,31.264463424682617,-0.02087080478668213,1.0016731023788452,2027.17041015625,-0.007655143737792969,1.0027061700820923,163.0677490234375,-0.008129715919494629,1.0198978185653687,0.02154221199452877,-0.04213607311248779,1.0549838542938232,10.394060134887695,-0.11637401580810547,1.0089589357376099,16.855405807495117,-0.018987298011779785,14,218,0.34418272972106934
SLIM*MIX_oms_pat5_fn-scientific_extended_const-small_ints_tabpfn,0c72c85c-8099-11f1-b0d1-2c7ba0e6fa90,synthetic_prior,0,36,0.8066158890724182,0.14271330833435059,44043.0,1.0027718544006348,31.148107528686523,-0.013286471366882324,0.9996103048324585,2022.995849609375,-0.0035091638565063477,1.0010795593261719,162.80320739746094,-0.00486147403717041,1.0118168592453003,0.021371524780988693,-0.025687098503112793,1.040913462638855,10.255433082580566,-0.08679401874542236,1.0060555934906006,16.806903839111328,-0.013131380081176758,18,251,0.34806686639785767
SLIM*MIX_oms_pat5_fn-scientific_extended_const-small_ints_tabpfn,0c72c85c-8099-11f1-b0d1-2c7ba0e6fa90,synthetic_prior,0,37,0.8066158890724182,0.11042642593383789,45292.0,1.0027718544006348,31.148107528686523,-0.013286471366882324,0.9996103048324585,2022.995849609375,-0.0035091638565063477,1.0010795593261719,162.80320739746094,-0.00486147403717041,1.0118168592453003,0.021371524780988693,-0.025687098503112793,1.040913462638855,10.255433082580566,-0.08679401874542236,1.0060555934906006,16.806903839111328,-0.013131380081176758,18,251,0.34806686639785767
SLIM*MIX_oms_pat5_fn-scientific_extended_const-small_ints_tabpfn,0c72c85c-8099-11f1-b0d1-2c7ba0e6fa90,synthetic_prior,0,38,0.8056961894035339,0.09977269172668457,47692.0,1.0046473741531372,31.20636749267578,-0.01708042621612549,1.0007766485214233,2025.3564453125,-0.005852341651916504,1.0023775100708008,163.01431274414062,-0.0074689388275146484,1.0161293745040894,0.021462613716721535,-0.034449100494384766,1.0518592596054077,10.363275527954102,-0.10977089405059814,1.0105361938476562,16.881757736206055,-0.02217578887939453,19,272,0.3495527505874634
SLIM*MIX_oms_pat5_fn-scientific_extended_const-small_ints_tabpfn,0c72c85c-8099-11f1-b0d1-2c7ba0e6fa90,synthetic_prior,0,39,0.8021305203437805,0.12372636795043945,47856.0,1.0113636255264282,31.41498565673828,-0.030724644660949707,1.0054402351379395,2034.79443359375,-0.015248656272888184,1.007559895515442,163.8571014404297,-0.017913103103637695,1.0353740453720093,0.021869096904993057,-0.07400321960449219,1.0878978967666626,10.718340873718262,-0.1871192455291748,1.0265991687774658,17.15009880065918,-0.05492997169494629,18,262,0.3552972078323364
SLIM*MIX_oms_pat5_fn-scientific_extended_const-small_ints_tabpfn,0c72c85c-8099-11f1-b0d1-2c7ba0e6fa90,synthetic_prior,0,40,0.795850932598114,0.11127710342407227,49916.0,1.0102072954177856,31.379064559936523,-0.028368830680847168,1.004743218421936,2033.3837890625,-0.013841509819030762,1.006879448890686,163.74642944335938,-0.01653885841369629,1.0322682857513428,0.02180350013077259,-0.06756985187530518,1.0826780796051025,10.666913032531738,-0.17575466632843018,1.0231707096099854,17.092824935913086,-0.04789555072784424,19,276,0.36535197496414185
SLIM*MIX_oms_pat5_fn-scientific_extended_const-small_ints_tabpfn,0c72c85c-8099-11f1-b0d1-2c7ba0e6fa90,synthetic_prior,0,41,0.7954031229019165,0.1324777603149414,51704.0,1.007667064666748,31.30016326904297,-0.023203730583190918,1.0029571056365967,2029.7689208984375,-0.01024007797241211,1.0048913955688477,163.4231414794922,-0.012528657913208008,1.0253660678863525,0.021657709032297134,-0.053340911865234375,1.0708014965057373,10.54990005493164,-0.1501009464263916,1.0172380208969116,16.993715286254883,-0.03577876091003418,20,292,0.36606597900390625
SLIM*MIX_oms_pat5_fn-scientific_extended_const-small_ints_tabpfn,0c72c85c-8099-11f1-b0d1-2c7ba0e6fa90,synthetic_prior,0,42,0.7954031229019165,0.1265096664428711,52975.0,1.007667064666748,31.30016326904297,-0.023203730583190918,1.0029571056365967,2029.7689208984375,-0.01024007797241211,1.0048913955688477,163.4231414794922,-0.012528657913208008,1.0253660678863525,0.021657709032297134,-0.053340911865234375,1.0708014965057373,10.54990005493164,-0.1501009464263916,1.0172380208969116,16.993715286254883,-0.03577876091003418,20,292,0.36606597900390625
SLIM*MIX_oms_pat5_fn-scientific_extended_const-small_ints_tabpfn,0c72c85c-8099-11f1-b0d1-2c7ba0e6fa90,synthetic_prior,0,43,0.795307993888855,0.11189866065979004,54201.0,1.0077364444732666,31.30232048034668,-0.02334463596343994,1.0030308961868286,2029.91845703125,-0.010388851165771484,1.0050944089889526,163.4561309814453,-0.012937664985656738,1.0248743295669556,0.02164732664823532,-0.052330970764160156,1.070858359336853,10.550460815429688,-0.15022313594818115,1.018056869506836,17.007396697998047,-0.03744709491729736,22,326,0.36621761322021484
SLIM*MIX_oms_pat5_fn-scientific_extended_const-small_ints_tabpfn,0c72c85c-8099-11f1-b0d1-2c7ba0e6fa90,synthetic_prior,0,44,0.7946980595588684,0.12068748474121094,55633.0,1.0094447135925293,31.355379104614258,-0.026816844940185547,1.0041651725769043,2032.214111328125,-0.012675285339355469,1.0062614679336548,163.64593505859375,-0.015291452407836914,1.0299960374832153,0.021755503490567207,-0.06287491321563721,1.078792691230774,10.628633499145508,-0.16733109951019287,1.0211526155471802,17.059112548828125,-0.043766021728515625,21,307,0.3671894073486328
SLIM*MIX_oms_pat5_fn-scientific_extended_const-small_ints_tabpfn,0c72c85c-8099-11f1-b0d1-2c7ba0e6fa90,synthetic_prior,0,45,0.7941930294036865,0.12523293495178223,56733.0,1.007338047027588,31.28994369506836,-0.02253556251525879,1.0028574466705322,2029.5672607421875,-0.010039329528808594,1.005272626876831,163.48513793945312,-0.013297080993652344,1.0268476009368896,0.021689003333449364,-0.05638706684112549,1.0723762512207031,10.56541633605957,-0.15348637104034424,1.018322467803955,17.011831283569336,-0.03798842430114746,23,336,0.3679933547973633
SLIM*MIX_oms_pat5_fn-scientific_extended_const-small_ints_tabpfn,0c72c85c-8099-11f1-b0d1-2c7ba0e6fa90,synthetic_prior,0,46,0.7923930883407593,0.10965418815612793,60085.0,1.0076607465744019,31.299964904785156,-0.023190736770629883,1.0029703378677368,2029.7958984375,-0.010266780853271484,1.0050482749938965,163.44863891601562,-0.012844562530517578,1.0249545574188232,0.021649019792675972,-0.052495598793029785,1.07078218460083,10.54970932006836,-0.15005934238433838,1.018020749092102,17.006792068481445,-0.03737330436706543,23,339,0.370854914188385
SLIM*MIX_oms_pat5_fn-scientific_extended_const-small_ints_tabpfn,0c72c85c-8099-11f1-b0d1-2c7ba0e6fa90,synthetic_prior,0,47,0.7918516397476196,0.10860586166381836,61997.0,1.014540433883667,31.513662338256836,-0.03720986843109131,1.0079878568649292,2039.9501953125,-0.020400166511535645,1.0104584693908691,164.3284912109375,-0.023778319358825684,1.0421942472457886,0.02201315388083458,-0.08819925785064697,1.1046711206436157,10.883596420288086,-0.22400736808776855,1.035826325416565,17.30424690246582,-0.07397890090942383,22,321,0.37171441316604614
SLIM*MIX_oms_pat5_fn-scientific_extended_const-small_ints_tabpfn,0c72c85c-8099-11f1-b0d1-2c7ba0e6fa90,synthetic_prior,0,48,0.7918516397476196,0.15685248374938965,64502.0,1.014540433883667,31.513662338256836,-0.03720986843109131,1.0079878568649292,2039.9501953125,-0.020400166511535645,1.0104584693908691,164.3284912109375,-0.023778319358825684,1.0421942472457886,0.02201315388083458,-0.08819925785064697,1.1046711206436157,10.883596420288086,-0.22400736808776855,1.035826325416565,17.30424690246582,-0.07397890090942383,22,321,0.37171441316604614
SLIM*MIX_oms_pat5_fn-scientific_extended_const-small_ints_tabpfn,0c72c85c-8099-11f1-b0d1-2c7ba0e6fa90,synthetic_prior,0,49,0.7910143136978149,0.12571334838867188,67352.0,1.013329267501831,31.47603988647461,-0.03473484516143799,1.0066149234771729,2037.1717529296875,-0.01762235164642334,1.0086785554885864,164.0390167236328,-0.020174860954284668,1.0367915630340576,0.021899038925766945,-0.07694613933563232,1.0940308570861816,10.778764724731445,-0.20054149627685547,1.030171275138855,17.209775924682617,-0.062284231185913086,21,306,0.3730424642562866
SLIM*MIX_oms_pat5_fn-scientific_extended_const-small_ints_tabpfn,0c72c85c-8099-11f1-b0d1-2c7ba0e6fa90,synthetic_prior,0,50,0.7902995347976685,0.11745810508728027,69288.0,1.0135585069656372,31.483163833618164,-0.03520321846008301,1.0074247121810913,2038.810546875,-0.019260287284851074,1.0077203512191772,163.88320922851562,-0.018237709999084473,1.0285553932189941,0.02172507531940937,-0.059903860092163086,1.1026703119277954,10.863883972167969,-0.21957755088806152,1.037145733833313,17.3262882232666,-0.07671666145324707,22,328,0.37417495250701904
SLIM*MIX_oms_pat5_fn-scientific_extended_const-small_ints_tabpfn,0c72c85c-8099-11f1-b0d1-2c7ba0e6fa90,synthetic_prior,0,51,0.788529098033905,0.10594034194946289,71080.0,1.016364574432373,31.570327758789062,-0.040943145751953125,1.0093222856521606,2042.65087890625,-0.023103713989257812,1.012044906616211,164.5864715576172,-0.02699565887451172,1.048897624015808,0.02215474098920822,-0.10224282741546631,1.1135932207107544,10.9714994430542,-0.2438591718673706,1.0408345460891724,17.38791275024414,-0.08438920974731445,24,347,0.3769758343696594
SLIM*MIX_oms_pat5_fn-scientific_extended_const-small_ints_tabpfn,0c72c85c-8099-11f1-b0d1-2c7ba0e6fa90,synthetic_prior,0,52,0.788529098033905,0.11082935333251953,73245.0,1.016364574432373,31.570327758789062,-0.040943145751953125,1.0093222856521606,2042.65087890625,-0.023103713989257812,1.012044906616211,164.5864715576172,-0.02699565887451172,1.048897624015808,0.02215474098920822,-0.10224282741546631,1.1135932207107544,10.9714994430542,-0.2438591718673706,1.0408345460891724,17.38791275024414,-0.08438920974731445,24,347,0.3769758343696594
SLIM*MIX_oms_pat5_fn-scientific_extended_const-small_ints_tabpfn,0c72c85c-8099-11f1-b0d1-2c7ba0e6fa90,synthetic_prior,0,53,0.788529098033905,0.1421339511871338,73916.0,1.016364574432373,31.570327758789062,-0.040943145751953125,1.0093222856521606,2042.65087890625,-0.023103713989257812,1.012044906616211,164.5864715576172,-0.02699565887451172,1.048897624015808,0.02215474098920822,-0.10224282741546631,1.1135932207107544,10.9714994430542,-0.2438591718673706,1.0408345460891724,17.38791275024414,-0.08438920974731445,24,347,0.3769758343696594
SLIM*MIX_oms_pat5_fn-scientific_extended_const-small_ints_tabpfn,0c72c85c-8099-11f1-b0d1-2c7ba0e6fa90,synthetic_prior,0,54,0.7884939908981323,0.12276434898376465,73786.0,1.0159891843795776,31.558664321899414,-0.040174245834350586,1.0090665817260742,2042.13330078125,-0.022585272789001465,1.011725902557373,164.53463745117188,-0.026348471641540527,1.047929286956787,0.022134289145469666,-0.10020864009857178,1.1122347116470337,10.958114624023438,-0.24082612991333008,1.0401498079299927,17.376474380493164,-0.08296310901641846,25,360,0.37703126668930054
SLIM*MIX_oms_pat5_fn-scientific_extended_const-small_ints_tabpfn,0c72c85c-8099-11f1-b0d1-2c7ba0e6fa90,synthetic_prior,0,55,0.7880416512489319,0.11078667640686035,74148.0,1.0149890184402466,31.527597427368164,-0.03812742233276367,1.0077710151672363,2039.5113525390625,-0.019960999488830566,1.0100475549697876,164.26165771484375,-0.022945880889892578,1.0427452325820923,0.022024793550372124,-0.08935010433197021,1.1020234823226929,10.857510566711426,-0.21814703941345215,1.0345064401626587,17.282197952270508,-0.0712435245513916,23,332,0.3777458667755127
SLIM*MIX_oms_pat5_fn-scientific_extended_const-small_ints_tabpfn,0c72c85c-8099-11f1-b0d1-2c7ba0e6fa90,synthetic_prior,0,56,0.7880416512489319,0.11301779747009277,74717.0,1.0149890184402466,31.527597427368164,-0.03812742233276367,1.0077710151672363,2039.5113525390625,-0.019960999488830566,1.0100475549697876,164.26165771484375,-0.022945880889892578,1.0427452325820923,0.022024793550372124,-0.08935010433197021,1.1020234823226929,10.857510566711426,-0.21814703941345215,1.0345064401626587,17.282197952270508,-0.0712435245513916,23,332,0.3777458667755127
SLIM*MIX_oms_pat5_fn-scientific_extended_const-small_ints_tabpfn,0c72c85c-8099-11f1-b0d1-2c7ba0e6fa90,synthetic_prior,0,57,0.7870162129402161,0.14192724227905273,76227.0,1.0155632495880127,31.545433044433594,-0.03930222988128662,1.0087546110153198,2041.5020751953125,-0.021953105926513672,1.0117353200912476,164.53614807128906,-0.026367545127868652,1.049159049987793,0.02216026745736599,-0.10279250144958496,1.1141880750656128,10.977360725402832,-0.24518835544586182,1.0408821105957031,17.388708114624023,-0.0844883918762207,25,360,0.3793642520904541
SLIM*MIX_oms_pat5_fn-scientific_extended_const-small_ints_tabpfn,0c72c85c-8099-11f1-b0d1-2c7ba0e6fa90,synthetic_prior,0,58,0.7869349122047424,0.14336180686950684,77897.0,1.0154443979263306,31.5417423248291,-0.03905892372131348,1.0086668729782104,2041.3243408203125,-0.021775245666503906,1.0116386413574219,164.52041625976562,-0.026171207427978516,1.0488455295562744,0.022153642028570175,-0.10213339328765869,1.1136727333068848,10.972283363342285,-0.24403679370880127,1.040578007698059,17.383628845214844,-0.0838547945022583,24,346,0.37949246168136597
SLIM*MIX_oms_pat5_fn-scientific_extended_const-small_ints_tabpfn,0c72c85c-8099-11f1-b0d1-2c7ba0e6fa90,synthetic_prior,0,59,0.7865592837333679,0.11863851547241211,80525.0,1.0151640176773071,31.533031463623047,-0.03848528861999512,1.0078024864196777,2039.5750732421875,-0.020024657249450684,1.0105048418045044,164.33602905273438,-0.0238722562789917,1.0440661907196045,0.022052694112062454,-0.09211182594299316,1.1022791862487793,10.860031127929688,-0.21871256828308105,1.0347363948822021,17.28603744506836,-0.07171976566314697,26,379,0.38008469343185425
SLIM*MIX_oms_pat5_fn-scientific_extended_const-small_ints_tabpfn,0c72c85c-8099-11f1-b0d1-2c7ba0e6fa90,synthetic_prior,0,60,0.786086916923523,0.13757061958312988,82463.0,1.0162559747695923,31.566951751708984,-0.040720582008361816,1.0085715055465698,2041.1314697265625,-0.02158224582672119,1.0113530158996582,164.47396850585938,-0.02559196949005127,1.0467430353164673,0.02210923284292221,-0.09771907329559326,1.1067287921905518,10.90386962890625,-0.22857177257537842,1.0373032093048096,17.328920364379883,-0.07704353332519531,27,402,0.3808290362358093
SLIM*MIX_oms_pat5_fn-scientific_extended_const-small_ints_tabpfn,0c72c85c-8099-11f1-b0d1-2c7ba0e6fa90,synthetic_prior,0,61,0.7828716039657593,0.11116647720336914,85340.0,1.0170347690582275,31.591142654418945,-0.042316436767578125,1.0089632272720337,2041.92431640625,-0.022375822067260742,1.0120731592178345,164.59109497070312,-0.027052998542785645,1.0498313903808594,0.022174468263983727,-0.10420632362365723,1.1089266538619995,10.925522804260254,-0.23345589637756348,1.0396336317062378,17.36785125732422,-0.08188843727111816,28,412,0.38588380813598633
SLIM*MIX_oms_pat5_fn-scientific_extended_const-small_ints_tabpfn,0c72c85c-8099-11f1-b0d1-2c7ba0e6fa90,synthetic_prior,0,62,0.7826400399208069,0.11039590835571289,85720.0,1.0206893682479858,31.704660415649414,-0.049820661544799805,1.0115976333618164,2047.2557373046875,-0.027721643447875977,1.014952540397644,165.05935668945312,-0.03290534019470215,1.0591596364974976,0.022371497005224228,-0.1239161491394043,1.1238090991973877,11.072149276733398,-0.2667856216430664,1.048429250717163,17.514789581298828,-0.10027205944061279,29,427,0.38624703884124756
SLIM*MIX_oms_pat5_fn-scientific_extended_const-small_ints_tabpfn,0c72c85c-8099-11f1-b0d1-2c7ba0e6fa90,synthetic_prior,0,63,0.7814392447471619,0.10600757598876953,86185.0,1.023093819618225,31.779348373413086,-0.05477273464202881,1.0131810903549194,2050.460205078125,-0.03094160556793213,1.0165965557098389,165.3267059326172,-0.036254167556762695,1.0648279190063477,0.022491220384836197,-0.13597798347473145,1.1278164386749268,11.111631393432617,-0.27583611011505127,1.0526472330093384,17.58525276184082,-0.10914301872253418,28,409,0.38812893629074097
SLIM*MIX_oms_pat5_fn-scientific_extended_const-small_ints_tabpfn,0c72c85c-8099-11f1-b0d1-2c7ba0e6fa90,synthetic_prior,0,64,0.7814392447471619,0.11014032363891602,86275.0,1.023093819618225,31.779348373413086,-0.05477273464202881,1.0131810903549194,2050.460205078125,-0.03094160556793213,1.0165965557098389,165.3267059326172,-0.036254167556762695,1.0648279190063477,0.022491220384836197,-0.13597798347473145,1.1278164386749268,11.111631393432617,-0.27583611011505127,1.0526472330093384,17.58525276184082,-0.10914301872253418,28,409,0.38812893629074097
SLIM*MIX_oms_pat5_fn-scientific_extended_const-small_ints_tabpfn,0c72c85c-8099-11f1-b0d1-2c7ba0e6fa90,synthetic_prior,0,65,0.7813065648078918,0.14058518409729004,89272.0,1.016161322593689,31.564010620117188,-0.040526628494262695,1.0084880590438843,2040.96240234375,-0.021412968635559082,1.0115869045257568,164.5120086669922,-0.026066303253173828,1.049485445022583,0.022167157381772995,-0.10347867012023926,1.099617838859558,10.833808898925781,-0.21283471584320068,1.0356868505477905,17.301916122436523,-0.07368969917297363,29,424,0.388336718082428
SLIM*MIX_oms_pat5_fn-scientific_extended_const-small_ints_tabpfn,0c72c85c-8099-11f1-b0d1-2c7ba0e6fa90,synthetic_prior,0,66,0.7798804044723511,0.1110384464263916,88012.0,1.0229506492614746,31.774900436401367,-0.05447745323181152,1.0126582384109497,2049.402099609375,-0.029877781867980957,1.0169461965560913,165.38357543945312,-0.03696703910827637,1.068867564201355,0.022576546296477318,-0.14461350440979004,1.1268587112426758,11.10219669342041,-0.2736703157424927,1.0526940822601318,17.586034774780273,-0.10924160480499268,29,422,0.39056771993637085
SLIM*MIX_oms_pat5_fn-scientific_extended_const-small_ints_tabpfn,0c72c85c-8099-11f1-b0d1-2c7ba0e6fa90,synthetic_prior,0,67,0.7797567248344421,0.11036372184753418,86656.0,1.0225682258605957,31.763023376464844,-0.05368912220001221,1.012383222579956,2048.845458984375,-0.029318571090698242,1.0166387557983398,165.33358764648438,-0.03634023666381836,1.0678786039352417,0.022555658593773842,-0.14249634742736816,1.1254324913024902,11.088144302368164,-0.2704482078552246,1.051770567893982,17.570608139038086,-0.10729634761810303,28,407,0.39076095819473267
SLIM*MIX_oms_pat5_fn-scientific_extended_const-small_ints_tabpfn,0c72c85c-8099-11f1-b0d1-2c7ba0e6fa90,synthetic_prior,0,68,0.7797567248344421,0.12720632553100586,86577.0,1.0225682258605957,31.763023376464844,-0.05368912220001221,1.012383222579956,2048.845458984375,-0.029318571090698242,1.0166387557983398,165.33358764648438,-0.03634023666381836,1.0678786039352417,0.022555658593773842,-0.14249634742736816,1.1254324913024902,11.088144302368164,-0.2704482078552246,1.051770567893982,17.570608139038086,-0.10729634761810303,28,407,0.39076095819473267
SLIM*MIX_oms_pat5_fn-scientific_extended_const-small_ints_tabpfn,0c72c85c-8099-11f1-b0d1-2c7ba0e6fa90,synthetic_prior,0,69,0.7795859575271606,0.1104271411895752,86760.0,1.0214301347732544,31.72766876220703,-0.051345109939575195,1.011562466621399,2047.1845703125,-0.027650117874145508,1.0157146453857422,165.18328857421875,-0.03445708751678467,1.0648616552352905,0.0224919356405735,-0.13605010509490967,1.1211237907409668,11.045692443847656,-0.2607388496398926,1.0490225553512573,17.524700164794922,-0.1015176773071289,29,419,0.3910278081893921
SLIM*MIX_oms_pat5_fn-scientific_extended_const-small_ints_tabpfn,0c72c85c-8099-11f1-b0d1-2c7ba0e6fa90,synthetic_prior,0,70,0.7795859575271606,0.10980701446533203,86461.0,1.0214301347732544,31.72766876220703,-0.051345109939575195,1.011562466621399,2047.1845703125,-0.027650117874145508,1.0157146453857422,165.18328857421875,-0.03445708751678467,1.0648616552352905,0.0224919356405735,-0.13605010509490967,1.1211237907409668,11.045692443847656,-0.2607388496398926,1.0490225553512573,17.524700164794922,-0.1015176773071289,29,419,0.3910278081893921
SLIM*MIX_oms_pat5_fn-scientific_extended_const-small_ints_tabpfn,0c72c85c-8099-11f1-b0d1-2c7ba0e6fa90,synthetic_prior,0,71,0.7793034315109253,0.11177873611450195,86009.0,1.0211405754089355,31.71867561340332,-0.05074906349182129,1.0111418962478638,2046.333251953125,-0.02679586410522461,1.0149712562561035,165.06240844726562,-0.03294336795806885,1.0629340410232544,0.022451216354966164,-0.13194072246551514,1.1182630062103271,11.017509460449219,-0.25431323051452637,1.0473190546035767,17.496240615844727,-0.09794306755065918,29,419,0.3914690613746643
SLIM*MIX_oms_pat5_fn-scientific_extended_const-small_ints_tabpfn,0c72c85c-8099-11f1-b0d1-2c7ba0e6fa90,synthetic_prior,0,72,0.7790448665618896,0.11099600791931152,86985.0,1.0222508907318115,31.75316619873047,-0.05303549766540527,1.012150764465332,2048.375244140625,-0.028845906257629395,1.0164023637771606,165.29513549804688,-0.03585827350616455,1.0671261548995972,0.022539764642715454,-0.14088690280914307,1.124419927597046,11.078167915344238,-0.26816320419311523,1.0510929822921753,17.559288024902344,-0.10587012767791748,30,438,0.3918728828430176
SLIM*MIX_oms_pat5_fn-scientific_extended_const-small_ints_tabpfn,0c72c85c-8099-11f1-b0d1-2c7ba0e6fa90,synthetic_prior,0,73,0.7790448665618896,0.1388852596282959,87244.0,1.0222508907318115,31.75316619873047,-0.05303549766540527,1.012150764465332,2048.375244140625,-0.028845906257629395,1.0164023637771606,165.29513549804688,-0.03585827350616455,1.0671261548995972,0.022539764642715454,-0.14088690280914307,1.124419927597046,11.078167915344238,-0.26816320419311523,1.0510929822921753,17.559288024902344,-0.10587012767791748,30,438,0.3918728828430176
SLIM*MIX_oms_pat5_fn-scientific_extended_const-small_ints_tabpfn,0c72c85c-8099-11f1-b0d1-2c7ba0e6fa90,synthetic_prior,0,74,0.7790448665618896,0.1251842975616455,88358.0,1.0222508907318115,31.75316619873047,-0.05303549766540527,1.012150764465332,2048.375244140625,-0.028845906257629395,1.0164023637771606,165.29513549804688,-0.03585827350616455,1.0671261548995972,0.022539764642715454,-0.14088690280914307,1.124419927597046,11.078167915344238,-0.26816320419311523,1.0510929822921753,17.559288024902344,-0.10587012767791748,30,438,0.3918728828430176
SLIM*MIX_oms_pat5_fn-scientific_extended_const-small_ints_tabpfn,0c72c85c-8099-11f1-b0d1-2c7ba0e6fa90,synthetic_prior,0,75,0.7762948870658875,0.12592005729675293,88660.0,1.0227313041687012,31.76808738708496,-0.05402529239654541,1.012141227722168,2048.355712890625,-0.028826475143432617,1.0148431062698364,165.0415496826172,-0.03268253803253174,1.0645136833190918,0.022484583780169487,-0.1353076696395874,1.121850848197937,11.052857398986816,-0.2623748779296875,1.0503793954849243,17.547367095947266,-0.10436892509460449,29,412,0.3961585760116577
SLIM*MIX_oms_pat5_fn-scientific_extended_const-small_ints_tabpfn,0c72c85c-8099-11f1-b0d1-2c7ba0e6fa90,synthetic_prior,0,76,0.7762948870658875,0.1253976821899414,89243.0,1.0227313041687012,31.76808738708496,-0.05402529239654541,1.012141227722168,2048.355712890625,-0.028826475143432617,1.0148431062698364,165.0415496826172,-0.03268253803253174,1.0645136833190918,0.022484583780169487,-0.1353076696395874,1.121850848197937,11.052857398986816,-0.2623748779296875,1.0503793954849243,17.547367095947266,-0.10436892509460449,29,412,0.3961585760116577
SLIM*MIX_oms_pat5_fn-scientific_extended_const-small_ints_tabpfn,0c72c85c-8099-11f1-b0d1-2c7ba0e6fa90,synthetic_prior,0,77,0.7762249708175659,0.10429167747497559,88925.0,1.0226972103118896,31.76702880859375,-0.053955078125,1.0120874643325806,2048.246826171875,-0.02871716022491455,1.014801263809204,165.0347442626953,-0.03259730339050293,1.0644253492355347,0.022482717409729958,-0.13511931896209717,1.1216994524002075,11.05136489868164,-0.26203393936157227,1.0503009557724,17.546056747436523,-0.10420417785644531,27,387,0.3962673544883728
SLIM*MIX_oms_pat5_fn-scientific_extended_const-small_ints_tabpfn,0c72c85c-8099-11f1-b0d1-2c7ba0e6fa90,synthetic_prior,0,78,0.7762088775634766,0.11559176445007324,87871.0,1.021829605102539,31.740079879760742,-0.052167415618896484,1.0113593339920044,2046.7734375,-0.027237534523010254,1.014099359512329,164.92059326171875,-0.031169414520263672,1.0620439052581787,0.022432418540120125,-0.13004577159881592,1.1179585456848145,11.014509201049805,-0.2536303997039795,1.0481237173080444,17.509685516357422,-0.09963095188140869,28,401,0.3962923288345337
SLIM*MIX_oms_pat5_fn-scientific_extended_const-small_ints_tabpfn,0c72c85c-8099-11f1-b0d1-2c7ba0e6fa90,synthetic_prior,0,79,0.7760016322135925,0.11948871612548828,87782.0,1.0220569372177124,31.747140884399414,-0.052635788917541504,1.0116748809814453,2047.4119873046875,-0.027878642082214355,1.0141860246658325,164.93470764160156,-0.03134584426879883,1.061890721321106,0.02242918126285076,-0.12971985340118408,1.119265079498291,11.027381896972656,-0.25656235218048096,1.0488065481185913,17.52109146118164,-0.10106408596038818,29,428,0.3966147303581238
SLIM*MIX_oms_pat5_fn-scientific_extended_const-small_ints_tabpfn,0c72c85c-8099-11f1-b0d1-2c7ba0e6fa90,synthetic_prior,0,80,0.7760016322135925,0.11432147026062012,86867.0,1.0220569372177124,31.747140884399414,-0.052635788917541504,1.0116748809814453,2047.4119873046875,-0.027878642082214355,1.0141860246658325,164.93470764160156,-0.03134584426879883,1.061890721321106,0.02242918126285076,-0.12971985340118408,1.119265079498291,11.027381896972656,-0.25656235218048096,1.0488065481185913,17.52109146118164,-0.10106408596038818,29,428,0.3966147303581238
SLIM*MIX_oms_pat5_fn-scientific_extended_const-small_ints_tabpfn,0c72c85c-8099-11f1-b0d1-2c7ba0e6fa90,synthetic_prior,0,81,0.775462806224823,0.1271982192993164,85558.0,1.0211824178695679,31.7199764251709,-0.05083513259887695,1.0112065076828003,2046.4642333984375,-0.02692723274230957,1.013607382774353,164.84060668945312,-0.030169248580932617,1.0606262683868408,0.02240247279405594,-0.1270308494567871,1.1166564226150513,11.001679420471191,-0.25071167945861816,1.047115683555603,17.49284553527832,-0.09751689434051514,31,464,0.39745235443115234
SLIM*MIX_oms_pat5_fn-scientific_extended_const-small_ints_tabpfn,0c72c85c-8099-11f1-b0d1-2c7ba0e6fa90,synthetic_prior,0,82,0.7750552296638489,0.11040830612182617,87101.0,1.0221738815307617,31.750774383544922,-0.05287671089172363,1.0112378597259521,2046.527587890625,-0.026990771293640137,1.014414668083191,164.9718780517578,-0.031810879707336426,1.0653172731399536,0.02250155620276928,-0.13702237606048584,1.1147100925445557,10.982503890991211,-0.24635553359985352,1.0473883152008057,17.497398376464844,-0.09808838367462158,31,456,0.3980855941772461
SLIM*MIX_oms_pat5_fn-scientific_extended_const-small_ints_tabpfn,0c72c85c-8099-11f1-b0d1-2c7ba0e6fa90,synthetic_prior,0,83,0.7749005556106567,0.1471846103668213,87716.0,1.0225335359573364,31.76194190979004,-0.05361759662628174,1.0114878416061401,2047.0335693359375,-0.027498722076416016,1.0146872997283936,165.01620483398438,-0.03236544132232666,1.0662503242492676,0.02252126671373844,-0.1390150785446167,1.1159818172454834,10.995033264160156,-0.2492009401321411,1.048216462135315,17.511234283447266,-0.09982562065124512,32,471,0.3983258008956909
SLIM*MIX_oms_pat5_fn-scientific_extended_const-small_ints_tabpfn,0c72c85c-8099-11f1-b0d1-2c7ba0e6fa90,synthetic_prior,0,84,0.7747098803520203,0.1085054874420166,89654.0,1.0232993364334106,31.785730361938477,-0.055196285247802734,1.012024164199829,2048.11865234375,-0.028588294982910156,1.015282392501831,165.1129913330078,-0.03357672691345215,1.068237066268921,0.022563228383660316,-0.14326345920562744,1.1187140941619873,11.021952629089355,-0.2553253173828125,1.049971580505371,17.54055404663086,-0.10351169109344482,30,427,0.3986218571662903
SLIM*MIX_oms_pat5_fn-scientific_extended_const-small_ints_tabpfn,0c72c85c-8099-11f1-b0d1-2c7ba0e6fa90,synthetic_prior,0,85,0.774394690990448,0.11105203628540039,90008.0,1.0210700035095215,31.71648406982422,-0.05060386657714844,1.0112104415893555,2046.4720458984375,-0.026935219764709473,1.0145022869110107,164.9861297607422,-0.031989216804504395,1.0603996515274048,0.022397687658667564,-0.12654924392700195,1.130566954612732,11.138731002807617,-0.2820667028427124,1.0561292171478271,17.643421173095703,-0.11649274826049805,32,474,0.3991110920906067
SLIM*MIX_oms_pat5_fn-scientific_extended_const-small_ints_tabpfn,0c72c85c-8099-11f1-b0d1-2c7ba0e6fa90,synthetic_prior,0,86,0.774394690990448,0.1324305534362793,91104.0,1.0210700035095215,31.71648406982422,-0.05060386657714844,1.0112104415893555,2046.4720458984375,-0.026935219764709473,1.0145022869110107,164.9861297607422,-0.031989216804504395,1.0603996515274048,0.022397687658667564,-0.12654924392700195,1.130566954612732,11.138731002807617,-0.2820667028427124,1.0561292171478271,17.643421173095703,-0.11649274826049805,32,474,0.3991110920906067
SLIM*MIX_oms_pat5_fn-scientific_extended_const-small_ints_tabpfn,0c72c85c-8099-11f1-b0d1-2c7ba0e6fa90,synthetic_prior,0,87,0.774394690990448,0.1108403205871582,92230.0,1.0210700035095215,31.71648406982422,-0.05060386657714844,1.0112104415893555,2046.4720458984375,-0.026935219764709473,1.0145022869110107,164.9861297607422,-0.031989216804504395,1.0603996515274048,0.022397687658667564,-0.12654924392700195,1.130566954612732,11.138731002807617,-0.2820667028427124,1.0561292171478271,17.643421173095703,-0.11649274826049805,32,474,0.3991110920906067
SLIM*MIX_oms_pat5_fn-scientific_extended_const-small_ints_tabpfn,0c72c85c-8099-11f1-b0d1-2c7ba0e6fa90,synthetic_prior,0,88,0.774394690990448,0.14240789413452148,93687.0,1.0210700035095215,31.71648406982422,-0.05060386657714844,1.0112104415893555,2046.4720458984375,-0.026935219764709473,1.0145022869110107,164.9861297607422,-0.031989216804504395,1.0603996515274048,0.022397687658667564,-0.12654924392700195,1.130566954612732,11.138731002807617,-0.2820667028427124,1.0561292171478271,17.643421173095703,-0.11649274826049805,32,474,0.3991110920906067
SLIM*MIX_oms_pat5_fn-scientific_extended_const-small_ints_tabpfn,0c72c85c-8099-11f1-b0d1-2c7ba0e6fa90,synthetic_prior,0,89,0.7742629647254944,0.17337632179260254,93282.0,1.0247447490692139,31.830629348754883,-0.058179497718811035,1.0129679441452026,2050.02880859375,-0.030507802963256836,1.0159642696380615,165.223876953125,-0.03496551513671875,1.0723481178283691,0.022650063037872314,-0.15208005905151367,1.1249103546142578,11.082999229431152,-0.2692694664001465,1.0538865327835083,17.60595703125,-0.1117560863494873,31,444,0.3993154764175415
SLIM*MIX_oms_pat5_fn-scientific_extended_const-small_ints_tabpfn,0c72c85c-8099-11f1-b0d1-2c7ba0e6fa90,synthetic_prior,0,90,0.7736790180206299,0.1425490379333496,93434.0,1.026080846786499,31.872129440307617,-0.06094062328338623,1.014650821685791,2053.4345703125,-0.033934712409973145,1.0174742937088013,165.46945190429688,-0.03804433345794678,1.0714651346206665,0.022631412371993065,-0.1501835584640503,1.1351209878921509,11.183599472045898,-0.29241621494293213,1.058544397354126,17.68376922607422,-0.1216050386428833,31,437,0.40022116899490356
SLIM*MIX_oms_pat5_fn-scientific_extended_const-small_ints_tabpfn,0c72c85c-8099-11f1-b0d1-2c7ba0e6fa90,synthetic_prior,0,91,0.7736790180206299,0.10560369491577148,94610.0,1.026080846786499,31.872129440307617,-0.06094062328338623,1.014650821685791,2053.4345703125,-0.033934712409973145,1.0174742937088013,165.46945190429688,-0.03804433345794678,1.0714651346206665,0.022631412371993065,-0.1501835584640503,1.1351209878921509,11.183599472045898,-0.29241621494293213,1.058544397354126,17.68376922607422,-0.1216050386428833,31,437,0.40022116899490356
SLIM*MIX_oms_pat5_fn-scientific_extended_const-small_ints_tabpfn,0c72c85c-8099-11f1-b0d1-2c7ba0e6fa90,synthetic_prior,0,92,0.7735236883163452,0.12401390075683594,94514.0,1.0254273414611816,31.851835250854492,-0.05958974361419678,1.0141738653182983,2052.469482421875,-0.032962918281555176,1.0170857906341553,165.40628051757812,-0.037251830101013184,1.0707159042358398,0.0226155873388052,-0.14857566356658936,1.1331063508987427,11.163750648498535,-0.28783249855041504,1.056952714920044,17.657180786132812,-0.11823475360870361,31,441,0.4004620313644409
SLIM*MIX_oms_pat5_fn-scientific_extended_const-small_ints_tabpfn,0c72c85c-8099-11f1-b0d1-2c7ba0e6fa90,synthetic_prior,0,93,0.7733986377716064,0.1428821086883545,95188.0,1.0266087055206299,31.88852882385254,-0.06203258037567139,1.015061378479004,2054.265625,-0.03477156162261963,1.0180385112762451,165.56121826171875,-0.039195895195007324,1.0737552642822266,0.022679783403873444,-0.1551055908203125,1.137563943862915,11.207667350769043,-0.2979849576950073,1.0599040985107422,17.706483840942383,-0.1244884729385376,33,468,0.4006558656692505
SLIM*MIX_oms_pat5_fn-scientific_extended_const-small_ints_tabpfn,0c72c85c-8099-11f1-b0d1-2c7ba0e6fa90,synthetic_prior,0,94,0.7719370722770691,0.13579368591308594,95308.0,1.0257614850997925,31.862213134765625,-0.060280442237854004,1.0143202543258667,2052.765625,-0.03326106071472168,1.0175046920776367,165.4744110107422,-0.038106441497802734,1.074155330657959,0.022688236087560654,-0.15596652030944824,1.1380001306533813,11.21196460723877,-0.2989804744720459,1.0598468780517578,17.705528259277344,-0.12436699867248535,33,467,0.4029189348220825
SLIM*MIX_oms_pat5_fn-scientific_extended_const-small_ints_tabpfn,0c72c85c-8099-11f1-b0d1-2c7ba0e6fa90,synthetic_prior,0,95,0.7719370722770691,0.11725568771362305,96154.0,1.0257614850997925,31.862213134765625,-0.060280442237854004,1.0143202543258667,2052.765625,-0.03326106071472168,1.0175046920776367,165.4744110107422,-0.038106441497802734,1.074155330657959,0.022688236087560654,-0.15596652030944824,1.1380001306533813,11.21196460723877,-0.2989804744720459,1.0598468780517578,17.705528259277344,-0.12436699867248535,33,467,0.4029189348220825
SLIM*MIX_oms_pat5_fn-scientific_extended_const-small_ints_tabpfn,0c72c85c-8099-11f1-b0d1-2c7ba0e6fa90,synthetic_prior,0,96,0.7719370722770691,0.15788936614990234,97636.0,1.0257614850997925,31.862213134765625,-0.060280442237854004,1.0143202543258667,2052.765625,-0.03326106071472168,1.0175046920776367,165.4744110107422,-0.038106441497802734,1.074155330657959,0.022688236087560654,-0.15596652030944824,1.1380001306533813,11.21196460723877,-0.2989804744720459,1.0598468780517578,17.705528259277344,-0.12436699867248535,33,467,0.4029189348220825
SLIM*MIX_oms_pat5_fn-scientific_extended_const-small_ints_tabpfn,0c72c85c-8099-11f1-b0d1-2c7ba0e6fa90,synthetic_prior,0,97,0.7719370722770691,0.14219427108764648,97837.0,1.0257614850997925,31.862213134765625,-0.060280442237854004,1.0143202543258667,2052.765625,-0.03326106071472168,1.0175046920776367,165.4744110107422,-0.038106441497802734,1.074155330657959,0.022688236087560654,-0.15596652030944824,1.1380001306533813,11.21196460723877,-0.2989804744720459,1.0598468780517578,17.705528259277344,-0.12436699867248535,33,467,0.4029189348220825
SLIM*MIX_oms_pat5_fn-scientific_extended_const-small_ints_tabpfn,0c72c85c-8099-11f1-b0d1-2c7ba0e6fa90,synthetic_prior,0,98,0.7718988656997681,0.10990548133850098,98057.0,1.0260199308395386,31.870243072509766,-0.060814857482910156,1.0145102739334106,2053.150146484375,-0.03364825248718262,1.0176799297332764,165.50291442871094,-0.03846418857574463,1.0747255086898804,0.022700278088450432,-0.15719389915466309,1.1391648054122925,11.223440170288086,-0.30164098739624023,1.0605840682983398,17.717844009399414,-0.1259317398071289,33,467,0.4029780626296997
SLIM*MIX_oms_pat5_fn-scientific_extended_const-small_ints_tabpfn,0c72c85c-8099-11f1-b0d1-2c7ba0e6fa90,synthetic_prior,0,99,0.7718123197555542,0.16840887069702148,99042.0,1.0254645347595215,31.852989196777344,-0.05966651439666748,1.0140734910964966,2052.26611328125,-0.032758474349975586,1.017247200012207,165.43252563476562,-0.03758108615875244,1.0733705759048462,0.02267165668308735,-0.15427792072296143,1.1368188858032227,11.200325965881348,-0.2962852716445923,1.0590870380401611,17.692834854125977,-0.12275540828704834,31,440,0.40311199426651
SLIM*MIX_oms_pat5_fn-scientific_extended_const-small_ints_tabpfn,0c72c85c-8099-11f1-b0d1-2c7ba0e6fa90,synthetic_prior,0,100,0.7714052796363831,0.11118483543395996,100047.0,1.0254240036010742,31.851730346679688,-0.05958271026611328,1.0143452882766724,2052.816162109375,-0.033312082290649414,1.0174041986465454,165.45806884765625,-0.03790140151977539,1.0743939876556396,0.022693272680044174,-0.156480073928833,1.142918586730957,11.26042366027832,-0.3102332353591919,1.062556266784668,17.750791549682617,-0.13012290000915527,34,491,0.40374135971069336
SLIM*MIX_oms_pat5_fn-scientific_extended_const-small_ints_tabpfn,0c72c85c-8099-11f1-b0d1-2c7ba0e6fa90,synthetic_prior,0,101,0.7714052796363831,0.11800193786621094,99263.0,1.0254240036010742,31.851730346679688,-0.05958271026611328,1.0143452882766724,2052.816162109375,-0.033312082290649414,1.0174041986465454,165.45806884765625,-0.03790140151977539,1.0743939876556396,0.022693272680044174,-0.156480073928833,1.142918586730957,11.26042366027832,-0.3102332353591919,1.062556266784668,17.750791549682617,-0.13012290000915527,34,491,0.40374135971069336
SLIM*MIX_oms_pat5_fn-scientific_extended_const-small_ints_tabpfn,0c72c85c-8099-11f1-b0d1-2c7ba0e6fa90,synthetic_prior,0,102,0.7705805897712708,0.1320967674255371,99651.0,1.0202288627624512,31.69036102294922,-0.0488736629486084,1.0106396675109863,2045.31689453125,-0.025776028633117676,1.0134185552597046,164.80987548828125,-0.02978527545928955,1.0614631175994873,0.02242015115916729,-0.12881004810333252,1.1231715679168701,11.065868377685547,-0.26534879207611084,1.0496782064437866,17.535654067993164,-0.10289514064788818,35,505,0.40501558780670166
SLIM*MIX_oms_pat5_fn-scientific_extended_const-small_ints_tabpfn,0c72c85c-8099-11f1-b0d1-2c7ba0e6fa90,synthetic_prior,0,103,0.7705805897712708,0.12690162658691406,99160.0,1.0202288627624512,31.69036102294922,-0.0488736629486084,1.0106396675109863,2045.31689453125,-0.025776028633117676,1.0134185552597046,164.80987548828125,-0.02978527545928955,1.0614631175994873,0.02242015115916729,-0.12881004810333252,1.1231715679168701,11.065868377685547,-0.26534879207611084,1.0496782064437866,17.535654067993164,-0.10289514064788818,35,505,0.40501558780670166
SLIM*MIX_oms_pat5_fn-scientific_extended_const-small_ints_tabpfn,0c72c85c-8099-11f1-b0d1-2c7ba0e6fa90,synthetic_prior,0,104,0.7703332304954529,0.11605572700500488,100245.0,1.0208913087844849,31.710935592651367,-0.05023622512817383,1.0111083984375,2046.2655029296875,-0.026727795600891113,1.0139293670654297,164.8929443359375,-0.030823707580566406,1.0632327795028687,0.022457528859376907,-0.1325770616531372,1.1258301734924316,11.092062950134277,-0.27134621143341064,1.0513606071472168,17.563758850097656,-0.10643315315246582,34,490,0.4053974747657776
SLIM*MIX_oms_pat5_fn-scientific_extended_const-small_ints_tabpfn,0c72c85c-8099-11f1-b0d1-2c7ba0e6fa90,synthetic_prior,0,105,0.7703332304954529,0.1113739013671875,102350.0,1.0208913087844849,31.710935592651367,-0.05023622512817383,1.0111083984375,2046.2655029296875,-0.026727795600891113,1.0139293670654297,164.8929443359375,-0.030823707580566406,1.0632327795028687,0.022457528859376907,-0.1325770616531372,1.1258301734924316,11.092062950134277,-0.27134621143341064,1.0513606071472168,17.563758850097656,-0.10643315315246582,34,490,0.4053974747657776
SLIM*MIX_oms_pat5_fn-scientific_extended_const-small_ints_tabpfn,0c72c85c-8099-11f1-b0d1-2c7ba0e6fa90,synthetic_prior,0,106,0.7696055769920349,0.12669849395751953,103940.0,1.0116804838180542,31.42482566833496,-0.03137040138244629,1.0044854879379272,2032.862060546875,-0.013321399688720703,1.0065577030181885,163.6941375732422,-0.015889406204223633,1.0376677513122559,0.021917546167969704,-0.07876718044281006,1.0846062898635864,10.68591022491455,-0.1799464225769043,1.028188943862915,17.176658630371094,-0.05819988250732422,37,533,0.4065203070640564
SLIM*MIX_oms_pat5_fn-scientific_extended_const-small_ints_tabpfn,0c72c85c-8099-11f1-b0d1-2c7ba0e6fa90,synthetic_prior,0,107,0.7696055769920349,0.11739420890808105,103664.0,1.0116804838180542,31.42482566833496,-0.03137040138244629,1.0044854879379272,2032.862060546875,-0.013321399688720703,1.0065577030181885,163.6941375732422,-0.015889406204223633,1.0376677513122559,0.021917546167969704,-0.07876718044281006,1.0846062898635864,10.68591022491455,-0.1799464225769043,1.028188943862915,17.176658630371094,-0.05819988250732422,37,533,0.4065203070640564
SLIM*MIX_oms_pat5_fn-scientific_extended_const-small_ints_tabpfn,0c72c85c-8099-11f1-b0d1-2c7ba0e6fa90,synthetic_prior,0,108,0.7696055769920349,0.11090612411499023,103182.0,1.0116804838180542,31.42482566833496,-0.03137040138244629,1.0044854879379272,2032.862060546875,-0.013321399688720703,1.0065577030181885,163.6941375732422,-0.015889406204223633,1.0376677513122559,0.021917546167969704,-0.07876718044281006,1.0846062898635864,10.68591022491455,-0.1799464225769043,1.028188943862915,17.176658630371094,-0.05819988250732422,37,533,0.4065203070640564
SLIM*MIX_oms_pat5_fn-scientific_extended_const-small_ints_tabpfn,0c72c85c-8099-11f1-b0d1-2c7ba0e6fa90,synthetic_prior,0,109,0.7696055769920349,0.1898791790008545,104027.0,1.0116804838180542,31.42482566833496,-0.03137040138244629,1.0044854879379272,2032.862060546875,-0.013321399688720703,1.0065577030181885,163.6941375732422,-0.015889406204223633,1.0376677513122559,0.021917546167969704,-0.07876718044281006,1.0846062898635864,10.68591022491455,-0.1799464225769043,1.028188943862915,17.176658630371094,-0.05819988250732422,37,533,0.4065203070640564
SLIM*MIX_oms_pat5_fn-scientific_extended_const-small_ints_tabpfn,0c72c85c-8099-11f1-b0d1-2c7ba0e6fa90,synthetic_prior,0,110,0.7696055769920349,0.12490105628967285,103654.0,1.0116804838180542,31.42482566833496,-0.03137040138244629,1.0044854879379272,2032.862060546875,-0.013321399688720703,1.0065577030181885,163.6941375732422,-0.015889406204223633,1.0376677513122559,0.021917546167969704,-0.07876718044281006,1.0846062898635864,10.68591022491455,-0.1799464225769043,1.028188943862915,17.176658630371094,-0.05819988250732422,37,533,0.4065203070640564
SLIM*MIX_oms_pat5_fn-scientific_extended_const-small_ints_tabpfn,0c72c85c-8099-11f1-b0d1-2c7ba0e6fa90,synthetic_prior,0,111,0.7696055769920349,0.14203357696533203,52592.0,1.0116804838180542,31.42482566833496,-0.03137040138244629,1.0044854879379272,2032.862060546875,-0.013321399688720703,1.0065577030181885,163.6941375732422,-0.015889406204223633,1.0376677513122559,0.021917546167969704,-0.07876718044281006,1.0846062898635864,10.68591022491455,-0.1799464225769043,1.028188943862915,17.176658630371094,-0.05819988250732422,37,533,0.4065203070640564
SLIM*MIX_oms_pat5_fn-scientific_extended_const-small_ints_tabpfn,0c72c85c-8099-11f1-b0d1-2c7ba0e6fa90,synthetic_prior,0,112,0.7694475054740906,0.12296748161315918,78360.0,1.0194370746612549,31.665760040283203,-0.04724609851837158,1.0099979639053345,2044.018310546875,-0.024473905563354492,1.0130356550216675,164.7476043701172,-0.029007315635681152,1.061858057975769,0.022428492084145546,-0.12965023517608643,1.1205095052719116,11.039641380310059,-0.2593576908111572,1.048433780670166,17.514862060546875,-0.1002814769744873,36,517,0.40676403045654297
SLIM*MIX_oms_pat5_fn-scientific_extended_const-small_ints_tabpfn,0c72c85c-8099-11f1-b0d1-2c7ba0e6fa90,synthetic_prior,0,113,0.7694475054740906,0.12546682357788086,94084.0,1.0194370746612549,31.665760040283203,-0.04724609851837158,1.0099979639053345,2044.018310546875,-0.024473905563354492,1.0130356550216675,164.7476043701172,-0.029007315635681152,1.061858057975769,0.022428492084145546,-0.12965023517608643,1.1205095052719116,11.039641380310059,-0.2593576908111572,1.048433780670166,17.514862060546875,-0.1002814769744873,36,517,0.40676403045654297
SLIM*MIX_oms_pat5_fn-scientific_extended_const-small_ints_tabpfn,0c72c85c-8099-11f1-b0d1-2c7ba0e6fa90,synthetic_prior,0,114,0.7693551182746887,0.10851049423217773,103975.0,1.0286883115768433,31.953123092651367,-0.06633961200714111,1.0165821313858032,2057.34326171875,-0.037874460220336914,1.0207343101501465,165.9996337890625,-0.04470682144165039,1.0891562700271606,0.023005081340670586,-0.18847870826721191,1.1609286069869995,11.437864303588867,-0.3518517017364502,1.0737172365188599,17.93724250793457,-0.15398919582366943,35,504,0.4069065451622009
SLIM*MIX_oms_pat5_fn-scientific_extended_const-small_ints_tabpfn,0c72c85c-8099-11f1-b0d1-2c7ba0e6fa90,synthetic_prior,0,115,0.769305944442749,0.10988283157348633,104397.0,1.0103963613510132,31.384939193725586,-0.02875387668609619,1.0033904314041138,2030.6461181640625,-0.011113286018371582,1.0054603815078735,163.5156707763672,-0.013675689697265625,1.0322493314743042,0.021803097799420357,-0.06753039360046387,1.0770364999771118,10.611330032348633,-0.16353356838226318,1.0252255201339722,17.127153396606445,-0.0521087646484375,40,573,0.4069823622703552
SLIM*MIX_oms_pat5_fn-scientific_extended_const-small_ints_tabpfn,0c72c85c-8099-11f1-b0d1-2c7ba0e6fa90,synthetic_prior,0,116,0.7687679529190063,0.12217473983764648,103706.0,1.0251784324645996,31.844099044799805,-0.059075355529785156,1.0139573812484741,2052.031494140625,-0.03252208232879639,1.0182322263717651,165.5927276611328,-0.03959155082702637,1.0817722082138062,0.02284911833703518,-0.17241859436035156,1.1508479118347168,11.338544845581055,-0.32847654819488525,1.0671459436416626,17.827465057373047,-0.13990700244903564,33,478,0.4078114628791809
SLIM*MIX_oms_pat5_fn-scientific_extended_const-small_ints_tabpfn,0c72c85c-8099-11f1-b0d1-2c7ba0e6fa90,synthetic_prior,0,117,0.7687679529190063,0.10938692092895508,105519.0,1.0251784324645996,31.844099044799805,-0.059075355529785156,1.0139573812484741,2052.031494140625,-0.03252208232879639,1.0182322263717651,165.5927276611328,-0.03959155082702637,1.0817722082138062,0.02284911833703518,-0.17241859436035156,1.1508479118347168,11.338544845581055,-0.32847654819488525,1.0671459436416626,17.827465057373047,-0.13990700244903564,33,478,0.4078114628791809
SLIM*MIX_oms_pat5_fn-scientific_extended_const-small_ints_tabpfn,0c72c85c-8099-11f1-b0d1-2c7ba0e6fa90,synthetic_prior,0,118,0.7687679529190063,0.14727783203125,106601.0,1.0251784324645996,31.844099044799805,-0.059075355529785156,1.0139573812484741,2052.031494140625,-0.03252208232879639,1.0182322263717651,165.5927276611328,-0.03959155082702637,1.0817722082138062,0.02284911833703518,-0.17241859436035156,1.1508479118347168,11.338544845581055,-0.32847654819488525,1.0671459436416626,17.827465057373047,-0.13990700244903564,33,478,0.4078114628791809
SLIM*MIX_oms_pat5_fn-scientific_extended_const-small_ints_tabpfn,0c72c85c-8099-11f1-b0d1-2c7ba0e6fa90,synthetic_prior,0,119,0.7687679529190063,0.13224005699157715,106379.0,1.0251784324645996,31.844099044799805,-0.059075355529785156,1.0139573812484741,2052.031494140625,-0.03252208232879639,1.0182322263717651,165.5927276611328,-0.03959155082702637,1.0817722082138062,0.02284911833703518,-0.17241859436035156,1.1508479118347168,11.338544845581055,-0.32847654819488525,1.0671459436416626,17.827465057373047,-0.13990700244903564,33,478,0.4078114628791809
SLIM*MIX_oms_pat5_fn-scientific_extended_const-small_ints_tabpfn,0c72c85c-8099-11f1-b0d1-2c7ba0e6fa90,synthetic_prior,0,120,0.7687679529190063,0.13590741157531738,106594.0,1.0251784324645996,31.844099044799805,-0.059075355529785156,1.0139573812484741,2052.031494140625,-0.03252208232879639,1.0182322263717651,165.5927276611328,-0.03959155082702637,1.0817722082138062,0.02284911833703518,-0.17241859436035156,1.1508479118347168,11.338544845581055,-0.32847654819488525,1.0671459436416626,17.827465057373047,-0.13990700244903564,33,478,0.4078114628791809
SLIM*MIX_oms_pat5_fn-scientific_extended_const-small_ints_tabpfn,0c72c85c-8099-11f1-b0d1-2c7ba0e6fa90,synthetic_prior,0,121,0.7682317495346069,0.1282494068145752,106376.0,1.0233303308486938,31.786693572998047,-0.055260300636291504,1.0125759840011597,2049.235595703125,-0.02971053123474121,1.0164849758148193,165.30857849121094,-0.036026835441589355,1.0763397216796875,0.022734373807907104,-0.16067278385162354,1.139418125152588,11.225935935974121,-0.30221986770629883,1.060971975326538,17.72432518005371,-0.1267554759979248,35,523,0.40863728523254395
SLIM*MIX_oms_pat5_fn-scientific_extended_const-small_ints_tabpfn,0c72c85c-8099-11f1-b0d1-2c7ba0e6fa90,synthetic_prior,0,122,0.7682206034660339,0.10445928573608398,107340.0,1.022947072982788,31.774789810180664,-0.054470062255859375,1.0123064517974854,2048.690185546875,-0.02916240692138672,1.0161828994750977,165.2594451904297,-0.03541111946105957,1.0752736330032349,0.02271185629069805,-0.15837466716766357,1.1378755569458008,11.210737228393555,-0.29869627952575684,1.0599701404571533,17.70758819580078,-0.12462842464447021,34,508,0.40865445137023926
SLIM*MIX_oms_pat5_fn-scientific_extended_const-small_ints_tabpfn,0c72c85c-8099-11f1-b0d1-2c7ba0e6fa90,synthetic_prior,0,123,0.7682206034660339,0.14731407165527344,108155.0,1.022947072982788,31.774789810180664,-0.054470062255859375,1.0123064517974854,2048.690185546875,-0.02916240692138672,1.0161828994750977,165.2594451904297,-0.03541111946105957,1.0752736330032349,0.02271185629069805,-0.15837466716766357,1.1378755569458008,11.210737228393555,-0.29869627952575684,1.0599701404571533,17.70758819580078,-0.12462842464447021,34,508,0.40865445137023926
SLIM*MIX_oms_pat5_fn-scientific_extended_const-small_ints_tabpfn,0c72c85c-8099-11f1-b0d1-2c7ba0e6fa90,synthetic_prior,0,124,0.7682206034660339,0.22184276580810547,107624.0,1.022947072982788,31.774789810180664,-0.054470062255859375,1.0123064517974854,2048.690185546875,-0.02916240692138672,1.0161828994750977,165.2594451904297,-0.03541111946105957,1.0752736330032349,0.02271185629069805,-0.15837466716766357,1.1378755569458008,11.210737228393555,-0.29869627952575684,1.0599701404571533,17.70758819580078,-0.12462842464447021,34,508,0.40865445137023926
SLIM*MIX_oms_pat5_fn-scientific_extended_const-small_ints_tabpfn,0c72c85c-8099-11f1-b0d1-2c7ba0e6fa90,synthetic_prior,0,125,0.7682086229324341,0.12690329551696777,107455.0,1.0230743885040283,31.778745651245117,-0.054732680320739746,1.0123955011367798,2048.870361328125,-0.029343485832214355,1.0162794589996338,165.27516174316406,-0.03560781478881836,1.075635313987732,0.0227194931358099,-0.15915405750274658,1.1383824348449707,11.215731620788574,-0.29985344409942627,1.0602977275848389,17.71306037902832,-0.12532389163970947,35,522,0.40867292881011963
SLIM*MIX_oms_pat5_fn-scientific_extended_const-small_ints_tabpfn,0c72c85c-8099-11f1-b0d1-2c7ba0e6fa90,synthetic_prior,0,126,0.7682086229324341,0.1260232925415039,107291.0,1.0230743885040283,31.778745651245117,-0.054732680320739746,1.0123955011367798,2048.870361328125,-0.029343485832214355,1.0162794589996338,165.27516174316406,-0.03560781478881836,1.075635313987732,0.0227194931358099,-0.15915405750274658,1.1383824348449707,11.215731620788574,-0.29985344409942627,1.0602977275848389,17.71306037902832,-0.12532389163970947,35,522,0.40867292881011963
SLIM*MIX_oms_pat5_fn-scientific_extended_const-small_ints_tabpfn,0c72c85c-8099-11f1-b0d1-2c7ba0e6fa90,synthetic_prior,0,127,0.7666447758674622,0.1268749237060547,105890.0,1.023415207862854,31.789329528808594,-0.05543553829193115,1.0123162269592285,2048.709716796875,-0.02918219566345215,1.0164108276367188,165.2965087890625,-0.035875558853149414,1.0773369073867798,0.02275543287396431,-0.16282439231872559,1.1424702405929565,11.256006240844727,-0.3092055320739746,1.0614525079727173,17.732349395751953,-0.1277761459350586,36,537,0.41107791662216187
SLIM*MIX_oms_pat5_fn-scientific_extended_const-small_ints_tabpfn,0c72c85c-8099-11f1-b0d1-2c7ba0e6fa90,synthetic_prior,0,128,0.7666447758674622,0.10999727249145508,106599.0,1.023415207862854,31.789329528808594,-0.05543553829193115,1.0123162269592285,2048.709716796875,-0.02918219566345215,1.0164108276367188,165.2965087890625,-0.035875558853149414,1.0773369073867798,0.02275543287396431,-0.16282439231872559,1.1424702405929565,11.256006240844727,-0.3092055320739746,1.0614525079727173,17.732349395751953,-0.1277761459350586,36,537,0.41107791662216187
SLIM*MIX_oms_pat5_fn-scientific_extended_const-small_ints_tabpfn,0c72c85c-8099-11f1-b0d1-2c7ba0e6fa90,synthetic_prior,0,129,0.7666447758674622,0.11027693748474121,106725.0,1.023415207862854,31.789329528808594,-0.05543553829193115,1.0123162269592285,2048.709716796875,-0.02918219566345215,1.0164108276367188,165.2965087890625,-0.035875558853149414,1.0773369073867798,0.02275543287396431,-0.16282439231872559,1.1424702405929565,11.256006240844727,-0.3092055320739746,1.0614525079727173,17.732349395751953,-0.1277761459350586,36,537,0.41107791662216187
SLIM*MIX_oms_pat5_fn-scientific_extended_const-small_ints_tabpfn,0c72c85c-8099-11f1-b0d1-2c7ba0e6fa90,synthetic_prior,0,130,0.7666447758674622,0.11042642593383789,106864.0,1.023415207862854,31.789329528808594,-0.05543553829193115,1.0123162269592285,2048.709716796875,-0.02918219566345215,1.0164108276367188,165.2965087890625,-0.035875558853149414,1.0773369073867798,0.02275543287396431,-0.16282439231872559,1.1424702405929565,11.256006240844727,-0.3092055320739746,1.0614525079727173,17.732349395751953,-0.1277761459350586,36,537,0.41107791662216187
SLIM*MIX_oms_pat5_fn-scientific_extended_const-small_ints_tabpfn,0c72c85c-8099-11f1-b0d1-2c7ba0e6fa90,synthetic_prior,0,131,0.7662875652313232,0.12600231170654297,107341.0,1.0192233324050903,31.659122467041016,-0.046807050704956055,1.0094188451766968,2042.84619140625,-0.023299455642700195,1.0131102800369263,164.75973510742188,-0.029158830642700195,1.0655395984649658,0.02250625193119049,-0.1374969482421875,1.1251251697540283,11.085116386413574,-0.26975440979003906,1.0505547523498535,17.550294876098633,-0.10473775863647461,35,525,0.4116266369819641
SLIM*MIX_oms_pat5_fn-scientific_extended_const-small_ints_tabpfn,0c72c85c-8099-11f1-b0d1-2c7ba0e6fa90,synthetic_prior,0,132,0.7662875652313232,0.11048531532287598,108038.0,1.0192233324050903,31.659122467041016,-0.046807050704956055,1.0094188451766968,2042.84619140625,-0.023299455642700195,1.0131102800369263,164.75973510742188,-0.029158830642700195,1.0655395984649658,0.02250625193119049,-0.1374969482421875,1.1251251697540283,11.085116386413574,-0.26975440979003906,1.0505547523498535,17.550294876098633,-0.10473775863647461,35,525,0.4116266369819641
SLIM*MIX_oms_pat5_fn-scientific_extended_const-small_ints_tabpfn,0c72c85c-8099-11f1-b0d1-2c7ba0e6fa90,synthetic_prior,0,133,0.7658924460411072,0.12757110595703125,108763.0,1.0207504034042358,31.70655632019043,-0.04994606971740723,1.0104535818099976,2044.9404296875,-0.0253983736038208,1.0141876935958862,164.9349822998047,-0.03134918212890625,1.0690997838974,0.022581450641155243,-0.14511096477508545,1.131388783454895,11.146827697753906,-0.28393125534057617,1.0546272993087769,17.618330001831055,-0.11331963539123535,34,509,0.41223323345184326
SLIM*MIX_oms_pat5_fn-scientific_extended_const-small_ints_tabpfn,0c72c85c-8099-11f1-b0d1-2c7ba0e6fa90,synthetic_prior,0,134,0.7658924460411072,0.12659358978271484,108331.0,1.0207504034042358,31.70655632019043,-0.04994606971740723,1.0104535818099976,2044.9404296875,-0.0253983736038208,1.0141876935958862,164.9349822998047,-0.03134918212890625,1.0690997838974,0.022581450641155243,-0.14511096477508545,1.131388783454895,11.146827697753906,-0.28393125534057617,1.0546272993087769,17.618330001831055,-0.11331963539123535,34,509,0.41223323345184326
SLIM*MIX_oms_pat5_fn-scientific_extended_const-small_ints_tabpfn,0c72c85c-8099-11f1-b0d1-2c7ba0e6fa90,synthetic_prior,0,135,0.7657232284545898,0.14437460899353027,106933.0,1.0208367109298706,31.709238052368164,-0.05012392997741699,1.0104783773422241,2044.9906005859375,-0.02544867992401123,1.01414954662323,164.92877197265625,-0.03127157688140869,1.0684475898742676,0.02256767638027668,-0.1437143087387085,1.1313436031341553,11.146382331848145,-0.2838287353515625,1.0543276071548462,17.613323211669922,-0.1126868724822998,36,538,0.4124929904937744
SLIM*MIX_oms_pat5_fn-scientific_extended_const-small_ints_tabpfn,0c72c85c-8099-11f1-b0d1-2c7ba0e6fa90,synthetic_prior,0,136,0.7657232284545898,0.12178635597229004,106901.0,1.0208367109298706,31.709238052368164,-0.05012392997741699,1.0104783773422241,2044.9906005859375,-0.02544867992401123,1.01414954662323,164.92877197265625,-0.03127157688140869,1.0684475898742676,0.02256767638027668,-0.1437143087387085,1.1313436031341553,11.146382331848145,-0.2838287353515625,1.0543276071548462,17.613323211669922,-0.1126868724822998,36,538,0.4124929904937744
SLIM*MIX_oms_pat5_fn-scientific_extended_const-small_ints_tabpfn,0c72c85c-8099-11f1-b0d1-2c7ba0e6fa90,synthetic_prior,0,137,0.7657232284545898,0.1267714500427246,106223.0,1.0208367109298706,31.709238052368164,-0.05012392997741699,1.0104783773422241,2044.9906005859375,-0.02544867992401123,1.01414954662323,164.92877197265625,-0.03127157688140869,1.0684475898742676,0.02256767638027668,-0.1437143087387085,1.1313436031341553,11.146382331848145,-0.2838287353515625,1.0543276071548462,17.613323211669922,-0.1126868724822998,36,538,0.4124929904937744
SLIM*MIX_oms_pat5_fn-scientific_extended_const-small_ints_tabpfn,0c72c85c-8099-11f1-b0d1-2c7ba0e6fa90,synthetic_prior,0,138,0.7657232284545898,0.15878915786743164,107170.0,1.0208367109298706,31.709238052368164,-0.05012392997741699,1.0104783773422241,2044.9906005859375,-0.02544867992401123,1.01414954662323,164.92877197265625,-0.03127157688140869,1.0684475898742676,0.02256767638027668,-0.1437143087387085,1.1313436031341553,11.146382331848145,-0.2838287353515625,1.0543276071548462,17.613323211669922,-0.1126868724822998,36,538,0.4124929904937744
SLIM*MIX_oms_pat5_fn-scientific_extended_const-small_ints_tabpfn,0c72c85c-8099-11f1-b0d1-2c7ba0e6fa90,synthetic_prior,0,139,0.7657232284545898,0.11143088340759277,107310.0,1.0208367109298706,31.709238052368164,-0.05012392997741699,1.0104783773422241,2044.9906005859375,-0.02544867992401123,1.01414954662323,164.92877197265625,-0.03127157688140869,1.0684475898742676,0.02256767638027668,-0.1437143087387085,1.1313436031341553,11.146382331848145,-0.2838287353515625,1.0543276071548462,17.613323211669922,-0.1126868724822998,36,538,0.4124929904937744
SLIM*MIX_oms_pat5_fn-scientific_extended_const-small_ints_tabpfn,0c72c85c-8099-11f1-b0d1-2c7ba0e6fa90,synthetic_prior,0,140,0.7657232284545898,0.17686247825622559,54948.0,1.0208367109298706,31.709238052368164,-0.05012392997741699,1.0104783773422241,2044.9906005859375,-0.02544867992401123,1.01414954662323,164.92877197265625,-0.03127157688140869,1.0684475898742676,0.02256767638027668,-0.1437143087387085,1.1313436031341553,11.146382331848145,-0.2838287353515625,1.0543276071548462,17.613323211669922,-0.1126868724822998,36,538,0.4124929904937744
SLIM*MIX_oms_pat5_fn-scientific_extended_const-small_ints_tabpfn,0c72c85c-8099-11f1-b0d1-2c7ba0e6fa90,synthetic_prior,0,141,0.7657232284545898,0.1421947479248047,85031.0,1.0208367109298706,31.709238052368164,-0.05012392997741699,1.0104783773422241,2044.9906005859375,-0.02544867992401123,1.01414954662323,164.92877197265625,-0.03127157688140869,1.0684475898742676,0.02256767638027668,-0.1437143087387085,1.1313436031341553,11.146382331848145,-0.2838287353515625,1.0543276071548462,17.613323211669922,-0.1126868724822998,36,538,0.4124929904937744
SLIM*MIX_oms_pat5_fn-scientific_extended_const-small_ints_tabpfn,0c72c85c-8099-11f1-b0d1-2c7ba0e6fa90,synthetic_prior,0,142,0.7656537294387817,0.14251375198364258,104876.0,1.0207959413528442,31.707971572875977,-0.05003988742828369,1.010442852973938,2044.918701171875,-0.02537667751312256,1.014094352722168,164.91978454589844,-0.031159400939941406,1.0682501792907715,0.0225635077804327,-0.14329159259796143,1.1310946941375732,11.143930435180664,-0.28326404094696045,1.054180383682251,17.610864639282227,-0.11237621307373047,37,555,0.4125995635986328
SLIM*MIX_oms_pat5_fn-scientific_extended_const-small_ints_tabpfn,0c72c85c-8099-11f1-b0d1-2c7ba0e6fa90,synthetic_prior,0,143,0.7656537294387817,0.11047649383544922,108582.0,1.0207959413528442,31.707971572875977,-0.05003988742828369,1.010442852973938,2044.918701171875,-0.02537667751312256,1.014094352722168,164.91978454589844,-0.031159400939941406,1.0682501792907715,0.0225635077804327,-0.14329159259796143,1.1310946941375732,11.143930435180664,-0.28326404094696045,1.054180383682251,17.610864639282227,-0.11237621307373047,37,555,0.4125995635986328
SLIM*MIX_oms_pat5_fn-scientific_extended_const-small_ints_tabpfn,0c72c85c-8099-11f1-b0d1-2c7ba0e6fa90,synthetic_prior,0,144,0.7656537294387817,0.12834477424621582,109333.0,1.0207959413528442,31.707971572875977,-0.05003988742828369,1.010442852973938,2044.918701171875,-0.02537667751312256,1.014094352722168,164.91978454589844,-0.031159400939941406,1.0682501792907715,0.0225635077804327,-0.14329159259796143,1.1310946941375732,11.143930435180664,-0.28326404094696045,1.054180383682251,17.610864639282227,-0.11237621307373047,37,555,0.4125995635986328
SLIM*MIX_oms_pat5_fn-scientific_extended_const-small_ints_tabpfn,0c72c85c-8099-11f1-b0d1-2c7ba0e6fa90,synthetic_prior,0,145,0.7656537294387817,0.13634562492370605,111584.0,1.0207959413528442,31.707971572875977,-0.05003988742828369,1.010442852973938,2044.918701171875,-0.02537667751312256,1.014094352722168,164.91978454589844,-0.031159400939941406,1.0682501792907715,0.0225635077804327,-0.14329159259796143,1.1310946941375732,11.143930435180664,-0.28326404094696045,1.054180383682251,17.610864639282227,-0.11237621307373047,37,555,0.4125995635986328
SLIM*MIX_oms_pat5_fn-scientific_extended_const-small_ints_tabpfn,0c72c85c-8099-11f1-b0d1-2c7ba0e6fa90,synthetic_prior,0,146,0.7656537294387817,0.14115595817565918,113202.0,1.0207959413528442,31.707971572875977,-0.05003988742828369,1.010442852973938,2044.918701171875,-0.02537667751312256,1.014094352722168,164.91978454589844,-0.031159400939941406,1.0682501792907715,0.0225635077804327,-0.14329159259796143,1.1310946941375732,11.143930435180664,-0.28326404094696045,1.054180383682251,17.610864639282227,-0.11237621307373047,37,555,0.4125995635986328
SLIM*MIX_oms_pat5_fn-scientific_extended_const-small_ints_tabpfn,0c72c85c-8099-11f1-b0d1-2c7ba0e6fa90,synthetic_prior,0,147,0.7655625939369202,0.12616229057312012,114997.0,1.0194900035858154,31.66740608215332,-0.047354936599731445,1.009539008140564,2043.0894775390625,-0.023543119430541992,1.0130739212036133,164.7538299560547,-0.02908492088317871,1.0644246339797974,0.022482704371213913,-0.135117769241333,1.1249266862869263,11.083161354064941,-0.2693065404891968,1.0505893230438232,17.550874710083008,-0.10481059551239014,36,545,0.4127393364906311
SLIM*MIX_oms_pat5_fn-scientific_extended_const-small_ints_tabpfn,0c72c85c-8099-11f1-b0d1-2c7ba0e6fa90,synthetic_prior,0,148,0.7655625939369202,0.12358283996582031,114830.0,1.0194900035858154,31.66740608215332,-0.047354936599731445,1.009539008140564,2043.0894775390625,-0.023543119430541992,1.0130739212036133,164.7538299560547,-0.02908492088317871,1.0644246339797974,0.022482704371213913,-0.135117769241333,1.1249266862869263,11.083161354064941,-0.2693065404891968,1.0505893230438232,17.550874710083008,-0.10481059551239014,36,545,0.4127393364906311
SLIM*MIX_oms_pat5_fn-scientific_extended_const-small_ints_tabpfn,0c72c85c-8099-11f1-b0d1-2c7ba0e6fa90,synthetic_prior,0,149,0.7655625939369202,0.14311742782592773,113576.0,1.0194900035858154,31.66740608215332,-0.047354936599731445,1.009539008140564,2043.0894775390625,-0.023543119430541992,1.0130739212036133,164.7538299560547,-0.02908492088317871,1.0644246339797974,0.022482704371213913,-0.135117769241333,1.1249266862869263,11.083161354064941,-0.2693065404891968,1.0505893230438232,17.550874710083008,-0.10481059551239014,36,545,0.4127393364906311
SLIM*MIX_oms_pat5_fn-scientific_extended_const-small_ints_tabpfn,0c72c85c-8099-11f1-b0d1-2c7ba0e6fa90,synthetic_prior,0,150,0.7655625939369202,0.10687589645385742,113624.0,1.0194900035858154,31.66740608215332,-0.047354936599731445,1.009539008140564,2043.0894775390625,-0.023543119430541992,1.0130739212036133,164.7538299560547,-0.02908492088317871,1.0644246339797974,0.022482704371213913,-0.135117769241333,1.1249266862869263,11.083161354064941,-0.2693065404891968,1.0505893230438232,17.550874710083008,-0.10481059551239014,36,545,0.4127393364906311
SLIM*MIX_oms_pat5_fn-scientific_extended_const-small_ints_tabpfn,0c72c85c-8099-11f1-b0d1-2c7ba0e6fa90,synthetic_prior,0,151,0.7655625939369202,0.14520573616027832,112639.0,1.0194900035858154,31.66740608215332,-0.047354936599731445,1.009539008140564,2043.0894775390625,-0.023543119430541992,1.0130739212036133,164.7538299560547,-0.02908492088317871,1.0644246339797974,0.022482704371213913,-0.135117769241333,1.1249266862869263,11.083161354064941,-0.2693065404891968,1.0505893230438232,17.550874710083008,-0.10481059551239014,36,545,0.4127393364906311
SLIM*MIX_oms_pat5_fn-scientific_extended_const-small_ints_tabpfn,0c72c85c-8099-11f1-b0d1-2c7ba0e6fa90,synthetic_prior,0,152,0.7655625939369202,0.15910077095031738,56506.0,1.0194900035858154,31.66740608215332,-0.047354936599731445,1.009539008140564,2043.0894775390625,-0.023543119430541992,1.0130739212036133,164.7538299560547,-0.02908492088317871,1.0644246339797974,0.022482704371213913,-0.135117769241333,1.1249266862869263,11.083161354064941,-0.2693065404891968,1.0505893230438232,17.550874710083008,-0.10481059551239014,36,545,0.4127393364906311
SLIM*MIX_oms_pat5_fn-scientific_extended_const-small_ints_tabpfn,0c72c85c-8099-11f1-b0d1-2c7ba0e6fa90,synthetic_prior,0,153,0.7655625939369202,0.1737990379333496,85965.0,1.0194900035858154,31.66740608215332,-0.047354936599731445,1.009539008140564,2043.0894775390625,-0.023543119430541992,1.0130739212036133,164.7538299560547,-0.02908492088317871,1.0644246339797974,0.022482704371213913,-0.135117769241333,1.1249266862869263,11.083161354064941,-0.2693065404891968,1.0505893230438232,17.550874710083008,-0.10481059551239014,36,545,0.4127393364906311
SLIM*MIX_oms_pat5_fn-scientific_extended_const-small_ints_tabpfn,0c72c85c-8099-11f1-b0d1-2c7ba0e6fa90,synthetic_prior,0,154,0.7655066847801208,0.12697839736938477,101992.0,1.0191658735275269,31.65734100341797,-0.04668915271759033,1.009319543838501,2042.645263671875,-0.023098111152648926,1.0128260850906372,164.71351623535156,-0.028581619262695312,1.063532829284668,0.02246386744081974,-0.13321661949157715,1.123567819595337,11.06977367401123,-0.26624178886413574,1.0497585535049438,17.536996841430664,-0.10306394100189209,35,530,0.41282516717910767
SLIM*MIX_oms_pat5_fn-scientific_extended_const-small_ints_tabpfn,0c72c85c-8099-11f1-b0d1-2c7ba0e6fa90,synthetic_prior,0,155,0.7655066847801208,0.12662696838378906,105974.0,1.0191658735275269,31.65734100341797,-0.04668915271759033,1.009319543838501,2042.645263671875,-0.023098111152648926,1.0128260850906372,164.71351623535156,-0.028581619262695312,1.063532829284668,0.02246386744081974,-0.13321661949157715,1.123567819595337,11.06977367401123,-0.26624178886413574,1.0497585535049438,17.536996841430664,-0.10306394100189209,35,530,0.41282516717910767
SLIM*MIX_oms_pat5_fn-scientific_extended_const-small_ints_tabpfn,0c72c85c-8099-11f1-b0d1-2c7ba0e6fa90,synthetic_prior,0,156,0.7654414176940918,0.09494471549987793,106810.0,1.020789623260498,31.70777702331543,-0.05002701282501221,1.0104409456253052,2044.91455078125,-0.025372624397277832,1.0140925645828247,164.9194793701172,-0.03115546703338623,1.0683329105377197,0.02256525307893753,-0.14346885681152344,1.1313951015472412,11.146889686584473,-0.2839456796646118,1.0543303489685059,17.613370895385742,-0.11269283294677734,38,570,0.41292524337768555
SLIM*MIX_oms_pat5_fn-scientific_extended_const-small_ints_tabpfn,0c72c85c-8099-11f1-b0d1-2c7ba0e6fa90,synthetic_prior,0,157,0.7654414176940918,0.1221466064453125,106938.0,1.020789623260498,31.70777702331543,-0.05002701282501221,1.0104409456253052,2044.91455078125,-0.025372624397277832,1.0140925645828247,164.9194793701172,-0.03115546703338623,1.0683329105377197,0.02256525307893753,-0.14346885681152344,1.1313951015472412,11.146889686584473,-0.2839456796646118,1.0543303489685059,17.613370895385742,-0.11269283294677734,38,570,0.41292524337768555
SLIM*MIX_oms_pat5_fn-scientific_extended_const-small_ints_tabpfn,0c72c85c-8099-11f1-b0d1-2c7ba0e6fa90,synthetic_prior,0,158,0.7654414176940918,0.12747597694396973,106725.0,1.020789623260498,31.70777702331543,-0.05002701282501221,1.0104409456253052,2044.91455078125,-0.025372624397277832,1.0140925645828247,164.9194793701172,-0.03115546703338623,1.0683329105377197,0.02256525307893753,-0.14346885681152344,1.1313951015472412,11.146889686584473,-0.2839456796646118,1.0543303489685059,17.613370895385742,-0.11269283294677734,38,570,0.41292524337768555
SLIM*MIX_oms_pat5_fn-scientific_extended_const-small_ints_tabpfn,0c72c85c-8099-11f1-b0d1-2c7ba0e6fa90,synthetic_prior,0,159,0.7651951909065247,0.11953949928283691,107137.0,1.0190904140472412,31.654993057250977,-0.046534180641174316,1.0092973709106445,2042.6004638671875,-0.02305316925048828,1.012892723083496,164.724365234375,-0.02871692180633545,1.0650402307510376,0.022495705634355545,-0.13643109798431396,1.1217565536499023,11.05192756652832,-0.26216256618499756,1.0491364002227783,17.526601791381836,-0.10175681114196777,39,584,0.4133028984069824
SLIM*MIX_oms_pat5_fn-scientific_extended_const-small_ints_tabpfn,0c72c85c-8099-11f1-b0d1-2c7ba0e6fa90,synthetic_prior,0,160,0.7651951909065247,0.12718987464904785,107715.0,1.0190904140472412,31.654993057250977,-0.046534180641174316,1.0092973709106445,2042.6004638671875,-0.02305316925048828,1.012892723083496,164.724365234375,-0.02871692180633545,1.0650402307510376,0.022495705634355545,-0.13643109798431396,1.1217565536499023,11.05192756652832,-0.26216256618499756,1.0491364002227783,17.526601791381836,-0.10175681114196777,39,584,0.4133028984069824
SLIM*MIX_oms_pat5_fn-scientific_extended_const-small_ints_tabpfn,0c72c85c-8099-11f1-b0d1-2c7ba0e6fa90,synthetic_prior,0,161,0.7651951909065247,0.10995197296142578,109326.0,1.0190904140472412,31.654993057250977,-0.046534180641174316,1.0092973709106445,2042.6004638671875,-0.02305316925048828,1.012892723083496,164.724365234375,-0.02871692180633545,1.0650402307510376,0.022495705634355545,-0.13643109798431396,1.1217565536499023,11.05192756652832,-0.26216256618499756,1.0491364002227783,17.526601791381836,-0.10175681114196777,39,584,0.4133028984069824
SLIM*MIX_oms_pat5_fn-scientific_extended_const-small_ints_tabpfn,0c72c85c-8099-11f1-b0d1-2c7ba0e6fa90,synthetic_prior,0,162,0.7651951909065247,0.11052966117858887,108814.0,1.0190904140472412,31.654993057250977,-0.046534180641174316,1.0092973709106445,2042.6004638671875,-0.02305316925048828,1.012892723083496,164.724365234375,-0.02871692180633545,1.0650402307510376,0.022495705634355545,-0.13643109798431396,1.1217565536499023,11.05192756652832,-0.26216256618499756,1.0491364002227783,17.526601791381836,-0.10175681114196777,39,584,0.4133028984069824
SLIM*MIX_oms_pat5_fn-scientific_extended_const-small_ints_tabpfn,0c72c85c-8099-11f1-b0d1-2c7ba0e6fa90,synthetic_prior,0,163,0.7650319337844849,0.11022543907165527,109706.0,1.020855188369751,31.709814071655273,-0.05016183853149414,1.0103378295898438,2044.7060546875,-0.02516341209411621,1.0155054330825806,165.14926147460938,-0.034030914306640625,1.0713176727294922,0.0226282961666584,-0.14986693859100342,1.1251001358032227,11.084870338439941,-0.26969802379608154,1.050363302230835,17.54709815979004,-0.10433518886566162,39,590,0.41355323791503906
SLIM*MIX_oms_pat5_fn-scientific_extended_const-small_ints_tabpfn,0c72c85c-8099-11f1-b0d1-2c7ba0e6fa90,synthetic_prior,0,164,0.7650319337844849,0.11519289016723633,110156.0,1.020855188369751,31.709814071655273,-0.05016183853149414,1.0103378295898438,2044.7060546875,-0.02516341209411621,1.0155054330825806,165.14926147460938,-0.034030914306640625,1.0713176727294922,0.0226282961666584,-0.14986693859100342,1.1251001358032227,11.084870338439941,-0.26969802379608154,1.050363302230835,17.54709815979004,-0.10433518886566162,39,590,0.41355323791503906
SLIM*MIX_oms_pat5_fn-scientific_extended_const-small_ints_tabpfn,0c72c85c-8099-11f1-b0d1-2c7ba0e6fa90,synthetic_prior,0,165,0.7650319337844849,0.14115333557128906,112072.0,1.020855188369751,31.709814071655273,-0.05016183853149414,1.0103378295898438,2044.7060546875,-0.02516341209411621,1.0155054330825806,165.14926147460938,-0.034030914306640625,1.0713176727294922,0.0226282961666584,-0.14986693859100342,1.1251001358032227,11.084870338439941,-0.26969802379608154,1.050363302230835,17.54709815979004,-0.10433518886566162,39,590,0.41355323791503906
SLIM*MIX_oms_pat5_fn-scientific_extended_const-small_ints_tabpfn,0c72c85c-8099-11f1-b0d1-2c7ba0e6fa90,synthetic_prior,0,166,0.7650319337844849,0.12545442581176758,112538.0,1.020855188369751,31.709814071655273,-0.05016183853149414,1.0103378295898438,2044.7060546875,-0.02516341209411621,1.0155054330825806,165.14926147460938,-0.034030914306640625,1.0713176727294922,0.0226282961666584,-0.14986693859100342,1.1251001358032227,11.084870338439941,-0.26969802379608154,1.050363302230835,17.54709815979004,-0.10433518886566162,39,590,0.41355323791503906
SLIM*MIX_oms_pat5_fn-scientific_extended_const-small_ints_tabpfn,0c72c85c-8099-11f1-b0d1-2c7ba0e6fa90,synthetic_prior,0,167,0.7650319337844849,0.1267995834350586,112462.0,1.020855188369751,31.709814071655273,-0.05016183853149414,1.0103378295898438,2044.7060546875,-0.02516341209411621,1.0155054330825806,165.14926147460938,-0.034030914306640625,1.0713176727294922,0.0226282961666584,-0.14986693859100342,1.1251001358032227,11.084870338439941,-0.26969802379608154,1.050363302230835,17.54709815979004,-0.10433518886566162,39,590,0.41355323791503906
SLIM*MIX_oms_pat5_fn-scientific_extended_const-small_ints_tabpfn,0c72c85c-8099-11f1-b0d1-2c7ba0e6fa90,synthetic_prior,0,168,0.7650319337844849,0.14093279838562012,57753.0,1.020855188369751,31.709814071655273,-0.05016183853149414,1.0103378295898438,2044.7060546875,-0.02516341209411621,1.0155054330825806,165.14926147460938,-0.034030914306640625,1.0713176727294922,0.0226282961666584,-0.14986693859100342,1.1251001358032227,11.084870338439941,-0.26969802379608154,1.050363302230835,17.54709815979004,-0.10433518886566162,39,590,0.41355323791503906
SLIM*MIX_oms_pat5_fn-scientific_extended_const-small_ints_tabpfn,0c72c85c-8099-11f1-b0d1-2c7ba0e6fa90,synthetic_prior,0,169,0.7650319337844849,0.12840795516967773,87727.0,1.020855188369751,31.709814071655273,-0.05016183853149414,1.0103378295898438,2044.7060546875,-0.02516341209411621,1.0155054330825806,165.14926147460938,-0.034030914306640625,1.0713176727294922,0.0226282961666584,-0.14986693859100342,1.1251001358032227,11.084870338439941,-0.26969802379608154,1.050363302230835,17.54709815979004,-0.10433518886566162,39,590,0.41355323791503906
SLIM*MIX_oms_pat5_fn-scientific_extended_const-small_ints_tabpfn,0c72c85c-8099-11f1-b0d1-2c7ba0e6fa90,synthetic_prior,0,170,0.765011191368103,0.12090373039245605,112000.0,1.0206574201583862,31.70366859436035,-0.049754977226257324,1.0101966857910156,2044.42041015625,-0.024877071380615234,1.015333890914917,165.12136840820312,-0.033681511878967285,1.070772647857666,0.022616786882281303,-0.1486973762512207,1.1242778301239014,11.076767921447754,-0.26784253120422363,1.049875259399414,17.538944244384766,-0.10330915451049805,40,617,0.4135850667953491
SLIM*MIX_oms_pat5_fn-scientific_extended_const-small_ints_tabpfn,0c72c85c-8099-11f1-b0d1-2c7ba0e6fa90,synthetic_prior,0,171,0.7649734020233154,0.12602019309997559,116333.0,1.020829200744629,31.709003448486328,-0.05010831356048584,1.010336995124817,2044.704345703125,-0.02516186237335205,1.0155389308929443,165.1547088623047,-0.03409922122955322,1.071384310722351,0.02262970432639122,-0.15000998973846436,1.1251431703567505,11.085293769836426,-0.2697950601577759,1.0504177808761597,17.54800796508789,-0.10444974899291992,40,603,0.4136430621147156
SLIM*MIX_oms_pat5_fn-scientific_extended_const-small_ints_tabpfn,0c72c85c-8099-11f1-b0d1-2c7ba0e6fa90,synthetic_prior,0,172,0.7649734020233154,0.14230132102966309,116376.0,1.020829200744629,31.709003448486328,-0.05010831356048584,1.010336995124817,2044.704345703125,-0.02516186237335205,1.0155389308929443,165.1547088623047,-0.03409922122955322,1.071384310722351,0.02262970432639122,-0.15000998973846436,1.1251431703567505,11.085293769836426,-0.2697950601577759,1.0504177808761597,17.54800796508789,-0.10444974899291992,40,603,0.4136430621147156
SLIM*MIX_oms_pat5_fn-scientific_extended_const-small_ints_tabpfn,0c72c85c-8099-11f1-b0d1-2c7ba0e6fa90,synthetic_prior,0,173,0.7649734020233154,0.11807990074157715,117341.0,1.020829200744629,31.709003448486328,-0.05010831356048584,1.010336995124817,2044.704345703125,-0.02516186237335205,1.0155389308929443,165.1547088623047,-0.03409922122955322,1.071384310722351,0.02262970432639122,-0.15000998973846436,1.1251431703567505,11.085293769836426,-0.2697950601577759,1.0504177808761597,17.54800796508789,-0.10444974899291992,40,603,0.4136430621147156
SLIM*MIX_oms_pat5_fn-scientific_extended_const-small_ints_tabpfn,0c72c85c-8099-11f1-b0d1-2c7ba0e6fa90,synthetic_prior,0,174,0.7649734020233154,0.11571121215820312,117591.0,1.020829200744629,31.709003448486328,-0.05010831356048584,1.010336995124817,2044.704345703125,-0.02516186237335205,1.0155389308929443,165.1547088623047,-0.03409922122955322,1.071384310722351,0.02262970432639122,-0.15000998973846436,1.1251431703567505,11.085293769836426,-0.2697950601577759,1.0504177808761597,17.54800796508789,-0.10444974899291992,40,603,0.4136430621147156
SLIM*MIX_oms_pat5_fn-scientific_extended_const-small_ints_tabpfn,0c72c85c-8099-11f1-b0d1-2c7ba0e6fa90,synthetic_prior,0,175,0.7649734020233154,0.11197328567504883,118489.0,1.020829200744629,31.709003448486328,-0.05010831356048584,1.010336995124817,2044.704345703125,-0.02516186237335205,1.0155389308929443,165.1547088623047,-0.03409922122955322,1.071384310722351,0.02262970432639122,-0.15000998973846436,1.1251431703567505,11.085293769836426,-0.2697950601577759,1.0504177808761597,17.54800796508789,-0.10444974899291992,40,603,0.4136430621147156
SLIM*MIX_oms_pat5_fn-scientific_extended_const-small_ints_tabpfn,0c72c85c-8099-11f1-b0d1-2c7ba0e6fa90,synthetic_prior,0,176,0.7649734020233154,0.17259931564331055,59782.0,1.020829200744629,31.709003448486328,-0.05010831356048584,1.010336995124817,2044.704345703125,-0.02516186237335205,1.0155389308929443,165.1547088623047,-0.03409922122955322,1.071384310722351,0.02262970432639122,-0.15000998973846436,1.1251431703567505,11.085293769836426,-0.2697950601577759,1.0504177808761597,17.54800796508789,-0.10444974899291992,40,603,0.4136430621147156
SLIM*MIX_oms_pat5_fn-scientific_extended_const-small_ints_tabpfn,0c72c85c-8099-11f1-b0d1-2c7ba0e6fa90,synthetic_prior,0,177,0.7647972106933594,0.14260387420654297,81139.0,1.0214428901672363,31.728069305419922,-0.05137133598327637,1.010653018951416,2045.3441162109375,-0.025803327560424805,1.0158928632736206,165.2122802734375,-0.03482019901275635,1.0730221271514893,0.022664299234747887,-0.15352880954742432,1.1287620067596436,11.12094783782959,-0.27797651290893555,1.052022933959961,17.5748233795166,-0.10782778263092041,41,632,0.4139130711555481
SLIM*MIX_oms_pat5_fn-scientific_extended_const-small_ints_tabpfn,0c72c85c-8099-11f1-b0d1-2c7ba0e6fa90,synthetic_prior,0,178,0.7647972106933594,0.15876102447509766,110344.0,1.0214428901672363,31.728069305419922,-0.05137133598327637,1.010653018951416,2045.3441162109375,-0.025803327560424805,1.0158928632736206,165.2122802734375,-0.03482019901275635,1.0730221271514893,0.022664299234747887,-0.15352880954742432,1.1287620067596436,11.12094783782959,-0.27797651290893555,1.052022933959961,17.5748233795166,-0.10782778263092041,41,632,0.4139130711555481
SLIM*MIX_oms_pat5_fn-scientific_extended_const-small_ints_tabpfn,0c72c85c-8099-11f1-b0d1-2c7ba0e6fa90,synthetic_prior,0,179,0.7647972106933594,0.12139511108398438,117561.0,1.0214428901672363,31.728069305419922,-0.05137133598327637,1.010653018951416,2045.3441162109375,-0.025803327560424805,1.0158928632736206,165.2122802734375,-0.03482019901275635,1.0730221271514893,0.022664299234747887,-0.15352880954742432,1.1287620067596436,11.12094783782959,-0.27797651290893555,1.052022933959961,17.5748233795166,-0.10782778263092041,41,632,0.4139130711555481
SLIM*MIX_oms_pat5_fn-scientific_extended_const-small_ints_tabpfn,0c72c85c-8099-11f1-b0d1-2c7ba0e6fa90,synthetic_prior,0,180,0.7647972106933594,0.12946534156799316,119878.0,1.0214428901672363,31.728069305419922,-0.05137133598327637,1.010653018951416,2045.3441162109375,-0.025803327560424805,1.0158928632736206,165.2122802734375,-0.03482019901275635,1.0730221271514893,0.022664299234747887,-0.15352880954742432,1.1287620067596436,11.12094783782959,-0.27797651290893555,1.052022933959961,17.5748233795166,-0.10782778263092041,41,632,0.4139130711555481
SLIM*MIX_oms_pat5_fn-scientific_extended_const-small_ints_tabpfn,0c72c85c-8099-11f1-b0d1-2c7ba0e6fa90,synthetic_prior,0,181,0.7647972106933594,0.12168049812316895,119990.0,1.0214428901672363,31.728069305419922,-0.05137133598327637,1.010653018951416,2045.3441162109375,-0.025803327560424805,1.0158928632736206,165.2122802734375,-0.03482019901275635,1.0730221271514893,0.022664299234747887,-0.15352880954742432,1.1287620067596436,11.12094783782959,-0.27797651290893555,1.052022933959961,17.5748233795166,-0.10782778263092041,41,632,0.4139130711555481
SLIM*MIX_oms_pat5_fn-scientific_extended_const-small_ints_tabpfn,0c72c85c-8099-11f1-b0d1-2c7ba0e6fa90,synthetic_prior,0,182,0.7647972106933594,0.15961527824401855,60768.0,1.0214428901672363,31.728069305419922,-0.05137133598327637,1.010653018951416,2045.3441162109375,-0.025803327560424805,1.0158928632736206,165.2122802734375,-0.03482019901275635,1.0730221271514893,0.022664299234747887,-0.15352880954742432,1.1287620067596436,11.12094783782959,-0.27797651290893555,1.052022933959961,17.5748233795166,-0.10782778263092041,41,632,0.4139130711555481
SLIM*MIX_oms_pat5_fn-scientific_extended_const-small_ints_tabpfn,0c72c85c-8099-11f1-b0d1-2c7ba0e6fa90,synthetic_prior,0,183,0.7647972106933594,0.13114714622497559,97483.0,1.0214428901672363,31.728069305419922,-0.05137133598327637,1.010653018951416,2045.3441162109375,-0.025803327560424805,1.0158928632736206,165.2122802734375,-0.03482019901275635,1.0730221271514893,0.022664299234747887,-0.15352880954742432,1.1287620067596436,11.12094783782959,-0.27797651290893555,1.052022933959961,17.5748233795166,-0.10782778263092041,41,632,0.4139130711555481
SLIM*MIX_oms_pat5_fn-scientific_extended_const-small_ints_tabpfn,0c72c85c-8099-11f1-b0d1-2c7ba0e6fa90,synthetic_prior,0,184,0.7647972106933594,0.11165404319763184,117924.0,1.0214428901672363,31.728069305419922,-0.05137133598327637,1.010653018951416,2045.3441162109375,-0.025803327560424805,1.0158928632736206,165.2122802734375,-0.03482019901275635,1.0730221271514893,0.022664299234747887,-0.15352880954742432,1.1287620067596436,11.12094783782959,-0.27797651290893555,1.052022933959961,17.5748233795166,-0.10782778263092041,41,632,0.4139130711555481
SLIM*MIX_oms_pat5_fn-scientific_extended_const-small_ints_tabpfn,0c72c85c-8099-11f1-b0d1-2c7ba0e6fa90,synthetic_prior,0,185,0.7647972106933594,0.11133313179016113,119505.0,1.0214428901672363,31.728069305419922,-0.05137133598327637,1.010653018951416,2045.3441162109375,-0.025803327560424805,1.0158928632736206,165.2122802734375,-0.03482019901275635,1.0730221271514893,0.022664299234747887,-0.15352880954742432,1.1287620067596436,11.12094783782959,-0.27797651290893555,1.052022933959961,17.5748233795166,-0.10782778263092041,41,632,0.4139130711555481
SLIM*MIX_oms_pat5_fn-scientific_extended_const-small_ints_tabpfn,0c72c85c-8099-11f1-b0d1-2c7ba0e6fa90,synthetic_prior,0,186,0.7647972106933594,0.12511277198791504,118571.0,1.0214428901672363,31.728069305419922,-0.05137133598327637,1.010653018951416,2045.3441162109375,-0.025803327560424805,1.0158928632736206,165.2122802734375,-0.03482019901275635,1.0730221271514893,0.022664299234747887,-0.15352880954742432,1.1287620067596436,11.12094783782959,-0.27797651290893555,1.052022933959961,17.5748233795166,-0.10782778263092041,41,632,0.4139130711555481
SLIM*MIX_oms_pat5_fn-scientific_extended_const-small_ints_tabpfn,0c72c85c-8099-11f1-b0d1-2c7ba0e6fa90,synthetic_prior,0,187,0.7647972106933594,0.14300227165222168,59322.0,1.0214428901672363,31.728069305419922,-0.05137133598327637,1.010653018951416,2045.3441162109375,-0.025803327560424805,1.0158928632736206,165.2122802734375,-0.03482019901275635,1.0730221271514893,0.022664299234747887,-0.15352880954742432,1.1287620067596436,11.12094783782959,-0.27797651290893555,1.052022933959961,17.5748233795166,-0.10782778263092041,41,632,0.4139130711555481
SLIM*MIX_oms_pat5_fn-scientific_extended_const-small_ints_tabpfn,0c72c85c-8099-11f1-b0d1-2c7ba0e6fa90,synthetic_prior,0,188,0.7647972106933594,0.11117434501647949,92696.0,1.0214428901672363,31.728069305419922,-0.05137133598327637,1.010653018951416,2045.3441162109375,-0.025803327560424805,1.0158928632736206,165.2122802734375,-0.03482019901275635,1.0730221271514893,0.022664299234747887,-0.15352880954742432,1.1287620067596436,11.12094783782959,-0.27797651290893555,1.052022933959961,17.5748233795166,-0.10782778263092041,41,632,0.4139130711555481
SLIM*MIX_oms_pat5_fn-scientific_extended_const-small_ints_tabpfn,0c72c85c-8099-11f1-b0d1-2c7ba0e6fa90,synthetic_prior,0,189,0.7647972106933594,0.14327526092529297,115930.0,1.0214428901672363,31.728069305419922,-0.05137133598327637,1.010653018951416,2045.3441162109375,-0.025803327560424805,1.0158928632736206,165.2122802734375,-0.03482019901275635,1.0730221271514893,0.022664299234747887,-0.15352880954742432,1.1287620067596436,11.12094783782959,-0.27797651290893555,1.052022933959961,17.5748233795166,-0.10782778263092041,41,632,0.4139130711555481
SLIM*MIX_oms_pat5_fn-scientific_extended_const-small_ints_tabpfn,0c72c85c-8099-11f1-b0d1-2c7ba0e6fa90,synthetic_prior,0,190,0.7647972106933594,0.11094021797180176,121193.0,1.0214428901672363,31.728069305419922,-0.05137133598327637,1.010653018951416,2045.3441162109375,-0.025803327560424805,1.0158928632736206,165.2122802734375,-0.03482019901275635,1.0730221271514893,0.022664299234747887,-0.15352880954742432,1.1287620067596436,11.12094783782959,-0.27797651290893555,1.052022933959961,17.5748233795166,-0.10782778263092041,41,632,0.4139130711555481
SLIM*MIX_oms_pat5_fn-scientific_extended_const-small_ints_tabpfn,0c72c85c-8099-11f1-b0d1-2c7ba0e6fa90,synthetic_prior,0,191,0.7647056579589844,0.12592840194702148,120942.0,1.0193489789962769,31.663026809692383,-0.047065138816833496,1.0093194246292114,2042.6448974609375,-0.023097753524780273,1.0145066976547241,164.98684692382812,-0.03199803829193115,1.0687367916107178,0.022573785856366158,-0.1443336009979248,1.1212821006774902,11.04725456237793,-0.2610952854156494,1.0481562614440918,17.51022720336914,-0.09969925880432129,43,642,0.41405338048934937
SLIM*MIX_oms_pat5_fn-scientific_extended_const-small_ints_tabpfn,0c72c85c-8099-11f1-b0d1-2c7ba0e6fa90,synthetic_prior,0,192,0.7647056579589844,0.11064386367797852,120183.0,1.0193489789962769,31.663026809692383,-0.047065138816833496,1.0093194246292114,2042.6448974609375,-0.023097753524780273,1.0145066976547241,164.98684692382812,-0.03199803829193115,1.0687367916107178,0.022573785856366158,-0.1443336009979248,1.1212821006774902,11.04725456237793,-0.2610952854156494,1.0481562614440918,17.51022720336914,-0.09969925880432129,43,642,0.41405338048934937
SLIM*MIX_oms_pat5_fn-scientific_extended_const-small_ints_tabpfn,0c72c85c-8099-11f1-b0d1-2c7ba0e6fa90,synthetic_prior,0,193,0.7647056579589844,0.11548781394958496,120708.0,1.0193489789962769,31.663026809692383,-0.047065138816833496,1.0093194246292114,2042.6448974609375,-0.023097753524780273,1.0145066976547241,164.98684692382812,-0.03199803829193115,1.0687367916107178,0.022573785856366158,-0.1443336009979248,1.1212821006774902,11.04725456237793,-0.2610952854156494,1.0481562614440918,17.51022720336914,-0.09969925880432129,43,642,0.41405338048934937
SLIM*MIX_oms_pat5_fn-scientific_extended_const-small_ints_tabpfn,0c72c85c-8099-11f1-b0d1-2c7ba0e6fa90,synthetic_prior,0,194,0.7646346688270569,0.11192584037780762,121710.0,1.0190218687057495,31.652864456176758,-0.04639327526092529,1.0090996026992798,2042.2001953125,-0.022652268409729004,1.0142444372177124,164.94418334960938,-0.031464576721191406,1.0678210258483887,0.022554442286491394,-0.14237332344055176,1.1199649572372437,11.034276008605957,-0.25813400745391846,1.0473712682724,17.497116088867188,-0.0980527400970459,42,627,0.41416221857070923
SLIM*MIX_oms_pat5_fn-scientific_extended_const-small_ints_tabpfn,0c72c85c-8099-11f1-b0d1-2c7ba0e6fa90,synthetic_prior,0,195,0.7646346688270569,0.14289355278015137,121507.0,1.0190218687057495,31.652864456176758,-0.04639327526092529,1.0090996026992798,2042.2001953125,-0.022652268409729004,1.0142444372177124,164.94418334960938,-0.031464576721191406,1.0678210258483887,0.022554442286491394,-0.14237332344055176,1.1199649572372437,11.034276008605957,-0.25813400745391846,1.0473712682724,17.497116088867188,-0.0980527400970459,42,627,0.41416221857070923
SLIM*MIX_oms_pat5_fn-scientific_extended_const-small_ints_tabpfn,0c72c85c-8099-11f1-b0d1-2c7ba0e6fa90,synthetic_prior,0,196,0.7646346688270569,0.12224435806274414,121306.0,1.0190218687057495,31.652864456176758,-0.04639327526092529,1.0090996026992798,2042.2001953125,-0.022652268409729004,1.0142444372177124,164.94418334960938,-0.031464576721191406,1.0678210258483887,0.022554442286491394,-0.14237332344055176,1.1199649572372437,11.034276008605957,-0.25813400745391846,1.0473712682724,17.497116088867188,-0.0980527400970459,42,627,0.41416221857070923
SLIM*MIX_oms_pat5_fn-scientific_extended_const-small_ints_tabpfn,0c72c85c-8099-11f1-b0d1-2c7ba0e6fa90,synthetic_prior,0,197,0.7646346688270569,0.14212560653686523,121877.0,1.0190218687057495,31.652864456176758,-0.04639327526092529,1.0090996026992798,2042.2001953125,-0.022652268409729004,1.0142444372177124,164.94418334960938,-0.031464576721191406,1.0678210258483887,0.022554442286491394,-0.14237332344055176,1.1199649572372437,11.034276008605957,-0.25813400745391846,1.0473712682724,17.497116088867188,-0.0980527400970459,42,627,0.41416221857070923
SLIM*MIX_oms_pat5_fn-scientific_extended_const-small_ints_tabpfn,0c72c85c-8099-11f1-b0d1-2c7ba0e6fa90,synthetic_prior,0,198,0.7641745209693909,0.12786316871643066,122777.0,1.0190119743347168,31.652555465698242,-0.04637300968170166,1.0090899467468262,2042.1807861328125,-0.022632718086242676,1.0142229795455933,164.94070434570312,-0.03142094612121582,1.0677341222763062,0.0225526075810194,-0.14218735694885254,1.1199464797973633,11.03409481048584,-0.25809264183044434,1.0473268032073975,17.49637222290039,-0.09795928001403809,43,638,0.4148670434951782
SLIM*MIX_oms_pat5_fn-scientific_extended_const-small_ints_tabpfn,0c72c85c-8099-11f1-b0d1-2c7ba0e6fa90,synthetic_prior,0,199,0.7641745209693909,0.12633538246154785,123445.0,1.0190119743347168,31.652555465698242,-0.04637300968170166,1.0090899467468262,2042.1807861328125,-0.022632718086242676,1.0142229795455933,164.94070434570312,-0.03142094612121582,1.0677341222763062,0.0225526075810194,-0.14218735694885254,1.1199464797973633,11.03409481048584,-0.25809264183044434,1.0473268032073975,17.49637222290039,-0.09795928001403809,43,638,0.4148670434951782
SLIM*MIX_oms_pat5_fn-scientific_extended_const-small_ints_tabpfn,0c72c85c-8099-11f1-b0d1-2c7ba0e6fa90,synthetic_prior,0,200,0.7641745209693909,0.11214804649353027,122569.0,1.0190119743347168,31.652555465698242,-0.04637300968170166,1.0090899467468262,2042.1807861328125,-0.022632718086242676,1.0142229795455933,164.94070434570312,-0.03142094612121582,1.0677341222763062,0.0225526075810194,-0.14218735694885254,1.1199464797973633,11.03409481048584,-0.25809264183044434,1.0473268032073975,17.49637222290039,-0.09795928001403809,43,638,0.4148670434951782
SLIM*MIX_oms_pat5_fn-full_extended_piecewise_const-none_tabpfn,0c72c85c-8099-11f1-b0d1-2c7ba0e6fa90,synthetic_prior,0,0,0.9020364880561829,0.08437013626098633,1059.0,1.0074270963668823,31.292709350585938,-0.022716403007507324,1.0011439323425293,2026.0994873046875,-0.006590604782104492,1.0098161697387695,164.22402954101562,-0.022477269172668457,1.0113065242767334,0.021360745653510094,-0.024652600288391113,1.0051279067993164,9.902863502502441,-0.01335299015045166,1.011313557624817,16.894742965698242,-0.02374887466430664,1,4,0.18469953536987305
SLIM*MIX_oms_pat5_fn-full_extended_piecewise_const-none_tabpfn,0c72c85c-8099-11f1-b0d1-2c7ba0e6fa90,synthetic_prior,0,1,0.9020364880561829,0.12261366844177246,2540.0,1.0074270963668823,31.292709350585938,-0.022716403007507324,1.0011439323425293,2026.0994873046875,-0.006590604782104492,1.0098161697387695,164.22402954101562,-0.022477269172668457,1.0113065242767334,0.021360745653510094,-0.024652600288391113,1.0051279067993164,9.902863502502441,-0.01335299015045166,1.011313557624817,16.894742965698242,-0.02374887466430664,1,4,0.18469953536987305
SLIM*MIX_oms_pat5_fn-full_extended_piecewise_const-none_tabpfn,0c72c85c-8099-11f1-b0d1-2c7ba0e6fa90,synthetic_prior,0,2,0.901927649974823,0.11165904998779297,2931.0,1.0066512823104858,31.268611907958984,-0.021141886711120605,1.00071120262146,2025.2239990234375,-0.005720853805541992,1.0087642669677734,164.052978515625,-0.020348191261291504,1.0104690790176392,0.021343057975172997,-0.022956490516662598,1.0050832033157349,9.902421951293945,-0.013262748718261719,1.010498046875,16.881120681762695,-0.022098660469055176,2,18,0.1848962903022766
SLIM*MIX_oms_pat5_fn-full_extended_piecewise_const-none_tabpfn,0c72c85c-8099-11f1-b0d1-2c7ba0e6fa90,synthetic_prior,0,3,0.900907039642334,0.09454846382141113,3281.0,1.0076631307601929,31.300039291381836,-0.023195743560791016,1.0013163089752197,2026.448486328125,-0.006937384605407715,1.0102964639663696,164.30213928222656,-0.023450136184692383,1.0114779472351074,0.0213643666356802,-0.02500009536743164,1.0054072141647339,9.905614852905273,-0.013916254043579102,1.0116472244262695,16.90031623840332,-0.02442467212677002,2,21,0.186739981174469
SLIM*MIX_oms_pat5_fn-full_extended_piecewise_const-none_tabpfn,0c72c85c-8099-11f1-b0d1-2c7ba0e6fa90,synthetic_prior,0,4,0.8988484144210815,0.09947633743286133,3870.0,1.0092021226882935,31.34784698486328,-0.026323556900024414,1.0019160509109497,2027.662109375,-0.008143901824951172,1.0114569664001465,164.4908905029297,-0.0258028507232666,1.0129276514053345,0.021394984796643257,-0.02794027328491211,1.0064338445663452,9.915728569030762,-0.015987753868103027,1.012816309928894,16.91984748840332,-0.026793718338012695,3,27,0.19045239686965942
SLIM*MIX_oms_pat5_fn-full_extended_piecewise_const-none_tabpfn,0c72c85c-8099-11f1-b0d1-2c7ba0e6fa90,synthetic_prior,0,5,0.8933393359184265,0.10761737823486328,4823.0,1.0066691637039185,31.269166946411133,-0.021178007125854492,1.0004489421844482,2024.6929931640625,-0.0051937103271484375,1.0075409412384033,163.85403442382812,-0.017875075340270996,1.0064657926559448,0.02125849761068821,-0.014866828918457031,0.9987156987190247,9.839686393737793,-0.0004646778106689453,1.0078647136688232,16.837125778198242,-0.01677834987640381,3,37,0.20034551620483398
SLIM*MIX_oms_pat5_fn-full_extended_piecewise_const-none_tabpfn,0c72c85c-8099-11f1-b0d1-2c7ba0e6fa90,synthetic_prior,0,6,0.89118492603302,0.14188241958618164,4967.0,1.0098084211349487,31.36667823791504,-0.027557015419006348,1.0019611120224,2027.7532958984375,-0.008234620094299316,1.0115728378295898,164.5097198486328,-0.02603769302368164,1.0125550031661987,0.021387115120887756,-0.027184128761291504,1.0070345401763916,9.921648979187012,-0.01720118522644043,1.01335608959198,16.928865432739258,-0.02788853645324707,3,31,0.20419776439666748
SLIM*MIX_oms_pat5_fn-full_extended_piecewise_const-none_tabpfn,0c72c85c-8099-11f1-b0d1-2c7ba0e6fa90,synthetic_prior,0,7,0.8850291967391968,0.11063027381896973,6566.0,1.0070635080337524,31.28141212463379,-0.021978259086608887,1.001055121421814,2025.919921875,-0.006412148475646973,1.0094486474990845,164.1642608642578,-0.02173316478729248,1.0107731819152832,0.021349478513002396,-0.023572206497192383,1.005420446395874,9.905745506286621,-0.013942956924438477,1.0108064413070679,16.886272430419922,-0.022722601890563965,4,46,0.21515363454818726
SLIM*MIX_oms_pat5_fn-full_extended_piecewise_const-none_tabpfn,0c72c85c-8099-11f1-b0d1-2c7ba0e6fa90,synthetic_prior,0,8,0.8838343620300293,0.12623119354248047,7555.0,1.0146057605743408,31.51569175720215,-0.037343382835388184,1.004928708076477,2033.759033203125,-0.014215707778930664,1.0173068046569824,165.4422149658203,-0.03770256042480469,1.0146945714950562,0.021432308480143547,-0.031529784202575684,1.0094796419143677,9.945737838745117,-0.02214670181274414,1.0184189081192017,17.01344108581543,-0.03818488121032715,4,47,0.2172713279724121
SLIM*MIX_oms_pat5_fn-full_extended_piecewise_const-none_tabpfn,0c72c85c-8099-11f1-b0d1-2c7ba0e6fa90,synthetic_prior,0,9,0.8838343620300293,0.1103823184967041,8061.0,1.0146057605743408,31.51569175720215,-0.037343382835388184,1.004928708076477,2033.759033203125,-0.014215707778930664,1.0173068046569824,165.4422149658203,-0.03770256042480469,1.0146945714950562,0.021432308480143547,-0.031529784202575684,1.0094796419143677,9.945737838745117,-0.02214670181274414,1.0184189081192017,17.01344108581543,-0.03818488121032715,4,47,0.2172713279724121
SLIM*MIX_oms_pat5_fn-full_extended_piecewise_const-none_tabpfn,0c72c85c-8099-11f1-b0d1-2c7ba0e6fa90,synthetic_prior,0,10,0.8838343620300293,0.10834002494812012,9104.0,1.0146057605743408,31.51569175720215,-0.037343382835388184,1.004928708076477,2033.759033203125,-0.014215707778930664,1.0173068046569824,165.4422149658203,-0.03770256042480469,1.0146945714950562,0.021432308480143547,-0.031529784202575684,1.0094796419143677,9.945737838745117,-0.02214670181274414,1.0184189081192017,17.01344108581543,-0.03818488121032715,4,47,0.2172713279724121
SLIM*MIX_oms_pat5_fn-full_extended_piecewise_const-none_tabpfn,0c72c85c-8099-11f1-b0d1-2c7ba0e6fa90,synthetic_prior,0,11,0.8793584108352661,0.10843729972839355,9498.0,1.0108824968338013,31.400041580200195,-0.02974402904510498,1.0025697946548462,2028.9852294921875,-0.009460091590881348,1.0116193294525146,164.5172882080078,-0.02613222599029541,1.0181723833084106,0.02150576561689377,-0.03861284255981445,1.0010894536972046,9.863073348999023,-0.00522613525390625,1.0128599405288696,16.920576095581055,-0.026882171630859375,6,73,0.22517919540405273
SLIM*MIX_oms_pat5_fn-full_extended_piecewise_const-none_tabpfn,0c72c85c-8099-11f1-b0d1-2c7ba0e6fa90,synthetic_prior,0,12,0.8793584108352661,0.1282215118408203,10789.0,1.0108824968338013,31.400041580200195,-0.02974402904510498,1.0025697946548462,2028.9852294921875,-0.009460091590881348,1.0116193294525146,164.5172882080078,-0.02613222599029541,1.0181723833084106,0.02150576561689377,-0.03861284255981445,1.0010894536972046,9.863073348999023,-0.00522613525390625,1.0128599405288696,16.920576095581055,-0.026882171630859375,6,73,0.22517919540405273
SLIM*MIX_oms_pat5_fn-full_extended_piecewise_const-none_tabpfn,0c72c85c-8099-11f1-b0d1-2c7ba0e6fa90,synthetic_prior,0,13,0.878527045249939,0.12648820877075195,11622.0,1.0140912532806396,31.499711990356445,-0.03629171848297119,1.0049121379852295,2033.7257080078125,-0.014182448387145996,1.0171723365783691,165.42034912109375,-0.03742825984954834,1.0150387287139893,0.021439576521515846,-0.03222954273223877,1.0100290775299072,9.951150894165039,-0.023259639739990234,1.0184189081192017,17.013442993164062,-0.03818488121032715,5,60,0.22664356231689453
SLIM*MIX_oms_pat5_fn-full_extended_piecewise_const-none_tabpfn,0c72c85c-8099-11f1-b0d1-2c7ba0e6fa90,synthetic_prior,0,14,0.875191330909729,0.10466361045837402,12217.0,1.0086714029312134,31.331356048583984,-0.02524411678314209,1.001313328742981,2026.4423828125,-0.006931304931640625,1.0084354877471924,163.99949645996094,-0.019683122634887695,1.0067239999771118,0.021263955160975456,-0.015387773513793945,1.000052571296692,9.852859497070312,-0.0031450986862182617,1.0083550214767456,16.845317840576172,-0.017767906188964844,9,141,0.23250514268875122
SLIM*MIX_oms_pat5_fn-full_extended_piecewise_const-none_tabpfn,0c72c85c-8099-11f1-b0d1-2c7ba0e6fa90,synthetic_prior,0,15,0.8741866946220398,0.12727069854736328,13896.0,1.0141757726669312,31.502336502075195,-0.03646445274353027,1.0046690702438354,2033.233642578125,-0.013691902160644531,1.0168952941894531,165.3752899169922,-0.03686320781707764,1.0151602029800415,0.021442141383886337,-0.03247654438018799,1.0098822116851807,9.949703216552734,-0.022961974143981934,1.0184258222579956,17.013561248779297,-0.03819918632507324,6,73,0.23426616191864014
SLIM*MIX_oms_pat5_fn-full_extended_piecewise_const-none_tabpfn,0c72c85c-8099-11f1-b0d1-2c7ba0e6fa90,synthetic_prior,0,16,0.8674910664558411,0.15077733993530273,14544.0,1.0079411268234253,31.30867576599121,-0.023760318756103516,1.001345157623291,2026.5069580078125,-0.006995558738708496,1.0090742111206055,164.10336303710938,-0.020975232124328613,1.0091472864151,0.021315138787031174,-0.02028191089630127,1.0001325607299805,9.853647232055664,-0.0033055543899536133,1.009818434715271,16.869766235351562,-0.020724177360534668,8,118,0.24595123529434204
SLIM*MIX_oms_pat5_fn-full_extended_piecewise_const-none_tabpfn,0c72c85c-8099-11f1-b0d1-2c7ba0e6fa90,synthetic_prior,0,17,0.8638378977775574,0.1436152458190918,16712.0,1.009522557258606,31.35779571533203,-0.026975274085998535,1.002042531967163,2027.91796875,-0.00839841365814209,1.0105820894241333,164.3485870361328,-0.024028897285461426,1.0106821060180664,0.02134755626320839,-0.023387908935546875,1.0006951093673706,9.859188079833984,-0.004434466361999512,1.0112019777297974,16.892879486083984,-0.02352309226989746,7,101,0.25228869915008545
SLIM*MIX_oms_pat5_fn-full_extended_piecewise_const-none_tabpfn,0c72c85c-8099-11f1-b0d1-2c7ba0e6fa90,synthetic_prior,0,18,0.8638378977775574,0.1344153881072998,17894.0,1.009522557258606,31.35779571533203,-0.026975274085998535,1.002042531967163,2027.91796875,-0.00839841365814209,1.0105820894241333,164.3485870361328,-0.024028897285461426,1.0106821060180664,0.02134755626320839,-0.023387908935546875,1.0006951093673706,9.859188079833984,-0.004434466361999512,1.0112019777297974,16.892879486083984,-0.02352309226989746,7,101,0.25228869915008545
SLIM*MIX_oms_pat5_fn-full_extended_piecewise_const-none_tabpfn,0c72c85c-8099-11f1-b0d1-2c7ba0e6fa90,synthetic_prior,0,19,0.8638378977775574,0.11017060279846191,18888.0,1.009522557258606,31.35779571533203,-0.026975274085998535,1.002042531967163,2027.91796875,-0.00839841365814209,1.0105820894241333,164.3485870361328,-0.024028897285461426,1.0106821060180664,0.02134755626320839,-0.023387908935546875,1.0006951093673706,9.859188079833984,-0.004434466361999512,1.0112019777297974,16.892879486083984,-0.02352309226989746,7,101,0.25228869915008545
SLIM*MIX_oms_pat5_fn-full_extended_piecewise_const-none_tabpfn,0c72c85c-8099-11f1-b0d1-2c7ba0e6fa90,synthetic_prior,0,20,0.8616513609886169,0.13213157653808594,20316.0,1.0011816024780273,31.098711013793945,-0.010074973106384277,0.99802565574646,2019.7889404296875,-0.0003299713134765625,1.00401771068573,163.28103637695312,-0.010768651962280273,1.0034457445144653,0.021194709464907646,-0.008785486221313477,0.9942063093185425,9.795258522033691,0.008549392223358154,1.0086352825164795,16.850000381469727,-0.018333792686462402,10,142,0.2560691237449646
SLIM*MIX_oms_pat5_fn-full_extended_piecewise_const-none_tabpfn,0c72c85c-8099-11f1-b0d1-2c7ba0e6fa90,synthetic_prior,0,21,0.8578396439552307,0.10635113716125488,21121.0,1.0071855783462524,31.28520965576172,-0.02222621440887451,1.0009121894836426,2025.630615234375,-0.006124734878540039,1.0087344646453857,164.04811096191406,-0.02028787136077881,1.0084322690963745,0.02130003832280636,-0.01883673667907715,1.000065565109253,9.852987289428711,-0.003171205520629883,1.0093600749969482,16.862106323242188,-0.019797682762145996,7,113,0.2626364231109619
SLIM*MIX_oms_pat5_fn-full_extended_piecewise_const-none_tabpfn,0c72c85c-8099-11f1-b0d1-2c7ba0e6fa90,synthetic_prior,0,22,0.8578396439552307,0.11712503433227539,22417.0,1.0071855783462524,31.28520965576172,-0.02222621440887451,1.0009121894836426,2025.630615234375,-0.006124734878540039,1.0087344646453857,164.04811096191406,-0.02028787136077881,1.0084322690963745,0.02130003832280636,-0.01883673667907715,1.000065565109253,9.852987289428711,-0.003171205520629883,1.0093600749969482,16.862106323242188,-0.019797682762145996,7,113,0.2626364231109619
SLIM*MIX_oms_pat5_fn-full_extended_piecewise_const-none_tabpfn,0c72c85c-8099-11f1-b0d1-2c7ba0e6fa90,synthetic_prior,0,23,0.8578396439552307,0.16882920265197754,22934.0,1.0071855783462524,31.28520965576172,-0.02222621440887451,1.0009121894836426,2025.630615234375,-0.006124734878540039,1.0087344646453857,164.04811096191406,-0.02028787136077881,1.0084322690963745,0.02130003832280636,-0.01883673667907715,1.000065565109253,9.852987289428711,-0.003171205520629883,1.0093600749969482,16.862106323242188,-0.019797682762145996,7,113,0.2626364231109619
SLIM*MIX_oms_pat5_fn-full_extended_piecewise_const-none_tabpfn,0c72c85c-8099-11f1-b0d1-2c7ba0e6fa90,synthetic_prior,0,24,0.8578396439552307,0.13469839096069336,22739.0,1.0071855783462524,31.28520965576172,-0.02222621440887451,1.0009121894836426,2025.630615234375,-0.006124734878540039,1.0087344646453857,164.04811096191406,-0.02028787136077881,1.0084322690963745,0.02130003832280636,-0.01883673667907715,1.000065565109253,9.852987289428711,-0.003171205520629883,1.0093600749969482,16.862106323242188,-0.019797682762145996,7,113,0.2626364231109619
SLIM*MIX_oms_pat5_fn-full_extended_piecewise_const-none_tabpfn,0c72c85c-8099-11f1-b0d1-2c7ba0e6fa90,synthetic_prior,0,25,0.857323944568634,0.12497115135192871,22984.0,1.0062849521636963,31.257230758666992,-0.020398616790771484,1.0006533861160278,2025.1068115234375,-0.00560450553894043,1.0075280666351318,163.8519287109375,-0.017849087715148926,1.008255124092102,0.021296294406056404,-0.0184786319732666,0.9984122514724731,9.836697578430176,0.0001430511474609375,1.0087864398956299,16.85252571105957,-0.018638968467712402,9,135,0.2635226845741272
SLIM*MIX_oms_pat5_fn-full_extended_piecewise_const-none_tabpfn,0c72c85c-8099-11f1-b0d1-2c7ba0e6fa90,synthetic_prior,0,26,0.857323944568634,0.12654972076416016,23492.0,1.0062849521636963,31.257230758666992,-0.020398616790771484,1.0006533861160278,2025.1068115234375,-0.00560450553894043,1.0075280666351318,163.8519287109375,-0.017849087715148926,1.008255124092102,0.021296294406056404,-0.0184786319732666,0.9984122514724731,9.836697578430176,0.0001430511474609375,1.0087864398956299,16.85252571105957,-0.018638968467712402,9,135,0.2635226845741272
SLIM*MIX_oms_pat5_fn-full_extended_piecewise_const-none_tabpfn,0c72c85c-8099-11f1-b0d1-2c7ba0e6fa90,synthetic_prior,0,27,0.8561755418777466,0.15918302536010742,23812.0,1.0055183172225952,31.23341941833496,-0.0188446044921875,0.997714102268219,2019.1583251953125,0.0002945065498352051,1.004833698272705,163.41375732421875,-0.012412309646606445,1.0013389587402344,0.021150212734937668,-0.004554152488708496,0.9789392948150635,9.644843101501465,0.038765013217926025,0.9990785717964172,16.690349578857422,0.0008719563484191895,9,155,0.2654944658279419
SLIM*MIX_oms_pat5_fn-full_extended_piecewise_const-none_tabpfn,0c72c85c-8099-11f1-b0d1-2c7ba0e6fa90,synthetic_prior,0,28,0.8561755418777466,0.14266395568847656,24322.0,1.0055183172225952,31.23341941833496,-0.0188446044921875,0.997714102268219,2019.1583251953125,0.0002945065498352051,1.004833698272705,163.41375732421875,-0.012412309646606445,1.0013389587402344,0.021150212734937668,-0.004554152488708496,0.9789392948150635,9.644843101501465,0.038765013217926025,0.9990785717964172,16.690349578857422,0.0008719563484191895,9,155,0.2654944658279419
SLIM*MIX_oms_pat5_fn-full_extended_piecewise_const-none_tabpfn,0c72c85c-8099-11f1-b0d1-2c7ba0e6fa90,synthetic_prior,0,29,0.8541759848594666,0.13601016998291016,23985.0,1.0073878765106201,31.291492462158203,-0.022636771202087402,1.0009655952453613,2025.738525390625,-0.006232023239135742,1.0089257955551147,164.07923889160156,-0.020674943923950195,1.0084069967269897,0.02129950001835823,-0.01878535747528076,1.0003201961517334,9.85549545288086,-0.0036820173263549805,1.0095247030258179,16.86486053466797,-0.020130515098571777,7,110,0.26892125606536865
SLIM*MIX_oms_pat5_fn-full_extended_piecewise_const-none_tabpfn,0c72c85c-8099-11f1-b0d1-2c7ba0e6fa90,synthetic_prior,0,30,0.8532807230949402,0.12449383735656738,24726.0,1.0047733783721924,31.210275650024414,-0.01733541488647461,1.0000513792037964,2023.8885498046875,-0.004395008087158203,1.0063918828964233,163.66714477539062,-0.015554666519165039,1.007074236869812,0.021271349862217903,-0.016094207763671875,0.9991393685340881,9.84386157989502,-0.0013138055801391602,1.0075939893722534,16.832605361938477,-0.01623225212097168,11,159,0.27045297622680664
SLIM*MIX_oms_pat5_fn-full_extended_piecewise_const-none_tabpfn,0c72c85c-8099-11f1-b0d1-2c7ba0e6fa90,synthetic_prior,0,31,0.8532807230949402,0.15158581733703613,25421.0,1.0047733783721924,31.210275650024414,-0.01733541488647461,1.0000513792037964,2023.8885498046875,-0.004395008087158203,1.0063918828964233,163.66714477539062,-0.015554666519165039,1.007074236869812,0.021271349862217903,-0.016094207763671875,0.9991393685340881,9.84386157989502,-0.0013138055801391602,1.0075939893722534,16.832605361938477,-0.01623225212097168,11,159,0.27045297622680664
SLIM*MIX_oms_pat5_fn-full_extended_piecewise_const-none_tabpfn,0c72c85c-8099-11f1-b0d1-2c7ba0e6fa90,synthetic_prior,0,32,0.8523058891296387,0.12645339965820312,25359.0,1.0100771188735962,31.375022888183594,-0.02810382843017578,1.002564549446106,2028.974609375,-0.009449481964111328,1.0109751224517822,164.41250610351562,-0.024825572967529297,1.0128411054611206,0.02139315940439701,-0.02776479721069336,1.0011570453643799,9.863739967346191,-0.005362033843994141,1.0119304656982422,16.905048370361328,-0.02499830722808838,11,153,0.27211886644363403
SLIM*MIX_oms_pat5_fn-full_extended_piecewise_const-none_tabpfn,0c72c85c-8099-11f1-b0d1-2c7ba0e6fa90,synthetic_prior,0,33,0.8489510416984558,0.14382481575012207,26023.0,1.0095303058624268,31.3580379486084,-0.02699100971221924,1.002411961555481,2028.665771484375,-0.009142279624938965,1.0107977390289307,164.3836669921875,-0.02446603775024414,1.0120769739151,0.021377017721533775,-0.02621448040008545,1.0010737180709839,9.862918853759766,-0.005194664001464844,1.0114941596984863,16.89776039123535,-0.024114608764648438,10,139,0.27783775329589844
SLIM*MIX_oms_pat5_fn-full_extended_piecewise_const-none_tabpfn,0c72c85c-8099-11f1-b0d1-2c7ba0e6fa90,synthetic_prior,0,34,0.8489510416984558,0.15758895874023438,26652.0,1.0095303058624268,31.3580379486084,-0.02699100971221924,1.002411961555481,2028.665771484375,-0.009142279624938965,1.0107977390289307,164.3836669921875,-0.02446603775024414,1.0120769739151,0.021377017721533775,-0.02621448040008545,1.0010737180709839,9.862918853759766,-0.005194664001464844,1.0114941596984863,16.89776039123535,-0.024114608764648438,10,139,0.27783775329589844
SLIM*MIX_oms_pat5_fn-full_extended_piecewise_const-none_tabpfn,0c72c85c-8099-11f1-b0d1-2c7ba0e6fa90,synthetic_prior,0,35,0.8489510416984558,0.12621212005615234,26897.0,1.0095303058624268,31.3580379486084,-0.02699100971221924,1.002411961555481,2028.665771484375,-0.009142279624938965,1.0107977390289307,164.3836669921875,-0.02446603775024414,1.0120769739151,0.021377017721533775,-0.02621448040008545,1.0010737180709839,9.862918853759766,-0.005194664001464844,1.0114941596984863,16.89776039123535,-0.024114608764648438,10,139,0.27783775329589844
SLIM*MIX_oms_pat5_fn-full_extended_piecewise_const-none_tabpfn,0c72c85c-8099-11f1-b0d1-2c7ba0e6fa90,synthetic_prior,0,36,0.8487118482589722,0.125807523727417,28069.0,1.0101584196090698,31.377548217773438,-0.028269410133361816,1.0025814771652222,2029.0086669921875,-0.00948333740234375,1.0110610723495483,164.42648315429688,-0.02499985694885254,1.013122320175171,0.02139909937977791,-0.02833545207977295,1.000900149345398,9.86120891571045,-0.004846096038818359,1.0120712518692017,16.90740203857422,-0.0252835750579834,12,167,0.2782447338104248
SLIM*MIX_oms_pat5_fn-full_extended_piecewise_const-none_tabpfn,0c72c85c-8099-11f1-b0d1-2c7ba0e6fa90,synthetic_prior,0,37,0.8487118482589722,0.1267549991607666,27847.0,1.0101584196090698,31.377548217773438,-0.028269410133361816,1.0025814771652222,2029.0086669921875,-0.00948333740234375,1.0110610723495483,164.42648315429688,-0.02499985694885254,1.013122320175171,0.02139909937977791,-0.02833545207977295,1.000900149345398,9.86120891571045,-0.004846096038818359,1.0120712518692017,16.90740203857422,-0.0252835750579834,12,167,0.2782447338104248
SLIM*MIX_oms_pat5_fn-full_extended_piecewise_const-none_tabpfn,0c72c85c-8099-11f1-b0d1-2c7ba0e6fa90,synthetic_prior,0,38,0.8487118482589722,0.1267869472503662,29823.0,1.0101584196090698,31.377548217773438,-0.028269410133361816,1.0025814771652222,2029.0086669921875,-0.00948333740234375,1.0110610723495483,164.42648315429688,-0.02499985694885254,1.013122320175171,0.02139909937977791,-0.02833545207977295,1.000900149345398,9.86120891571045,-0.004846096038818359,1.0120712518692017,16.90740203857422,-0.0252835750579834,12,167,0.2782447338104248
SLIM*MIX_oms_pat5_fn-full_extended_piecewise_const-none_tabpfn,0c72c85c-8099-11f1-b0d1-2c7ba0e6fa90,synthetic_prior,0,39,0.8487118482589722,0.1466522216796875,31583.0,1.0101584196090698,31.377548217773438,-0.028269410133361816,1.0025814771652222,2029.0086669921875,-0.00948333740234375,1.0110610723495483,164.42648315429688,-0.02499985694885254,1.013122320175171,0.02139909937977791,-0.02833545207977295,1.000900149345398,9.86120891571045,-0.004846096038818359,1.0120712518692017,16.90740203857422,-0.0252835750579834,12,167,0.2782447338104248
SLIM*MIX_oms_pat5_fn-full_extended_piecewise_const-none_tabpfn,0c72c85c-8099-11f1-b0d1-2c7ba0e6fa90,synthetic_prior,0,40,0.8487118482589722,0.12497973442077637,32209.0,1.0101584196090698,31.377548217773438,-0.028269410133361816,1.0025814771652222,2029.0086669921875,-0.00948333740234375,1.0110610723495483,164.42648315429688,-0.02499985694885254,1.013122320175171,0.02139909937977791,-0.02833545207977295,1.000900149345398,9.86120891571045,-0.004846096038818359,1.0120712518692017,16.90740203857422,-0.0252835750579834,12,167,0.2782447338104248
SLIM*MIX_oms_pat5_fn-full_extended_piecewise_const-none_tabpfn,0c72c85c-8099-11f1-b0d1-2c7ba0e6fa90,synthetic_prior,0,41,0.8467869162559509,0.13872241973876953,32010.0,1.008203148841858,31.316814422607422,-0.024292707443237305,1.0015116930007935,2026.8438720703125,-0.007330417633056641,1.0091551542282104,164.1165313720703,-0.021139025688171387,1.0106792449951172,0.021347496658563614,-0.023381948471069336,1.000256061553955,9.854863166809082,-0.0035532712936401367,1.0096334218978882,16.866674423217773,-0.020350217819213867,13,187,0.2815149426460266
SLIM*MIX_oms_pat5_fn-full_extended_piecewise_const-none_tabpfn,0c72c85c-8099-11f1-b0d1-2c7ba0e6fa90,synthetic_prior,0,42,0.8467869162559509,0.13498902320861816,32499.0,1.008203148841858,31.316814422607422,-0.024292707443237305,1.0015116930007935,2026.8438720703125,-0.007330417633056641,1.0091551542282104,164.1165313720703,-0.021139025688171387,1.0106792449951172,0.021347496658563614,-0.023381948471069336,1.000256061553955,9.854863166809082,-0.0035532712936401367,1.0096334218978882,16.866674423217773,-0.020350217819213867,13,187,0.2815149426460266
SLIM*MIX_oms_pat5_fn-full_extended_piecewise_const-none_tabpfn,0c72c85c-8099-11f1-b0d1-2c7ba0e6fa90,synthetic_prior,0,43,0.8453128933906555,0.12117862701416016,33329.0,1.019665002822876,31.672842025756836,-0.0477144718170166,1.0072919130325317,2038.541748046875,-0.018991470336914062,1.0197868347167969,165.84555053710938,-0.04276847839355469,1.0238549709320068,0.021625792607665062,-0.050238609313964844,1.0054641962051392,9.90617561340332,-0.014031171798706055,1.019160270690918,17.025827407836914,-0.03969693183898926,13,184,0.28401416540145874
SLIM*MIX_oms_pat5_fn-full_extended_piecewise_const-none_tabpfn,0c72c85c-8099-11f1-b0d1-2c7ba0e6fa90,synthetic_prior,0,44,0.8441903591156006,0.14627456665039062,32892.0,1.0100884437561035,31.37537384033203,-0.028126835823059082,1.0025362968444824,2028.91748046875,-0.009392619132995605,1.0109413862228394,164.4070281982422,-0.0247572660446167,1.012516736984253,0.02138630673289299,-0.027106404304504395,1.0004063844680786,9.856345176696777,-0.003854990005493164,1.0120229721069336,16.90659523010254,-0.025185823440551758,14,203,0.2859145402908325
SLIM*MIX_oms_pat5_fn-full_extended_piecewise_const-none_tabpfn,0c72c85c-8099-11f1-b0d1-2c7ba0e6fa90,synthetic_prior,0,45,0.8441903591156006,0.12724566459655762,32941.0,1.0100884437561035,31.37537384033203,-0.028126835823059082,1.0025362968444824,2028.91748046875,-0.009392619132995605,1.0109413862228394,164.4070281982422,-0.0247572660446167,1.012516736984253,0.02138630673289299,-0.027106404304504395,1.0004063844680786,9.856345176696777,-0.003854990005493164,1.0120229721069336,16.90659523010254,-0.025185823440551758,14,203,0.2859145402908325
SLIM*MIX_oms_pat5_fn-full_extended_piecewise_const-none_tabpfn,0c72c85c-8099-11f1-b0d1-2c7ba0e6fa90,synthetic_prior,0,46,0.8441903591156006,0.14209437370300293,33561.0,1.0100884437561035,31.37537384033203,-0.028126835823059082,1.0025362968444824,2028.91748046875,-0.009392619132995605,1.0109413862228394,164.4070281982422,-0.0247572660446167,1.012516736984253,0.02138630673289299,-0.027106404304504395,1.0004063844680786,9.856345176696777,-0.003854990005493164,1.0120229721069336,16.90659523010254,-0.025185823440551758,14,203,0.2859145402908325
SLIM*MIX_oms_pat5_fn-full_extended_piecewise_const-none_tabpfn,0c72c85c-8099-11f1-b0d1-2c7ba0e6fa90,synthetic_prior,0,47,0.8399661779403687,0.14268946647644043,34864.0,1.0207290649414062,31.705896377563477,-0.04990231990814209,1.0092682838439941,2042.54150390625,-0.022994041442871094,1.0203659534454346,165.93972778320312,-0.04395318031311035,1.0230083465576172,0.021607911214232445,-0.048502445220947266,1.0040411949157715,9.892155647277832,-0.011162996292114258,1.0209906101226807,17.056406021118164,-0.043434858322143555,19,303,0.2930428385734558
SLIM*MIX_oms_pat5_fn-full_extended_piecewise_const-none_tabpfn,0c72c85c-8099-11f1-b0d1-2c7ba0e6fa90,synthetic_prior,0,48,0.8399661779403687,0.11822032928466797,35841.0,1.0207290649414062,31.705896377563477,-0.04990231990814209,1.0092682838439941,2042.54150390625,-0.022994041442871094,1.0203659534454346,165.93972778320312,-0.04395318031311035,1.0230083465576172,0.021607911214232445,-0.048502445220947266,1.0040411949157715,9.892155647277832,-0.011162996292114258,1.0209906101226807,17.056406021118164,-0.043434858322143555,19,303,0.2930428385734558
SLIM*MIX_oms_pat5_fn-full_extended_piecewise_const-none_tabpfn,0c72c85c-8099-11f1-b0d1-2c7ba0e6fa90,synthetic_prior,0,49,0.8399661779403687,0.17172694206237793,38516.0,1.0207290649414062,31.705896377563477,-0.04990231990814209,1.0092682838439941,2042.54150390625,-0.022994041442871094,1.0203659534454346,165.93972778320312,-0.04395318031311035,1.0230083465576172,0.021607911214232445,-0.048502445220947266,1.0040411949157715,9.892155647277832,-0.011162996292114258,1.0209906101226807,17.056406021118164,-0.043434858322143555,19,303,0.2930428385734558
SLIM*MIX_oms_pat5_fn-full_extended_piecewise_const-none_tabpfn,0c72c85c-8099-11f1-b0d1-2c7ba0e6fa90,synthetic_prior,0,50,0.8399661779403687,0.14573407173156738,41323.0,1.0207290649414062,31.705896377563477,-0.04990231990814209,1.0092682838439941,2042.54150390625,-0.022994041442871094,1.0203659534454346,165.93972778320312,-0.04395318031311035,1.0230083465576172,0.021607911214232445,-0.048502445220947266,1.0040411949157715,9.892155647277832,-0.011162996292114258,1.0209906101226807,17.056406021118164,-0.043434858322143555,19,303,0.2930428385734558
SLIM*MIX_oms_pat5_fn-full_extended_piecewise_const-none_tabpfn,0c72c85c-8099-11f1-b0d1-2c7ba0e6fa90,synthetic_prior,0,51,0.8360464572906494,0.15701723098754883,45276.0,1.0085633993148804,31.328006744384766,-0.025024890899658203,1.0017123222351074,2027.2498779296875,-0.007733941078186035,1.0089279413223267,164.07957458496094,-0.020679235458374023,1.0111294984817505,0.021357005462050438,-0.024293899536132812,0.9993996620178223,9.846426010131836,-0.0018355846405029297,1.0093058347702026,16.861202239990234,-0.01968836784362793,17,240,0.29962557554244995
SLIM*MIX_oms_pat5_fn-full_extended_piecewise_const-none_tabpfn,0c72c85c-8099-11f1-b0d1-2c7ba0e6fa90,synthetic_prior,0,52,0.8360464572906494,0.14143776893615723,46288.0,1.0085633993148804,31.328006744384766,-0.025024890899658203,1.0017123222351074,2027.2498779296875,-0.007733941078186035,1.0089279413223267,164.07957458496094,-0.020679235458374023,1.0111294984817505,0.021357005462050438,-0.024293899536132812,0.9993996620178223,9.846426010131836,-0.0018355846405029297,1.0093058347702026,16.861202239990234,-0.01968836784362793,17,240,0.29962557554244995
SLIM*MIX_oms_pat5_fn-full_extended_piecewise_const-none_tabpfn,0c72c85c-8099-11f1-b0d1-2c7ba0e6fa90,synthetic_prior,0,53,0.8360464572906494,0.11844658851623535,48921.0,1.0085633993148804,31.328006744384766,-0.025024890899658203,1.0017123222351074,2027.2498779296875,-0.007733941078186035,1.0089279413223267,164.07957458496094,-0.020679235458374023,1.0111294984817505,0.021357005462050438,-0.024293899536132812,0.9993996620178223,9.846426010131836,-0.0018355846405029297,1.0093058347702026,16.861202239990234,-0.01968836784362793,17,240,0.29962557554244995
SLIM*MIX_oms_pat5_fn-full_extended_piecewise_const-none_tabpfn,0c72c85c-8099-11f1-b0d1-2c7ba0e6fa90,synthetic_prior,0,54,0.8337674140930176,0.12732291221618652,49712.0,1.0085604190826416,31.327911376953125,-0.02501857280731201,1.0017505884170532,2027.3271484375,-0.00781095027923584,1.0086801052093506,164.039306640625,-0.02017807960510254,1.0113815069198608,0.02136233076453209,-0.02480471134185791,0.9991664886474609,9.844128608703613,-0.0013681650161743164,1.009453296661377,16.863664627075195,-0.01998603343963623,18,258,0.3034387230873108
SLIM*MIX_oms_pat5_fn-full_extended_piecewise_const-none_tabpfn,0c72c85c-8099-11f1-b0d1-2c7ba0e6fa90,synthetic_prior,0,55,0.8337674140930176,0.14215326309204102,51164.0,1.0085604190826416,31.327911376953125,-0.02501857280731201,1.0017505884170532,2027.3271484375,-0.00781095027923584,1.0086801052093506,164.039306640625,-0.02017807960510254,1.0113815069198608,0.02136233076453209,-0.02480471134185791,0.9991664886474609,9.844128608703613,-0.0013681650161743164,1.009453296661377,16.863664627075195,-0.01998603343963623,18,258,0.3034387230873108
SLIM*MIX_oms_pat5_fn-full_extended_piecewise_const-none_tabpfn,0c72c85c-8099-11f1-b0d1-2c7ba0e6fa90,synthetic_prior,0,56,0.8337674140930176,0.15816068649291992,52449.0,1.0085604190826416,31.327911376953125,-0.02501857280731201,1.0017505884170532,2027.3271484375,-0.00781095027923584,1.0086801052093506,164.039306640625,-0.02017807960510254,1.0113815069198608,0.02136233076453209,-0.02480471134185791,0.9991664886474609,9.844128608703613,-0.0013681650161743164,1.009453296661377,16.863664627075195,-0.01998603343963623,18,258,0.3034387230873108
SLIM*MIX_oms_pat5_fn-full_extended_piecewise_const-none_tabpfn,0c72c85c-8099-11f1-b0d1-2c7ba0e6fa90,synthetic_prior,0,57,0.8337674140930176,0.15088748931884766,53495.0,1.0085604190826416,31.327911376953125,-0.02501857280731201,1.0017505884170532,2027.3271484375,-0.00781095027923584,1.0086801052093506,164.039306640625,-0.02017807960510254,1.0113815069198608,0.02136233076453209,-0.02480471134185791,0.9991664886474609,9.844128608703613,-0.0013681650161743164,1.009453296661377,16.863664627075195,-0.01998603343963623,18,258,0.3034387230873108
SLIM*MIX_oms_pat5_fn-full_extended_piecewise_const-none_tabpfn,0c72c85c-8099-11f1-b0d1-2c7ba0e6fa90,synthetic_prior,0,58,0.8337674140930176,0.14732909202575684,53789.0,1.0085604190826416,31.327911376953125,-0.02501857280731201,1.0017505884170532,2027.3271484375,-0.00781095027923584,1.0086801052093506,164.039306640625,-0.02017807960510254,1.0113815069198608,0.02136233076453209,-0.02480471134185791,0.9991664886474609,9.844128608703613,-0.0013681650161743164,1.009453296661377,16.863664627075195,-0.01998603343963623,18,258,0.3034387230873108
SLIM*MIX_oms_pat5_fn-full_extended_piecewise_const-none_tabpfn,0c72c85c-8099-11f1-b0d1-2c7ba0e6fa90,synthetic_prior,0,59,0.8337674140930176,0.14463090896606445,27739.0,1.0085604190826416,31.327911376953125,-0.02501857280731201,1.0017505884170532,2027.3271484375,-0.00781095027923584,1.0086801052093506,164.039306640625,-0.02017807960510254,1.0113815069198608,0.02136233076453209,-0.02480471134185791,0.9991664886474609,9.844128608703613,-0.0013681650161743164,1.009453296661377,16.863664627075195,-0.01998603343963623,18,258,0.3034387230873108
SLIM*MIX_oms_pat5_fn-full_extended_piecewise_const-none_tabpfn,0c72c85c-8099-11f1-b0d1-2c7ba0e6fa90,synthetic_prior,0,60,0.8337674140930176,0.10999512672424316,39636.0,1.0085604190826416,31.327911376953125,-0.02501857280731201,1.0017505884170532,2027.3271484375,-0.00781095027923584,1.0086801052093506,164.039306640625,-0.02017807960510254,1.0113815069198608,0.02136233076453209,-0.02480471134185791,0.9991664886474609,9.844128608703613,-0.0013681650161743164,1.009453296661377,16.863664627075195,-0.01998603343963623,18,258,0.3034387230873108
SLIM*MIX_oms_pat5_fn-full_extended_piecewise_const-none_tabpfn,0c72c85c-8099-11f1-b0d1-2c7ba0e6fa90,synthetic_prior,0,61,0.8337674140930176,0.11521506309509277,51522.0,1.0085604190826416,31.327911376953125,-0.02501857280731201,1.0017505884170532,2027.3271484375,-0.00781095027923584,1.0086801052093506,164.039306640625,-0.02017807960510254,1.0113815069198608,0.02136233076453209,-0.02480471134185791,0.9991664886474609,9.844128608703613,-0.0013681650161743164,1.009453296661377,16.863664627075195,-0.01998603343963623,18,258,0.3034387230873108
SLIM*MIX_oms_pat5_fn-full_extended_piecewise_const-none_tabpfn,0c72c85c-8099-11f1-b0d1-2c7ba0e6fa90,synthetic_prior,0,62,0.8335597515106201,0.12356328964233398,54264.0,1.0093648433685303,31.352901458740234,-0.026654481887817383,1.0017952919006348,2027.41796875,-0.00790107250213623,1.0091279745101929,164.1121063232422,-0.021084070205688477,1.0137490034103394,0.021412335336208344,-0.02960801124572754,0.9994649887084961,9.84706974029541,-0.0019664764404296875,1.0078009366989136,16.836061477661133,-0.016649723052978516,22,313,0.30378568172454834
SLIM*MIX_oms_pat5_fn-full_extended_piecewise_const-none_tabpfn,0c72c85c-8099-11f1-b0d1-2c7ba0e6fa90,synthetic_prior,0,63,0.8327956199645996,0.15787148475646973,54495.0,1.0093985795974731,31.353944778442383,-0.02672290802001953,1.001703143119812,2027.2314453125,-0.007715582847595215,1.0093611478805542,164.15003967285156,-0.02155613899230957,1.0142343044281006,0.02142258733510971,-0.0305941104888916,0.9997159242630005,9.849542617797852,-0.002469778060913086,1.0080655813217163,16.840482711791992,-0.017183780670166016,21,301,0.3050616383552551
SLIM*MIX_oms_pat5_fn-full_extended_piecewise_const-none_tabpfn,0c72c85c-8099-11f1-b0d1-2c7ba0e6fa90,synthetic_prior,0,64,0.8313848376274109,0.12593579292297363,53615.0,1.0082175731658936,31.317262649536133,-0.024322032928466797,1.001780390739441,2027.3876953125,-0.007871031761169434,1.0085991621017456,164.02610778808594,-0.020014286041259766,1.0099927186965942,0.02133299596607685,-0.021992087364196777,0.9999077916145325,9.851432800292969,-0.002854585647583008,1.0092047452926636,16.859514236450195,-0.01948404312133789,22,318,0.30741405487060547
SLIM*MIX_oms_pat5_fn-full_extended_piecewise_const-none_tabpfn,0c72c85c-8099-11f1-b0d1-2c7ba0e6fa90,synthetic_prior,0,65,0.8313848376274109,0.12587356567382812,53524.0,1.0082175731658936,31.317262649536133,-0.024322032928466797,1.001780390739441,2027.3876953125,-0.007871031761169434,1.0085991621017456,164.02610778808594,-0.020014286041259766,1.0099927186965942,0.02133299596607685,-0.021992087364196777,0.9999077916145325,9.851432800292969,-0.002854585647583008,1.0092047452926636,16.859514236450195,-0.01948404312133789,22,318,0.30741405487060547
SLIM*MIX_oms_pat5_fn-full_extended_piecewise_const-none_tabpfn,0c72c85c-8099-11f1-b0d1-2c7ba0e6fa90,synthetic_prior,0,66,0.8313848376274109,0.11055135726928711,53951.0,1.0082175731658936,31.317262649536133,-0.024322032928466797,1.001780390739441,2027.3876953125,-0.007871031761169434,1.0085991621017456,164.02610778808594,-0.020014286041259766,1.0099927186965942,0.02133299596607685,-0.021992087364196777,0.9999077916145325,9.851432800292969,-0.002854585647583008,1.0092047452926636,16.859514236450195,-0.01948404312133789,22,318,0.30741405487060547
SLIM*MIX_oms_pat5_fn-full_extended_piecewise_const-none_tabpfn,0c72c85c-8099-11f1-b0d1-2c7ba0e6fa90,synthetic_prior,0,67,0.8308389782905579,0.12627458572387695,54151.0,1.008346438407898,31.321266174316406,-0.024583816528320312,1.001850962638855,2027.5303955078125,-0.008013010025024414,1.0086617469787598,164.0363006591797,-0.020140886306762695,1.0101455450057983,0.02133622206747532,-0.022301316261291504,0.9998826384544373,9.851183891296387,-0.0028040409088134766,1.0092034339904785,16.859493255615234,-0.019481420516967773,21,304,0.3083232641220093
SLIM*MIX_oms_pat5_fn-full_extended_piecewise_const-none_tabpfn,0c72c85c-8099-11f1-b0d1-2c7ba0e6fa90,synthetic_prior,0,68,0.8308389782905579,0.17275714874267578,55821.0,1.008346438407898,31.321266174316406,-0.024583816528320312,1.001850962638855,2027.5303955078125,-0.008013010025024414,1.0086617469787598,164.0363006591797,-0.020140886306762695,1.0101455450057983,0.02133622206747532,-0.022301316261291504,0.9998826384544373,9.851183891296387,-0.0028040409088134766,1.0092034339904785,16.859493255615234,-0.019481420516967773,21,304,0.3083232641220093
SLIM*MIX_oms_pat5_fn-full_extended_piecewise_const-none_tabpfn,0c72c85c-8099-11f1-b0d1-2c7ba0e6fa90,synthetic_prior,0,69,0.8304437398910522,0.14764881134033203,54074.0,1.009132742881775,31.34568977355957,-0.02618241310119629,1.0018386840820312,2027.5054931640625,-0.007988214492797852,1.0093681812286377,164.1511688232422,-0.021570205688476562,1.0114986896514893,0.021364804357290268,-0.025042057037353516,0.9994485378265381,9.846907615661621,-0.0019336938858032227,1.0100326538085938,16.87334632873535,-0.021157383918762207,19,273,0.3089812397956848
SLIM*MIX_oms_pat5_fn-full_extended_piecewise_const-none_tabpfn,0c72c85c-8099-11f1-b0d1-2c7ba0e6fa90,synthetic_prior,0,70,0.8304437398910522,0.14211106300354004,54509.0,1.009132742881775,31.34568977355957,-0.02618241310119629,1.0018386840820312,2027.5054931640625,-0.007988214492797852,1.0093681812286377,164.1511688232422,-0.021570205688476562,1.0114986896514893,0.021364804357290268,-0.025042057037353516,0.9994485378265381,9.846907615661621,-0.0019336938858032227,1.0100326538085938,16.87334632873535,-0.021157383918762207,19,273,0.3089812397956848
SLIM*MIX_oms_pat5_fn-full_extended_piecewise_const-none_tabpfn,0c72c85c-8099-11f1-b0d1-2c7ba0e6fa90,synthetic_prior,0,71,0.8304437398910522,0.1718301773071289,55301.0,1.009132742881775,31.34568977355957,-0.02618241310119629,1.0018386840820312,2027.5054931640625,-0.007988214492797852,1.0093681812286377,164.1511688232422,-0.021570205688476562,1.0114986896514893,0.021364804357290268,-0.025042057037353516,0.9994485378265381,9.846907615661621,-0.0019336938858032227,1.0100326538085938,16.87334632873535,-0.021157383918762207,19,273,0.3089812397956848
SLIM*MIX_oms_pat5_fn-full_extended_piecewise_const-none_tabpfn,0c72c85c-8099-11f1-b0d1-2c7ba0e6fa90,synthetic_prior,0,72,0.8289669752120972,0.1539013385772705,55332.0,1.0078531503677368,31.30594253540039,-0.023581504821777344,1.001806616783142,2027.440673828125,-0.007923722267150879,1.0085725784301758,164.0218048095703,-0.019960522651672363,1.01054048538208,0.021344564855098724,-0.023100852966308594,0.9991843700408936,9.844304084777832,-0.0014040470123291016,1.0088953971862793,16.854345321655273,-0.018859148025512695,22,315,0.31143659353256226
SLIM*MIX_oms_pat5_fn-full_extended_piecewise_const-none_tabpfn,0c72c85c-8099-11f1-b0d1-2c7ba0e6fa90,synthetic_prior,0,73,0.8266602754592896,0.1258385181427002,56224.0,1.0087958574295044,31.335224151611328,-0.02549731731414795,1.0017085075378418,2027.2420654296875,-0.007726192474365234,1.009137749671936,164.1136932373047,-0.021103858947753906,1.0117701292037964,0.0213705375790596,-0.025592446327209473,0.9995638728141785,9.848043441772461,-0.0021648406982421875,1.009909749031067,16.87129020690918,-0.020908832550048828,19,274,0.3152633309364319
SLIM*MIX_oms_pat5_fn-full_extended_piecewise_const-none_tabpfn,0c72c85c-8099-11f1-b0d1-2c7ba0e6fa90,synthetic_prior,0,74,0.825268030166626,0.16026997566223145,56488.0,1.0087218284606934,31.332927703857422,-0.025346994400024414,1.0016149282455444,2027.0526123046875,-0.007537961006164551,1.008950114250183,164.08319091796875,-0.020724177360534668,1.0113900899887085,0.021362513303756714,-0.024822115898132324,0.9991081357002258,9.843554496765137,-0.001251220703125,1.0098987817764282,16.87110710144043,-0.020886540412902832,20,286,0.31756776571273804
SLIM*MIX_oms_pat5_fn-full_extended_piecewise_const-none_tabpfn,0c72c85c-8099-11f1-b0d1-2c7ba0e6fa90,synthetic_prior,0,75,0.8231735229492188,0.14769387245178223,56272.0,1.008966326713562,31.34052085876465,-0.02584397792816162,1.002410650253296,2028.6632080078125,-0.009139537811279297,1.0098087787628174,164.22283935546875,-0.02246236801147461,1.0115580558776855,0.0213660579174757,-0.025162339210510254,1.0001766681671143,9.854082107543945,-0.003394007682800293,1.010185956954956,16.875905990600586,-0.02146732807159424,24,340,0.3210274577140808
SLIM*MIX_oms_pat5_fn-full_extended_piecewise_const-none_tabpfn,0c72c85c-8099-11f1-b0d1-2c7ba0e6fa90,synthetic_prior,0,76,0.8231735229492188,0.11662721633911133,56565.0,1.008966326713562,31.34052085876465,-0.02584397792816162,1.002410650253296,2028.6632080078125,-0.009139537811279297,1.0098087787628174,164.22283935546875,-0.02246236801147461,1.0115580558776855,0.0213660579174757,-0.025162339210510254,1.0001766681671143,9.854082107543945,-0.003394007682800293,1.010185956954956,16.875905990600586,-0.02146732807159424,24,340,0.3210274577140808
SLIM*MIX_oms_pat5_fn-full_extended_piecewise_const-none_tabpfn,0c72c85c-8099-11f1-b0d1-2c7ba0e6fa90,synthetic_prior,0,77,0.8231735229492188,0.1302037239074707,56429.0,1.008966326713562,31.34052085876465,-0.02584397792816162,1.002410650253296,2028.6632080078125,-0.009139537811279297,1.0098087787628174,164.22283935546875,-0.02246236801147461,1.0115580558776855,0.0213660579174757,-0.025162339210510254,1.0001766681671143,9.854082107543945,-0.003394007682800293,1.010185956954956,16.875905990600586,-0.02146732807159424,24,340,0.3210274577140808
SLIM*MIX_oms_pat5_fn-full_extended_piecewise_const-none_tabpfn,0c72c85c-8099-11f1-b0d1-2c7ba0e6fa90,synthetic_prior,0,78,0.8231735229492188,0.1323857307434082,55961.0,1.008966326713562,31.34052085876465,-0.02584397792816162,1.002410650253296,2028.6632080078125,-0.009139537811279297,1.0098087787628174,164.22283935546875,-0.02246236801147461,1.0115580558776855,0.0213660579174757,-0.025162339210510254,1.0001766681671143,9.854082107543945,-0.003394007682800293,1.010185956954956,16.875905990600586,-0.02146732807159424,24,340,0.3210274577140808
SLIM*MIX_oms_pat5_fn-full_extended_piecewise_const-none_tabpfn,0c72c85c-8099-11f1-b0d1-2c7ba0e6fa90,synthetic_prior,0,79,0.8231735229492188,0.11540937423706055,55396.0,1.008966326713562,31.34052085876465,-0.02584397792816162,1.002410650253296,2028.6632080078125,-0.009139537811279297,1.0098087787628174,164.22283935546875,-0.02246236801147461,1.0115580558776855,0.0213660579174757,-0.025162339210510254,1.0001766681671143,9.854082107543945,-0.003394007682800293,1.010185956954956,16.875905990600586,-0.02146732807159424,24,340,0.3210274577140808
SLIM*MIX_oms_pat5_fn-full_extended_piecewise_const-none_tabpfn,0c72c85c-8099-11f1-b0d1-2c7ba0e6fa90,synthetic_prior,0,80,0.8231735229492188,0.16384100914001465,27954.0,1.008966326713562,31.34052085876465,-0.02584397792816162,1.002410650253296,2028.6632080078125,-0.009139537811279297,1.0098087787628174,164.22283935546875,-0.02246236801147461,1.0115580558776855,0.0213660579174757,-0.025162339210510254,1.0001766681671143,9.854082107543945,-0.003394007682800293,1.010185956954956,16.875905990600586,-0.02146732807159424,24,340,0.3210274577140808
SLIM*MIX_oms_pat5_fn-full_extended_piecewise_const-none_tabpfn,0c72c85c-8099-11f1-b0d1-2c7ba0e6fa90,synthetic_prior,0,81,0.8231735229492188,0.14154505729675293,43534.0,1.008966326713562,31.34052085876465,-0.02584397792816162,1.002410650253296,2028.6632080078125,-0.009139537811279297,1.0098087787628174,164.22283935546875,-0.02246236801147461,1.0115580558776855,0.0213660579174757,-0.025162339210510254,1.0001766681671143,9.854082107543945,-0.003394007682800293,1.010185956954956,16.875905990600586,-0.02146732807159424,24,340,0.3210274577140808
SLIM*MIX_oms_pat5_fn-full_extended_piecewise_const-none_tabpfn,0c72c85c-8099-11f1-b0d1-2c7ba0e6fa90,synthetic_prior,0,82,0.8231735229492188,0.15866470336914062,53832.0,1.008966326713562,31.34052085876465,-0.02584397792816162,1.002410650253296,2028.6632080078125,-0.009139537811279297,1.0098087787628174,164.22283935546875,-0.02246236801147461,1.0115580558776855,0.0213660579174757,-0.025162339210510254,1.0001766681671143,9.854082107543945,-0.003394007682800293,1.010185956954956,16.875905990600586,-0.02146732807159424,24,340,0.3210274577140808
SLIM*MIX_oms_pat5_fn-full_extended_piecewise_const-none_tabpfn,0c72c85c-8099-11f1-b0d1-2c7ba0e6fa90,synthetic_prior,0,83,0.8231735229492188,0.12670493125915527,58713.0,1.008966326713562,31.34052085876465,-0.02584397792816162,1.002410650253296,2028.6632080078125,-0.009139537811279297,1.0098087787628174,164.22283935546875,-0.02246236801147461,1.0115580558776855,0.0213660579174757,-0.025162339210510254,1.0001766681671143,9.854082107543945,-0.003394007682800293,1.010185956954956,16.875905990600586,-0.02146732807159424,24,340,0.3210274577140808
SLIM*MIX_oms_pat5_fn-full_extended_piecewise_const-none_tabpfn,0c72c85c-8099-11f1-b0d1-2c7ba0e6fa90,synthetic_prior,0,84,0.8229998350143433,0.12789368629455566,59047.0,1.0093293190002441,31.35179901123047,-0.02658236026763916,1.0026497840881348,2029.1470947265625,-0.009621024131774902,1.0103601217269897,164.3125,-0.023579120635986328,1.0125048160552979,0.021386057138442993,-0.027082443237304688,1.0004355907440186,9.856633186340332,-0.0039136409759521484,1.0109188556671143,16.88814926147461,-0.022950053215026855,24,337,0.32131385803222656
SLIM*MIX_oms_pat5_fn-full_extended_piecewise_const-none_tabpfn,0c72c85c-8099-11f1-b0d1-2c7ba0e6fa90,synthetic_prior,0,85,0.8229998350143433,0.12749958038330078,59348.0,1.0093293190002441,31.35179901123047,-0.02658236026763916,1.0026497840881348,2029.1470947265625,-0.009621024131774902,1.0103601217269897,164.3125,-0.023579120635986328,1.0125048160552979,0.021386057138442993,-0.027082443237304688,1.0004355907440186,9.856633186340332,-0.0039136409759521484,1.0109188556671143,16.88814926147461,-0.022950053215026855,24,337,0.32131385803222656
SLIM*MIX_oms_pat5_fn-full_extended_piecewise_const-none_tabpfn,0c72c85c-8099-11f1-b0d1-2c7ba0e6fa90,synthetic_prior,0,86,0.8229998350143433,0.12139725685119629,62500.0,1.0093293190002441,31.35179901123047,-0.02658236026763916,1.0026497840881348,2029.1470947265625,-0.009621024131774902,1.0103601217269897,164.3125,-0.023579120635986328,1.0125048160552979,0.021386057138442993,-0.027082443237304688,1.0004355907440186,9.856633186340332,-0.0039136409759521484,1.0109188556671143,16.88814926147461,-0.022950053215026855,24,337,0.32131385803222656
SLIM*MIX_oms_pat5_fn-full_extended_piecewise_const-none_tabpfn,0c72c85c-8099-11f1-b0d1-2c7ba0e6fa90,synthetic_prior,0,87,0.8224313855171204,0.11966657638549805,63675.0,1.008636713027954,31.33028221130371,-0.025173664093017578,1.0022941827774048,2028.427490234375,-0.008905172348022461,1.009439468383789,164.16278076171875,-0.02171468734741211,1.01060950756073,0.021346023306250572,-0.02324080467224121,0.9999243021011353,9.851594924926758,-0.002887725830078125,1.009781837463379,16.86915397644043,-0.020650148391723633,24,338,0.3222511410713196
SLIM*MIX_oms_pat5_fn-full_extended_piecewise_const-none_tabpfn,0c72c85c-8099-11f1-b0d1-2c7ba0e6fa90,synthetic_prior,0,88,0.8224313855171204,0.12799358367919922,63684.0,1.008636713027954,31.33028221130371,-0.025173664093017578,1.0022941827774048,2028.427490234375,-0.008905172348022461,1.009439468383789,164.16278076171875,-0.02171468734741211,1.01060950756073,0.021346023306250572,-0.02324080467224121,0.9999243021011353,9.851594924926758,-0.002887725830078125,1.009781837463379,16.86915397644043,-0.020650148391723633,24,338,0.3222511410713196
SLIM*MIX_oms_pat5_fn-full_extended_piecewise_const-none_tabpfn,0c72c85c-8099-11f1-b0d1-2c7ba0e6fa90,synthetic_prior,0,89,0.8224313855171204,0.11918139457702637,63924.0,1.008636713027954,31.33028221130371,-0.025173664093017578,1.0022941827774048,2028.427490234375,-0.008905172348022461,1.009439468383789,164.16278076171875,-0.02171468734741211,1.01060950756073,0.021346023306250572,-0.02324080467224121,0.9999243021011353,9.851594924926758,-0.002887725830078125,1.009781837463379,16.86915397644043,-0.020650148391723633,24,338,0.3222511410713196
SLIM*MIX_oms_pat5_fn-full_extended_piecewise_const-none_tabpfn,0c72c85c-8099-11f1-b0d1-2c7ba0e6fa90,synthetic_prior,0,90,0.8224313855171204,0.12646055221557617,63597.0,1.008636713027954,31.33028221130371,-0.025173664093017578,1.0022941827774048,2028.427490234375,-0.008905172348022461,1.009439468383789,164.16278076171875,-0.02171468734741211,1.01060950756073,0.021346023306250572,-0.02324080467224121,0.9999243021011353,9.851594924926758,-0.002887725830078125,1.009781837463379,16.86915397644043,-0.020650148391723633,24,338,0.3222511410713196
SLIM*MIX_oms_pat5_fn-full_extended_piecewise_const-none_tabpfn,0c72c85c-8099-11f1-b0d1-2c7ba0e6fa90,synthetic_prior,0,91,0.8224313855171204,0.1265883445739746,63473.0,1.008636713027954,31.33028221130371,-0.025173664093017578,1.0022941827774048,2028.427490234375,-0.008905172348022461,1.009439468383789,164.16278076171875,-0.02171468734741211,1.01060950756073,0.021346023306250572,-0.02324080467224121,0.9999243021011353,9.851594924926758,-0.002887725830078125,1.009781837463379,16.86915397644043,-0.020650148391723633,24,338,0.3222511410713196
SLIM*MIX_oms_pat5_fn-full_extended_piecewise_const-none_tabpfn,0c72c85c-8099-11f1-b0d1-2c7ba0e6fa90,synthetic_prior,0,92,0.8224313855171204,0.15869855880737305,32350.0,1.008636713027954,31.33028221130371,-0.025173664093017578,1.0022941827774048,2028.427490234375,-0.008905172348022461,1.009439468383789,164.16278076171875,-0.02171468734741211,1.01060950756073,0.021346023306250572,-0.02324080467224121,0.9999243021011353,9.851594924926758,-0.002887725830078125,1.009781837463379,16.86915397644043,-0.020650148391723633,24,338,0.3222511410713196
SLIM*MIX_oms_pat5_fn-full_extended_piecewise_const-none_tabpfn,0c72c85c-8099-11f1-b0d1-2c7ba0e6fa90,synthetic_prior,0,93,0.8224313855171204,0.12656188011169434,49624.0,1.008636713027954,31.33028221130371,-0.025173664093017578,1.0022941827774048,2028.427490234375,-0.008905172348022461,1.009439468383789,164.16278076171875,-0.02171468734741211,1.01060950756073,0.021346023306250572,-0.02324080467224121,0.9999243021011353,9.851594924926758,-0.002887725830078125,1.009781837463379,16.86915397644043,-0.020650148391723633,24,338,0.3222511410713196
SLIM*MIX_oms_pat5_fn-full_extended_piecewise_const-none_tabpfn,0c72c85c-8099-11f1-b0d1-2c7ba0e6fa90,synthetic_prior,0,94,0.8224313855171204,0.11950993537902832,61498.0,1.008636713027954,31.33028221130371,-0.025173664093017578,1.0022941827774048,2028.427490234375,-0.008905172348022461,1.009439468383789,164.16278076171875,-0.02171468734741211,1.01060950756073,0.021346023306250572,-0.02324080467224121,0.9999243021011353,9.851594924926758,-0.002887725830078125,1.009781837463379,16.86915397644043,-0.020650148391723633,24,338,0.3222511410713196
SLIM*MIX_oms_pat5_fn-full_extended_piecewise_const-none_tabpfn,0c72c85c-8099-11f1-b0d1-2c7ba0e6fa90,synthetic_prior,0,95,0.8224313855171204,0.13322019577026367,62930.0,1.008636713027954,31.33028221130371,-0.025173664093017578,1.0022941827774048,2028.427490234375,-0.008905172348022461,1.009439468383789,164.16278076171875,-0.02171468734741211,1.01060950756073,0.021346023306250572,-0.02324080467224121,0.9999243021011353,9.851594924926758,-0.002887725830078125,1.009781837463379,16.86915397644043,-0.020650148391723633,24,338,0.3222511410713196
SLIM*MIX_oms_pat5_fn-full_extended_piecewise_const-none_tabpfn,0c72c85c-8099-11f1-b0d1-2c7ba0e6fa90,synthetic_prior,0,96,0.8224313855171204,0.12500953674316406,62676.0,1.008636713027954,31.33028221130371,-0.025173664093017578,1.0022941827774048,2028.427490234375,-0.008905172348022461,1.009439468383789,164.16278076171875,-0.02171468734741211,1.01060950756073,0.021346023306250572,-0.02324080467224121,0.9999243021011353,9.851594924926758,-0.002887725830078125,1.009781837463379,16.86915397644043,-0.020650148391723633,24,338,0.3222511410713196
SLIM*MIX_oms_pat5_fn-full_extended_piecewise_const-none_tabpfn,0c72c85c-8099-11f1-b0d1-2c7ba0e6fa90,synthetic_prior,0,97,0.8224313855171204,0.14226531982421875,32673.0,1.008636713027954,31.33028221130371,-0.025173664093017578,1.0022941827774048,2028.427490234375,-0.008905172348022461,1.009439468383789,164.16278076171875,-0.02171468734741211,1.01060950756073,0.021346023306250572,-0.02324080467224121,0.9999243021011353,9.851594924926758,-0.002887725830078125,1.009781837463379,16.86915397644043,-0.020650148391723633,24,338,0.3222511410713196
SLIM*MIX_oms_pat5_fn-full_extended_piecewise_const-none_tabpfn,0c72c85c-8099-11f1-b0d1-2c7ba0e6fa90,synthetic_prior,0,98,0.8224313855171204,0.12446904182434082,46712.0,1.008636713027954,31.33028221130371,-0.025173664093017578,1.0022941827774048,2028.427490234375,-0.008905172348022461,1.009439468383789,164.16278076171875,-0.02171468734741211,1.01060950756073,0.021346023306250572,-0.02324080467224121,0.9999243021011353,9.851594924926758,-0.002887725830078125,1.009781837463379,16.86915397644043,-0.020650148391723633,24,338,0.3222511410713196
SLIM*MIX_oms_pat5_fn-full_extended_piecewise_const-none_tabpfn,0c72c85c-8099-11f1-b0d1-2c7ba0e6fa90,synthetic_prior,0,99,0.8224313855171204,0.11090517044067383,61692.0,1.008636713027954,31.33028221130371,-0.025173664093017578,1.0022941827774048,2028.427490234375,-0.008905172348022461,1.009439468383789,164.16278076171875,-0.02171468734741211,1.01060950756073,0.021346023306250572,-0.02324080467224121,0.9999243021011353,9.851594924926758,-0.002887725830078125,1.009781837463379,16.86915397644043,-0.020650148391723633,24,338,0.3222511410713196
SLIM*MIX_oms_pat5_fn-full_extended_piecewise_const-none_tabpfn,0c72c85c-8099-11f1-b0d1-2c7ba0e6fa90,synthetic_prior,0,100,0.8218199014663696,0.12700510025024414,64771.0,1.0086218118667603,31.329818725585938,-0.02514350414276123,1.0022822618484497,2028.4031982421875,-0.008881092071533203,1.009436845779419,164.16236877441406,-0.021709442138671875,1.0106209516525269,0.021346265450119972,-0.02326381206512451,0.9999682307243347,9.852027893066406,-0.002975940704345703,1.0097836256027222,16.869184494018555,-0.020653843879699707,23,325,0.32325857877731323
SLIM*MIX_oms_pat5_fn-full_extended_piecewise_const-none_tabpfn,0c72c85c-8099-11f1-b0d1-2c7ba0e6fa90,synthetic_prior,0,101,0.8218199014663696,0.11043715476989746,65024.0,1.0086218118667603,31.329818725585938,-0.02514350414276123,1.0022822618484497,2028.4031982421875,-0.008881092071533203,1.009436845779419,164.16236877441406,-0.021709442138671875,1.0106209516525269,0.021346265450119972,-0.02326381206512451,0.9999682307243347,9.852027893066406,-0.002975940704345703,1.0097836256027222,16.869184494018555,-0.020653843879699707,23,325,0.32325857877731323
SLIM*MIX_oms_pat5_fn-full_extended_piecewise_const-none_tabpfn,0c72c85c-8099-11f1-b0d1-2c7ba0e6fa90,synthetic_prior,0,102,0.8218199014663696,0.12722396850585938,64814.0,1.0086218118667603,31.329818725585938,-0.02514350414276123,1.0022822618484497,2028.4031982421875,-0.008881092071533203,1.009436845779419,164.16236877441406,-0.021709442138671875,1.0106209516525269,0.021346265450119972,-0.02326381206512451,0.9999682307243347,9.852027893066406,-0.002975940704345703,1.0097836256027222,16.869184494018555,-0.020653843879699707,23,325,0.32325857877731323
SLIM*MIX_oms_pat5_fn-full_extended_piecewise_const-none_tabpfn,0c72c85c-8099-11f1-b0d1-2c7ba0e6fa90,synthetic_prior,0,103,0.8218199014663696,0.12489652633666992,64310.0,1.0086218118667603,31.329818725585938,-0.02514350414276123,1.0022822618484497,2028.4031982421875,-0.008881092071533203,1.009436845779419,164.16236877441406,-0.021709442138671875,1.0106209516525269,0.021346265450119972,-0.02326381206512451,0.9999682307243347,9.852027893066406,-0.002975940704345703,1.0097836256027222,16.869184494018555,-0.020653843879699707,23,325,0.32325857877731323
SLIM*MIX_oms_pat5_fn-full_extended_piecewise_const-none_tabpfn,0c72c85c-8099-11f1-b0d1-2c7ba0e6fa90,synthetic_prior,0,104,0.8217604160308838,0.13223505020141602,63900.0,1.0085958242416382,31.329008102416992,-0.025090575218200684,1.0022884607315063,2028.415771484375,-0.008893489837646484,1.0093826055526733,164.1535186767578,-0.021599411964416504,1.0106521844863892,0.0213469248265028,-0.023327112197875977,0.9999498724937439,9.851846694946289,-0.002938985824584961,1.0097863674163818,16.869232177734375,-0.020659565925598145,26,368,0.3233564496040344
SLIM*MIX_oms_pat5_fn-full_extended_piecewise_const-none_tabpfn,0c72c85c-8099-11f1-b0d1-2c7ba0e6fa90,synthetic_prior,0,105,0.8217604160308838,0.147294282913208,64242.0,1.0085958242416382,31.329008102416992,-0.025090575218200684,1.0022884607315063,2028.415771484375,-0.008893489837646484,1.0093826055526733,164.1535186767578,-0.021599411964416504,1.0106521844863892,0.0213469248265028,-0.023327112197875977,0.9999498724937439,9.851846694946289,-0.002938985824584961,1.0097863674163818,16.869232177734375,-0.020659565925598145,26,368,0.3233564496040344
SLIM*MIX_oms_pat5_fn-full_extended_piecewise_const-none_tabpfn,0c72c85c-8099-11f1-b0d1-2c7ba0e6fa90,synthetic_prior,0,106,0.8217604160308838,0.12625813484191895,65058.0,1.0085958242416382,31.329008102416992,-0.025090575218200684,1.0022884607315063,2028.415771484375,-0.008893489837646484,1.0093826055526733,164.1535186767578,-0.021599411964416504,1.0106521844863892,0.0213469248265028,-0.023327112197875977,0.9999498724937439,9.851846694946289,-0.002938985824584961,1.0097863674163818,16.869232177734375,-0.020659565925598145,26,368,0.3233564496040344
SLIM*MIX_oms_pat5_fn-full_extended_piecewise_const-none_tabpfn,0c72c85c-8099-11f1-b0d1-2c7ba0e6fa90,synthetic_prior,0,107,0.8196909427642822,0.11173486709594727,65001.0,1.0092164278030396,31.348291397094727,-0.026352643966674805,1.0025967359542847,2029.0399169921875,-0.009514331817626953,1.009975790977478,164.25,-0.022800564765930176,1.0111408233642578,0.02135724574327469,-0.024317026138305664,1.000014305114746,9.8524808883667,-0.0030683279037475586,1.0101224184036255,16.874845504760742,-0.021338939666748047,27,381,0.32676029205322266
SLIM*MIX_oms_pat5_fn-full_extended_piecewise_const-none_tabpfn,0c72c85c-8099-11f1-b0d1-2c7ba0e6fa90,synthetic_prior,0,108,0.8196909427642822,0.12253403663635254,64258.0,1.0092164278030396,31.348291397094727,-0.026352643966674805,1.0025967359542847,2029.0399169921875,-0.009514331817626953,1.009975790977478,164.25,-0.022800564765930176,1.0111408233642578,0.02135724574327469,-0.024317026138305664,1.000014305114746,9.8524808883667,-0.0030683279037475586,1.0101224184036255,16.874845504760742,-0.021338939666748047,27,381,0.32676029205322266
SLIM*MIX_oms_pat5_fn-full_extended_piecewise_const-none_tabpfn,0c72c85c-8099-11f1-b0d1-2c7ba0e6fa90,synthetic_prior,0,109,0.8196909427642822,0.11090803146362305,64050.0,1.0092164278030396,31.348291397094727,-0.026352643966674805,1.0025967359542847,2029.0399169921875,-0.009514331817626953,1.009975790977478,164.25,-0.022800564765930176,1.0111408233642578,0.02135724574327469,-0.024317026138305664,1.000014305114746,9.8524808883667,-0.0030683279037475586,1.0101224184036255,16.874845504760742,-0.021338939666748047,27,381,0.32676029205322266
SLIM*MIX_oms_pat5_fn-full_extended_piecewise_const-none_tabpfn,0c72c85c-8099-11f1-b0d1-2c7ba0e6fa90,synthetic_prior,0,110,0.8196909427642822,0.1421034336090088,63463.0,1.0092164278030396,31.348291397094727,-0.026352643966674805,1.0025967359542847,2029.0399169921875,-0.009514331817626953,1.009975790977478,164.25,-0.022800564765930176,1.0111408233642578,0.02135724574327469,-0.024317026138305664,1.000014305114746,9.8524808883667,-0.0030683279037475586,1.0101224184036255,16.874845504760742,-0.021338939666748047,27,381,0.32676029205322266
SLIM*MIX_oms_pat5_fn-full_extended_piecewise_const-none_tabpfn,0c72c85c-8099-11f1-b0d1-2c7ba0e6fa90,synthetic_prior,0,111,0.8196909427642822,0.11032509803771973,62225.0,1.0092164278030396,31.348291397094727,-0.026352643966674805,1.0025967359542847,2029.0399169921875,-0.009514331817626953,1.009975790977478,164.25,-0.022800564765930176,1.0111408233642578,0.02135724574327469,-0.024317026138305664,1.000014305114746,9.8524808883667,-0.0030683279037475586,1.0101224184036255,16.874845504760742,-0.021338939666748047,27,381,0.32676029205322266
SLIM*MIX_oms_pat5_fn-full_extended_piecewise_const-none_tabpfn,0c72c85c-8099-11f1-b0d1-2c7ba0e6fa90,synthetic_prior,0,112,0.8196909427642822,0.15845894813537598,31411.0,1.0092164278030396,31.348291397094727,-0.026352643966674805,1.0025967359542847,2029.0399169921875,-0.009514331817626953,1.009975790977478,164.25,-0.022800564765930176,1.0111408233642578,0.02135724574327469,-0.024317026138305664,1.000014305114746,9.8524808883667,-0.0030683279037475586,1.0101224184036255,16.874845504760742,-0.021338939666748047,27,381,0.32676029205322266
SLIM*MIX_oms_pat5_fn-full_extended_piecewise_const-none_tabpfn,0c72c85c-8099-11f1-b0d1-2c7ba0e6fa90,synthetic_prior,0,113,0.8188339471817017,0.1289811134338379,48278.0,1.0098923444747925,31.36928367614746,-0.027727842330932617,1.0027201175689697,2029.28955078125,-0.009762883186340332,1.0102070569992065,164.28759765625,-0.023269057273864746,1.0126477479934692,0.021389074623584747,-0.027372360229492188,0.998672366142273,9.83926010131836,-0.00037801265716552734,1.0099732875823975,16.87235450744629,-0.02103734016418457,28,399,0.32816725969314575
SLIM*MIX_oms_pat5_fn-full_extended_piecewise_const-none_tabpfn,0c72c85c-8099-11f1-b0d1-2c7ba0e6fa90,synthetic_prior,0,114,0.8188339471817017,0.13967108726501465,58256.0,1.0098923444747925,31.36928367614746,-0.027727842330932617,1.0027201175689697,2029.28955078125,-0.009762883186340332,1.0102070569992065,164.28759765625,-0.023269057273864746,1.0126477479934692,0.021389074623584747,-0.027372360229492188,0.998672366142273,9.83926010131836,-0.00037801265716552734,1.0099732875823975,16.87235450744629,-0.02103734016418457,28,399,0.32816725969314575
SLIM*MIX_oms_pat5_fn-full_extended_piecewise_const-none_tabpfn,0c72c85c-8099-11f1-b0d1-2c7ba0e6fa90,synthetic_prior,0,115,0.8188339471817017,0.11131024360656738,65300.0,1.0098923444747925,31.36928367614746,-0.027727842330932617,1.0027201175689697,2029.28955078125,-0.009762883186340332,1.0102070569992065,164.28759765625,-0.023269057273864746,1.0126477479934692,0.021389074623584747,-0.027372360229492188,0.998672366142273,9.83926010131836,-0.00037801265716552734,1.0099732875823975,16.87235450744629,-0.02103734016418457,28,399,0.32816725969314575
SLIM*MIX_oms_pat5_fn-full_extended_piecewise_const-none_tabpfn,0c72c85c-8099-11f1-b0d1-2c7ba0e6fa90,synthetic_prior,0,116,0.8182076811790466,0.11854195594787598,67595.0,1.0099241733551025,31.37027359008789,-0.027792692184448242,1.0026040077209473,2029.054443359375,-0.009528875350952148,1.0104292631149292,164.32374572753906,-0.023719310760498047,1.0131340026855469,0.021399345248937607,-0.028359174728393555,0.9989902377128601,9.842391967773438,-0.0010149478912353516,1.0102622509002686,16.877180099487305,-0.02162158489227295,26,374,0.3291946053504944
SLIM*MIX_oms_pat5_fn-full_extended_piecewise_const-none_tabpfn,0c72c85c-8099-11f1-b0d1-2c7ba0e6fa90,synthetic_prior,0,117,0.8182076811790466,0.11002159118652344,68758.0,1.0099241733551025,31.37027359008789,-0.027792692184448242,1.0026040077209473,2029.054443359375,-0.009528875350952148,1.0104292631149292,164.32374572753906,-0.023719310760498047,1.0131340026855469,0.021399345248937607,-0.028359174728393555,0.9989902377128601,9.842391967773438,-0.0010149478912353516,1.0102622509002686,16.877180099487305,-0.02162158489227295,26,374,0.3291946053504944
SLIM*MIX_oms_pat5_fn-full_extended_piecewise_const-none_tabpfn,0c72c85c-8099-11f1-b0d1-2c7ba0e6fa90,synthetic_prior,0,118,0.8182076811790466,0.11096072196960449,69716.0,1.0099241733551025,31.37027359008789,-0.027792692184448242,1.0026040077209473,2029.054443359375,-0.009528875350952148,1.0104292631149292,164.32374572753906,-0.023719310760498047,1.0131340026855469,0.021399345248937607,-0.028359174728393555,0.9989902377128601,9.842391967773438,-0.0010149478912353516,1.0102622509002686,16.877180099487305,-0.02162158489227295,26,374,0.3291946053504944
SLIM*MIX_oms_pat5_fn-full_extended_piecewise_const-none_tabpfn,0c72c85c-8099-11f1-b0d1-2c7ba0e6fa90,synthetic_prior,0,119,0.8182076811790466,0.1316993236541748,70303.0,1.0099241733551025,31.37027359008789,-0.027792692184448242,1.0026040077209473,2029.054443359375,-0.009528875350952148,1.0104292631149292,164.32374572753906,-0.023719310760498047,1.0131340026855469,0.021399345248937607,-0.028359174728393555,0.9989902377128601,9.842391967773438,-0.0010149478912353516,1.0102622509002686,16.877180099487305,-0.02162158489227295,26,374,0.3291946053504944
SLIM*MIX_oms_pat5_fn-full_extended_piecewise_const-none_tabpfn,0c72c85c-8099-11f1-b0d1-2c7ba0e6fa90,synthetic_prior,0,120,0.8182076811790466,0.1269063949584961,70329.0,1.0099241733551025,31.37027359008789,-0.027792692184448242,1.0026040077209473,2029.054443359375,-0.009528875350952148,1.0104292631149292,164.32374572753906,-0.023719310760498047,1.0131340026855469,0.021399345248937607,-0.028359174728393555,0.9989902377128601,9.842391967773438,-0.0010149478912353516,1.0102622509002686,16.877180099487305,-0.02162158489227295,26,374,0.3291946053504944
SLIM*MIX_oms_pat5_fn-full_extended_piecewise_const-none_tabpfn,0c72c85c-8099-11f1-b0d1-2c7ba0e6fa90,synthetic_prior,0,121,0.8182076811790466,0.13907122611999512,35575.0,1.0099241733551025,31.37027359008789,-0.027792692184448242,1.0026040077209473,2029.054443359375,-0.009528875350952148,1.0104292631149292,164.32374572753906,-0.023719310760498047,1.0131340026855469,0.021399345248937607,-0.028359174728393555,0.9989902377128601,9.842391967773438,-0.0010149478912353516,1.0102622509002686,16.877180099487305,-0.02162158489227295,26,374,0.3291946053504944
SLIM*MIX_oms_pat5_fn-full_extended_piecewise_const-none_tabpfn,0c72c85c-8099-11f1-b0d1-2c7ba0e6fa90,synthetic_prior,0,122,0.8182076811790466,0.11136174201965332,56058.0,1.0099241733551025,31.37027359008789,-0.027792692184448242,1.0026040077209473,2029.054443359375,-0.009528875350952148,1.0104292631149292,164.32374572753906,-0.023719310760498047,1.0131340026855469,0.021399345248937607,-0.028359174728393555,0.9989902377128601,9.842391967773438,-0.0010149478912353516,1.0102622509002686,16.877180099487305,-0.02162158489227295,26,374,0.3291946053504944
SLIM*MIX_oms_pat5_fn-full_extended_piecewise_const-none_tabpfn,0c72c85c-8099-11f1-b0d1-2c7ba0e6fa90,synthetic_prior,0,123,0.8182076811790466,0.1352243423461914,68002.0,1.0099241733551025,31.37027359008789,-0.027792692184448242,1.0026040077209473,2029.054443359375,-0.009528875350952148,1.0104292631149292,164.32374572753906,-0.023719310760498047,1.0131340026855469,0.021399345248937607,-0.028359174728393555,0.9989902377128601,9.842391967773438,-0.0010149478912353516,1.0102622509002686,16.877180099487305,-0.02162158489227295,26,374,0.3291946053504944
SLIM*MIX_oms_pat5_fn-full_extended_piecewise_const-none_tabpfn,0c72c85c-8099-11f1-b0d1-2c7ba0e6fa90,synthetic_prior,0,124,0.8182076811790466,0.12799358367919922,70482.0,1.0099241733551025,31.37027359008789,-0.027792692184448242,1.0026040077209473,2029.054443359375,-0.009528875350952148,1.0104292631149292,164.32374572753906,-0.023719310760498047,1.0131340026855469,0.021399345248937607,-0.028359174728393555,0.9989902377128601,9.842391967773438,-0.0010149478912353516,1.0102622509002686,16.877180099487305,-0.02162158489227295,26,374,0.3291946053504944
SLIM*MIX_oms_pat5_fn-full_extended_piecewise_const-none_tabpfn,0c72c85c-8099-11f1-b0d1-2c7ba0e6fa90,synthetic_prior,0,125,0.8182076811790466,0.12497854232788086,69061.0,1.0099241733551025,31.37027359008789,-0.027792692184448242,1.0026040077209473,2029.054443359375,-0.009528875350952148,1.0104292631149292,164.32374572753906,-0.023719310760498047,1.0131340026855469,0.021399345248937607,-0.028359174728393555,0.9989902377128601,9.842391967773438,-0.0010149478912353516,1.0102622509002686,16.877180099487305,-0.02162158489227295,26,374,0.3291946053504944
SLIM*MIX_oms_pat5_fn-full_extended_piecewise_const-none_tabpfn,0c72c85c-8099-11f1-b0d1-2c7ba0e6fa90,synthetic_prior,0,126,0.8178060054779053,0.12784242630004883,68379.0,1.0097349882125854,31.364395141601562,-0.027407526969909668,1.0025115013122559,2028.8673095703125,-0.009342670440673828,1.0102375745773315,164.29257202148438,-0.0233309268951416,1.0122370719909668,0.021380402147769928,-0.026539325714111328,0.9986421465873718,9.83896255493164,-0.00031745433807373047,1.0099873542785645,16.872589111328125,-0.021065711975097656,27,379,0.32985299825668335
SLIM*MIX_oms_pat5_fn-full_extended_piecewise_const-none_tabpfn,0c72c85c-8099-11f1-b0d1-2c7ba0e6fa90,synthetic_prior,0,127,0.8178060054779053,0.12264323234558105,70299.0,1.0097349882125854,31.364395141601562,-0.027407526969909668,1.0025115013122559,2028.8673095703125,-0.009342670440673828,1.0102375745773315,164.29257202148438,-0.0233309268951416,1.0122370719909668,0.021380402147769928,-0.026539325714111328,0.9986421465873718,9.83896255493164,-0.00031745433807373047,1.0099873542785645,16.872589111328125,-0.021065711975097656,27,379,0.32985299825668335
SLIM*MIX_oms_pat5_fn-full_extended_piecewise_const-none_tabpfn,0c72c85c-8099-11f1-b0d1-2c7ba0e6fa90,synthetic_prior,0,128,0.8178060054779053,0.11047697067260742,70512.0,1.0097349882125854,31.364395141601562,-0.027407526969909668,1.0025115013122559,2028.8673095703125,-0.009342670440673828,1.0102375745773315,164.29257202148438,-0.0233309268951416,1.0122370719909668,0.021380402147769928,-0.026539325714111328,0.9986421465873718,9.83896255493164,-0.00031745433807373047,1.0099873542785645,16.872589111328125,-0.021065711975097656,27,379,0.32985299825668335
SLIM*MIX_oms_pat5_fn-full_extended_piecewise_const-none_tabpfn,0c72c85c-8099-11f1-b0d1-2c7ba0e6fa90,synthetic_prior,0,129,0.8168989419937134,0.12450695037841797,70668.0,1.0072782039642334,31.288084030151367,-0.022414088249206543,1.0011298656463623,2026.0711669921875,-0.006562352180480957,1.0076545476913452,163.87249755859375,-0.0181044340133667,1.0098518133163452,0.02133001945912838,-0.02170693874359131,0.9981761574745178,9.834371566772461,0.0006158947944641113,1.0077974796295166,16.83600425720215,-0.01664268970489502,26,373,0.3313388228416443
SLIM*MIX_oms_pat5_fn-full_extended_piecewise_const-none_tabpfn,0c72c85c-8099-11f1-b0d1-2c7ba0e6fa90,synthetic_prior,0,130,0.8168989419937134,0.11099362373352051,71376.0,1.0072782039642334,31.288084030151367,-0.022414088249206543,1.0011298656463623,2026.0711669921875,-0.006562352180480957,1.0076545476913452,163.87249755859375,-0.0181044340133667,1.0098518133163452,0.02133001945912838,-0.02170693874359131,0.9981761574745178,9.834371566772461,0.0006158947944641113,1.0077974796295166,16.83600425720215,-0.01664268970489502,26,373,0.3313388228416443
SLIM*MIX_oms_pat5_fn-full_extended_piecewise_const-none_tabpfn,0c72c85c-8099-11f1-b0d1-2c7ba0e6fa90,synthetic_prior,0,131,0.8155765533447266,0.12588047981262207,71631.0,1.0070446729660034,31.28083038330078,-0.021939992904663086,1.0010727643966675,2025.95556640625,-0.006447553634643555,1.0075665712356567,163.8582000732422,-0.017926931381225586,1.0099724531173706,0.021332569420337677,-0.02195107936859131,0.9980731010437012,9.833355903625488,0.0008221864700317383,1.0077641010284424,16.835447311401367,-0.01657545566558838,27,385,0.333501935005188
SLIM*MIX_oms_pat5_fn-full_extended_piecewise_const-none_tabpfn,0c72c85c-8099-11f1-b0d1-2c7ba0e6fa90,synthetic_prior,0,132,0.8155765533447266,0.12661242485046387,71835.0,1.0070446729660034,31.28083038330078,-0.021939992904663086,1.0010727643966675,2025.95556640625,-0.006447553634643555,1.0075665712356567,163.8582000732422,-0.017926931381225586,1.0099724531173706,0.021332569420337677,-0.02195107936859131,0.9980731010437012,9.833355903625488,0.0008221864700317383,1.0077641010284424,16.835447311401367,-0.01657545566558838,27,385,0.333501935005188
SLIM*MIX_oms_pat5_fn-full_extended_piecewise_const-none_tabpfn,0c72c85c-8099-11f1-b0d1-2c7ba0e6fa90,synthetic_prior,0,133,0.814835250377655,0.1278092861175537,70770.0,1.0070608854293823,31.281333923339844,-0.021973013877868652,1.0010623931884766,2025.9345703125,-0.006426692008972168,1.0074964761734009,163.84678649902344,-0.017785072326660156,1.00954008102417,0.02132343500852585,-0.021076321601867676,0.9980391263961792,9.83302116394043,0.0008903145790100098,1.007747769355774,16.835172653198242,-0.016542434692382812,28,397,0.3347129225730896
SLIM*MIX_oms_pat5_fn-full_extended_piecewise_const-none_tabpfn,0c72c85c-8099-11f1-b0d1-2c7ba0e6fa90,synthetic_prior,0,134,0.8125334978103638,0.10905337333679199,70395.0,1.0061746835708618,31.253803253173828,-0.02017498016357422,1.0004234313964844,2024.6416015625,-0.0051424503326416016,1.0063631534576416,163.6624755859375,-0.01549673080444336,1.0073745250701904,0.021277695894241333,-0.01670050621032715,0.9985643625259399,9.838196754455566,-0.0001615285873413086,1.0065935850143433,16.81589126586914,-0.014215230941772461,25,382,0.33846616744995117
SLIM*MIX_oms_pat5_fn-full_extended_piecewise_const-none_tabpfn,0c72c85c-8099-11f1-b0d1-2c7ba0e6fa90,synthetic_prior,0,135,0.8125334978103638,0.12507843971252441,69070.0,1.0061746835708618,31.253803253173828,-0.02017498016357422,1.0004234313964844,2024.6416015625,-0.0051424503326416016,1.0063631534576416,163.6624755859375,-0.01549673080444336,1.0073745250701904,0.021277695894241333,-0.01670050621032715,0.9985643625259399,9.838196754455566,-0.0001615285873413086,1.0065935850143433,16.81589126586914,-0.014215230941772461,25,382,0.33846616744995117
SLIM*MIX_oms_pat5_fn-full_extended_piecewise_const-none_tabpfn,0c72c85c-8099-11f1-b0d1-2c7ba0e6fa90,synthetic_prior,0,136,0.8125334978103638,0.13792705535888672,69992.0,1.0061746835708618,31.253803253173828,-0.02017498016357422,1.0004234313964844,2024.6416015625,-0.0051424503326416016,1.0063631534576416,163.6624755859375,-0.01549673080444336,1.0073745250701904,0.021277695894241333,-0.01670050621032715,0.9985643625259399,9.838196754455566,-0.0001615285873413086,1.0065935850143433,16.81589126586914,-0.014215230941772461,25,382,0.33846616744995117
SLIM*MIX_oms_pat5_fn-full_extended_piecewise_const-none_tabpfn,0c72c85c-8099-11f1-b0d1-2c7ba0e6fa90,synthetic_prior,0,137,0.8125334978103638,0.13047504425048828,70283.0,1.0061746835708618,31.253803253173828,-0.02017498016357422,1.0004234313964844,2024.6416015625,-0.0051424503326416016,1.0063631534576416,163.6624755859375,-0.01549673080444336,1.0073745250701904,0.021277695894241333,-0.01670050621032715,0.9985643625259399,9.838196754455566,-0.0001615285873413086,1.0065935850143433,16.81589126586914,-0.014215230941772461,25,382,0.33846616744995117
SLIM*MIX_oms_pat5_fn-full_extended_piecewise_const-none_tabpfn,0c72c85c-8099-11f1-b0d1-2c7ba0e6fa90,synthetic_prior,0,138,0.8125334978103638,0.12754297256469727,69889.0,1.0061746835708618,31.253803253173828,-0.02017498016357422,1.0004234313964844,2024.6416015625,-0.0051424503326416016,1.0063631534576416,163.6624755859375,-0.01549673080444336,1.0073745250701904,0.021277695894241333,-0.01670050621032715,0.9985643625259399,9.838196754455566,-0.0001615285873413086,1.0065935850143433,16.81589126586914,-0.014215230941772461,25,382,0.33846616744995117
SLIM*MIX_oms_pat5_fn-full_extended_piecewise_const-none_tabpfn,0c72c85c-8099-11f1-b0d1-2c7ba0e6fa90,synthetic_prior,0,139,0.8115568161010742,0.1271376609802246,69891.0,1.0063526630401611,31.259334564208984,-0.020536065101623535,1.000510573387146,2024.8177490234375,-0.0053174495697021484,1.0064880847930908,163.68280029296875,-0.01574873924255371,1.0075773000717163,0.021281978115439415,-0.01710975170135498,0.998414158821106,9.836716651916504,0.0001392364501953125,1.0067654848098755,16.81876564025879,-0.014561772346496582,24,368,0.34005558490753174
SLIM*MIX_oms_pat5_fn-full_extended_piecewise_const-none_tabpfn,0c72c85c-8099-11f1-b0d1-2c7ba0e6fa90,synthetic_prior,0,140,0.8115568161010742,0.12746930122375488,70256.0,1.0063526630401611,31.259334564208984,-0.020536065101623535,1.000510573387146,2024.8177490234375,-0.0053174495697021484,1.0064880847930908,163.68280029296875,-0.01574873924255371,1.0075773000717163,0.021281978115439415,-0.01710975170135498,0.998414158821106,9.836716651916504,0.0001392364501953125,1.0067654848098755,16.81876564025879,-0.014561772346496582,24,368,0.34005558490753174
SLIM*MIX_oms_pat5_fn-full_extended_piecewise_const-none_tabpfn,0c72c85c-8099-11f1-b0d1-2c7ba0e6fa90,synthetic_prior,0,141,0.8115568161010742,0.12723946571350098,69931.0,1.0063526630401611,31.259334564208984,-0.020536065101623535,1.000510573387146,2024.8177490234375,-0.0053174495697021484,1.0064880847930908,163.68280029296875,-0.01574873924255371,1.0075773000717163,0.021281978115439415,-0.01710975170135498,0.998414158821106,9.836716651916504,0.0001392364501953125,1.0067654848098755,16.81876564025879,-0.014561772346496582,24,368,0.34005558490753174
SLIM*MIX_oms_pat5_fn-full_extended_piecewise_const-none_tabpfn,0c72c85c-8099-11f1-b0d1-2c7ba0e6fa90,synthetic_prior,0,142,0.8115568161010742,0.12670302391052246,69222.0,1.0063526630401611,31.259334564208984,-0.020536065101623535,1.000510573387146,2024.8177490234375,-0.0053174495697021484,1.0064880847930908,163.68280029296875,-0.01574873924255371,1.0075773000717163,0.021281978115439415,-0.01710975170135498,0.998414158821106,9.836716651916504,0.0001392364501953125,1.0067654848098755,16.81876564025879,-0.014561772346496582,24,368,0.34005558490753174
SLIM*MIX_oms_pat5_fn-full_extended_piecewise_const-none_tabpfn,0c72c85c-8099-11f1-b0d1-2c7ba0e6fa90,synthetic_prior,0,143,0.8111003637313843,0.12656521797180176,69671.0,1.0063669681549072,31.259777069091797,-0.020565032958984375,1.0005298852920532,2024.8568115234375,-0.005356311798095703,1.0065796375274658,163.6976776123047,-0.015933632850646973,1.007611870765686,0.021282710134983063,-0.01717960834503174,0.9984919428825378,9.837482452392578,-1.6570091247558594e-05,1.0068602561950684,16.820348739624023,-0.014752745628356934,26,394,0.3407978415489197
SLIM*MIX_oms_pat5_fn-full_extended_piecewise_const-none_tabpfn,0c72c85c-8099-11f1-b0d1-2c7ba0e6fa90,synthetic_prior,0,144,0.810828447341919,0.1266031265258789,69954.0,1.0064606666564941,31.262691497802734,-0.020755290985107422,1.0005336999893188,2024.86474609375,-0.005364060401916504,1.0066126585006714,163.7030487060547,-0.01600027084350586,1.0074632167816162,0.02127956785261631,-0.01687943935394287,0.9986416697502136,9.838957786560059,-0.0003165006637573242,1.0070496797561646,16.823511123657227,-0.015134572982788086,24,362,0.3412397503852844
SLIM*MIX_oms_pat5_fn-full_extended_piecewise_const-none_tabpfn,0c72c85c-8099-11f1-b0d1-2c7ba0e6fa90,synthetic_prior,0,145,0.810828447341919,0.11028313636779785,69937.0,1.0064606666564941,31.262691497802734,-0.020755290985107422,1.0005336999893188,2024.86474609375,-0.005364060401916504,1.0066126585006714,163.7030487060547,-0.01600027084350586,1.0074632167816162,0.02127956785261631,-0.01687943935394287,0.9986416697502136,9.838957786560059,-0.0003165006637573242,1.0070496797561646,16.823511123657227,-0.015134572982788086,24,362,0.3412397503852844
SLIM*MIX_oms_pat5_fn-full_extended_piecewise_const-none_tabpfn,0c72c85c-8099-11f1-b0d1-2c7ba0e6fa90,synthetic_prior,0,146,0.810828447341919,0.11084318161010742,69655.0,1.0064606666564941,31.262691497802734,-0.020755290985107422,1.0005336999893188,2024.86474609375,-0.005364060401916504,1.0066126585006714,163.7030487060547,-0.01600027084350586,1.0074632167816162,0.02127956785261631,-0.01687943935394287,0.9986416697502136,9.838957786560059,-0.0003165006637573242,1.0070496797561646,16.823511123657227,-0.015134572982788086,24,362,0.3412397503852844
SLIM*MIX_oms_pat5_fn-full_extended_piecewise_const-none_tabpfn,0c72c85c-8099-11f1-b0d1-2c7ba0e6fa90,synthetic_prior,0,147,0.8107771873474121,0.12594008445739746,69049.0,1.0063831806182861,31.26028060913086,-0.02059781551361084,1.0005159378051758,2024.8284912109375,-0.0053282976150512695,1.006536602973938,163.69070434570312,-0.015846729278564453,1.0075623989105225,0.021281661465764046,-0.017079591751098633,0.9983769059181213,9.836349487304688,0.00021380186080932617,1.0067580938339233,16.818641662597656,-0.014546751976013184,23,351,0.34132301807403564
SLIM*MIX_oms_pat5_fn-full_extended_piecewise_const-none_tabpfn,0c72c85c-8099-11f1-b0d1-2c7ba0e6fa90,synthetic_prior,0,148,0.8106897473335266,0.11081051826477051,69116.0,1.0062910318374634,31.257417678833008,-0.020410895347595215,1.0005123615264893,2024.821533203125,-0.005321145057678223,1.0065046548843384,163.6855010986328,-0.01578223705291748,1.0077093839645386,0.021284768357872963,-0.01737654209136963,0.9982308745384216,9.83491039276123,0.000506281852722168,1.0065723657608032,16.81553840637207,-0.014172554016113281,25,383,0.3414650559425354
SLIM*MIX_oms_pat5_fn-full_extended_piecewise_const-none_tabpfn,0c72c85c-8099-11f1-b0d1-2c7ba0e6fa90,synthetic_prior,0,149,0.8106897473335266,0.12656354904174805,69658.0,1.0062910318374634,31.257417678833008,-0.020410895347595215,1.0005123615264893,2024.821533203125,-0.005321145057678223,1.0065046548843384,163.6855010986328,-0.01578223705291748,1.0077093839645386,0.021284768357872963,-0.01737654209136963,0.9982308745384216,9.83491039276123,0.000506281852722168,1.0065723657608032,16.81553840637207,-0.014172554016113281,25,383,0.3414650559425354
SLIM*MIX_oms_pat5_fn-full_extended_piecewise_const-none_tabpfn,0c72c85c-8099-11f1-b0d1-2c7ba0e6fa90,synthetic_prior,0,150,0.8106897473335266,0.12659978866577148,69177.0,1.0062910318374634,31.257417678833008,-0.020410895347595215,1.0005123615264893,2024.821533203125,-0.005321145057678223,1.0065046548843384,163.6855010986328,-0.01578223705291748,1.0077093839645386,0.021284768357872963,-0.01737654209136963,0.9982308745384216,9.83491039276123,0.000506281852722168,1.0065723657608032,16.81553840637207,-0.014172554016113281,25,383,0.3414650559425354
SLIM*MIX_oms_pat5_fn-full_extended_piecewise_const-none_tabpfn,0c72c85c-8099-11f1-b0d1-2c7ba0e6fa90,synthetic_prior,0,151,0.8106897473335266,0.1274101734161377,68766.0,1.0062910318374634,31.257417678833008,-0.020410895347595215,1.0005123615264893,2024.821533203125,-0.005321145057678223,1.0065046548843384,163.6855010986328,-0.01578223705291748,1.0077093839645386,0.021284768357872963,-0.01737654209136963,0.9982308745384216,9.83491039276123,0.000506281852722168,1.0065723657608032,16.81553840637207,-0.014172554016113281,25,383,0.3414650559425354
SLIM*MIX_oms_pat5_fn-full_extended_piecewise_const-none_tabpfn,0c72c85c-8099-11f1-b0d1-2c7ba0e6fa90,synthetic_prior,0,152,0.8104310631752014,0.10939931869506836,68905.0,1.0063995122909546,31.26078987121582,-0.020631074905395508,1.000473141670227,2024.741943359375,-0.0052422285079956055,1.0066474676132202,163.70870971679688,-0.01607048511505127,1.0078279972076416,0.021287275478243828,-0.0176161527633667,0.9987145066261292,9.839675903320312,-0.00046241283416748047,1.007218837738037,16.826337814331055,-0.015475749969482422,24,359,0.3418852686882019
SLIM*MIX_oms_pat5_fn-full_extended_piecewise_const-none_tabpfn,0c72c85c-8099-11f1-b0d1-2c7ba0e6fa90,synthetic_prior,0,153,0.8102144002914429,0.13271594047546387,68670.0,1.0063834190368652,31.26028823852539,-0.020598292350769043,1.0005165338516235,2024.8299560546875,-0.005329608917236328,1.0065360069274902,163.6905975341797,-0.015845656394958496,1.0075610876083374,0.021281635388731956,-0.017077088356018066,0.9983757138252258,9.83633804321289,0.0002162456512451172,1.0067578554153442,16.818635940551758,-0.01454627513885498,24,363,0.34223711490631104
SLIM*MIX_oms_pat5_fn-full_extended_piecewise_const-none_tabpfn,0c72c85c-8099-11f1-b0d1-2c7ba0e6fa90,synthetic_prior,0,154,0.8102144002914429,0.11130332946777344,68195.0,1.0063834190368652,31.26028823852539,-0.020598292350769043,1.0005165338516235,2024.8299560546875,-0.005329608917236328,1.0065360069274902,163.6905975341797,-0.015845656394958496,1.0075610876083374,0.021281635388731956,-0.017077088356018066,0.9983757138252258,9.83633804321289,0.0002162456512451172,1.0067578554153442,16.818635940551758,-0.01454627513885498,24,363,0.34223711490631104
SLIM*MIX_oms_pat5_fn-full_extended_piecewise_const-none_tabpfn,0c72c85c-8099-11f1-b0d1-2c7ba0e6fa90,synthetic_prior,0,155,0.8102144002914429,0.12707853317260742,67698.0,1.0063834190368652,31.26028823852539,-0.020598292350769043,1.0005165338516235,2024.8299560546875,-0.005329608917236328,1.0065360069274902,163.6905975341797,-0.015845656394958496,1.0075610876083374,0.021281635388731956,-0.017077088356018066,0.9983757138252258,9.83633804321289,0.0002162456512451172,1.0067578554153442,16.818635940551758,-0.01454627513885498,24,363,0.34223711490631104
SLIM*MIX_oms_pat5_fn-full_extended_piecewise_const-none_tabpfn,0c72c85c-8099-11f1-b0d1-2c7ba0e6fa90,synthetic_prior,0,156,0.8102144002914429,0.11558842658996582,67812.0,1.0063834190368652,31.26028823852539,-0.020598292350769043,1.0005165338516235,2024.8299560546875,-0.005329608917236328,1.0065360069274902,163.6905975341797,-0.015845656394958496,1.0075610876083374,0.021281635388731956,-0.017077088356018066,0.9983757138252258,9.83633804321289,0.0002162456512451172,1.0067578554153442,16.818635940551758,-0.01454627513885498,24,363,0.34223711490631104
SLIM*MIX_oms_pat5_fn-full_extended_piecewise_const-none_tabpfn,0c72c85c-8099-11f1-b0d1-2c7ba0e6fa90,synthetic_prior,0,157,0.8102144002914429,0.10751748085021973,68368.0,1.0063834190368652,31.26028823852539,-0.020598292350769043,1.0005165338516235,2024.8299560546875,-0.005329608917236328,1.0065360069274902,163.6905975341797,-0.015845656394958496,1.0075610876083374,0.021281635388731956,-0.017077088356018066,0.9983757138252258,9.83633804321289,0.0002162456512451172,1.0067578554153442,16.818635940551758,-0.01454627513885498,24,363,0.34223711490631104
SLIM*MIX_oms_pat5_fn-full_extended_piecewise_const-none_tabpfn,0c72c85c-8099-11f1-b0d1-2c7ba0e6fa90,synthetic_prior,0,158,0.8102144002914429,0.1427764892578125,34424.0,1.0063834190368652,31.26028823852539,-0.020598292350769043,1.0005165338516235,2024.8299560546875,-0.005329608917236328,1.0065360069274902,163.6905975341797,-0.015845656394958496,1.0075610876083374,0.021281635388731956,-0.017077088356018066,0.9983757138252258,9.83633804321289,0.0002162456512451172,1.0067578554153442,16.818635940551758,-0.01454627513885498,24,363,0.34223711490631104
SLIM*MIX_oms_pat5_fn-full_extended_piecewise_const-none_tabpfn,0c72c85c-8099-11f1-b0d1-2c7ba0e6fa90,synthetic_prior,0,159,0.8102144002914429,0.12712669372558594,52747.0,1.0063834190368652,31.26028823852539,-0.020598292350769043,1.0005165338516235,2024.8299560546875,-0.005329608917236328,1.0065360069274902,163.6905975341797,-0.015845656394958496,1.0075610876083374,0.021281635388731956,-0.017077088356018066,0.9983757138252258,9.83633804321289,0.0002162456512451172,1.0067578554153442,16.818635940551758,-0.01454627513885498,24,363,0.34223711490631104
SLIM*MIX_oms_pat5_fn-full_extended_piecewise_const-none_tabpfn,0c72c85c-8099-11f1-b0d1-2c7ba0e6fa90,synthetic_prior,0,160,0.8102144002914429,0.1271357536315918,66457.0,1.0063834190368652,31.26028823852539,-0.020598292350769043,1.0005165338516235,2024.8299560546875,-0.005329608917236328,1.0065360069274902,163.6905975341797,-0.015845656394958496,1.0075610876083374,0.021281635388731956,-0.017077088356018066,0.9983757138252258,9.83633804321289,0.0002162456512451172,1.0067578554153442,16.818635940551758,-0.01454627513885498,24,363,0.34223711490631104
SLIM*MIX_oms_pat5_fn-full_extended_piecewise_const-none_tabpfn,0c72c85c-8099-11f1-b0d1-2c7ba0e6fa90,synthetic_prior,0,161,0.8102144002914429,0.11560583114624023,67855.0,1.0063834190368652,31.26028823852539,-0.020598292350769043,1.0005165338516235,2024.8299560546875,-0.005329608917236328,1.0065360069274902,163.6905975341797,-0.015845656394958496,1.0075610876083374,0.021281635388731956,-0.017077088356018066,0.9983757138252258,9.83633804321289,0.0002162456512451172,1.0067578554153442,16.818635940551758,-0.01454627513885498,24,363,0.34223711490631104
SLIM*MIX_oms_pat5_fn-full_extended_piecewise_const-none_tabpfn,0c72c85c-8099-11f1-b0d1-2c7ba0e6fa90,synthetic_prior,0,162,0.808987557888031,0.12623023986816406,67367.0,1.008467435836792,31.32502555847168,-0.024829864501953125,1.0015875101089478,2026.997314453125,-0.00748288631439209,1.0098198652267456,164.22463989257812,-0.022484660148620605,1.013275384902954,0.021402332931756973,-0.028646349906921387,1.0057330131530762,9.90882396697998,-0.014573335647583008,1.0116008520126343,16.8995418548584,-0.024330735206604004,24,343,0.34422755241394043
SLIM*MIX_oms_pat5_fn-full_extended_piecewise_const-none_tabpfn,0c72c85c-8099-11f1-b0d1-2c7ba0e6fa90,synthetic_prior,0,163,0.8085941076278687,0.11611580848693848,66067.0,1.0091129541397095,31.345075607299805,-0.026142120361328125,1.0016632080078125,2027.150634765625,-0.007635354995727539,1.0102860927581787,164.3004608154297,-0.023429155349731445,1.0137540102005005,0.02141244150698185,-0.029618144035339355,1.005004644393921,9.901647567749023,-0.01310431957244873,1.0119545459747314,16.90545082092285,-0.02504706382751465,25,373,0.3448653817176819
SLIM*MIX_oms_pat5_fn-full_extended_piecewise_const-none_tabpfn,0c72c85c-8099-11f1-b0d1-2c7ba0e6fa90,synthetic_prior,0,164,0.8085941076278687,0.10962224006652832,67173.0,1.0091129541397095,31.345075607299805,-0.026142120361328125,1.0016632080078125,2027.150634765625,-0.007635354995727539,1.0102860927581787,164.3004608154297,-0.023429155349731445,1.0137540102005005,0.02141244150698185,-0.029618144035339355,1.005004644393921,9.901647567749023,-0.01310431957244873,1.0119545459747314,16.90545082092285,-0.02504706382751465,25,373,0.3448653817176819
SLIM*MIX_oms_pat5_fn-full_extended_piecewise_const-none_tabpfn,0c72c85c-8099-11f1-b0d1-2c7ba0e6fa90,synthetic_prior,0,165,0.8085941076278687,0.12465357780456543,67176.0,1.0091129541397095,31.345075607299805,-0.026142120361328125,1.0016632080078125,2027.150634765625,-0.007635354995727539,1.0102860927581787,164.3004608154297,-0.023429155349731445,1.0137540102005005,0.02141244150698185,-0.029618144035339355,1.005004644393921,9.901647567749023,-0.01310431957244873,1.0119545459747314,16.90545082092285,-0.02504706382751465,25,373,0.3448653817176819
SLIM*MIX_oms_pat5_fn-full_extended_piecewise_const-none_tabpfn,0c72c85c-8099-11f1-b0d1-2c7ba0e6fa90,synthetic_prior,0,166,0.8085941076278687,0.110992431640625,67306.0,1.0091129541397095,31.345075607299805,-0.026142120361328125,1.0016632080078125,2027.150634765625,-0.007635354995727539,1.0102860927581787,164.3004608154297,-0.023429155349731445,1.0137540102005005,0.02141244150698185,-0.029618144035339355,1.005004644393921,9.901647567749023,-0.01310431957244873,1.0119545459747314,16.90545082092285,-0.02504706382751465,25,373,0.3448653817176819
SLIM*MIX_oms_pat5_fn-full_extended_piecewise_const-none_tabpfn,0c72c85c-8099-11f1-b0d1-2c7ba0e6fa90,synthetic_prior,0,167,0.8084396123886108,0.12675905227661133,67594.0,1.0090408325195312,31.342832565307617,-0.025995373725891113,1.0016565322875977,2027.1370849609375,-0.007621884346008301,1.0102028846740723,164.2869110107422,-0.02326047420501709,1.013649344444275,0.021410228684544563,-0.029405593872070312,1.0048753023147583,9.900374412536621,-0.012843728065490723,1.011755347251892,16.902122497558594,-0.024643659591674805,24,359,0.345115602016449
SLIM*MIX_oms_pat5_fn-full_extended_piecewise_const-none_tabpfn,0c72c85c-8099-11f1-b0d1-2c7ba0e6fa90,synthetic_prior,0,168,0.8084396123886108,0.13170099258422852,67522.0,1.0090408325195312,31.342832565307617,-0.025995373725891113,1.0016565322875977,2027.1370849609375,-0.007621884346008301,1.0102028846740723,164.2869110107422,-0.02326047420501709,1.013649344444275,0.021410228684544563,-0.029405593872070312,1.0048753023147583,9.900374412536621,-0.012843728065490723,1.011755347251892,16.902122497558594,-0.024643659591674805,24,359,0.345115602016449
SLIM*MIX_oms_pat5_fn-full_extended_piecewise_const-none_tabpfn,0c72c85c-8099-11f1-b0d1-2c7ba0e6fa90,synthetic_prior,0,169,0.8084396123886108,0.12483096122741699,67610.0,1.0090408325195312,31.342832565307617,-0.025995373725891113,1.0016565322875977,2027.1370849609375,-0.007621884346008301,1.0102028846740723,164.2869110107422,-0.02326047420501709,1.013649344444275,0.021410228684544563,-0.029405593872070312,1.0048753023147583,9.900374412536621,-0.012843728065490723,1.011755347251892,16.902122497558594,-0.024643659591674805,24,359,0.345115602016449
SLIM*MIX_oms_pat5_fn-full_extended_piecewise_const-none_tabpfn,0c72c85c-8099-11f1-b0d1-2c7ba0e6fa90,synthetic_prior,0,170,0.8084396123886108,0.12676525115966797,66589.0,1.0090408325195312,31.342832565307617,-0.025995373725891113,1.0016565322875977,2027.1370849609375,-0.007621884346008301,1.0102028846740723,164.2869110107422,-0.02326047420501709,1.013649344444275,0.021410228684544563,-0.029405593872070312,1.0048753023147583,9.900374412536621,-0.012843728065490723,1.011755347251892,16.902122497558594,-0.024643659591674805,24,359,0.345115602016449
SLIM*MIX_oms_pat5_fn-full_extended_piecewise_const-none_tabpfn,0c72c85c-8099-11f1-b0d1-2c7ba0e6fa90,synthetic_prior,0,171,0.8084396123886108,0.12669086456298828,66695.0,1.0090408325195312,31.342832565307617,-0.025995373725891113,1.0016565322875977,2027.1370849609375,-0.007621884346008301,1.0102028846740723,164.2869110107422,-0.02326047420501709,1.013649344444275,0.021410228684544563,-0.029405593872070312,1.0048753023147583,9.900374412536621,-0.012843728065490723,1.011755347251892,16.902122497558594,-0.024643659591674805,24,359,0.345115602016449
SLIM*MIX_oms_pat5_fn-full_extended_piecewise_const-none_tabpfn,0c72c85c-8099-11f1-b0d1-2c7ba0e6fa90,synthetic_prior,0,172,0.8081210255622864,0.1100149154663086,66892.0,1.009044885635376,31.342960357666016,-0.026003718376159668,1.0016565322875977,2027.1368408203125,-0.00762176513671875,1.010202407836914,164.28683471679688,-0.023259520530700684,1.0136489868164062,0.021410223096609116,-0.029404759407043457,1.0048754215240479,9.900375366210938,-0.012843966484069824,1.0117548704147339,16.902116775512695,-0.02464282512664795,23,345,0.3456316590309143
SLIM*MIX_oms_pat5_fn-full_extended_piecewise_const-none_tabpfn,0c72c85c-8099-11f1-b0d1-2c7ba0e6fa90,synthetic_prior,0,173,0.8081210255622864,0.1111917495727539,66847.0,1.009044885635376,31.342960357666016,-0.026003718376159668,1.0016565322875977,2027.1368408203125,-0.00762176513671875,1.010202407836914,164.28683471679688,-0.023259520530700684,1.0136489868164062,0.021410223096609116,-0.029404759407043457,1.0048754215240479,9.900375366210938,-0.012843966484069824,1.0117548704147339,16.902116775512695,-0.02464282512664795,23,345,0.3456316590309143
SLIM*MIX_oms_pat5_fn-full_extended_piecewise_const-none_tabpfn,0c72c85c-8099-11f1-b0d1-2c7ba0e6fa90,synthetic_prior,0,174,0.8081210255622864,0.1217496395111084,67109.0,1.009044885635376,31.342960357666016,-0.026003718376159668,1.0016565322875977,2027.1368408203125,-0.00762176513671875,1.010202407836914,164.28683471679688,-0.023259520530700684,1.0136489868164062,0.021410223096609116,-0.029404759407043457,1.0048754215240479,9.900375366210938,-0.012843966484069824,1.0117548704147339,16.902116775512695,-0.02464282512664795,23,345,0.3456316590309143
SLIM*MIX_oms_pat5_fn-full_extended_piecewise_const-none_tabpfn,0c72c85c-8099-11f1-b0d1-2c7ba0e6fa90,synthetic_prior,0,175,0.8081210255622864,0.10935425758361816,66012.0,1.009044885635376,31.342960357666016,-0.026003718376159668,1.0016565322875977,2027.1368408203125,-0.00762176513671875,1.010202407836914,164.28683471679688,-0.023259520530700684,1.0136489868164062,0.021410223096609116,-0.029404759407043457,1.0048754215240479,9.900375366210938,-0.012843966484069824,1.0117548704147339,16.902116775512695,-0.02464282512664795,23,345,0.3456316590309143
SLIM*MIX_oms_pat5_fn-full_extended_piecewise_const-none_tabpfn,0c72c85c-8099-11f1-b0d1-2c7ba0e6fa90,synthetic_prior,0,176,0.8074448108673096,0.11008238792419434,66089.0,1.0081493854522705,31.315143585205078,-0.024183273315429688,1.0013344287872314,2026.485107421875,-0.006973743438720703,1.0096708536148071,164.2003936767578,-0.022182941436767578,1.0136348009109497,0.02140992321074009,-0.02937614917755127,1.0048898458480835,9.900517463684082,-0.012873053550720215,1.011658787727356,16.900510787963867,-0.024448156356811523,24,353,0.3467262387275696
SLIM*MIX_oms_pat5_fn-full_extended_piecewise_const-none_tabpfn,0c72c85c-8099-11f1-b0d1-2c7ba0e6fa90,synthetic_prior,0,177,0.8074448108673096,0.11627936363220215,64772.0,1.0081493854522705,31.315143585205078,-0.024183273315429688,1.0013344287872314,2026.485107421875,-0.006973743438720703,1.0096708536148071,164.2003936767578,-0.022182941436767578,1.0136348009109497,0.02140992321074009,-0.02937614917755127,1.0048898458480835,9.900517463684082,-0.012873053550720215,1.011658787727356,16.900510787963867,-0.024448156356811523,24,353,0.3467262387275696
SLIM*MIX_oms_pat5_fn-full_extended_piecewise_const-none_tabpfn,0c72c85c-8099-11f1-b0d1-2c7ba0e6fa90,synthetic_prior,0,178,0.8074448108673096,0.12810707092285156,64754.0,1.0081493854522705,31.315143585205078,-0.024183273315429688,1.0013344287872314,2026.485107421875,-0.006973743438720703,1.0096708536148071,164.2003936767578,-0.022182941436767578,1.0136348009109497,0.02140992321074009,-0.02937614917755127,1.0048898458480835,9.900517463684082,-0.012873053550720215,1.011658787727356,16.900510787963867,-0.024448156356811523,24,353,0.3467262387275696
SLIM*MIX_oms_pat5_fn-full_extended_piecewise_const-none_tabpfn,0c72c85c-8099-11f1-b0d1-2c7ba0e6fa90,synthetic_prior,0,179,0.8074448108673096,0.1400914192199707,64699.0,1.0081493854522705,31.315143585205078,-0.024183273315429688,1.0013344287872314,2026.485107421875,-0.006973743438720703,1.0096708536148071,164.2003936767578,-0.022182941436767578,1.0136348009109497,0.02140992321074009,-0.02937614917755127,1.0048898458480835,9.900517463684082,-0.012873053550720215,1.011658787727356,16.900510787963867,-0.024448156356811523,24,353,0.3467262387275696
SLIM*MIX_oms_pat5_fn-full_extended_piecewise_const-none_tabpfn,0c72c85c-8099-11f1-b0d1-2c7ba0e6fa90,synthetic_prior,0,180,0.8074448108673096,0.12495684623718262,64508.0,1.0081493854522705,31.315143585205078,-0.024183273315429688,1.0013344287872314,2026.485107421875,-0.006973743438720703,1.0096708536148071,164.2003936767578,-0.022182941436767578,1.0136348009109497,0.02140992321074009,-0.02937614917755127,1.0048898458480835,9.900517463684082,-0.012873053550720215,1.011658787727356,16.900510787963867,-0.024448156356811523,24,353,0.3467262387275696
SLIM*MIX_oms_pat5_fn-full_extended_piecewise_const-none_tabpfn,0c72c85c-8099-11f1-b0d1-2c7ba0e6fa90,synthetic_prior,0,181,0.8074448108673096,0.15844297409057617,33169.0,1.0081493854522705,31.315143585205078,-0.024183273315429688,1.0013344287872314,2026.485107421875,-0.006973743438720703,1.0096708536148071,164.2003936767578,-0.022182941436767578,1.0136348009109497,0.02140992321074009,-0.02937614917755127,1.0048898458480835,9.900517463684082,-0.012873053550720215,1.011658787727356,16.900510787963867,-0.024448156356811523,24,353,0.3467262387275696
SLIM*MIX_oms_pat5_fn-full_extended_piecewise_const-none_tabpfn,0c72c85c-8099-11f1-b0d1-2c7ba0e6fa90,synthetic_prior,0,182,0.8069844245910645,0.12262916564941406,50832.0,1.0081804990768433,31.316110610961914,-0.024246573448181152,1.0012998580932617,2026.4150390625,-0.006904244422912598,1.0096521377563477,164.19735717773438,-0.02214503288269043,1.0135806798934937,0.02140878140926361,-0.02926623821258545,1.0049314498901367,9.90092658996582,-0.012956738471984863,1.0115669965744019,16.898977279663086,-0.024262189865112305,24,353,0.34747111797332764
SLIM*MIX_oms_pat5_fn-full_extended_piecewise_const-none_tabpfn,0c72c85c-8099-11f1-b0d1-2c7ba0e6fa90,synthetic_prior,0,183,0.8069844245910645,0.12607336044311523,61873.0,1.0081804990768433,31.316110610961914,-0.024246573448181152,1.0012998580932617,2026.4150390625,-0.006904244422912598,1.0096521377563477,164.19735717773438,-0.02214503288269043,1.0135806798934937,0.02140878140926361,-0.02926623821258545,1.0049314498901367,9.90092658996582,-0.012956738471984863,1.0115669965744019,16.898977279663086,-0.024262189865112305,24,353,0.34747111797332764
SLIM*MIX_oms_pat5_fn-full_extended_piecewise_const-none_tabpfn,0c72c85c-8099-11f1-b0d1-2c7ba0e6fa90,synthetic_prior,0,184,0.8069844245910645,0.12573027610778809,66221.0,1.0081804990768433,31.316110610961914,-0.024246573448181152,1.0012998580932617,2026.4150390625,-0.006904244422912598,1.0096521377563477,164.19735717773438,-0.02214503288269043,1.0135806798934937,0.02140878140926361,-0.02926623821258545,1.0049314498901367,9.90092658996582,-0.012956738471984863,1.0115669965744019,16.898977279663086,-0.024262189865112305,24,353,0.34747111797332764
SLIM*MIX_oms_pat5_fn-full_extended_piecewise_const-none_tabpfn,0c72c85c-8099-11f1-b0d1-2c7ba0e6fa90,synthetic_prior,0,185,0.8062834143638611,0.12094283103942871,67438.0,1.0088026523590088,31.335437774658203,-0.02551126480102539,1.0015641450881958,2026.9501953125,-0.007436037063598633,1.0100700855255127,164.2653350830078,-0.022991538047790527,1.0137730836868286,0.021412845700979233,-0.02965700626373291,1.005042314529419,9.902018547058105,-0.01318049430847168,1.0121419429779053,16.908580780029297,-0.02542698383331299,25,368,0.34860432147979736
SLIM*MIX_oms_pat5_fn-full_extended_piecewise_const-none_tabpfn,0c72c85c-8099-11f1-b0d1-2c7ba0e6fa90,synthetic_prior,0,186,0.8062834143638611,0.11616206169128418,66685.0,1.0088026523590088,31.335437774658203,-0.02551126480102539,1.0015641450881958,2026.9501953125,-0.007436037063598633,1.0100700855255127,164.2653350830078,-0.022991538047790527,1.0137730836868286,0.021412845700979233,-0.02965700626373291,1.005042314529419,9.902018547058105,-0.01318049430847168,1.0121419429779053,16.908580780029297,-0.02542698383331299,25,368,0.34860432147979736
SLIM*MIX_oms_pat5_fn-full_extended_piecewise_const-none_tabpfn,0c72c85c-8099-11f1-b0d1-2c7ba0e6fa90,synthetic_prior,0,187,0.8062834143638611,0.11001133918762207,65973.0,1.0088026523590088,31.335437774658203,-0.02551126480102539,1.0015641450881958,2026.9501953125,-0.007436037063598633,1.0100700855255127,164.2653350830078,-0.022991538047790527,1.0137730836868286,0.021412845700979233,-0.02965700626373291,1.005042314529419,9.902018547058105,-0.01318049430847168,1.0121419429779053,16.908580780029297,-0.02542698383331299,25,368,0.34860432147979736
SLIM*MIX_oms_pat5_fn-full_extended_piecewise_const-none_tabpfn,0c72c85c-8099-11f1-b0d1-2c7ba0e6fa90,synthetic_prior,0,188,0.8062834143638611,0.12596487998962402,65892.0,1.0088026523590088,31.335437774658203,-0.02551126480102539,1.0015641450881958,2026.9501953125,-0.007436037063598633,1.0100700855255127,164.2653350830078,-0.022991538047790527,1.0137730836868286,0.021412845700979233,-0.02965700626373291,1.005042314529419,9.902018547058105,-0.01318049430847168,1.0121419429779053,16.908580780029297,-0.02542698383331299,25,368,0.34860432147979736
SLIM*MIX_oms_pat5_fn-full_extended_piecewise_const-none_tabpfn,0c72c85c-8099-11f1-b0d1-2c7ba0e6fa90,synthetic_prior,0,189,0.8062834143638611,0.11237120628356934,65273.0,1.0088026523590088,31.335437774658203,-0.02551126480102539,1.0015641450881958,2026.9501953125,-0.007436037063598633,1.0100700855255127,164.2653350830078,-0.022991538047790527,1.0137730836868286,0.021412845700979233,-0.02965700626373291,1.005042314529419,9.902018547058105,-0.01318049430847168,1.0121419429779053,16.908580780029297,-0.02542698383331299,25,368,0.34860432147979736
SLIM*MIX_oms_pat5_fn-full_extended_piecewise_const-none_tabpfn,0c72c85c-8099-11f1-b0d1-2c7ba0e6fa90,synthetic_prior,0,190,0.8062834143638611,0.15652918815612793,33021.0,1.0088026523590088,31.335437774658203,-0.02551126480102539,1.0015641450881958,2026.9501953125,-0.007436037063598633,1.0100700855255127,164.2653350830078,-0.022991538047790527,1.0137730836868286,0.021412845700979233,-0.02965700626373291,1.005042314529419,9.902018547058105,-0.01318049430847168,1.0121419429779053,16.908580780029297,-0.02542698383331299,25,368,0.34860432147979736
SLIM*MIX_oms_pat5_fn-full_extended_piecewise_const-none_tabpfn,0c72c85c-8099-11f1-b0d1-2c7ba0e6fa90,synthetic_prior,0,191,0.8062834143638611,0.1399855613708496,55472.0,1.0088026523590088,31.335437774658203,-0.02551126480102539,1.0015641450881958,2026.9501953125,-0.007436037063598633,1.0100700855255127,164.2653350830078,-0.022991538047790527,1.0137730836868286,0.021412845700979233,-0.02965700626373291,1.005042314529419,9.902018547058105,-0.01318049430847168,1.0121419429779053,16.908580780029297,-0.02542698383331299,25,368,0.34860432147979736
SLIM*MIX_oms_pat5_fn-full_extended_piecewise_const-none_tabpfn,0c72c85c-8099-11f1-b0d1-2c7ba0e6fa90,synthetic_prior,0,192,0.8051714301109314,0.11029648780822754,67999.0,1.0097384452819824,31.364503860473633,-0.027414560317993164,1.0020021200180054,2027.83642578125,-0.008317232131958008,1.0110868215560913,164.43067932128906,-0.02505207061767578,1.0148249864578247,0.02143506333231926,-0.03179502487182617,1.005645990371704,9.907967567443848,-0.014397859573364258,1.013088345527649,16.924392700195312,-0.02734553813934326,27,395,0.35039979219436646
SLIM*MIX_oms_pat5_fn-full_extended_piecewise_const-none_tabpfn,0c72c85c-8099-11f1-b0d1-2c7ba0e6fa90,synthetic_prior,0,193,0.8049035668373108,0.12601232528686523,69798.0,1.0097211599349976,31.36396598815918,-0.027379274368286133,1.001992106437683,2027.816162109375,-0.008297085762023926,1.0110516548156738,164.42494201660156,-0.024980664253234863,1.0148097276687622,0.021434739232063293,-0.03176379203796387,1.005588412284851,9.907400131225586,-0.014281630516052246,1.0130504369735718,16.92375946044922,-0.027268528938293457,26,379,0.3508319854736328
SLIM*MIX_oms_pat5_fn-full_extended_piecewise_const-none_tabpfn,0c72c85c-8099-11f1-b0d1-2c7ba0e6fa90,synthetic_prior,0,194,0.8049035668373108,0.1269841194152832,68921.0,1.0097211599349976,31.36396598815918,-0.027379274368286133,1.001992106437683,2027.816162109375,-0.008297085762023926,1.0110516548156738,164.42494201660156,-0.024980664253234863,1.0148097276687622,0.021434739232063293,-0.03176379203796387,1.005588412284851,9.907400131225586,-0.014281630516052246,1.0130504369735718,16.92375946044922,-0.027268528938293457,26,379,0.3508319854736328
SLIM*MIX_oms_pat5_fn-full_extended_piecewise_const-none_tabpfn,0c72c85c-8099-11f1-b0d1-2c7ba0e6fa90,synthetic_prior,0,195,0.8049035668373108,0.13518953323364258,68186.0,1.0097211599349976,31.36396598815918,-0.027379274368286133,1.001992106437683,2027.816162109375,-0.008297085762023926,1.0110516548156738,164.42494201660156,-0.024980664253234863,1.0148097276687622,0.021434739232063293,-0.03176379203796387,1.005588412284851,9.907400131225586,-0.014281630516052246,1.0130504369735718,16.92375946044922,-0.027268528938293457,26,379,0.3508319854736328
SLIM*MIX_oms_pat5_fn-full_extended_piecewise_const-none_tabpfn,0c72c85c-8099-11f1-b0d1-2c7ba0e6fa90,synthetic_prior,0,196,0.804746150970459,0.12596607208251953,67813.0,1.009145736694336,31.346092224121094,-0.02620875835418701,1.001692295074463,2027.20947265625,-0.007693767547607422,1.010719895362854,164.37100219726562,-0.024308323860168457,1.0151787996292114,0.021442534402012825,-0.03251445293426514,1.00581955909729,9.909676551818848,-0.014748096466064453,1.0130736827850342,16.92414665222168,-0.027315497398376465,26,379,0.3510857820510864
SLIM*MIX_oms_pat5_fn-full_extended_piecewise_const-none_tabpfn,0c72c85c-8099-11f1-b0d1-2c7ba0e6fa90,synthetic_prior,0,197,0.8045542240142822,0.11143970489501953,66714.0,1.0091947317123413,31.34761619567871,-0.026308536529541016,1.0017324686050415,2027.2908935546875,-0.0077745914459228516,1.0107876062393188,164.3820343017578,-0.024445533752441406,1.0152403116226196,0.021443834528326988,-0.032639503479003906,1.005759596824646,9.909086227416992,-0.01462709903717041,1.0131746530532837,16.925832748413086,-0.027520418167114258,25,362,0.3513953685760498
SLIM*MIX_oms_pat5_fn-full_extended_piecewise_const-none_tabpfn,0c72c85c-8099-11f1-b0d1-2c7ba0e6fa90,synthetic_prior,0,198,0.8045542240142822,0.12471318244934082,68005.0,1.0091947317123413,31.34761619567871,-0.026308536529541016,1.0017324686050415,2027.2908935546875,-0.0077745914459228516,1.0107876062393188,164.3820343017578,-0.024445533752441406,1.0152403116226196,0.021443834528326988,-0.032639503479003906,1.005759596824646,9.909086227416992,-0.01462709903717041,1.0131746530532837,16.925832748413086,-0.027520418167114258,25,362,0.3513953685760498
SLIM*MIX_oms_pat5_fn-full_extended_piecewise_const-none_tabpfn,0c72c85c-8099-11f1-b0d1-2c7ba0e6fa90,synthetic_prior,0,199,0.8045542240142822,0.12586140632629395,68185.0,1.0091947317123413,31.34761619567871,-0.026308536529541016,1.0017324686050415,2027.2908935546875,-0.0077745914459228516,1.0107876062393188,164.3820343017578,-0.024445533752441406,1.0152403116226196,0.021443834528326988,-0.032639503479003906,1.005759596824646,9.909086227416992,-0.01462709903717041,1.0131746530532837,16.925832748413086,-0.027520418167114258,25,362,0.3513953685760498
SLIM*MIX_oms_pat5_fn-full_extended_piecewise_const-none_tabpfn,0c72c85c-8099-11f1-b0d1-2c7ba0e6fa90,synthetic_prior,0,200,0.8035932779312134,0.1099996566772461,68729.0,1.0103987455368042,31.385013580322266,-0.028758764266967773,1.002220630645752,2028.2786865234375,-0.00875711441040039,1.0117454528808594,164.53778076171875,-0.026387929916381836,1.016002893447876,0.021459942683577538,-0.03419160842895508,1.0061578750610352,9.913009643554688,-0.015430808067321777,1.013782262802124,16.935985565185547,-0.028753280639648438,25,365,0.3529437780380249
SLIM*MIX_oms_pat5_fn-ml_smooth_const-small_ints_tabpfn,0c72c85c-8099-11f1-b0d1-2c7ba0e6fa90,synthetic_prior,0,0,0.9457008838653564,0.07758808135986328,1256.0,1.000364065170288,31.073314666748047,-0.008426189422607422,1.001960039138794,2027.7513427734375,-0.008232593536376953,1.0023199319839478,163.00494384765625,-0.007353305816650391,1.0061923265457153,0.021252723410725594,-0.014315485954284668,1.025086522102356,10.099501609802246,-0.05399644374847412,1.0190308094024658,17.023666381835938,-0.03943300247192383,1,2,0.10385757684707642
SLIM*MIX_oms_pat5_fn-ml_smooth_const-small_ints_tabpfn,0c72c85c-8099-11f1-b0d1-2c7ba0e6fa90,synthetic_prior,0,1,0.9448436498641968,0.11727499961853027,3004.0,1.0048720836639404,31.213346481323242,-0.01753544807434082,1.0005093812942505,2024.8155517578125,-0.005315184593200684,1.0035468339920044,163.20445251464844,-0.009820699691772461,1.0115718841552734,0.02136635035276413,-0.025190353393554688,1.0440011024475098,10.28585433959961,-0.09325110912322998,1.0344011783599854,17.280441284179688,-0.07102572917938232,2,23,0.10548144578933716
SLIM*MIX_oms_pat5_fn-ml_smooth_const-small_ints_tabpfn,0c72c85c-8099-11f1-b0d1-2c7ba0e6fa90,synthetic_prior,0,2,0.9351571798324585,0.1115407943725586,3395.0,0.9912651181221008,30.790685653686523,0.009834885597229004,1.001307487487793,2026.4305419921875,-0.0069196224212646484,1.0027903318405151,163.08145141601562,-0.008299112319946289,1.010677456855774,0.02134745940566063,-0.023378372192382812,1.0205941200256348,10.055241584777832,-0.04477846622467041,1.0078990459442139,16.83770179748535,-0.016847729682922363,2,16,0.12372845411300659
SLIM*MIX_oms_pat5_fn-ml_smooth_const-small_ints_tabpfn,0c72c85c-8099-11f1-b0d1-2c7ba0e6fa90,synthetic_prior,0,3,0.9351571798324585,0.09571003913879395,4048.0,0.9912651181221008,30.790685653686523,0.009834885597229004,1.001307487487793,2026.4305419921875,-0.0069196224212646484,1.0027903318405151,163.08145141601562,-0.008299112319946289,1.010677456855774,0.02134745940566063,-0.023378372192382812,1.0205941200256348,10.055241584777832,-0.04477846622467041,1.0078990459442139,16.83770179748535,-0.016847729682922363,2,16,0.12372845411300659
SLIM*MIX_oms_pat5_fn-ml_smooth_const-small_ints_tabpfn,0c72c85c-8099-11f1-b0d1-2c7ba0e6fa90,synthetic_prior,0,4,0.9351571798324585,0.11806058883666992,4777.0,0.9912651181221008,30.790685653686523,0.009834885597229004,1.001307487487793,2026.4305419921875,-0.0069196224212646484,1.0027903318405151,163.08145141601562,-0.008299112319946289,1.010677456855774,0.02134745940566063,-0.023378372192382812,1.0205941200256348,10.055241584777832,-0.04477846622467041,1.0078990459442139,16.83770179748535,-0.016847729682922363,2,16,0.12372845411300659
SLIM*MIX_oms_pat5_fn-ml_smooth_const-small_ints_tabpfn,0c72c85c-8099-11f1-b0d1-2c7ba0e6fa90,synthetic_prior,0,5,0.9325475692749023,0.11172890663146973,5246.0,0.9911269545555115,30.78639030456543,0.010110914707183838,1.0017763376235962,2027.3795166015625,-0.00786292552947998,1.0034271478652954,163.18499755859375,-0.009579896926879883,1.0119255781173706,0.021373823285102844,-0.02590763568878174,1.0232174396514893,10.081087112426758,-0.0501561164855957,1.0088623762130737,16.85379409790039,-0.018792271614074707,4,45,0.128612220287323
SLIM*MIX_oms_pat5_fn-ml_smooth_const-small_ints_tabpfn,0c72c85c-8099-11f1-b0d1-2c7ba0e6fa90,synthetic_prior,0,6,0.9325475692749023,0.12586688995361328,5936.0,0.9911269545555115,30.78639030456543,0.010110914707183838,1.0017763376235962,2027.3795166015625,-0.00786292552947998,1.0034271478652954,163.18499755859375,-0.009579896926879883,1.0119255781173706,0.021373823285102844,-0.02590763568878174,1.0232174396514893,10.081087112426758,-0.0501561164855957,1.0088623762130737,16.85379409790039,-0.018792271614074707,4,45,0.128612220287323
SLIM*MIX_oms_pat5_fn-ml_smooth_const-small_ints_tabpfn,0c72c85c-8099-11f1-b0d1-2c7ba0e6fa90,synthetic_prior,0,7,0.925836980342865,0.1132822036743164,7436.0,1.0005027055740356,31.07762336730957,-0.008705854415893555,0.9973735213279724,2018.4691162109375,0.000976860523223877,1.0027745962142944,163.07887268066406,-0.008267402648925781,1.0000782012939453,0.021123582497239113,-0.002026081085205078,1.025425910949707,10.102846145629883,-0.054694533348083496,1.0219987630844116,17.073246002197266,-0.045496344566345215,8,181,0.14110809564590454
SLIM*MIX_oms_pat5_fn-ml_smooth_const-small_ints_tabpfn,0c72c85c-8099-11f1-b0d1-2c7ba0e6fa90,synthetic_prior,0,8,0.9241330027580261,0.1257491111755371,8836.0,0.999748706817627,31.054201126098633,-0.007185935974121094,0.9976405501365662,2019.009521484375,0.0004418492317199707,1.0022945404052734,163.0008087158203,-0.007302284240722656,1.0003212690353394,0.021128717809915543,-0.0025131702423095703,1.022173523902893,10.070802688598633,-0.04801464080810547,1.0186467170715332,17.017248153686523,-0.03864943981170654,9,201,0.14426666498184204
SLIM*MIX_oms_pat5_fn-ml_smooth_const-small_ints_tabpfn,0c72c85c-8099-11f1-b0d1-2c7ba0e6fa90,synthetic_prior,0,9,0.9241330027580261,0.1406846046447754,11325.0,0.999748706817627,31.054201126098633,-0.007185935974121094,0.9976405501365662,2019.009521484375,0.0004418492317199707,1.0022945404052734,163.0008087158203,-0.007302284240722656,1.0003212690353394,0.021128717809915543,-0.0025131702423095703,1.022173523902893,10.070802688598633,-0.04801464080810547,1.0186467170715332,17.017248153686523,-0.03864943981170654,9,201,0.14426666498184204
SLIM*MIX_oms_pat5_fn-ml_smooth_const-small_ints_tabpfn,0c72c85c-8099-11f1-b0d1-2c7ba0e6fa90,synthetic_prior,0,10,0.9241029024124146,0.12569117546081543,14150.0,1.000319480895996,31.071931838989258,-0.008336186408996582,0.9973411560058594,2018.403564453125,0.001041710376739502,1.002650499343872,163.05868530273438,-0.008017778396606445,1.0001859664916992,0.021125858649611473,-0.002241849899291992,1.0251100063323975,10.099733352661133,-0.05404472351074219,1.0216882228851318,17.068058013916016,-0.0448610782623291,7,158,0.1443224549293518
SLIM*MIX_oms_pat5_fn-ml_smooth_const-small_ints_tabpfn,0c72c85c-8099-11f1-b0d1-2c7ba0e6fa90,synthetic_prior,0,11,0.9224409461021423,0.1411271095275879,17452.0,0.9996553659439087,31.051301956176758,-0.006997823715209961,0.9972444176673889,2018.207763671875,0.0012354850769042969,1.0020173788070679,162.9557342529297,-0.006745100021362305,0.9998657703399658,0.021119095385074615,-0.0016003847122192383,1.0215708017349243,10.064864158630371,-0.04677903652191162,1.0187102556228638,17.018310546875,-0.03877902030944824,8,170,0.14739751815795898
SLIM*MIX_oms_pat5_fn-ml_smooth_const-small_ints_tabpfn,0c72c85c-8099-11f1-b0d1-2c7ba0e6fa90,synthetic_prior,0,12,0.9201852679252625,0.15905380249023438,20208.0,0.9999347925186157,31.05998420715332,-0.0075609683990478516,0.9977230429649353,2019.176513671875,0.0002765655517578125,1.0024164915084839,163.02064514160156,-0.007547259330749512,1.0003187656402588,0.021128661930561066,-0.0025081634521484375,1.024118185043335,10.089961051940918,-0.05200600624084473,1.0199562311172485,17.039125442504883,-0.041321635246276855,10,212,0.15156227350234985
SLIM*MIX_oms_pat5_fn-ml_smooth_const-small_ints_tabpfn,0c72c85c-8099-11f1-b0d1-2c7ba0e6fa90,synthetic_prior,0,13,0.9201852679252625,0.14472746849060059,22218.0,0.9999347925186157,31.05998420715332,-0.0075609683990478516,0.9977230429649353,2019.176513671875,0.0002765655517578125,1.0024164915084839,163.02064514160156,-0.007547259330749512,1.0003187656402588,0.021128661930561066,-0.0025081634521484375,1.024118185043335,10.089961051940918,-0.05200600624084473,1.0199562311172485,17.039125442504883,-0.041321635246276855,10,212,0.15156227350234985
SLIM*MIX_oms_pat5_fn-ml_smooth_const-small_ints_tabpfn,0c72c85c-8099-11f1-b0d1-2c7ba0e6fa90,synthetic_prior,0,14,0.9144182205200195,0.164841890335083,22831.0,0.9895730018615723,30.73812484741211,0.013212442398071289,1.0077440738677979,2039.4569091796875,-0.01990664005279541,1.0102838277816772,164.3000946044922,-0.023424506187438965,1.0229864120483398,0.021607449278235435,-0.04845750331878662,1.045270323753357,10.298358917236328,-0.09591102600097656,1.020740270614624,17.05222511291504,-0.04292333126068115,5,58,0.1621636152267456
SLIM*MIX_oms_pat5_fn-ml_smooth_const-small_ints_tabpfn,0c72c85c-8099-11f1-b0d1-2c7ba0e6fa90,synthetic_prior,0,15,0.9137130975723267,0.14784741401672363,23604.0,0.9895800948143005,30.738344192504883,0.013198375701904297,1.0077199935913086,2039.4080810546875,-0.01985776424407959,1.01023530960083,164.2921905517578,-0.02332627773284912,1.0227854251861572,0.021603204309940338,-0.04804563522338867,1.045025110244751,10.295943260192871,-0.09539675712585449,1.020544171333313,17.048946380615234,-0.042522430419921875,6,71,0.1634553074836731
SLIM*MIX_oms_pat5_fn-ml_smooth_const-small_ints_tabpfn,0c72c85c-8099-11f1-b0d1-2c7ba0e6fa90,synthetic_prior,0,16,0.9137130975723267,0.1226205825805664,24459.0,0.9895800948143005,30.738344192504883,0.013198375701904297,1.0077199935913086,2039.4080810546875,-0.01985776424407959,1.01023530960083,164.2921905517578,-0.02332627773284912,1.0227854251861572,0.021603204309940338,-0.04804563522338867,1.045025110244751,10.295943260192871,-0.09539675712585449,1.020544171333313,17.048946380615234,-0.042522430419921875,6,71,0.1634553074836731
SLIM*MIX_oms_pat5_fn-ml_smooth_const-small_ints_tabpfn,0c72c85c-8099-11f1-b0d1-2c7ba0e6fa90,synthetic_prior,0,17,0.9137130975723267,0.14103484153747559,24072.0,0.9895800948143005,30.738344192504883,0.013198375701904297,1.0077199935913086,2039.4080810546875,-0.01985776424407959,1.01023530960083,164.2921905517578,-0.02332627773284912,1.0227854251861572,0.021603204309940338,-0.04804563522338867,1.045025110244751,10.295943260192871,-0.09539675712585449,1.020544171333313,17.048946380615234,-0.042522430419921875,6,71,0.1634553074836731
SLIM*MIX_oms_pat5_fn-ml_smooth_const-small_ints_tabpfn,0c72c85c-8099-11f1-b0d1-2c7ba0e6fa90,synthetic_prior,0,18,0.9137130975723267,0.12211847305297852,25901.0,0.9895800948143005,30.738344192504883,0.013198375701904297,1.0077199935913086,2039.4080810546875,-0.01985776424407959,1.01023530960083,164.2921905517578,-0.02332627773284912,1.0227854251861572,0.021603204309940338,-0.04804563522338867,1.045025110244751,10.295943260192871,-0.09539675712585449,1.020544171333313,17.048946380615234,-0.042522430419921875,6,71,0.1634553074836731
SLIM*MIX_oms_pat5_fn-ml_smooth_const-small_ints_tabpfn,0c72c85c-8099-11f1-b0d1-2c7ba0e6fa90,synthetic_prior,0,19,0.9137130975723267,0.18024253845214844,26746.0,0.9895800948143005,30.738344192504883,0.013198375701904297,1.0077199935913086,2039.4080810546875,-0.01985776424407959,1.01023530960083,164.2921905517578,-0.02332627773284912,1.0227854251861572,0.021603204309940338,-0.04804563522338867,1.045025110244751,10.295943260192871,-0.09539675712585449,1.020544171333313,17.048946380615234,-0.042522430419921875,6,71,0.1634553074836731
SLIM*MIX_oms_pat5_fn-ml_smooth_const-small_ints_tabpfn,0c72c85c-8099-11f1-b0d1-2c7ba0e6fa90,synthetic_prior,0,20,0.9133881330490112,0.16195011138916016,24785.0,0.9959412217140198,30.93593406677246,0.0004711151123046875,0.9971652030944824,2018.0474853515625,0.0013941526412963867,0.9966998100280762,162.09095764160156,0.003911852836608887,1.0045076608657837,0.021217141300439835,-0.010921835899353027,1.0063883066177368,9.91528034210205,-0.015896081924438477,1.0088818073272705,16.8541202545166,-0.018831729888916016,6,106,0.1640501618385315
SLIM*MIX_oms_pat5_fn-ml_smooth_const-small_ints_tabpfn,0c72c85c-8099-11f1-b0d1-2c7ba0e6fa90,synthetic_prior,0,21,0.9133881330490112,0.13486242294311523,23366.0,0.9959412217140198,30.93593406677246,0.0004711151123046875,0.9971652030944824,2018.0474853515625,0.0013941526412963867,0.9966998100280762,162.09095764160156,0.003911852836608887,1.0045076608657837,0.021217141300439835,-0.010921835899353027,1.0063883066177368,9.91528034210205,-0.015896081924438477,1.0088818073272705,16.8541202545166,-0.018831729888916016,6,106,0.1640501618385315
SLIM*MIX_oms_pat5_fn-ml_smooth_const-small_ints_tabpfn,0c72c85c-8099-11f1-b0d1-2c7ba0e6fa90,synthetic_prior,0,22,0.9133881330490112,0.14182162284851074,24073.0,0.9959412217140198,30.93593406677246,0.0004711151123046875,0.9971652030944824,2018.0474853515625,0.0013941526412963867,0.9966998100280762,162.09095764160156,0.003911852836608887,1.0045076608657837,0.021217141300439835,-0.010921835899353027,1.0063883066177368,9.91528034210205,-0.015896081924438477,1.0088818073272705,16.8541202545166,-0.018831729888916016,6,106,0.1640501618385315
SLIM*MIX_oms_pat5_fn-ml_smooth_const-small_ints_tabpfn,0c72c85c-8099-11f1-b0d1-2c7ba0e6fa90,synthetic_prior,0,23,0.9133881330490112,0.1560361385345459,24353.0,0.9959412217140198,30.93593406677246,0.0004711151123046875,0.9971652030944824,2018.0474853515625,0.0013941526412963867,0.9966998100280762,162.09095764160156,0.003911852836608887,1.0045076608657837,0.021217141300439835,-0.010921835899353027,1.0063883066177368,9.91528034210205,-0.015896081924438477,1.0088818073272705,16.8541202545166,-0.018831729888916016,6,106,0.1640501618385315
SLIM*MIX_oms_pat5_fn-ml_smooth_const-small_ints_tabpfn,0c72c85c-8099-11f1-b0d1-2c7ba0e6fa90,synthetic_prior,0,24,0.9084795713424683,0.1253499984741211,23163.0,0.9959505200386047,30.93622589111328,0.00045233964920043945,0.9971996545791626,2018.1173095703125,0.0013251304626464844,0.9968776702880859,162.119873046875,0.0035563111305236816,1.0039232969284058,0.02120479755103588,-0.009745955467224121,1.005591630935669,9.907431602478027,-0.014288187026977539,1.007956862449646,16.838665008544922,-0.016964316368103027,7,125,0.1730109453201294
SLIM*MIX_oms_pat5_fn-ml_smooth_const-small_ints_tabpfn,0c72c85c-8099-11f1-b0d1-2c7ba0e6fa90,synthetic_prior,0,25,0.9084795713424683,0.11811113357543945,22591.0,0.9959505200386047,30.93622589111328,0.00045233964920043945,0.9971996545791626,2018.1173095703125,0.0013251304626464844,0.9968776702880859,162.119873046875,0.0035563111305236816,1.0039232969284058,0.02120479755103588,-0.009745955467224121,1.005591630935669,9.907431602478027,-0.014288187026977539,1.007956862449646,16.838665008544922,-0.016964316368103027,7,125,0.1730109453201294
SLIM*MIX_oms_pat5_fn-ml_smooth_const-small_ints_tabpfn,0c72c85c-8099-11f1-b0d1-2c7ba0e6fa90,synthetic_prior,0,26,0.9079940915107727,0.1275646686553955,21430.0,0.9958972930908203,30.934568405151367,0.0005592703819274902,0.9972624182701111,2018.2442626953125,0.0011994242668151855,0.9970219731330872,162.14334106445312,0.0032677650451660156,1.003537893295288,0.021196655929088593,-0.008970856666564941,1.005021333694458,9.901812553405762,-0.013138055801391602,1.0072908401489258,16.827539443969727,-0.015620708465576172,8,139,0.17389452457427979
SLIM*MIX_oms_pat5_fn-ml_smooth_const-small_ints_tabpfn,0c72c85c-8099-11f1-b0d1-2c7ba0e6fa90,synthetic_prior,0,27,0.9068296551704407,0.13827276229858398,22173.0,0.9965004920959473,30.95330810546875,-0.0006518363952636719,0.9972842335700989,2018.288330078125,0.0011556744575500488,0.9967906475067139,162.10572814941406,0.003730297088623047,1.0035769939422607,0.02119748294353485,-0.009049415588378906,1.005983829498291,9.911294937133789,-0.015079617500305176,1.0084507465362549,16.8469181060791,-0.01796114444732666,6,109,0.1760120391845703
SLIM*MIX_oms_pat5_fn-ml_smooth_const-small_ints_tabpfn,0c72c85c-8099-11f1-b0d1-2c7ba0e6fa90,synthetic_prior,0,28,0.9068296551704407,0.11513948440551758,22631.0,0.9965004920959473,30.95330810546875,-0.0006518363952636719,0.9972842335700989,2018.288330078125,0.0011556744575500488,0.9967906475067139,162.10572814941406,0.003730297088623047,1.0035769939422607,0.02119748294353485,-0.009049415588378906,1.005983829498291,9.911294937133789,-0.015079617500305176,1.0084507465362549,16.8469181060791,-0.01796114444732666,6,109,0.1760120391845703
SLIM*MIX_oms_pat5_fn-ml_smooth_const-small_ints_tabpfn,0c72c85c-8099-11f1-b0d1-2c7ba0e6fa90,synthetic_prior,0,29,0.9068296551704407,0.1539137363433838,23112.0,0.9965004920959473,30.95330810546875,-0.0006518363952636719,0.9972842335700989,2018.288330078125,0.0011556744575500488,0.9967906475067139,162.10572814941406,0.003730297088623047,1.0035769939422607,0.02119748294353485,-0.009049415588378906,1.005983829498291,9.911294937133789,-0.015079617500305176,1.0084507465362549,16.8469181060791,-0.01796114444732666,6,109,0.1760120391845703
SLIM*MIX_oms_pat5_fn-ml_smooth_const-small_ints_tabpfn,0c72c85c-8099-11f1-b0d1-2c7ba0e6fa90,synthetic_prior,0,30,0.9068296551704407,0.13524603843688965,23803.0,0.9965004920959473,30.95330810546875,-0.0006518363952636719,0.9972842335700989,2018.288330078125,0.0011556744575500488,0.9967906475067139,162.10572814941406,0.003730297088623047,1.0035769939422607,0.02119748294353485,-0.009049415588378906,1.005983829498291,9.911294937133789,-0.015079617500305176,1.0084507465362549,16.8469181060791,-0.01796114444732666,6,109,0.1760120391845703
SLIM*MIX_oms_pat5_fn-ml_smooth_const-small_ints_tabpfn,0c72c85c-8099-11f1-b0d1-2c7ba0e6fa90,synthetic_prior,0,31,0.9064943194389343,0.13533353805541992,24629.0,0.9961177706718445,30.941417694091797,0.00011664628982543945,0.9971580505371094,2018.032958984375,0.0014084577560424805,0.9966023564338684,162.07510375976562,0.004106640815734863,1.0047787427902222,0.02122286520898342,-0.011467456817626953,1.0066826343536377,9.918180465698242,-0.01649022102355957,1.0093735456466675,16.862335205078125,-0.019825220108032227,5,96,0.17662125825881958
SLIM*MIX_oms_pat5_fn-ml_smooth_const-small_ints_tabpfn,0c72c85c-8099-11f1-b0d1-2c7ba0e6fa90,synthetic_prior,0,32,0.9042971134185791,0.14225459098815918,25167.0,0.9960641860961914,30.93975257873535,0.00022429227828979492,0.9971541166305542,2018.025146484375,0.0014163851737976074,0.996618926525116,162.0778045654297,0.004073500633239746,1.0047504901885986,0.021222269162535667,-0.01141059398651123,1.0066161155700684,9.917525291442871,-0.01635599136352539,1.0093283653259277,16.861576080322266,-0.019733667373657227,6,108,0.18060791492462158
SLIM*MIX_oms_pat5_fn-ml_smooth_const-small_ints_tabpfn,0c72c85c-8099-11f1-b0d1-2c7ba0e6fa90,synthetic_prior,0,33,0.9042971134185791,0.14123296737670898,25936.0,0.9960641860961914,30.93975257873535,0.00022429227828979492,0.9971541166305542,2018.025146484375,0.0014163851737976074,0.996618926525116,162.0778045654297,0.004073500633239746,1.0047504901885986,0.021222269162535667,-0.01141059398651123,1.0066161155700684,9.917525291442871,-0.01635599136352539,1.0093283653259277,16.861576080322266,-0.019733667373657227,6,108,0.18060791492462158
SLIM*MIX_oms_pat5_fn-ml_smooth_const-small_ints_tabpfn,0c72c85c-8099-11f1-b0d1-2c7ba0e6fa90,synthetic_prior,0,34,0.9042971134185791,0.1265580654144287,26701.0,0.9960641860961914,30.93975257873535,0.00022429227828979492,0.9971541166305542,2018.025146484375,0.0014163851737976074,0.996618926525116,162.0778045654297,0.004073500633239746,1.0047504901885986,0.021222269162535667,-0.01141059398651123,1.0066161155700684,9.917525291442871,-0.01635599136352539,1.0093283653259277,16.861576080322266,-0.019733667373657227,6,108,0.18060791492462158
SLIM*MIX_oms_pat5_fn-ml_smooth_const-small_ints_tabpfn,0c72c85c-8099-11f1-b0d1-2c7ba0e6fa90,synthetic_prior,0,35,0.8986629247665405,0.1343400478363037,27580.0,0.9964090585708618,30.95046615600586,-0.00046825408935546875,0.9969814419746399,2017.6754150390625,0.0017622113227844238,0.996248722076416,162.01760864257812,0.004813194274902344,1.0089643001556396,0.02131127379834652,-0.019912004470825195,1.0128837823867798,9.979276657104492,-0.029052019119262695,1.0156794786453247,16.96767807006836,-0.032607316970825195,7,125,0.19078660011291504
SLIM*MIX_oms_pat5_fn-ml_smooth_const-small_ints_tabpfn,0c72c85c-8099-11f1-b0d1-2c7ba0e6fa90,synthetic_prior,0,36,0.8986629247665405,0.12762117385864258,27075.0,0.9964090585708618,30.95046615600586,-0.00046825408935546875,0.9969814419746399,2017.6754150390625,0.0017622113227844238,0.996248722076416,162.01760864257812,0.004813194274902344,1.0089643001556396,0.02131127379834652,-0.019912004470825195,1.0128837823867798,9.979276657104492,-0.029052019119262695,1.0156794786453247,16.96767807006836,-0.032607316970825195,7,125,0.19078660011291504
SLIM*MIX_oms_pat5_fn-ml_smooth_const-small_ints_tabpfn,0c72c85c-8099-11f1-b0d1-2c7ba0e6fa90,synthetic_prior,0,37,0.8986629247665405,0.13788914680480957,25429.0,0.9964090585708618,30.95046615600586,-0.00046825408935546875,0.9969814419746399,2017.6754150390625,0.0017622113227844238,0.996248722076416,162.01760864257812,0.004813194274902344,1.0089643001556396,0.02131127379834652,-0.019912004470825195,1.0128837823867798,9.979276657104492,-0.029052019119262695,1.0156794786453247,16.96767807006836,-0.032607316970825195,7,125,0.19078660011291504
SLIM*MIX_oms_pat5_fn-ml_smooth_const-small_ints_tabpfn,0c72c85c-8099-11f1-b0d1-2c7ba0e6fa90,synthetic_prior,0,38,0.8986629247665405,0.1216118335723877,24377.0,0.9964090585708618,30.95046615600586,-0.00046825408935546875,0.9969814419746399,2017.6754150390625,0.0017622113227844238,0.996248722076416,162.01760864257812,0.004813194274902344,1.0089643001556396,0.02131127379834652,-0.019912004470825195,1.0128837823867798,9.979276657104492,-0.029052019119262695,1.0156794786453247,16.96767807006836,-0.032607316970825195,7,125,0.19078660011291504
SLIM*MIX_oms_pat5_fn-ml_smooth_const-small_ints_tabpfn,0c72c85c-8099-11f1-b0d1-2c7ba0e6fa90,synthetic_prior,0,39,0.898549497127533,0.14149188995361328,23008.0,0.996315062046051,30.947546005249023,-0.00027930736541748047,0.9969877004623413,2017.688232421875,0.001749575138092041,0.9963260293006897,162.03016662597656,0.004658818244934082,1.0083011388778687,0.021297266706824303,-0.01857173442840576,1.011986494064331,9.97043514251709,-0.0272294282913208,1.0147539377212524,16.95221710205078,-0.030726194381713867,8,142,0.19099074602127075
SLIM*MIX_oms_pat5_fn-ml_smooth_const-small_ints_tabpfn,0c72c85c-8099-11f1-b0d1-2c7ba0e6fa90,synthetic_prior,0,40,0.898549497127533,0.12608695030212402,21971.0,0.996315062046051,30.947546005249023,-0.00027930736541748047,0.9969877004623413,2017.688232421875,0.001749575138092041,0.9963260293006897,162.03016662597656,0.004658818244934082,1.0083011388778687,0.021297266706824303,-0.01857173442840576,1.011986494064331,9.97043514251709,-0.0272294282913208,1.0147539377212524,16.95221710205078,-0.030726194381713867,8,142,0.19099074602127075
SLIM*MIX_oms_pat5_fn-ml_smooth_const-small_ints_tabpfn,0c72c85c-8099-11f1-b0d1-2c7ba0e6fa90,synthetic_prior,0,41,0.898549497127533,0.14205265045166016,19798.0,0.996315062046051,30.947546005249023,-0.00027930736541748047,0.9969877004623413,2017.688232421875,0.001749575138092041,0.9963260293006897,162.03016662597656,0.004658818244934082,1.0083011388778687,0.021297266706824303,-0.01857173442840576,1.011986494064331,9.97043514251709,-0.0272294282913208,1.0147539377212524,16.95221710205078,-0.030726194381713867,8,142,0.19099074602127075
SLIM*MIX_oms_pat5_fn-ml_smooth_const-small_ints_tabpfn,0c72c85c-8099-11f1-b0d1-2c7ba0e6fa90,synthetic_prior,0,42,0.898549497127533,0.12518072128295898,19329.0,0.996315062046051,30.947546005249023,-0.00027930736541748047,0.9969877004623413,2017.688232421875,0.001749575138092041,0.9963260293006897,162.03016662597656,0.004658818244934082,1.0083011388778687,0.021297266706824303,-0.01857173442840576,1.011986494064331,9.97043514251709,-0.0272294282913208,1.0147539377212524,16.95221710205078,-0.030726194381713867,8,142,0.19099074602127075
SLIM*MIX_oms_pat5_fn-ml_smooth_const-small_ints_tabpfn,0c72c85c-8099-11f1-b0d1-2c7ba0e6fa90,synthetic_prior,0,43,0.8984578251838684,0.1281731128692627,19916.0,0.9963836669921875,30.949676513671875,-0.0004171133041381836,0.9969972968101501,2017.707763671875,0.0017303228378295898,0.9963164925575256,162.0286102294922,0.004677891731262207,1.0084099769592285,0.021299567073583603,-0.018791675567626953,1.0120335817337036,9.97089958190918,-0.027325153350830078,1.0149030685424805,16.954708099365234,-0.031029343605041504,9,163,0.1911557912826538
SLIM*MIX_oms_pat5_fn-ml_smooth_const-small_ints_tabpfn,0c72c85c-8099-11f1-b0d1-2c7ba0e6fa90,synthetic_prior,0,44,0.8984578251838684,0.13169264793395996,21202.0,0.9963836669921875,30.949676513671875,-0.0004171133041381836,0.9969972968101501,2017.707763671875,0.0017303228378295898,0.9963164925575256,162.0286102294922,0.004677891731262207,1.0084099769592285,0.021299567073583603,-0.018791675567626953,1.0120335817337036,9.97089958190918,-0.027325153350830078,1.0149030685424805,16.954708099365234,-0.031029343605041504,9,163,0.1911557912826538
SLIM*MIX_oms_pat5_fn-ml_smooth_const-small_ints_tabpfn,0c72c85c-8099-11f1-b0d1-2c7ba0e6fa90,synthetic_prior,0,45,0.8981900215148926,0.14497852325439453,22467.0,0.9973222017288208,30.978832244873047,-0.0023027658462524414,0.9970191717147827,2017.751953125,0.0016865134239196777,0.9958049654960632,161.9454345703125,0.005699634552001953,1.011900544166565,0.021373294293880463,-0.025856852531433105,1.016823172569275,10.018088340759277,-0.037071943283081055,1.0207380056381226,17.052186965942383,-0.04291868209838867,10,179,0.19163787364959717
SLIM*MIX_oms_pat5_fn-ml_smooth_const-small_ints_tabpfn,0c72c85c-8099-11f1-b0d1-2c7ba0e6fa90,synthetic_prior,0,46,0.8981900215148926,0.13298892974853516,24633.0,0.9973222017288208,30.978832244873047,-0.0023027658462524414,0.9970191717147827,2017.751953125,0.0016865134239196777,0.9958049654960632,161.9454345703125,0.005699634552001953,1.011900544166565,0.021373294293880463,-0.025856852531433105,1.016823172569275,10.018088340759277,-0.037071943283081055,1.0207380056381226,17.052186965942383,-0.04291868209838867,10,179,0.19163787364959717
SLIM*MIX_oms_pat5_fn-ml_smooth_const-small_ints_tabpfn,0c72c85c-8099-11f1-b0d1-2c7ba0e6fa90,synthetic_prior,0,47,0.8981900215148926,0.15895915031433105,25906.0,0.9973222017288208,30.978832244873047,-0.0023027658462524414,0.9970191717147827,2017.751953125,0.0016865134239196777,0.9958049654960632,161.9454345703125,0.005699634552001953,1.011900544166565,0.021373294293880463,-0.025856852531433105,1.016823172569275,10.018088340759277,-0.037071943283081055,1.0207380056381226,17.052186965942383,-0.04291868209838867,10,179,0.19163787364959717
SLIM*MIX_oms_pat5_fn-ml_smooth_const-small_ints_tabpfn,0c72c85c-8099-11f1-b0d1-2c7ba0e6fa90,synthetic_prior,0,48,0.8970937728881836,0.13631725311279297,25987.0,0.9963284134864807,30.947961807250977,-0.00030624866485595703,0.9969763159751892,2017.665283203125,0.001772463321685791,0.9962964653968811,162.02536010742188,0.004717826843261719,1.008628010749817,0.021304171532392502,-0.01923227310180664,1.0121486186981201,9.972033500671387,-0.02755880355834961,1.0151636600494385,16.959062576293945,-0.03155863285064697,10,177,0.19360995292663574
SLIM*MIX_oms_pat5_fn-ml_smooth_const-small_ints_tabpfn,0c72c85c-8099-11f1-b0d1-2c7ba0e6fa90,synthetic_prior,0,49,0.8970937728881836,0.14202499389648438,26769.0,0.9963284134864807,30.947961807250977,-0.00030624866485595703,0.9969763159751892,2017.665283203125,0.001772463321685791,0.9962964653968811,162.02536010742188,0.004717826843261719,1.008628010749817,0.021304171532392502,-0.01923227310180664,1.0121486186981201,9.972033500671387,-0.02755880355834961,1.0151636600494385,16.959062576293945,-0.03155863285064697,10,177,0.19360995292663574
SLIM*MIX_oms_pat5_fn-ml_smooth_const-small_ints_tabpfn,0c72c85c-8099-11f1-b0d1-2c7ba0e6fa90,synthetic_prior,0,50,0.8962033987045288,0.1273634433746338,27857.0,0.9968279004096985,30.96347427368164,-0.0013093948364257812,0.9969947934150696,2017.7027587890625,0.001735389232635498,0.9959285855293274,161.9655303955078,0.00545269250869751,1.0105115175247192,0.021343953907489777,-0.02304232120513916,1.0148016214370728,9.998170852661133,-0.03295242786407471,1.0181750059127808,17.009368896484375,-0.03768777847290039,9,167,0.19520992040634155
SLIM*MIX_oms_pat5_fn-ml_smooth_const-small_ints_tabpfn,0c72c85c-8099-11f1-b0d1-2c7ba0e6fa90,synthetic_prior,0,51,0.8962033987045288,0.13748884201049805,28138.0,0.9968279004096985,30.96347427368164,-0.0013093948364257812,0.9969947934150696,2017.7027587890625,0.001735389232635498,0.9959285855293274,161.9655303955078,0.00545269250869751,1.0105115175247192,0.021343953907489777,-0.02304232120513916,1.0148016214370728,9.998170852661133,-0.03295242786407471,1.0181750059127808,17.009368896484375,-0.03768777847290039,9,167,0.19520992040634155
SLIM*MIX_oms_pat5_fn-ml_smooth_const-small_ints_tabpfn,0c72c85c-8099-11f1-b0d1-2c7ba0e6fa90,synthetic_prior,0,52,0.8962033987045288,0.1249852180480957,28441.0,0.9968279004096985,30.96347427368164,-0.0013093948364257812,0.9969947934150696,2017.7027587890625,0.001735389232635498,0.9959285855293274,161.9655303955078,0.00545269250869751,1.0105115175247192,0.021343953907489777,-0.02304232120513916,1.0148016214370728,9.998170852661133,-0.03295242786407471,1.0181750059127808,17.009368896484375,-0.03768777847290039,9,167,0.19520992040634155
SLIM*MIX_oms_pat5_fn-ml_smooth_const-small_ints_tabpfn,0c72c85c-8099-11f1-b0d1-2c7ba0e6fa90,synthetic_prior,0,53,0.8955874443054199,0.1283407211303711,28643.0,0.9965315461158752,30.954273223876953,-0.0007140636444091797,0.9969882965087891,2017.689453125,0.0017483830451965332,0.9962058067321777,162.0106201171875,0.0048989057540893555,1.0086655616760254,0.021304963156580925,-0.019307971000671387,1.011771321296692,9.968316078186035,-0.02679276466369629,1.015049695968628,16.9571590423584,-0.031327128410339355,10,195,0.19631576538085938
SLIM*MIX_oms_pat5_fn-ml_smooth_const-small_ints_tabpfn,0c72c85c-8099-11f1-b0d1-2c7ba0e6fa90,synthetic_prior,0,54,0.893959641456604,0.12679553031921387,29401.0,0.9966546893119812,30.958097457885742,-0.0009615421295166016,0.9969996213912964,2017.7125244140625,0.0017256736755371094,0.9959666132926941,161.97171020507812,0.005376875400543213,1.010354995727539,0.02134064957499504,-0.022725462913513184,1.0137295722961426,9.98760986328125,-0.030771255493164062,1.0175938606262207,16.99966049194336,-0.03650367259979248,9,154,0.19923460483551025
SLIM*MIX_oms_pat5_fn-ml_smooth_const-small_ints_tabpfn,0c72c85c-8099-11f1-b0d1-2c7ba0e6fa90,synthetic_prior,0,55,0.893959641456604,0.14307785034179688,28042.0,0.9966546893119812,30.958097457885742,-0.0009615421295166016,0.9969996213912964,2017.7125244140625,0.0017256736755371094,0.9959666132926941,161.97171020507812,0.005376875400543213,1.010354995727539,0.02134064957499504,-0.022725462913513184,1.0137295722961426,9.98760986328125,-0.030771255493164062,1.0175938606262207,16.99966049194336,-0.03650367259979248,9,154,0.19923460483551025
SLIM*MIX_oms_pat5_fn-ml_smooth_const-small_ints_tabpfn,0c72c85c-8099-11f1-b0d1-2c7ba0e6fa90,synthetic_prior,0,56,0.8909227848052979,0.12610363960266113,28367.0,1.0012110471725464,31.099620819091797,-0.010134458541870117,1.0003323554992676,2024.4571533203125,-0.0049593448638916016,1.000597596168518,162.724853515625,-0.003894209861755371,1.001760721206665,0.02115912176668644,-0.005400538444519043,1.0212571620941162,10.061773300170898,-0.04613626003265381,1.0151488780975342,16.958816528320312,-0.03152883052825928,9,140,0.20466595888137817
SLIM*MIX_oms_pat5_fn-ml_smooth_const-small_ints_tabpfn,0c72c85c-8099-11f1-b0d1-2c7ba0e6fa90,synthetic_prior,0,57,0.8909227848052979,0.13443255424499512,29833.0,1.0012110471725464,31.099620819091797,-0.010134458541870117,1.0003323554992676,2024.4571533203125,-0.0049593448638916016,1.000597596168518,162.724853515625,-0.003894209861755371,1.001760721206665,0.02115912176668644,-0.005400538444519043,1.0212571620941162,10.061773300170898,-0.04613626003265381,1.0151488780975342,16.958816528320312,-0.03152883052825928,9,140,0.20466595888137817
SLIM*MIX_oms_pat5_fn-ml_smooth_const-small_ints_tabpfn,0c72c85c-8099-11f1-b0d1-2c7ba0e6fa90,synthetic_prior,0,58,0.8909227848052979,0.13736987113952637,29682.0,1.0012110471725464,31.099620819091797,-0.010134458541870117,1.0003323554992676,2024.4571533203125,-0.0049593448638916016,1.000597596168518,162.724853515625,-0.003894209861755371,1.001760721206665,0.02115912176668644,-0.005400538444519043,1.0212571620941162,10.061773300170898,-0.04613626003265381,1.0151488780975342,16.958816528320312,-0.03152883052825928,9,140,0.20466595888137817
SLIM*MIX_oms_pat5_fn-ml_smooth_const-small_ints_tabpfn,0c72c85c-8099-11f1-b0d1-2c7ba0e6fa90,synthetic_prior,0,59,0.8909227848052979,0.14684581756591797,29457.0,1.0012110471725464,31.099620819091797,-0.010134458541870117,1.0003323554992676,2024.4571533203125,-0.0049593448638916016,1.000597596168518,162.724853515625,-0.003894209861755371,1.001760721206665,0.02115912176668644,-0.005400538444519043,1.0212571620941162,10.061773300170898,-0.04613626003265381,1.0151488780975342,16.958816528320312,-0.03152883052825928,9,140,0.20466595888137817
SLIM*MIX_oms_pat5_fn-ml_smooth_const-small_ints_tabpfn,0c72c85c-8099-11f1-b0d1-2c7ba0e6fa90,synthetic_prior,0,60,0.8884620070457458,0.1097559928894043,28955.0,1.0035680532455444,31.172840118408203,-0.014896154403686523,1.0017094612121582,2027.244140625,-0.007728219032287598,1.0017316341400146,162.90928649902344,-0.006171107292175293,1.0034921169281006,0.02119569107890129,-0.008878827095031738,1.0260803699493408,10.109292030334473,-0.05604088306427002,1.0189357995986938,17.022077560424805,-0.03923904895782471,8,126,0.2090533971786499
SLIM*MIX_oms_pat5_fn-ml_smooth_const-small_ints_tabpfn,0c72c85c-8099-11f1-b0d1-2c7ba0e6fa90,synthetic_prior,0,61,0.8884620070457458,0.14062714576721191,28094.0,1.0035680532455444,31.172840118408203,-0.014896154403686523,1.0017094612121582,2027.244140625,-0.007728219032287598,1.0017316341400146,162.90928649902344,-0.006171107292175293,1.0034921169281006,0.02119569107890129,-0.008878827095031738,1.0260803699493408,10.109292030334473,-0.05604088306427002,1.0189357995986938,17.022077560424805,-0.03923904895782471,8,126,0.2090533971786499
SLIM*MIX_oms_pat5_fn-ml_smooth_const-small_ints_tabpfn,0c72c85c-8099-11f1-b0d1-2c7ba0e6fa90,synthetic_prior,0,62,0.8884620070457458,0.12053608894348145,28143.0,1.0035680532455444,31.172840118408203,-0.014896154403686523,1.0017094612121582,2027.244140625,-0.007728219032287598,1.0017316341400146,162.90928649902344,-0.006171107292175293,1.0034921169281006,0.02119569107890129,-0.008878827095031738,1.0260803699493408,10.109292030334473,-0.05604088306427002,1.0189357995986938,17.022077560424805,-0.03923904895782471,8,126,0.2090533971786499
SLIM*MIX_oms_pat5_fn-ml_smooth_const-small_ints_tabpfn,0c72c85c-8099-11f1-b0d1-2c7ba0e6fa90,synthetic_prior,0,63,0.8884620070457458,0.14255094528198242,26942.0,1.0035680532455444,31.172840118408203,-0.014896154403686523,1.0017094612121582,2027.244140625,-0.007728219032287598,1.0017316341400146,162.90928649902344,-0.006171107292175293,1.0034921169281006,0.02119569107890129,-0.008878827095031738,1.0260803699493408,10.109292030334473,-0.05604088306427002,1.0189357995986938,17.022077560424805,-0.03923904895782471,8,126,0.2090533971786499
SLIM*MIX_oms_pat5_fn-ml_smooth_const-small_ints_tabpfn,0c72c85c-8099-11f1-b0d1-2c7ba0e6fa90,synthetic_prior,0,64,0.8884620070457458,0.12198925018310547,28179.0,1.0035680532455444,31.172840118408203,-0.014896154403686523,1.0017094612121582,2027.244140625,-0.007728219032287598,1.0017316341400146,162.90928649902344,-0.006171107292175293,1.0034921169281006,0.02119569107890129,-0.008878827095031738,1.0260803699493408,10.109292030334473,-0.05604088306427002,1.0189357995986938,17.022077560424805,-0.03923904895782471,8,126,0.2090533971786499
SLIM*MIX_oms_pat5_fn-ml_smooth_const-small_ints_tabpfn,0c72c85c-8099-11f1-b0d1-2c7ba0e6fa90,synthetic_prior,0,65,0.8884620070457458,0.15809106826782227,14322.0,1.0035680532455444,31.172840118408203,-0.014896154403686523,1.0017094612121582,2027.244140625,-0.007728219032287598,1.0017316341400146,162.90928649902344,-0.006171107292175293,1.0034921169281006,0.02119569107890129,-0.008878827095031738,1.0260803699493408,10.109292030334473,-0.05604088306427002,1.0189357995986938,17.022077560424805,-0.03923904895782471,8,126,0.2090533971786499
SLIM*MIX_oms_pat5_fn-ml_smooth_const-small_ints_tabpfn,0c72c85c-8099-11f1-b0d1-2c7ba0e6fa90,synthetic_prior,0,66,0.8884620070457458,0.13564538955688477,21307.0,1.0035680532455444,31.172840118408203,-0.014896154403686523,1.0017094612121582,2027.244140625,-0.007728219032287598,1.0017316341400146,162.90928649902344,-0.006171107292175293,1.0034921169281006,0.02119569107890129,-0.008878827095031738,1.0260803699493408,10.109292030334473,-0.05604088306427002,1.0189357995986938,17.022077560424805,-0.03923904895782471,8,126,0.2090533971786499
SLIM*MIX_oms_pat5_fn-ml_smooth_const-small_ints_tabpfn,0c72c85c-8099-11f1-b0d1-2c7ba0e6fa90,synthetic_prior,0,67,0.8878136277198792,0.1159353256225586,25485.0,1.0035579204559326,31.172523498535156,-0.014875531196594238,1.0016963481903076,2027.2176513671875,-0.007701873779296875,1.0017331838607788,162.90953063964844,-0.006174206733703613,1.003424882888794,0.021194269880652428,-0.008743524551391602,1.0260881185531616,10.109369277954102,-0.05605721473693848,1.0189019441604614,17.021512985229492,-0.039170265197753906,7,113,0.21020740270614624
SLIM*MIX_oms_pat5_fn-ml_smooth_const-small_ints_tabpfn,0c72c85c-8099-11f1-b0d1-2c7ba0e6fa90,synthetic_prior,0,68,0.8878136277198792,0.12512779235839844,26681.0,1.0035579204559326,31.172523498535156,-0.014875531196594238,1.0016963481903076,2027.2176513671875,-0.007701873779296875,1.0017331838607788,162.90953063964844,-0.006174206733703613,1.003424882888794,0.021194269880652428,-0.008743524551391602,1.0260881185531616,10.109369277954102,-0.05605721473693848,1.0189019441604614,17.021512985229492,-0.039170265197753906,7,113,0.21020740270614624
SLIM*MIX_oms_pat5_fn-ml_smooth_const-small_ints_tabpfn,0c72c85c-8099-11f1-b0d1-2c7ba0e6fa90,synthetic_prior,0,69,0.8874022960662842,0.12822532653808594,25731.0,1.0034964084625244,31.170612335205078,-0.014751195907592773,1.0015455484390259,2026.912353515625,-0.007398486137390137,1.0019805431365967,162.94973754882812,-0.0066710710525512695,1.0047451257705688,0.021222155541181564,-0.01139974594116211,1.0261342525482178,10.109824180603027,-0.0561521053314209,1.019097924232483,17.0247859954834,-0.039569735527038574,9,139,0.21093899011611938
SLIM*MIX_oms_pat5_fn-ml_smooth_const-small_ints_tabpfn,0c72c85c-8099-11f1-b0d1-2c7ba0e6fa90,synthetic_prior,0,70,0.8874022960662842,0.1335742473602295,26396.0,1.0034964084625244,31.170612335205078,-0.014751195907592773,1.0015455484390259,2026.912353515625,-0.007398486137390137,1.0019805431365967,162.94973754882812,-0.0066710710525512695,1.0047451257705688,0.021222155541181564,-0.01139974594116211,1.0261342525482178,10.109824180603027,-0.0561521053314209,1.019097924232483,17.0247859954834,-0.039569735527038574,9,139,0.21093899011611938
SLIM*MIX_oms_pat5_fn-ml_smooth_const-small_ints_tabpfn,0c72c85c-8099-11f1-b0d1-2c7ba0e6fa90,synthetic_prior,0,71,0.8860348463058472,0.1250901222229004,26036.0,1.0020471811294556,31.12559700012207,-0.011822342872619629,1.000784158706665,2025.3714599609375,-0.005867362022399902,1.0007606744766235,162.7513427734375,-0.004221320152282715,1.0022276639938354,0.021168984472751617,-0.006338000297546387,1.022491693496704,10.073936462402344,-0.048666954040527344,1.0161314010620117,16.97522735595703,-0.03352630138397217,9,142,0.21336901187896729
SLIM*MIX_oms_pat5_fn-ml_smooth_const-small_ints_tabpfn,0c72c85c-8099-11f1-b0d1-2c7ba0e6fa90,synthetic_prior,0,72,0.8860348463058472,0.1427137851715088,25411.0,1.0020471811294556,31.12559700012207,-0.011822342872619629,1.000784158706665,2025.3714599609375,-0.005867362022399902,1.0007606744766235,162.7513427734375,-0.004221320152282715,1.0022276639938354,0.021168984472751617,-0.006338000297546387,1.022491693496704,10.073936462402344,-0.048666954040527344,1.0161314010620117,16.97522735595703,-0.03352630138397217,9,142,0.21336901187896729
SLIM*MIX_oms_pat5_fn-ml_smooth_const-small_ints_tabpfn,0c72c85c-8099-11f1-b0d1-2c7ba0e6fa90,synthetic_prior,0,73,0.8860348463058472,0.12504053115844727,25785.0,1.0020471811294556,31.12559700012207,-0.011822342872619629,1.000784158706665,2025.3714599609375,-0.005867362022399902,1.0007606744766235,162.7513427734375,-0.004221320152282715,1.0022276639938354,0.021168984472751617,-0.006338000297546387,1.022491693496704,10.073936462402344,-0.048666954040527344,1.0161314010620117,16.97522735595703,-0.03352630138397217,9,142,0.21336901187896729
SLIM*MIX_oms_pat5_fn-ml_smooth_const-small_ints_tabpfn,0c72c85c-8099-11f1-b0d1-2c7ba0e6fa90,synthetic_prior,0,74,0.8857429027557373,0.1415410041809082,25123.0,1.002038836479187,31.12533950805664,-0.011805534362792969,1.0007730722427368,2025.34912109375,-0.005845189094543457,1.0007625818252563,162.7516632080078,-0.004225254058837891,1.0021711587905884,0.02116779051721096,-0.006224513053894043,1.0225005149841309,10.07402229309082,-0.04868507385253906,1.0161035060882568,16.974763870239258,-0.0334697961807251,8,129,0.2138872742652893
SLIM*MIX_oms_pat5_fn-ml_smooth_const-small_ints_tabpfn,0c72c85c-8099-11f1-b0d1-2c7ba0e6fa90,synthetic_prior,0,75,0.8857429027557373,0.12499117851257324,24849.0,1.002038836479187,31.12533950805664,-0.011805534362792969,1.0007730722427368,2025.34912109375,-0.005845189094543457,1.0007625818252563,162.7516632080078,-0.004225254058837891,1.0021711587905884,0.02116779051721096,-0.006224513053894043,1.0225005149841309,10.07402229309082,-0.04868507385253906,1.0161035060882568,16.974763870239258,-0.0334697961807251,8,129,0.2138872742652893
SLIM*MIX_oms_pat5_fn-ml_smooth_const-small_ints_tabpfn,0c72c85c-8099-11f1-b0d1-2c7ba0e6fa90,synthetic_prior,0,76,0.8857429027557373,0.1131134033203125,24394.0,1.002038836479187,31.12533950805664,-0.011805534362792969,1.0007730722427368,2025.34912109375,-0.005845189094543457,1.0007625818252563,162.7516632080078,-0.004225254058837891,1.0021711587905884,0.02116779051721096,-0.006224513053894043,1.0225005149841309,10.07402229309082,-0.04868507385253906,1.0161035060882568,16.974763870239258,-0.0334697961807251,8,129,0.2138872742652893
SLIM*MIX_oms_pat5_fn-ml_smooth_const-small_ints_tabpfn,0c72c85c-8099-11f1-b0d1-2c7ba0e6fa90,synthetic_prior,0,77,0.8857429027557373,0.12537765502929688,23269.0,1.002038836479187,31.12533950805664,-0.011805534362792969,1.0007730722427368,2025.34912109375,-0.005845189094543457,1.0007625818252563,162.7516632080078,-0.004225254058837891,1.0021711587905884,0.02116779051721096,-0.006224513053894043,1.0225005149841309,10.07402229309082,-0.04868507385253906,1.0161035060882568,16.974763870239258,-0.0334697961807251,8,129,0.2138872742652893
SLIM*MIX_oms_pat5_fn-ml_smooth_const-small_ints_tabpfn,0c72c85c-8099-11f1-b0d1-2c7ba0e6fa90,synthetic_prior,0,78,0.8857429027557373,0.1107025146484375,24419.0,1.002038836479187,31.12533950805664,-0.011805534362792969,1.0007730722427368,2025.34912109375,-0.005845189094543457,1.0007625818252563,162.7516632080078,-0.004225254058837891,1.0021711587905884,0.02116779051721096,-0.006224513053894043,1.0225005149841309,10.07402229309082,-0.04868507385253906,1.0161035060882568,16.974763870239258,-0.0334697961807251,8,129,0.2138872742652893
SLIM*MIX_oms_pat5_fn-ml_smooth_const-small_ints_tabpfn,0c72c85c-8099-11f1-b0d1-2c7ba0e6fa90,synthetic_prior,0,79,0.885731041431427,0.1349799633026123,24800.0,1.0020393133163452,31.125354766845703,-0.011806488037109375,1.0007755756378174,2025.3541259765625,-0.00585019588470459,1.000765085220337,162.75209045410156,-0.004230380058288574,1.0021756887435913,0.02116788551211357,-0.0062334537506103516,1.0225085020065308,10.074102401733398,-0.04870164394378662,1.0161100625991821,16.974870681762695,-0.033483028411865234,9,157,0.21390831470489502
SLIM*MIX_oms_pat5_fn-ml_smooth_const-small_ints_tabpfn,0c72c85c-8099-11f1-b0d1-2c7ba0e6fa90,synthetic_prior,0,80,0.885731041431427,0.12583303451538086,24855.0,1.0020393133163452,31.125354766845703,-0.011806488037109375,1.0007755756378174,2025.3541259765625,-0.00585019588470459,1.000765085220337,162.75209045410156,-0.004230380058288574,1.0021756887435913,0.02116788551211357,-0.0062334537506103516,1.0225085020065308,10.074102401733398,-0.04870164394378662,1.0161100625991821,16.974870681762695,-0.033483028411865234,9,157,0.21390831470489502
SLIM*MIX_oms_pat5_fn-ml_smooth_const-small_ints_tabpfn,0c72c85c-8099-11f1-b0d1-2c7ba0e6fa90,synthetic_prior,0,81,0.8854586482048035,0.11120223999023438,24208.0,1.0030417442321777,31.156492233276367,-0.0138319730758667,1.0013844966888428,2026.58642578125,-0.007074475288391113,1.0015870332717896,162.88575744628906,-0.005880475044250488,1.0035542249679565,0.02119700238108635,-0.009003639221191406,1.0244685411453247,10.093414306640625,-0.052726030349731445,1.0176920890808105,17.001300811767578,-0.03670370578765869,9,141,0.2143917679786682
SLIM*MIX_oms_pat5_fn-ml_smooth_const-small_ints_tabpfn,0c72c85c-8099-11f1-b0d1-2c7ba0e6fa90,synthetic_prior,0,82,0.8854586482048035,0.12761998176574707,25140.0,1.0030417442321777,31.156492233276367,-0.0138319730758667,1.0013844966888428,2026.58642578125,-0.007074475288391113,1.0015870332717896,162.88575744628906,-0.005880475044250488,1.0035542249679565,0.02119700238108635,-0.009003639221191406,1.0244685411453247,10.093414306640625,-0.052726030349731445,1.0176920890808105,17.001300811767578,-0.03670370578765869,9,141,0.2143917679786682
SLIM*MIX_oms_pat5_fn-ml_smooth_const-small_ints_tabpfn,0c72c85c-8099-11f1-b0d1-2c7ba0e6fa90,synthetic_prior,0,83,0.8854586482048035,0.11050057411193848,24555.0,1.0030417442321777,31.156492233276367,-0.0138319730758667,1.0013844966888428,2026.58642578125,-0.007074475288391113,1.0015870332717896,162.88575744628906,-0.005880475044250488,1.0035542249679565,0.02119700238108635,-0.009003639221191406,1.0244685411453247,10.093414306640625,-0.052726030349731445,1.0176920890808105,17.001300811767578,-0.03670370578765869,9,141,0.2143917679786682
SLIM*MIX_oms_pat5_fn-ml_smooth_const-small_ints_tabpfn,0c72c85c-8099-11f1-b0d1-2c7ba0e6fa90,synthetic_prior,0,84,0.883405327796936,0.12503504753112793,24362.0,1.0022718906402588,31.132579803466797,-0.012276291847229004,1.0007874965667725,2025.378173828125,-0.005874037742614746,1.0007282495498657,162.74609375,-0.00415647029876709,1.0022073984146118,0.021168554201722145,-0.0062972307205200195,1.0214719772338867,10.06389045715332,-0.04657638072967529,1.0159159898757935,16.971628189086914,-0.03308820724487305,9,150,0.21803104877471924
SLIM*MIX_oms_pat5_fn-ml_smooth_const-small_ints_tabpfn,0c72c85c-8099-11f1-b0d1-2c7ba0e6fa90,synthetic_prior,0,85,0.883405327796936,0.12711191177368164,25386.0,1.0022718906402588,31.132579803466797,-0.012276291847229004,1.0007874965667725,2025.378173828125,-0.005874037742614746,1.0007282495498657,162.74609375,-0.00415647029876709,1.0022073984146118,0.021168554201722145,-0.0062972307205200195,1.0214719772338867,10.06389045715332,-0.04657638072967529,1.0159159898757935,16.971628189086914,-0.03308820724487305,9,150,0.21803104877471924
SLIM*MIX_oms_pat5_fn-ml_smooth_const-small_ints_tabpfn,0c72c85c-8099-11f1-b0d1-2c7ba0e6fa90,synthetic_prior,0,86,0.883405327796936,0.11693930625915527,25509.0,1.0022718906402588,31.132579803466797,-0.012276291847229004,1.0007874965667725,2025.378173828125,-0.005874037742614746,1.0007282495498657,162.74609375,-0.00415647029876709,1.0022073984146118,0.021168554201722145,-0.0062972307205200195,1.0214719772338867,10.06389045715332,-0.04657638072967529,1.0159159898757935,16.971628189086914,-0.03308820724487305,9,150,0.21803104877471924
SLIM*MIX_oms_pat5_fn-ml_smooth_const-small_ints_tabpfn,0c72c85c-8099-11f1-b0d1-2c7ba0e6fa90,synthetic_prior,0,87,0.883405327796936,0.14220809936523438,27033.0,1.0022718906402588,31.132579803466797,-0.012276291847229004,1.0007874965667725,2025.378173828125,-0.005874037742614746,1.0007282495498657,162.74609375,-0.00415647029876709,1.0022073984146118,0.021168554201722145,-0.0062972307205200195,1.0214719772338867,10.06389045715332,-0.04657638072967529,1.0159159898757935,16.971628189086914,-0.03308820724487305,9,150,0.21803104877471924
SLIM*MIX_oms_pat5_fn-ml_smooth_const-small_ints_tabpfn,0c72c85c-8099-11f1-b0d1-2c7ba0e6fa90,synthetic_prior,0,88,0.8832158446311951,0.1422574520111084,27495.0,1.0017653703689575,31.116844177246094,-0.01125335693359375,1.0006663799285889,2025.1331787109375,-0.0056307315826416016,1.000603437423706,162.72579956054688,-0.0039060115814208984,1.0018861293792725,0.021161766722798347,-0.005652070045471191,1.0226936340332031,10.075925827026367,-0.04908132553100586,1.0159130096435547,16.971582412719727,-0.03308236598968506,10,161,0.21836650371551514
SLIM*MIX_oms_pat5_fn-ml_smooth_const-small_ints_tabpfn,0c72c85c-8099-11f1-b0d1-2c7ba0e6fa90,synthetic_prior,0,89,0.8828677535057068,0.13223958015441895,26643.0,1.0019910335540771,31.12385368347168,-0.011709094047546387,1.0008370876312256,2025.478515625,-0.005973696708679199,1.0007109642028809,162.7432861328125,-0.0041217803955078125,1.001939296722412,0.021162891760468483,-0.005758881568908691,1.023420810699463,10.083089828491211,-0.05057370662689209,1.0166422128677368,16.983760833740234,-0.03456568717956543,9,143,0.21898245811462402
SLIM*MIX_oms_pat5_fn-ml_smooth_const-small_ints_tabpfn,0c72c85c-8099-11f1-b0d1-2c7ba0e6fa90,synthetic_prior,0,90,0.8828677535057068,0.14192414283752441,26788.0,1.0019910335540771,31.12385368347168,-0.011709094047546387,1.0008370876312256,2025.478515625,-0.005973696708679199,1.0007109642028809,162.7432861328125,-0.0041217803955078125,1.001939296722412,0.021162891760468483,-0.005758881568908691,1.023420810699463,10.083089828491211,-0.05057370662689209,1.0166422128677368,16.983760833740234,-0.03456568717956543,9,143,0.21898245811462402
SLIM*MIX_oms_pat5_fn-ml_smooth_const-small_ints_tabpfn,0c72c85c-8099-11f1-b0d1-2c7ba0e6fa90,synthetic_prior,0,91,0.8828677535057068,0.12785649299621582,27274.0,1.0019910335540771,31.12385368347168,-0.011709094047546387,1.0008370876312256,2025.478515625,-0.005973696708679199,1.0007109642028809,162.7432861328125,-0.0041217803955078125,1.001939296722412,0.021162891760468483,-0.005758881568908691,1.023420810699463,10.083089828491211,-0.05057370662689209,1.0166422128677368,16.983760833740234,-0.03456568717956543,9,143,0.21898245811462402
SLIM*MIX_oms_pat5_fn-ml_smooth_const-small_ints_tabpfn,0c72c85c-8099-11f1-b0d1-2c7ba0e6fa90,synthetic_prior,0,92,0.8825284242630005,0.12880969047546387,27220.0,1.0020875930786133,31.12685203552246,-0.011904001235961914,1.0009218454360962,2025.650146484375,-0.006144285202026367,1.0007805824279785,162.7545928955078,-0.004261493682861328,1.0020276308059692,0.021164758130908012,-0.005936264991760254,1.0235931873321533,10.08478832244873,-0.05092763900756836,1.0167101621627808,16.98489761352539,-0.03470408916473389,10,161,0.21958273649215698
SLIM*MIX_oms_pat5_fn-ml_smooth_const-small_ints_tabpfn,0c72c85c-8099-11f1-b0d1-2c7ba0e6fa90,synthetic_prior,0,93,0.8823418617248535,0.1249229907989502,29462.0,1.0020413398742676,31.12541389465332,-0.01181042194366455,1.0005689859390259,2024.93603515625,-0.005434989929199219,1.000638484954834,162.7314910888672,-0.003976225852966309,1.0015852451324463,0.02115541510283947,-0.005048394203186035,1.0230562686920166,10.079499244689941,-0.04982554912567139,1.0163580179214478,16.979013442993164,-0.03398752212524414,13,203,0.21991270780563354
SLIM*MIX_oms_pat5_fn-ml_smooth_const-small_ints_tabpfn,0c72c85c-8099-11f1-b0d1-2c7ba0e6fa90,synthetic_prior,0,94,0.8820663094520569,0.12438821792602539,29785.0,1.002273678779602,31.13263511657715,-0.012279868125915527,1.0009584426879883,2025.72412109375,-0.0062177181243896484,1.000853419303894,162.7664337158203,-0.004407525062561035,1.0022361278533936,0.021169161424040794,-0.006354928016662598,1.023958444595337,10.088388442993164,-0.05167794227600098,1.0170882940292358,16.991214752197266,-0.03547394275665283,12,191,0.22039979696273804
SLIM*MIX_oms_pat5_fn-ml_smooth_const-small_ints_tabpfn,0c72c85c-8099-11f1-b0d1-2c7ba0e6fa90,synthetic_prior,0,95,0.8820663094520569,0.13964247703552246,29808.0,1.002273678779602,31.13263511657715,-0.012279868125915527,1.0009584426879883,2025.72412109375,-0.0062177181243896484,1.000853419303894,162.7664337158203,-0.004407525062561035,1.0022361278533936,0.021169161424040794,-0.006354928016662598,1.023958444595337,10.088388442993164,-0.05167794227600098,1.0170882940292358,16.991214752197266,-0.03547394275665283,12,191,0.22039979696273804
SLIM*MIX_oms_pat5_fn-ml_smooth_const-small_ints_tabpfn,0c72c85c-8099-11f1-b0d1-2c7ba0e6fa90,synthetic_prior,0,96,0.8810178637504578,0.12563419342041016,29405.0,1.0022730827331543,31.13261604309082,-0.01227867603302002,1.000735878944397,2025.2738037109375,-0.005770325660705566,1.0007480382919312,162.7493133544922,-0.0041961669921875,1.0016231536865234,0.02115621604025364,-0.005124449729919434,1.0237966775894165,10.086793899536133,-0.05134570598602295,1.0171083211898804,16.991548538208008,-0.0355147123336792,12,185,0.2222520112991333
SLIM*MIX_oms_pat5_fn-ml_smooth_const-small_ints_tabpfn,0c72c85c-8099-11f1-b0d1-2c7ba0e6fa90,synthetic_prior,0,97,0.8810178637504578,0.12401485443115234,29741.0,1.0022730827331543,31.13261604309082,-0.01227867603302002,1.000735878944397,2025.2738037109375,-0.005770325660705566,1.0007480382919312,162.7493133544922,-0.0041961669921875,1.0016231536865234,0.02115621604025364,-0.005124449729919434,1.0237966775894165,10.086793899536133,-0.05134570598602295,1.0171083211898804,16.991548538208008,-0.0355147123336792,12,185,0.2222520112991333
SLIM*MIX_oms_pat5_fn-ml_smooth_const-small_ints_tabpfn,0c72c85c-8099-11f1-b0d1-2c7ba0e6fa90,synthetic_prior,0,98,0.8810178637504578,0.12517046928405762,31516.0,1.0022730827331543,31.13261604309082,-0.01227867603302002,1.000735878944397,2025.2738037109375,-0.005770325660705566,1.0007480382919312,162.7493133544922,-0.0041961669921875,1.0016231536865234,0.02115621604025364,-0.005124449729919434,1.0237966775894165,10.086793899536133,-0.05134570598602295,1.0171083211898804,16.991548538208008,-0.0355147123336792,12,185,0.2222520112991333
SLIM*MIX_oms_pat5_fn-ml_smooth_const-small_ints_tabpfn,0c72c85c-8099-11f1-b0d1-2c7ba0e6fa90,synthetic_prior,0,99,0.8810178637504578,0.11014938354492188,31690.0,1.0022730827331543,31.13261604309082,-0.01227867603302002,1.000735878944397,2025.2738037109375,-0.005770325660705566,1.0007480382919312,162.7493133544922,-0.0041961669921875,1.0016231536865234,0.02115621604025364,-0.005124449729919434,1.0237966775894165,10.086793899536133,-0.05134570598602295,1.0171083211898804,16.991548538208008,-0.0355147123336792,12,185,0.2222520112991333
SLIM*MIX_oms_pat5_fn-ml_smooth_const-small_ints_tabpfn,0c72c85c-8099-11f1-b0d1-2c7ba0e6fa90,synthetic_prior,0,100,0.8810178637504578,0.1329801082611084,32874.0,1.0022730827331543,31.13261604309082,-0.01227867603302002,1.000735878944397,2025.2738037109375,-0.005770325660705566,1.0007480382919312,162.7493133544922,-0.0041961669921875,1.0016231536865234,0.02115621604025364,-0.005124449729919434,1.0237966775894165,10.086793899536133,-0.05134570598602295,1.0171083211898804,16.991548538208008,-0.0355147123336792,12,185,0.2222520112991333
SLIM*MIX_oms_pat5_fn-ml_smooth_const-small_ints_tabpfn,0c72c85c-8099-11f1-b0d1-2c7ba0e6fa90,synthetic_prior,0,101,0.8803452253341675,0.1296405792236328,34558.0,1.0027815103530884,31.148408889770508,-0.013305902481079102,1.0010004043579102,2025.80908203125,-0.0063021183013916016,1.0011518001556396,162.81497192382812,-0.005006551742553711,1.0027501583099365,0.02118001878261566,-0.007387399673461914,1.0252143144607544,10.100761413574219,-0.05425918102264404,1.017636775970459,17.00037956237793,-0.0365910530090332,15,228,0.22343921661376953
SLIM*MIX_oms_pat5_fn-ml_smooth_const-small_ints_tabpfn,0c72c85c-8099-11f1-b0d1-2c7ba0e6fa90,synthetic_prior,0,102,0.8803452253341675,0.143310546875,33516.0,1.0027815103530884,31.148408889770508,-0.013305902481079102,1.0010004043579102,2025.80908203125,-0.0063021183013916016,1.0011518001556396,162.81497192382812,-0.005006551742553711,1.0027501583099365,0.02118001878261566,-0.007387399673461914,1.0252143144607544,10.100761413574219,-0.05425918102264404,1.017636775970459,17.00037956237793,-0.0365910530090332,15,228,0.22343921661376953
SLIM*MIX_oms_pat5_fn-ml_smooth_const-small_ints_tabpfn,0c72c85c-8099-11f1-b0d1-2c7ba0e6fa90,synthetic_prior,0,103,0.8803452253341675,0.11186456680297852,33708.0,1.0027815103530884,31.148408889770508,-0.013305902481079102,1.0010004043579102,2025.80908203125,-0.0063021183013916016,1.0011518001556396,162.81497192382812,-0.005006551742553711,1.0027501583099365,0.02118001878261566,-0.007387399673461914,1.0252143144607544,10.100761413574219,-0.05425918102264404,1.017636775970459,17.00037956237793,-0.0365910530090332,15,228,0.22343921661376953
SLIM*MIX_oms_pat5_fn-ml_smooth_const-small_ints_tabpfn,0c72c85c-8099-11f1-b0d1-2c7ba0e6fa90,synthetic_prior,0,104,0.8802156448364258,0.11465668678283691,33167.0,1.0032895803451538,31.1641902923584,-0.014332890510559082,1.0003588199615479,2024.5108642578125,-0.0050127506256103516,1.0001994371414185,162.6600799560547,-0.003095388412475586,1.002586841583252,0.021176571026444435,-0.007059454917907715,1.0273678302764893,10.121978759765625,-0.05869293212890625,1.015247106552124,16.96045684814453,-0.031728267669677734,13,203,0.2236676812171936
SLIM*MIX_oms_pat5_fn-ml_smooth_const-small_ints_tabpfn,0c72c85c-8099-11f1-b0d1-2c7ba0e6fa90,synthetic_prior,0,105,0.8801693916320801,0.1293506622314453,34373.0,1.0029889345169067,31.154850006103516,-0.0137251615524292,1.001273512840271,2026.3619384765625,-0.0068514347076416016,1.001181721687317,162.81983947753906,-0.005066633224487305,1.0032269954681396,0.021190091967582703,-0.008345842361450195,1.025301218032837,10.101616859436035,-0.054437994956970215,1.017827033996582,17.003555297851562,-0.03697860240936279,14,215,0.22374939918518066
SLIM*MIX_oms_pat5_fn-ml_smooth_const-small_ints_tabpfn,0c72c85c-8099-11f1-b0d1-2c7ba0e6fa90,synthetic_prior,0,106,0.8798449635505676,0.1266345977783203,34345.0,1.0030527114868164,31.156831741333008,-0.013854146003723145,1.0014475584030151,2026.7138671875,-0.0072013139724731445,1.0013915300369263,162.8539581298828,-0.005488038063049316,1.0034542083740234,0.02119489014148712,-0.008802652359008789,1.026179552078247,10.110270500183105,-0.05624520778656006,1.0184255838394165,17.0135555267334,-0.03819859027862549,14,220,0.22432154417037964
SLIM*MIX_oms_pat5_fn-ml_smooth_const-small_ints_tabpfn,0c72c85c-8099-11f1-b0d1-2c7ba0e6fa90,synthetic_prior,0,107,0.8791491985321045,0.12753629684448242,35120.0,1.0039923191070557,31.186016082763672,-0.015754342079162598,1.0016322135925293,2027.0875244140625,-0.007572770118713379,1.0017297267913818,162.90896606445312,-0.006167292594909668,1.004075288772583,0.021208008751273155,-0.010051846504211426,1.0261526107788086,10.110005378723145,-0.056189775466918945,1.0187994241714478,17.019800186157227,-0.038960814476013184,16,240,0.22554779052734375
SLIM*MIX_oms_pat5_fn-ml_smooth_const-small_ints_tabpfn,0c72c85c-8099-11f1-b0d1-2c7ba0e6fa90,synthetic_prior,0,108,0.8791491985321045,0.11520099639892578,35609.0,1.0039923191070557,31.186016082763672,-0.015754342079162598,1.0016322135925293,2027.0875244140625,-0.007572770118713379,1.0017297267913818,162.90896606445312,-0.006167292594909668,1.004075288772583,0.021208008751273155,-0.010051846504211426,1.0261526107788086,10.110005378723145,-0.056189775466918945,1.0187994241714478,17.019800186157227,-0.038960814476013184,16,240,0.22554779052734375
SLIM*MIX_oms_pat5_fn-ml_smooth_const-small_ints_tabpfn,0c72c85c-8099-11f1-b0d1-2c7ba0e6fa90,synthetic_prior,0,109,0.8787257671356201,0.1118614673614502,35788.0,1.0043176412582397,31.196123123168945,-0.016412734985351562,1.001867651939392,2027.5643310546875,-0.008046627044677734,1.001896858215332,162.9361572265625,-0.006503105163574219,1.0042353868484497,0.02121138945221901,-0.010373830795288086,1.0270001888275146,10.118355751037598,-0.057935357093811035,1.0196781158447266,17.03447914123535,-0.040753960609436035,15,222,0.22629356384277344
SLIM*MIX_oms_pat5_fn-ml_smooth_const-small_ints_tabpfn,0c72c85c-8099-11f1-b0d1-2c7ba0e6fa90,synthetic_prior,0,110,0.8787257671356201,0.12491464614868164,36515.0,1.0043176412582397,31.196123123168945,-0.016412734985351562,1.001867651939392,2027.5643310546875,-0.008046627044677734,1.001896858215332,162.9361572265625,-0.006503105163574219,1.0042353868484497,0.02121138945221901,-0.010373830795288086,1.0270001888275146,10.118355751037598,-0.057935357093811035,1.0196781158447266,17.03447914123535,-0.040753960609436035,15,222,0.22629356384277344
SLIM*MIX_oms_pat5_fn-ml_smooth_const-small_ints_tabpfn,0c72c85c-8099-11f1-b0d1-2c7ba0e6fa90,synthetic_prior,0,111,0.8787257671356201,0.1277904510498047,37938.0,1.0043176412582397,31.196123123168945,-0.016412734985351562,1.001867651939392,2027.5643310546875,-0.008046627044677734,1.001896858215332,162.9361572265625,-0.006503105163574219,1.0042353868484497,0.02121138945221901,-0.010373830795288086,1.0270001888275146,10.118355751037598,-0.057935357093811035,1.0196781158447266,17.03447914123535,-0.040753960609436035,15,222,0.22629356384277344
SLIM*MIX_oms_pat5_fn-ml_smooth_const-small_ints_tabpfn,0c72c85c-8099-11f1-b0d1-2c7ba0e6fa90,synthetic_prior,0,112,0.8785459399223328,0.14096498489379883,39310.0,1.0043189525604248,31.196163177490234,-0.01641535758972168,1.0018627643585205,2027.5543212890625,-0.008036613464355469,1.001891016960144,162.9351806640625,-0.00649106502532959,1.004241704940796,0.021211521700024605,-0.010386466979980469,1.0269665718078613,10.118024826049805,-0.05786597728729248,1.0196759700775146,17.034442901611328,-0.040749430656433105,16,235,0.2266102433204651
SLIM*MIX_oms_pat5_fn-ml_smooth_const-small_ints_tabpfn,0c72c85c-8099-11f1-b0d1-2c7ba0e6fa90,synthetic_prior,0,113,0.8785459399223328,0.12989211082458496,40811.0,1.0043189525604248,31.196163177490234,-0.01641535758972168,1.0018627643585205,2027.5543212890625,-0.008036613464355469,1.001891016960144,162.9351806640625,-0.00649106502532959,1.004241704940796,0.021211521700024605,-0.010386466979980469,1.0269665718078613,10.118024826049805,-0.05786597728729248,1.0196759700775146,17.034442901611328,-0.040749430656433105,16,235,0.2266102433204651
SLIM*MIX_oms_pat5_fn-ml_smooth_const-small_ints_tabpfn,0c72c85c-8099-11f1-b0d1-2c7ba0e6fa90,synthetic_prior,0,114,0.8783712387084961,0.13849806785583496,41349.0,1.0043230056762695,31.1962890625,-0.016423583030700684,1.0018786191940308,2027.5865478515625,-0.008068680763244629,1.0018776655197144,162.9330291748047,-0.006464481353759766,1.004202127456665,0.0212106890976429,-0.010306954383850098,1.026952862739563,10.117889404296875,-0.057837724685668945,1.0196783542633057,17.03448486328125,-0.04075443744659424,15,222,0.22691786289215088
SLIM*MIX_oms_pat5_fn-ml_smooth_const-small_ints_tabpfn,0c72c85c-8099-11f1-b0d1-2c7ba0e6fa90,synthetic_prior,0,115,0.8783712387084961,0.11011695861816406,41378.0,1.0043230056762695,31.1962890625,-0.016423583030700684,1.0018786191940308,2027.5865478515625,-0.008068680763244629,1.0018776655197144,162.9330291748047,-0.006464481353759766,1.004202127456665,0.0212106890976429,-0.010306954383850098,1.026952862739563,10.117889404296875,-0.057837724685668945,1.0196783542633057,17.03448486328125,-0.04075443744659424,15,222,0.22691786289215088
SLIM*MIX_oms_pat5_fn-ml_smooth_const-small_ints_tabpfn,0c72c85c-8099-11f1-b0d1-2c7ba0e6fa90,synthetic_prior,0,116,0.8783712387084961,0.13382887840270996,40594.0,1.0043230056762695,31.1962890625,-0.016423583030700684,1.0018786191940308,2027.5865478515625,-0.008068680763244629,1.0018776655197144,162.9330291748047,-0.006464481353759766,1.004202127456665,0.0212106890976429,-0.010306954383850098,1.026952862739563,10.117889404296875,-0.057837724685668945,1.0196783542633057,17.03448486328125,-0.04075443744659424,15,222,0.22691786289215088
SLIM*MIX_oms_pat5_fn-ml_smooth_const-small_ints_tabpfn,0c72c85c-8099-11f1-b0d1-2c7ba0e6fa90,synthetic_prior,0,117,0.8779076337814331,0.12642717361450195,40728.0,1.0037513971328735,31.17853355407715,-0.015267014503479004,1.001255750656128,2026.325927734375,-0.006815671920776367,1.0015324354171753,162.87686157226562,-0.00577092170715332,1.0041290521621704,0.021209144964814186,-0.010159969329833984,1.0259649753570557,10.108156204223633,-0.055803656578063965,1.0190998315811157,17.02482032775879,-0.0395737886428833,16,243,0.22773367166519165
SLIM*MIX_oms_pat5_fn-ml_smooth_const-small_ints_tabpfn,0c72c85c-8099-11f1-b0d1-2c7ba0e6fa90,synthetic_prior,0,118,0.8779076337814331,0.12242865562438965,40360.0,1.0037513971328735,31.17853355407715,-0.015267014503479004,1.001255750656128,2026.325927734375,-0.006815671920776367,1.0015324354171753,162.87686157226562,-0.00577092170715332,1.0041290521621704,0.021209144964814186,-0.010159969329833984,1.0259649753570557,10.108156204223633,-0.055803656578063965,1.0190998315811157,17.02482032775879,-0.0395737886428833,16,243,0.22773367166519165
SLIM*MIX_oms_pat5_fn-ml_smooth_const-small_ints_tabpfn,0c72c85c-8099-11f1-b0d1-2c7ba0e6fa90,synthetic_prior,0,119,0.8779076337814331,0.14277911186218262,40471.0,1.0037513971328735,31.17853355407715,-0.015267014503479004,1.001255750656128,2026.325927734375,-0.006815671920776367,1.0015324354171753,162.87686157226562,-0.00577092170715332,1.0041290521621704,0.021209144964814186,-0.010159969329833984,1.0259649753570557,10.108156204223633,-0.055803656578063965,1.0190998315811157,17.02482032775879,-0.0395737886428833,16,243,0.22773367166519165
SLIM*MIX_oms_pat5_fn-ml_smooth_const-small_ints_tabpfn,0c72c85c-8099-11f1-b0d1-2c7ba0e6fa90,synthetic_prior,0,120,0.8779076337814331,0.1277458667755127,40797.0,1.0037513971328735,31.17853355407715,-0.015267014503479004,1.001255750656128,2026.325927734375,-0.006815671920776367,1.0015324354171753,162.87686157226562,-0.00577092170715332,1.0041290521621704,0.021209144964814186,-0.010159969329833984,1.0259649753570557,10.108156204223633,-0.055803656578063965,1.0190998315811157,17.02482032775879,-0.0395737886428833,16,243,0.22773367166519165
SLIM*MIX_oms_pat5_fn-ml_smooth_const-small_ints_tabpfn,0c72c85c-8099-11f1-b0d1-2c7ba0e6fa90,synthetic_prior,0,121,0.8779076337814331,0.13613152503967285,40444.0,1.0037513971328735,31.17853355407715,-0.015267014503479004,1.001255750656128,2026.325927734375,-0.006815671920776367,1.0015324354171753,162.87686157226562,-0.00577092170715332,1.0041290521621704,0.021209144964814186,-0.010159969329833984,1.0259649753570557,10.108156204223633,-0.055803656578063965,1.0190998315811157,17.02482032775879,-0.0395737886428833,16,243,0.22773367166519165
SLIM*MIX_oms_pat5_fn-ml_smooth_const-small_ints_tabpfn,0c72c85c-8099-11f1-b0d1-2c7ba0e6fa90,synthetic_prior,0,122,0.8779076337814331,0.18019533157348633,19715.0,1.0037513971328735,31.17853355407715,-0.015267014503479004,1.001255750656128,2026.325927734375,-0.006815671920776367,1.0015324354171753,162.87686157226562,-0.00577092170715332,1.0041290521621704,0.021209144964814186,-0.010159969329833984,1.0259649753570557,10.108156204223633,-0.055803656578063965,1.0190998315811157,17.02482032775879,-0.0395737886428833,16,243,0.22773367166519165
SLIM*MIX_oms_pat5_fn-ml_smooth_const-small_ints_tabpfn,0c72c85c-8099-11f1-b0d1-2c7ba0e6fa90,synthetic_prior,0,123,0.8779076337814331,0.12085199356079102,26975.0,1.0037513971328735,31.17853355407715,-0.015267014503479004,1.001255750656128,2026.325927734375,-0.006815671920776367,1.0015324354171753,162.87686157226562,-0.00577092170715332,1.0041290521621704,0.021209144964814186,-0.010159969329833984,1.0259649753570557,10.108156204223633,-0.055803656578063965,1.0190998315811157,17.02482032775879,-0.0395737886428833,16,243,0.22773367166519165
SLIM*MIX_oms_pat5_fn-ml_smooth_const-small_ints_tabpfn,0c72c85c-8099-11f1-b0d1-2c7ba0e6fa90,synthetic_prior,0,124,0.8775410056114197,0.11719751358032227,34257.0,1.0032551288604736,31.163118362426758,-0.014263153076171875,1.0010775327682495,2025.965087890625,-0.006457090377807617,1.0013816356658936,162.8523406982422,-0.005468130111694336,1.0039209127426147,0.021204747259616852,-0.009741067886352539,1.0252922773361206,10.101529121398926,-0.054419636726379395,1.0183045864105225,17.011533737182617,-0.03795182704925537,14,214,0.22837859392166138
SLIM*MIX_oms_pat5_fn-ml_smooth_const-small_ints_tabpfn,0c72c85c-8099-11f1-b0d1-2c7ba0e6fa90,synthetic_prior,0,125,0.8775410056114197,0.1294562816619873,37002.0,1.0032551288604736,31.163118362426758,-0.014263153076171875,1.0010775327682495,2025.965087890625,-0.006457090377807617,1.0013816356658936,162.8523406982422,-0.005468130111694336,1.0039209127426147,0.021204747259616852,-0.009741067886352539,1.0252922773361206,10.101529121398926,-0.054419636726379395,1.0183045864105225,17.011533737182617,-0.03795182704925537,14,214,0.22837859392166138
SLIM*MIX_oms_pat5_fn-ml_smooth_const-small_ints_tabpfn,0c72c85c-8099-11f1-b0d1-2c7ba0e6fa90,synthetic_prior,0,126,0.8775410056114197,0.14368033409118652,38092.0,1.0032551288604736,31.163118362426758,-0.014263153076171875,1.0010775327682495,2025.965087890625,-0.006457090377807617,1.0013816356658936,162.8523406982422,-0.005468130111694336,1.0039209127426147,0.021204747259616852,-0.009741067886352539,1.0252922773361206,10.101529121398926,-0.054419636726379395,1.0183045864105225,17.011533737182617,-0.03795182704925537,14,214,0.22837859392166138
SLIM*MIX_oms_pat5_fn-ml_smooth_const-small_ints_tabpfn,0c72c85c-8099-11f1-b0d1-2c7ba0e6fa90,synthetic_prior,0,127,0.8775410056114197,0.11969995498657227,37271.0,1.0032551288604736,31.163118362426758,-0.014263153076171875,1.0010775327682495,2025.965087890625,-0.006457090377807617,1.0013816356658936,162.8523406982422,-0.005468130111694336,1.0039209127426147,0.021204747259616852,-0.009741067886352539,1.0252922773361206,10.101529121398926,-0.054419636726379395,1.0183045864105225,17.011533737182617,-0.03795182704925537,14,214,0.22837859392166138
SLIM*MIX_oms_pat5_fn-ml_smooth_const-small_ints_tabpfn,0c72c85c-8099-11f1-b0d1-2c7ba0e6fa90,synthetic_prior,0,128,0.8772271871566772,0.14734792709350586,38340.0,1.0054866075515747,31.232431411743164,-0.018780112266540527,1.0020043849945068,2027.8409423828125,-0.008321762084960938,1.0026212930679321,163.053955078125,-0.007959127426147461,1.0055973529815674,0.021240156143903732,-0.013116240501403809,1.028030514717102,10.128507614135742,-0.060059189796447754,1.022194266319275,17.076513290405273,-0.04589653015136719,15,249,0.2289302945137024
SLIM*MIX_oms_pat5_fn-ml_smooth_const-small_ints_tabpfn,0c72c85c-8099-11f1-b0d1-2c7ba0e6fa90,synthetic_prior,0,129,0.8772271871566772,0.11296343803405762,39944.0,1.0054866075515747,31.232431411743164,-0.018780112266540527,1.0020043849945068,2027.8409423828125,-0.008321762084960938,1.0026212930679321,163.053955078125,-0.007959127426147461,1.0055973529815674,0.021240156143903732,-0.013116240501403809,1.028030514717102,10.128507614135742,-0.060059189796447754,1.022194266319275,17.076513290405273,-0.04589653015136719,15,249,0.2289302945137024
SLIM*MIX_oms_pat5_fn-ml_smooth_const-small_ints_tabpfn,0c72c85c-8099-11f1-b0d1-2c7ba0e6fa90,synthetic_prior,0,130,0.8771409392356873,0.11034941673278809,40856.0,1.005520224571228,31.233478546142578,-0.018848419189453125,1.0020304918289185,2027.893798828125,-0.008374214172363281,1.0026156902313232,163.05303955078125,-0.007947683334350586,1.005565881729126,0.021239493042230606,-0.013052940368652344,1.0279808044433594,10.128016471862793,-0.05995666980743408,1.0221918821334839,17.076475143432617,-0.045891761779785156,14,235,0.229081928730011
SLIM*MIX_oms_pat5_fn-ml_smooth_const-small_ints_tabpfn,0c72c85c-8099-11f1-b0d1-2c7ba0e6fa90,synthetic_prior,0,131,0.8771409392356873,0.12707901000976562,41331.0,1.005520224571228,31.233478546142578,-0.018848419189453125,1.0020304918289185,2027.893798828125,-0.008374214172363281,1.0026156902313232,163.05303955078125,-0.007947683334350586,1.005565881729126,0.021239493042230606,-0.013052940368652344,1.0279808044433594,10.128016471862793,-0.05995666980743408,1.0221918821334839,17.076475143432617,-0.045891761779785156,14,235,0.229081928730011
SLIM*MIX_oms_pat5_fn-ml_smooth_const-small_ints_tabpfn,0c72c85c-8099-11f1-b0d1-2c7ba0e6fa90,synthetic_prior,0,132,0.8771409392356873,0.14362430572509766,40967.0,1.005520224571228,31.233478546142578,-0.018848419189453125,1.0020304918289185,2027.893798828125,-0.008374214172363281,1.0026156902313232,163.05303955078125,-0.007947683334350586,1.005565881729126,0.021239493042230606,-0.013052940368652344,1.0279808044433594,10.128016471862793,-0.05995666980743408,1.0221918821334839,17.076475143432617,-0.045891761779785156,14,235,0.229081928730011
SLIM*MIX_oms_pat5_fn-ml_smooth_const-small_ints_tabpfn,0c72c85c-8099-11f1-b0d1-2c7ba0e6fa90,synthetic_prior,0,133,0.8767795562744141,0.12076377868652344,41691.0,1.0046067237854004,31.20510482788086,-0.01699817180633545,1.0011043548583984,2026.0196533203125,-0.006511211395263672,1.0019817352294922,162.94993591308594,-0.006673455238342285,1.00469172000885,0.02122102864086628,-0.011292457580566406,1.026145577430725,10.109936714172363,-0.05617547035217285,1.0197596549987793,17.03584098815918,-0.040920376777648926,14,204,0.22971701622009277
SLIM*MIX_oms_pat5_fn-ml_smooth_const-small_ints_tabpfn,0c72c85c-8099-11f1-b0d1-2c7ba0e6fa90,synthetic_prior,0,134,0.8767795562744141,0.13503098487854004,40921.0,1.0046067237854004,31.20510482788086,-0.01699817180633545,1.0011043548583984,2026.0196533203125,-0.006511211395263672,1.0019817352294922,162.94993591308594,-0.006673455238342285,1.00469172000885,0.02122102864086628,-0.011292457580566406,1.026145577430725,10.109936714172363,-0.05617547035217285,1.0197596549987793,17.03584098815918,-0.040920376777648926,14,204,0.22971701622009277
SLIM*MIX_oms_pat5_fn-ml_smooth_const-small_ints_tabpfn,0c72c85c-8099-11f1-b0d1-2c7ba0e6fa90,synthetic_prior,0,135,0.8767795562744141,0.1228175163269043,41367.0,1.0046067237854004,31.20510482788086,-0.01699817180633545,1.0011043548583984,2026.0196533203125,-0.006511211395263672,1.0019817352294922,162.94993591308594,-0.006673455238342285,1.00469172000885,0.02122102864086628,-0.011292457580566406,1.026145577430725,10.109936714172363,-0.05617547035217285,1.0197596549987793,17.03584098815918,-0.040920376777648926,14,204,0.22971701622009277
SLIM*MIX_oms_pat5_fn-ml_smooth_const-small_ints_tabpfn,0c72c85c-8099-11f1-b0d1-2c7ba0e6fa90,synthetic_prior,0,136,0.8767795562744141,0.11445498466491699,41321.0,1.0046067237854004,31.20510482788086,-0.01699817180633545,1.0011043548583984,2026.0196533203125,-0.006511211395263672,1.0019817352294922,162.94993591308594,-0.006673455238342285,1.00469172000885,0.02122102864086628,-0.011292457580566406,1.026145577430725,10.109936714172363,-0.05617547035217285,1.0197596549987793,17.03584098815918,-0.040920376777648926,14,204,0.22971701622009277
SLIM*MIX_oms_pat5_fn-ml_smooth_const-small_ints_tabpfn,0c72c85c-8099-11f1-b0d1-2c7ba0e6fa90,synthetic_prior,0,137,0.8767795562744141,0.11329269409179688,41640.0,1.0046067237854004,31.20510482788086,-0.01699817180633545,1.0011043548583984,2026.0196533203125,-0.006511211395263672,1.0019817352294922,162.94993591308594,-0.006673455238342285,1.00469172000885,0.02122102864086628,-0.011292457580566406,1.026145577430725,10.109936714172363,-0.05617547035217285,1.0197596549987793,17.03584098815918,-0.040920376777648926,14,204,0.22971701622009277
SLIM*MIX_oms_pat5_fn-ml_smooth_const-small_ints_tabpfn,0c72c85c-8099-11f1-b0d1-2c7ba0e6fa90,synthetic_prior,0,138,0.8767795562744141,0.1595923900604248,21221.0,1.0046067237854004,31.20510482788086,-0.01699817180633545,1.0011043548583984,2026.0196533203125,-0.006511211395263672,1.0019817352294922,162.94993591308594,-0.006673455238342285,1.00469172000885,0.02122102864086628,-0.011292457580566406,1.026145577430725,10.109936714172363,-0.05617547035217285,1.0197596549987793,17.03584098815918,-0.040920376777648926,14,204,0.22971701622009277
SLIM*MIX_oms_pat5_fn-ml_smooth_const-small_ints_tabpfn,0c72c85c-8099-11f1-b0d1-2c7ba0e6fa90,synthetic_prior,0,139,0.8767795562744141,0.14011359214782715,30562.0,1.0046067237854004,31.20510482788086,-0.01699817180633545,1.0011043548583984,2026.0196533203125,-0.006511211395263672,1.0019817352294922,162.94993591308594,-0.006673455238342285,1.00469172000885,0.02122102864086628,-0.011292457580566406,1.026145577430725,10.109936714172363,-0.05617547035217285,1.0197596549987793,17.03584098815918,-0.040920376777648926,14,204,0.22971701622009277
SLIM*MIX_oms_pat5_fn-ml_smooth_const-small_ints_tabpfn,0c72c85c-8099-11f1-b0d1-2c7ba0e6fa90,synthetic_prior,0,140,0.8767795562744141,0.13779664039611816,38817.0,1.0046067237854004,31.20510482788086,-0.01699817180633545,1.0011043548583984,2026.0196533203125,-0.006511211395263672,1.0019817352294922,162.94993591308594,-0.006673455238342285,1.00469172000885,0.02122102864086628,-0.011292457580566406,1.026145577430725,10.109936714172363,-0.05617547035217285,1.0197596549987793,17.03584098815918,-0.040920376777648926,14,204,0.22971701622009277
SLIM*MIX_oms_pat5_fn-ml_smooth_const-small_ints_tabpfn,0c72c85c-8099-11f1-b0d1-2c7ba0e6fa90,synthetic_prior,0,141,0.8767795562744141,0.14008450508117676,41447.0,1.0046067237854004,31.20510482788086,-0.01699817180633545,1.0011043548583984,2026.0196533203125,-0.006511211395263672,1.0019817352294922,162.94993591308594,-0.006673455238342285,1.00469172000885,0.02122102864086628,-0.011292457580566406,1.026145577430725,10.109936714172363,-0.05617547035217285,1.0197596549987793,17.03584098815918,-0.040920376777648926,14,204,0.22971701622009277
SLIM*MIX_oms_pat5_fn-ml_smooth_const-small_ints_tabpfn,0c72c85c-8099-11f1-b0d1-2c7ba0e6fa90,synthetic_prior,0,142,0.8767795562744141,0.12544560432434082,41063.0,1.0046067237854004,31.20510482788086,-0.01699817180633545,1.0011043548583984,2026.0196533203125,-0.006511211395263672,1.0019817352294922,162.94993591308594,-0.006673455238342285,1.00469172000885,0.02122102864086628,-0.011292457580566406,1.026145577430725,10.109936714172363,-0.05617547035217285,1.0197596549987793,17.03584098815918,-0.040920376777648926,14,204,0.22971701622009277
SLIM*MIX_oms_pat5_fn-ml_smooth_const-small_ints_tabpfn,0c72c85c-8099-11f1-b0d1-2c7ba0e6fa90,synthetic_prior,0,143,0.8767795562744141,0.15624451637268066,20702.0,1.0046067237854004,31.20510482788086,-0.01699817180633545,1.0011043548583984,2026.0196533203125,-0.006511211395263672,1.0019817352294922,162.94993591308594,-0.006673455238342285,1.00469172000885,0.02122102864086628,-0.011292457580566406,1.026145577430725,10.109936714172363,-0.05617547035217285,1.0197596549987793,17.03584098815918,-0.040920376777648926,14,204,0.22971701622009277
SLIM*MIX_oms_pat5_fn-ml_smooth_const-small_ints_tabpfn,0c72c85c-8099-11f1-b0d1-2c7ba0e6fa90,synthetic_prior,0,144,0.8767795562744141,0.12667012214660645,30469.0,1.0046067237854004,31.20510482788086,-0.01699817180633545,1.0011043548583984,2026.0196533203125,-0.006511211395263672,1.0019817352294922,162.94993591308594,-0.006673455238342285,1.00469172000885,0.02122102864086628,-0.011292457580566406,1.026145577430725,10.109936714172363,-0.05617547035217285,1.0197596549987793,17.03584098815918,-0.040920376777648926,14,204,0.22971701622009277
SLIM*MIX_oms_pat5_fn-ml_smooth_const-small_ints_tabpfn,0c72c85c-8099-11f1-b0d1-2c7ba0e6fa90,synthetic_prior,0,145,0.8767795562744141,0.11458110809326172,36503.0,1.0046067237854004,31.20510482788086,-0.01699817180633545,1.0011043548583984,2026.0196533203125,-0.006511211395263672,1.0019817352294922,162.94993591308594,-0.006673455238342285,1.00469172000885,0.02122102864086628,-0.011292457580566406,1.026145577430725,10.109936714172363,-0.05617547035217285,1.0197596549987793,17.03584098815918,-0.040920376777648926,14,204,0.22971701622009277
SLIM*MIX_oms_pat5_fn-ml_smooth_const-small_ints_tabpfn,0c72c85c-8099-11f1-b0d1-2c7ba0e6fa90,synthetic_prior,0,146,0.8767795562744141,0.12480664253234863,36633.0,1.0046067237854004,31.20510482788086,-0.01699817180633545,1.0011043548583984,2026.0196533203125,-0.006511211395263672,1.0019817352294922,162.94993591308594,-0.006673455238342285,1.00469172000885,0.02122102864086628,-0.011292457580566406,1.026145577430725,10.109936714172363,-0.05617547035217285,1.0197596549987793,17.03584098815918,-0.040920376777648926,14,204,0.22971701622009277
SLIM*MIX_oms_pat5_fn-ml_smooth_const-small_ints_tabpfn,0c72c85c-8099-11f1-b0d1-2c7ba0e6fa90,synthetic_prior,0,147,0.8767795562744141,0.12708497047424316,37054.0,1.0046067237854004,31.20510482788086,-0.01699817180633545,1.0011043548583984,2026.0196533203125,-0.006511211395263672,1.0019817352294922,162.94993591308594,-0.006673455238342285,1.00469172000885,0.02122102864086628,-0.011292457580566406,1.026145577430725,10.109936714172363,-0.05617547035217285,1.0197596549987793,17.03584098815918,-0.040920376777648926,14,204,0.22971701622009277
SLIM*MIX_oms_pat5_fn-ml_smooth_const-small_ints_tabpfn,0c72c85c-8099-11f1-b0d1-2c7ba0e6fa90,synthetic_prior,0,148,0.8767795562744141,0.1511547565460205,18842.0,1.0046067237854004,31.20510482788086,-0.01699817180633545,1.0011043548583984,2026.0196533203125,-0.006511211395263672,1.0019817352294922,162.94993591308594,-0.006673455238342285,1.00469172000885,0.02122102864086628,-0.011292457580566406,1.026145577430725,10.109936714172363,-0.05617547035217285,1.0197596549987793,17.03584098815918,-0.040920376777648926,14,204,0.22971701622009277
SLIM*MIX_oms_pat5_fn-ml_smooth_const-small_ints_tabpfn,0c72c85c-8099-11f1-b0d1-2c7ba0e6fa90,synthetic_prior,0,149,0.8767795562744141,0.12517762184143066,27484.0,1.0046067237854004,31.20510482788086,-0.01699817180633545,1.0011043548583984,2026.0196533203125,-0.006511211395263672,1.0019817352294922,162.94993591308594,-0.006673455238342285,1.00469172000885,0.02122102864086628,-0.011292457580566406,1.026145577430725,10.109936714172363,-0.05617547035217285,1.0197596549987793,17.03584098815918,-0.040920376777648926,14,204,0.22971701622009277
SLIM*MIX_oms_pat5_fn-ml_smooth_const-small_ints_tabpfn,0c72c85c-8099-11f1-b0d1-2c7ba0e6fa90,synthetic_prior,0,150,0.8767795562744141,0.12658023834228516,34098.0,1.0046067237854004,31.20510482788086,-0.01699817180633545,1.0011043548583984,2026.0196533203125,-0.006511211395263672,1.0019817352294922,162.94993591308594,-0.006673455238342285,1.00469172000885,0.02122102864086628,-0.011292457580566406,1.026145577430725,10.109936714172363,-0.05617547035217285,1.0197596549987793,17.03584098815918,-0.040920376777648926,14,204,0.22971701622009277
SLIM*MIX_oms_pat5_fn-ml_smooth_const-small_ints_tabpfn,0c72c85c-8099-11f1-b0d1-2c7ba0e6fa90,synthetic_prior,0,151,0.8767795562744141,0.11102294921875,35787.0,1.0046067237854004,31.20510482788086,-0.01699817180633545,1.0011043548583984,2026.0196533203125,-0.006511211395263672,1.0019817352294922,162.94993591308594,-0.006673455238342285,1.00469172000885,0.02122102864086628,-0.011292457580566406,1.026145577430725,10.109936714172363,-0.05617547035217285,1.0197596549987793,17.03584098815918,-0.040920376777648926,14,204,0.22971701622009277
SLIM*MIX_oms_pat5_fn-ml_smooth_const-small_ints_tabpfn,0c72c85c-8099-11f1-b0d1-2c7ba0e6fa90,synthetic_prior,0,152,0.8767795562744141,0.12746548652648926,35675.0,1.0046067237854004,31.20510482788086,-0.01699817180633545,1.0011043548583984,2026.0196533203125,-0.006511211395263672,1.0019817352294922,162.94993591308594,-0.006673455238342285,1.00469172000885,0.02122102864086628,-0.011292457580566406,1.026145577430725,10.109936714172363,-0.05617547035217285,1.0197596549987793,17.03584098815918,-0.040920376777648926,14,204,0.22971701622009277
SLIM*MIX_oms_pat5_fn-ml_smooth_const-small_ints_tabpfn,0c72c85c-8099-11f1-b0d1-2c7ba0e6fa90,synthetic_prior,0,153,0.8767795562744141,0.14849185943603516,17870.0,1.0046067237854004,31.20510482788086,-0.01699817180633545,1.0011043548583984,2026.0196533203125,-0.006511211395263672,1.0019817352294922,162.94993591308594,-0.006673455238342285,1.00469172000885,0.02122102864086628,-0.011292457580566406,1.026145577430725,10.109936714172363,-0.05617547035217285,1.0197596549987793,17.03584098815918,-0.040920376777648926,14,204,0.22971701622009277
SLIM*MIX_oms_pat5_fn-ml_smooth_const-small_ints_tabpfn,0c72c85c-8099-11f1-b0d1-2c7ba0e6fa90,synthetic_prior,0,154,0.8572837710380554,0.13457202911376953,27796.0,1.0026464462280273,31.144208908081055,-0.013032913208007812,1.0045090913772583,2032.909912109375,-0.013368964195251465,1.0093070268630981,164.14122009277344,-0.0214463472366333,0.9957830309867859,0.02103285863995552,0.006562590599060059,1.0008225440979004,9.860444068908691,-0.004690289497375488,1.007759928703308,16.835378646850586,-0.016566991806030273,2,38,0.2635917663574219
SLIM*MIX_oms_pat5_fn-ml_smooth_const-small_ints_tabpfn,0c72c85c-8099-11f1-b0d1-2c7ba0e6fa90,synthetic_prior,0,155,0.8572683334350586,0.12488317489624023,32755.0,1.002371907234192,31.13568687438965,-0.012478351593017578,1.004399299621582,2032.687744140625,-0.013147473335266113,1.0095242261886597,164.17657470703125,-0.021886229515075684,0.9957438707351685,0.02103203348815441,0.006640732288360596,0.9985594749450684,9.83814811706543,-0.00015175342559814453,1.0063070058822632,16.811105728149414,-0.013637781143188477,3,62,0.26361823081970215
SLIM*MIX_oms_pat5_fn-ml_smooth_const-small_ints_tabpfn,0c72c85c-8099-11f1-b0d1-2c7ba0e6fa90,synthetic_prior,0,156,0.8572683334350586,0.14054608345031738,33354.0,1.002371907234192,31.13568687438965,-0.012478351593017578,1.004399299621582,2032.687744140625,-0.013147473335266113,1.0095242261886597,164.17657470703125,-0.021886229515075684,0.9957438707351685,0.02103203348815441,0.006640732288360596,0.9985594749450684,9.83814811706543,-0.00015175342559814453,1.0063070058822632,16.811105728149414,-0.013637781143188477,3,62,0.26361823081970215
SLIM*MIX_oms_pat5_fn-ml_smooth_const-small_ints_tabpfn,0c72c85c-8099-11f1-b0d1-2c7ba0e6fa90,synthetic_prior,0,157,0.855786144733429,0.11186671257019043,31229.0,1.0108389854431152,31.398685455322266,-0.0296553373336792,1.013161540031433,2050.4208984375,-0.03090190887451172,1.0208948850631714,166.02574157714844,-0.045035719871520996,1.0008565187454224,0.021140024065971375,-0.003586411476135254,1.0034476518630981,9.886307716369629,-0.009967684745788574,1.0172367095947266,16.993694305419922,-0.03577613830566406,4,93,0.2661624550819397
SLIM*MIX_oms_pat5_fn-ml_smooth_const-small_ints_tabpfn,0c72c85c-8099-11f1-b0d1-2c7ba0e6fa90,synthetic_prior,0,158,0.8516889810562134,0.12524819374084473,28033.0,1.0169727802276611,31.58922004699707,-0.04218935966491699,1.0227248668670654,2069.774658203125,-0.050455331802368164,1.0284861326217651,167.26026916503906,-0.060634732246398926,1.0109491348266602,0.02135319635272026,-0.023928523063659668,1.0082216262817383,9.933342933654785,-0.019600629806518555,1.0271532535552979,17.15935707092285,-0.05606889724731445,3,51,0.27317219972610474
SLIM*MIX_oms_pat5_fn-ml_smooth_const-small_ints_tabpfn,0c72c85c-8099-11f1-b0d1-2c7ba0e6fa90,synthetic_prior,0,159,0.8470702171325684,0.12803053855895996,18059.0,1.0123867988586426,31.446767807006836,-0.03281104564666748,1.0177054405212402,2059.61669921875,-0.040169477462768555,1.023053765296936,166.3768310546875,-0.04946017265319824,1.0072088241577148,0.02127419412136078,-0.016365885734558105,1.005662441253662,9.90812873840332,-0.014430880546569824,1.0215462446212769,17.06568717956543,-0.0445709228515625,2,18,0.28103405237197876
SLIM*MIX_oms_pat5_fn-ml_smooth_const-small_ints_tabpfn,0c72c85c-8099-11f1-b0d1-2c7ba0e6fa90,synthetic_prior,0,160,0.8470013737678528,0.12688374519348145,12027.0,1.0126761198043823,31.45575523376465,-0.0334014892578125,1.0180143117904663,2060.24169921875,-0.040801048278808594,1.0233993530273438,166.43304443359375,-0.05016922950744629,1.0074487924575806,0.021279262378811836,-0.01685035228729248,1.005851149559021,9.909988403320312,-0.014811873435974121,1.0219061374664307,17.071699142456055,-0.04530692100524902,3,53,0.2811509966850281
SLIM*MIX_oms_pat5_fn-ml_smooth_const-small_ints_tabpfn,0c72c85c-8099-11f1-b0d1-2c7ba0e6fa90,synthetic_prior,0,161,0.844471275806427,0.10647773742675781,7253.0,1.0183051824569702,31.63060188293457,-0.044921875,1.0236173868179321,2071.580810546875,-0.05228924751281738,1.0295829772949219,167.43865966796875,-0.06289827823638916,1.0125515460968018,0.021387042477726936,-0.027177095413208008,1.0115752220153809,9.96638298034668,-0.02639472484588623,1.0305272340774536,17.215721130371094,-0.06301844120025635,3,38,0.28543907403945923
SLIM*MIX_oms_pat5_fn-ml_smooth_const-small_ints_tabpfn,0c72c85c-8099-11f1-b0d1-2c7ba0e6fa90,synthetic_prior,0,162,0.844471275806427,0.1109158992767334,7569.0,1.0183051824569702,31.63060188293457,-0.044921875,1.0236173868179321,2071.580810546875,-0.05228924751281738,1.0295829772949219,167.43865966796875,-0.06289827823638916,1.0125515460968018,0.021387042477726936,-0.027177095413208008,1.0115752220153809,9.96638298034668,-0.02639472484588623,1.0305272340774536,17.215721130371094,-0.06301844120025635,3,38,0.28543907403945923
SLIM*MIX_oms_pat5_fn-ml_smooth_const-small_ints_tabpfn,0c72c85c-8099-11f1-b0d1-2c7ba0e6fa90,synthetic_prior,0,163,0.844471275806427,0.11834406852722168,8493.0,1.0183051824569702,31.63060188293457,-0.044921875,1.0236173868179321,2071.580810546875,-0.05228924751281738,1.0295829772949219,167.43865966796875,-0.06289827823638916,1.0125515460968018,0.021387042477726936,-0.027177095413208008,1.0115752220153809,9.96638298034668,-0.02639472484588623,1.0305272340774536,17.215721130371094,-0.06301844120025635,3,38,0.28543907403945923
SLIM*MIX_oms_pat5_fn-ml_smooth_const-small_ints_tabpfn,0c72c85c-8099-11f1-b0d1-2c7ba0e6fa90,synthetic_prior,0,164,0.8411669135093689,0.12110447883605957,9234.0,1.0129714012145996,31.464927673339844,-0.0340043306350708,1.019967794418335,2064.195068359375,-0.044799208641052246,1.0249513387680054,166.6854248046875,-0.05335676670074463,1.0079418420791626,0.021289678290486336,-0.017845869064331055,1.0120269060134888,9.970834732055664,-0.02731168270111084,1.026123046875,17.14214515686035,-0.05395162105560303,5,62,0.2910202145576477
SLIM*MIX_oms_pat5_fn-ml_smooth_const-small_ints_tabpfn,0c72c85c-8099-11f1-b0d1-2c7ba0e6fa90,synthetic_prior,0,165,0.8411669135093689,0.11236071586608887,9920.0,1.0129714012145996,31.464927673339844,-0.0340043306350708,1.019967794418335,2064.195068359375,-0.044799208641052246,1.0249513387680054,166.6854248046875,-0.05335676670074463,1.0079418420791626,0.021289678290486336,-0.017845869064331055,1.0120269060134888,9.970834732055664,-0.02731168270111084,1.026123046875,17.14214515686035,-0.05395162105560303,5,62,0.2910202145576477
SLIM*MIX_oms_pat5_fn-ml_smooth_const-small_ints_tabpfn,0c72c85c-8099-11f1-b0d1-2c7ba0e6fa90,synthetic_prior,0,166,0.8388198614120483,0.13439059257507324,10417.0,1.0185084342956543,31.636919021606445,-0.045339107513427734,1.0252556800842285,2074.896484375,-0.055660367012023926,1.0309897661209106,167.66744995117188,-0.06580495834350586,1.0143077373504639,0.02142413705587387,-0.03074336051940918,1.0151666402816772,10.0017671585083,-0.03369569778442383,1.032382607460022,17.24671745300293,-0.06684958934783936,5,85,0.29497116804122925
SLIM*MIX_oms_pat5_fn-ml_smooth_const-small_ints_tabpfn,0c72c85c-8099-11f1-b0d1-2c7ba0e6fa90,synthetic_prior,0,167,0.8388198614120483,0.12754249572753906,11166.0,1.0185084342956543,31.636919021606445,-0.045339107513427734,1.0252556800842285,2074.896484375,-0.055660367012023926,1.0309897661209106,167.66744995117188,-0.06580495834350586,1.0143077373504639,0.02142413705587387,-0.03074336051940918,1.0151666402816772,10.0017671585083,-0.03369569778442383,1.032382607460022,17.24671745300293,-0.06684958934783936,5,85,0.29497116804122925
SLIM*MIX_oms_pat5_fn-ml_smooth_const-small_ints_tabpfn,0c72c85c-8099-11f1-b0d1-2c7ba0e6fa90,synthetic_prior,0,168,0.8343642950057983,0.10964226722717285,12722.0,1.017137885093689,31.594345092773438,-0.04252767562866211,1.0205529928207397,2065.379150390625,-0.045998334884643555,1.0273584127426147,167.07688903808594,-0.05831027030944824,1.0059479475021362,0.021247562021017075,-0.01382291316986084,1.017227053642273,10.022067070007324,-0.037896037101745605,1.0284208059310913,17.180530548095703,-0.058677077293395996,6,73,0.3024411201477051
SLIM*MIX_oms_pat5_fn-ml_smooth_const-small_ints_tabpfn,0c72c85c-8099-11f1-b0d1-2c7ba0e6fa90,synthetic_prior,0,169,0.8343642950057983,0.10952019691467285,13358.0,1.017137885093689,31.594345092773438,-0.04252767562866211,1.0205529928207397,2065.379150390625,-0.045998334884643555,1.0273584127426147,167.07688903808594,-0.05831027030944824,1.0059479475021362,0.021247562021017075,-0.01382291316986084,1.017227053642273,10.022067070007324,-0.037896037101745605,1.0284208059310913,17.180530548095703,-0.058677077293395996,6,73,0.3024411201477051
SLIM*MIX_oms_pat5_fn-ml_smooth_const-small_ints_tabpfn,0c72c85c-8099-11f1-b0d1-2c7ba0e6fa90,synthetic_prior,0,170,0.828450620174408,0.14388012886047363,15907.0,1.0256922245025635,31.860061645507812,-0.060137271881103516,1.029201626777649,2082.88232421875,-0.06380212306976318,1.0366944074630737,168.59518432617188,-0.07763230800628662,1.0125685930252075,0.021387403830885887,-0.027211785316467285,1.0243170261383057,10.091919898986816,-0.0524144172668457,1.037070870399475,17.325040817260742,-0.0765613317489624,7,85,0.3122941255569458
SLIM*MIX_oms_pat5_fn-ml_smooth_const-small_ints_tabpfn,0c72c85c-8099-11f1-b0d1-2c7ba0e6fa90,synthetic_prior,0,171,0.8278685808181763,0.12086176872253418,17377.0,1.0343689918518066,32.129581451416016,-0.07814943790435791,1.0377039909362793,2100.08935546875,-0.0814511775970459,1.0464158058166504,170.17616271972656,-0.09793758392333984,1.0211633443832397,0.021568942815065384,-0.0447239875793457,1.0324110984802246,10.171667098999023,-0.06911253929138184,1.0498688220977783,17.538837432861328,-0.10329568386077881,8,101,0.31326013803482056
SLIM*MIX_oms_pat5_fn-ml_smooth_const-small_ints_tabpfn,0c72c85c-8099-11f1-b0d1-2c7ba0e6fa90,synthetic_prior,0,172,0.8246053457260132,0.11500072479248047,17395.0,1.03530752658844,32.15873336791992,-0.08010685443878174,1.042532205581665,2109.860595703125,-0.0915379524230957,1.0493128299713135,170.64727783203125,-0.10402500629425049,1.0323731899261475,0.021805716678500175,-0.0677868127822876,1.028351068496704,10.131664276123047,-0.060720205307006836,1.0497825145721436,17.537395477294922,-0.10311424732208252,7,134,0.31866341829299927
SLIM*MIX_oms_pat5_fn-ml_smooth_const-small_ints_tabpfn,0c72c85c-8099-11f1-b0d1-2c7ba0e6fa90,synthetic_prior,0,173,0.8246053457260132,0.12617826461791992,18118.0,1.03530752658844,32.15873336791992,-0.08010685443878174,1.042532205581665,2109.860595703125,-0.0915379524230957,1.0493128299713135,170.64727783203125,-0.10402500629425049,1.0323731899261475,0.021805716678500175,-0.0677868127822876,1.028351068496704,10.131664276123047,-0.060720205307006836,1.0497825145721436,17.537395477294922,-0.10311424732208252,7,134,0.31866341829299927
SLIM*MIX_oms_pat5_fn-ml_smooth_const-small_ints_tabpfn,0c72c85c-8099-11f1-b0d1-2c7ba0e6fa90,synthetic_prior,0,174,0.8246053457260132,0.1108405590057373,19630.0,1.03530752658844,32.15873336791992,-0.08010685443878174,1.042532205581665,2109.860595703125,-0.0915379524230957,1.0493128299713135,170.64727783203125,-0.10402500629425049,1.0323731899261475,0.021805716678500175,-0.0677868127822876,1.028351068496704,10.131664276123047,-0.060720205307006836,1.0497825145721436,17.537395477294922,-0.10311424732208252,7,134,0.31866341829299927
SLIM*MIX_oms_pat5_fn-ml_smooth_const-small_ints_tabpfn,0c72c85c-8099-11f1-b0d1-2c7ba0e6fa90,synthetic_prior,0,175,0.8227976560592651,0.11653399467468262,19865.0,1.0300272703170776,31.994714736938477,-0.06911730766296387,1.0332633256912231,2091.102294921875,-0.07221508026123047,1.0413917303085327,169.3590850830078,-0.08741974830627441,1.0168558359146118,0.0214779581874609,-0.03592872619628906,1.0266276597976685,10.11468505859375,-0.057167768478393555,1.042554497718811,17.41664695739746,-0.08797609806060791,8,102,0.3216472864151001
SLIM*MIX_oms_pat5_fn-ml_smooth_const-small_ints_tabpfn,0c72c85c-8099-11f1-b0d1-2c7ba0e6fa90,synthetic_prior,0,176,0.8226115107536316,0.1376965045928955,21171.0,1.0282654762268066,31.93998908996582,-0.06546318531036377,1.034895896911621,2094.40625,-0.07560610771179199,1.0411180257797241,169.31459045410156,-0.08684837818145752,1.0251903533935547,0.021653998643159866,-0.05297982692718506,1.025029182434082,10.098937034606934,-0.05387842655181885,1.0432175397872925,17.427722930908203,-0.08936047554016113,8,147,0.3219541311264038
SLIM*MIX_oms_pat5_fn-ml_smooth_const-small_ints_tabpfn,0c72c85c-8099-11f1-b0d1-2c7ba0e6fa90,synthetic_prior,0,177,0.819719135761261,0.11173701286315918,22468.0,1.0241161584854126,31.81110382080078,-0.05688154697418213,1.026277780532837,2076.965087890625,-0.05776631832122803,1.0330973863601685,168.0102081298828,-0.07016706466674805,1.0127736330032349,0.0213917326182127,-0.02762770652770996,1.0135390758514404,9.985732078552246,-0.030383944511413574,1.0296809673309326,17.201583862304688,-0.06127309799194336,8,97,0.3267139196395874
SLIM*MIX_oms_pat5_fn-ml_smooth_const-small_ints_tabpfn,0c72c85c-8099-11f1-b0d1-2c7ba0e6fa90,synthetic_prior,0,178,0.819719135761261,0.1112358570098877,24567.0,1.0241161584854126,31.81110382080078,-0.05688154697418213,1.026277780532837,2076.965087890625,-0.05776631832122803,1.0330973863601685,168.0102081298828,-0.07016706466674805,1.0127736330032349,0.0213917326182127,-0.02762770652770996,1.0135390758514404,9.985732078552246,-0.030383944511413574,1.0296809673309326,17.201583862304688,-0.06127309799194336,8,97,0.3267139196395874
SLIM*MIX_oms_pat5_fn-ml_smooth_const-small_ints_tabpfn,0c72c85c-8099-11f1-b0d1-2c7ba0e6fa90,synthetic_prior,0,179,0.8193755149841309,0.12695908546447754,25166.0,1.0342921018600464,32.1271858215332,-0.07798898220062256,1.037352204322815,2099.37744140625,-0.0807180404663086,1.0464195013046265,170.17674255371094,-0.09794509410858154,1.0232257843017578,0.02161250449717045,-0.04894828796386719,1.0336329936981201,10.18370532989502,-0.07164466381072998,1.0495866537094116,17.53412437438965,-0.10270273685455322,10,152,0.3272783160209656
SLIM*MIX_oms_pat5_fn-ml_smooth_const-small_ints_tabpfn,0c72c85c-8099-11f1-b0d1-2c7ba0e6fa90,synthetic_prior,0,180,0.8172724843025208,0.11673760414123535,25390.0,1.026274561882019,31.878149032592773,-0.06134140491485596,1.028201937675476,2080.859130859375,-0.061736345291137695,1.0350229740142822,168.32334899902344,-0.07416009902954102,1.013381004333496,0.021404562518000603,-0.02886068820953369,1.0160760879516602,10.010727882385254,-0.03554856777191162,1.0327427387237549,17.252731323242188,-0.06759393215179443,9,121,0.33072710037231445
SLIM*MIX_oms_pat5_fn-ml_smooth_const-small_ints_tabpfn,0c72c85c-8099-11f1-b0d1-2c7ba0e6fa90,synthetic_prior,0,181,0.8167052268981934,0.11890125274658203,25762.0,1.0552847385406494,32.77926254272461,-0.12219226360321045,1.0553053617477417,2135.710693359375,-0.11844897270202637,1.0685452222824097,173.77500915527344,-0.14486658573150635,1.0501432418823242,0.022181052714586258,-0.10486221313476562,1.039827823638916,10.24473762512207,-0.08452832698822021,1.0674313306808472,17.832231521606445,-0.1405167579650879,9,145,0.3316558599472046
SLIM*MIX_oms_pat5_fn-ml_smooth_const-small_ints_tabpfn,0c72c85c-8099-11f1-b0d1-2c7ba0e6fa90,synthetic_prior,0,182,0.8167052268981934,0.10661125183105469,27558.0,1.0552847385406494,32.77926254272461,-0.12219226360321045,1.0553053617477417,2135.710693359375,-0.11844897270202637,1.0685452222824097,173.77500915527344,-0.14486658573150635,1.0501432418823242,0.022181052714586258,-0.10486221313476562,1.039827823638916,10.24473762512207,-0.08452832698822021,1.0674313306808472,17.832231521606445,-0.1405167579650879,9,145,0.3316558599472046
SLIM*MIX_oms_pat5_fn-ml_smooth_const-small_ints_tabpfn,0c72c85c-8099-11f1-b0d1-2c7ba0e6fa90,synthetic_prior,0,183,0.8136763572692871,0.1277294158935547,30001.0,1.0654370784759521,33.0946159362793,-0.14388811588287354,1.0649603605270386,2155.25,-0.13900792598724365,1.07949697971344,175.55604553222656,-0.16845452785491943,1.0604373216629028,0.022398483008146286,-0.12662935256958008,1.048901081085205,10.33413028717041,-0.10353755950927734,1.0790835618972778,18.026891708374023,-0.16555297374725342,9,144,0.33660393953323364
SLIM*MIX_oms_pat5_fn-ml_smooth_const-small_ints_tabpfn,0c72c85c-8099-11f1-b0d1-2c7ba0e6fa90,synthetic_prior,0,184,0.8128769993782043,0.12521958351135254,30482.0,1.046784520149231,32.515228271484375,-0.1041867733001709,1.0488076210021973,2122.560546875,-0.10471832752227783,1.057186245918274,171.92771911621094,-0.12065517902374268,1.028635859489441,0.02172677405178547,-0.06006968021392822,1.0429744720458984,10.275740623474121,-0.0911022424697876,1.060648798942566,17.71892547607422,-0.1260690689086914,12,171,0.3379068374633789
SLIM*MIX_oms_pat5_fn-ml_smooth_const-small_ints_tabpfn,0c72c85c-8099-11f1-b0d1-2c7ba0e6fa90,synthetic_prior,0,185,0.811079204082489,0.12469244003295898,31433.0,1.0230287313461304,31.777324676513672,-0.05463838577270508,1.02577543258667,2075.9482421875,-0.05673110485076904,1.0321362018585205,167.85389709472656,-0.06817662715911865,1.0066852569580078,0.021263135597109795,-0.015309572219848633,1.0211273431777954,10.060495376586914,-0.045870423316955566,1.0310605764389038,17.224632263183594,-0.06411910057067871,10,137,0.3408322334289551
SLIM*MIX_oms_pat5_fn-ml_smooth_const-small_ints_tabpfn,0c72c85c-8099-11f1-b0d1-2c7ba0e6fa90,synthetic_prior,0,186,0.811079204082489,0.12543749809265137,32209.0,1.0230287313461304,31.777324676513672,-0.05463838577270508,1.02577543258667,2075.9482421875,-0.05673110485076904,1.0321362018585205,167.85389709472656,-0.06817662715911865,1.0066852569580078,0.021263135597109795,-0.015309572219848633,1.0211273431777954,10.060495376586914,-0.045870423316955566,1.0310605764389038,17.224632263183594,-0.06411910057067871,10,137,0.3408322334289551
SLIM*MIX_oms_pat5_fn-ml_smooth_const-small_ints_tabpfn,0c72c85c-8099-11f1-b0d1-2c7ba0e6fa90,synthetic_prior,0,187,0.8092612028121948,0.1407763957977295,33135.0,1.0786888599395752,33.50624084472656,-0.17252004146575928,1.0780621767044067,2181.765380859375,-0.167205810546875,1.0945180654525757,177.99891662597656,-0.20119893550872803,1.072440266609192,0.02265200950205326,-0.15227818489074707,1.0571396350860596,10.415299415588379,-0.1209409236907959,1.0880024433135986,18.17588996887207,-0.18489980697631836,13,215,0.3437838554382324
SLIM*MIX_oms_pat5_fn-ml_smooth_const-small_ints_tabpfn,0c72c85c-8099-11f1-b0d1-2c7ba0e6fa90,synthetic_prior,0,188,0.8092612028121948,0.11740684509277344,33580.0,1.0786888599395752,33.50624084472656,-0.17252004146575928,1.0780621767044067,2181.765380859375,-0.167205810546875,1.0945180654525757,177.99891662597656,-0.20119893550872803,1.072440266609192,0.02265200950205326,-0.15227818489074707,1.0571396350860596,10.415299415588379,-0.1209409236907959,1.0880024433135986,18.17588996887207,-0.18489980697631836,13,215,0.3437838554382324
SLIM*MIX_oms_pat5_fn-ml_smooth_const-small_ints_tabpfn,0c72c85c-8099-11f1-b0d1-2c7ba0e6fa90,synthetic_prior,0,189,0.8080454468727112,0.11554193496704102,34717.0,1.0326347351074219,32.07571029663086,-0.07453703880310059,1.0353548526763916,2095.3349609375,-0.07656025886535645,1.042410135269165,169.52471923828125,-0.08954775333404541,1.0140742063522339,0.021419202908873558,-0.03026866912841797,1.0292521715164185,10.140542984008789,-0.06258010864257812,1.0424844026565552,17.415475845336914,-0.0878298282623291,12,168,0.34575408697128296
SLIM*MIX_oms_pat5_fn-ml_smooth_const-small_ints_tabpfn,0c72c85c-8099-11f1-b0d1-2c7ba0e6fa90,synthetic_prior,0,190,0.8077788949012756,0.11781692504882812,35317.0,1.0131254196166992,31.469711303710938,-0.03431880474090576,1.015749454498291,2055.657958984375,-0.036174893379211426,1.0216031074523926,166.14093017578125,-0.04648613929748535,1.005338191986084,0.021234683692455292,-0.012594223022460938,1.0167195796966553,10.017068862915039,-0.03686082363128662,1.0213357210159302,17.062170028686523,-0.04414033889770508,15,230,0.3461856245994568
SLIM*MIX_oms_pat5_fn-ml_smooth_const-small_ints_tabpfn,0c72c85c-8099-11f1-b0d1-2c7ba0e6fa90,synthetic_prior,0,191,0.8072175979614258,0.126631498336792,36513.0,1.013100504875183,31.468935012817383,-0.03426766395568848,1.015714406967163,2055.587158203125,-0.03610348701477051,1.0215659141540527,166.1348876953125,-0.0464099645614624,1.0052893161773682,0.02123364992439747,-0.012495636940002441,1.0167455673217773,10.01732349395752,-0.03691387176513672,1.021315574645996,17.06183433532715,-0.04409933090209961,16,246,0.34709393978118896
SLIM*MIX_oms_pat5_fn-ml_smooth_const-small_ints_tabpfn,0c72c85c-8099-11f1-b0d1-2c7ba0e6fa90,synthetic_prior,0,192,0.8012295365333557,0.11352038383483887,37827.0,1.0141124725341797,31.500368118286133,-0.036334991455078125,1.018072247505188,2060.35888671875,-0.04091942310333252,1.0246638059616089,166.638671875,-0.052765846252441406,1.0062782764434814,0.021254537627100945,-0.014488697052001953,1.016925573348999,10.019098281860352,-0.037281036376953125,1.021712064743042,17.068456649780273,-0.04490995407104492,19,286,0.35674476623535156
SLIM*MIX_oms_pat5_fn-ml_smooth_const-small_ints_tabpfn,0c72c85c-8099-11f1-b0d1-2c7ba0e6fa90,synthetic_prior,0,193,0.8007156848907471,0.10970020294189453,39794.0,1.0100206136703491,31.373266220092773,-0.027988791465759277,1.0137121677398682,2051.53515625,-0.03202259540557861,1.0197899341583252,165.84605407714844,-0.04277479648590088,1.003730058670044,0.021200716495513916,-0.009357333183288574,1.013896107673645,9.989250183105469,-0.031109929084777832,1.0170565843582153,16.990684509277344,-0.03540933132171631,20,305,0.35756951570510864
SLIM*MIX_oms_pat5_fn-ml_smooth_const-small_ints_tabpfn,0c72c85c-8099-11f1-b0d1-2c7ba0e6fa90,synthetic_prior,0,194,0.7960103750228882,0.12568306922912598,41847.0,1.040097713470459,32.307525634765625,-0.09012484550476074,1.0439600944519043,2112.750244140625,-0.09452998638153076,1.0538594722747803,171.38670349121094,-0.11361348628997803,1.0302257537841797,0.021760357543826103,-0.06334912776947021,1.04379403591156,10.283814430236816,-0.09281754493713379,1.053247094154358,17.595273971557617,-0.11040759086608887,15,245,0.36509770154953003
SLIM*MIX_oms_pat5_fn-ml_smooth_const-small_ints_tabpfn,0c72c85c-8099-11f1-b0d1-2c7ba0e6fa90,synthetic_prior,0,195,0.791925847530365,0.12712740898132324,44882.0,1.0286571979522705,31.95215606689453,-0.06627500057220459,1.0323299169540405,2089.213134765625,-0.07027864456176758,1.041176676750183,169.32412719726562,-0.08697092533111572,1.0197871923446655,0.021539874374866486,-0.04191005229949951,1.0330040454864502,10.177508354187012,-0.07034087181091309,1.0393069982528687,17.362394332885742,-0.08120882511138916,16,261,0.37159663438796997
SLIM*MIX_oms_pat5_fn-ml_smooth_const-small_ints_tabpfn,0c72c85c-8099-11f1-b0d1-2c7ba0e6fa90,synthetic_prior,0,196,0.7919206023216248,0.12867259979248047,47820.0,1.0308125019073486,32.019107818603516,-0.0707482099533081,1.0345126390457153,2093.630615234375,-0.07480943202972412,1.0435725450515747,169.71377563476562,-0.09197914600372314,1.0217121839523315,0.0215805321931839,-0.04584705829620361,1.0350217819213867,10.1973876953125,-0.07452630996704102,1.041841745376587,17.404741287231445,-0.08648908138275146,15,246,0.3716049790382385
SLIM*MIX_oms_pat5_fn-ml_smooth_const-small_ints_tabpfn,0c72c85c-8099-11f1-b0d1-2c7ba0e6fa90,synthetic_prior,0,197,0.7913623452186584,0.1220402717590332,51050.0,1.0373008251190186,32.22064971923828,-0.08427000045776367,1.0414434671401978,2107.6572265625,-0.08925926685333252,1.0511316061019897,170.94305419921875,-0.10785567760467529,1.0267611742019653,0.021687177941203117,-0.05620920658111572,1.0404860973358154,10.25122356414795,-0.08590209484100342,1.049062967300415,17.52537727355957,-0.10160255432128906,17,274,0.3724905848503113
SLIM*MIX_oms_pat5_fn-ml_smooth_const-small_ints_tabpfn,0c72c85c-8099-11f1-b0d1-2c7ba0e6fa90,synthetic_prior,0,198,0.7913623452186584,0.1270737648010254,54549.0,1.0373008251190186,32.22064971923828,-0.08427000045776367,1.0414434671401978,2107.6572265625,-0.08925926685333252,1.0511316061019897,170.94305419921875,-0.10785567760467529,1.0267611742019653,0.021687177941203117,-0.05620920658111572,1.0404860973358154,10.25122356414795,-0.08590209484100342,1.049062967300415,17.52537727355957,-0.10160255432128906,17,274,0.3724905848503113
SLIM*MIX_oms_pat5_fn-ml_smooth_const-small_ints_tabpfn,0c72c85c-8099-11f1-b0d1-2c7ba0e6fa90,synthetic_prior,0,199,0.7912365794181824,0.12468528747558594,57755.0,1.0479767322540283,32.55226135253906,-0.10670328140258789,1.050726056098938,2126.443115234375,-0.10876345634460449,1.0624666213989258,172.78646850585938,-0.13187813758850098,1.0363155603408813,0.021888986229896545,-0.0759575366973877,1.0496896505355835,10.341899871826172,-0.10519742965698242,1.0613495111465454,17.730632781982422,-0.12755751609802246,18,289,0.37269002199172974
SLIM*MIX_oms_pat5_fn-ml_smooth_const-small_ints_tabpfn,0c72c85c-8099-11f1-b0d1-2c7ba0e6fa90,synthetic_prior,0,200,0.7908585667610168,0.12477326393127441,59331.0,1.0323745012283325,32.067623138427734,-0.07399547100067139,1.0349180698394775,2094.451171875,-0.0756521224975586,1.0437055826187134,169.73538208007812,-0.09225761890411377,1.023823857307434,0.021625136956572533,-0.050174713134765625,1.0325093269348145,10.172633171081543,-0.06931602954864502,1.0417804718017578,17.403715133666992,-0.08636128902435303,17,274,0.3732893466949463
SLIM*MIX_oms_pat5_fn-full_extended_const-small_ints_tabpfn,0c72c85c-8099-11f1-b0d1-2c7ba0e6fa90,synthetic_prior,0,0,0.9769602417945862,0.05444979667663574,889.0,0.9949705600738525,30.90578269958496,0.0024183988571166992,0.997926652431488,2019.5885009765625,-0.0001316070556640625,0.9982270002365112,162.33932495117188,0.0008570551872253418,0.9928866624832153,0.02097168378531933,0.012333333492279053,0.9961353540420532,9.814264297485352,0.004698336124420166,0.9964307546615601,16.646114349365234,0.006160855293273926,1,3,0.0436360239982605
SLIM*MIX_oms_pat5_fn-full_extended_const-small_ints_tabpfn,0c72c85c-8099-11f1-b0d1-2c7ba0e6fa90,synthetic_prior,0,1,0.8986802697181702,2.052260637283325,3311.0,1.0806275606155396,33.566463470458984,-0.17673873901367188,1.0161083936691284,2056.384521484375,-0.03690743446350098,1.0392061471939087,169.003662109375,-0.08286035060882568,1.0392253398895264,0.02195044420659542,-0.08200812339782715,1.0712658166885376,10.554475784301758,-0.15109872817993164,1.0650856494903564,17.793045043945312,-0.13550996780395508,2,64,0.19075530767440796
SLIM*MIX_oms_pat5_fn-full_extended_const-small_ints_tabpfn,0c72c85c-8099-11f1-b0d1-2c7ba0e6fa90,synthetic_prior,0,2,0.8986802697181702,1.4326348304748535,5451.0,1.0806275606155396,33.566463470458984,-0.17673873901367188,1.0161083936691284,2056.384521484375,-0.03690743446350098,1.0392061471939087,169.003662109375,-0.08286035060882568,1.0392253398895264,0.02195044420659542,-0.08200812339782715,1.0712658166885376,10.554475784301758,-0.15109872817993164,1.0650856494903564,17.793045043945312,-0.13550996780395508,2,64,0.19075530767440796
SLIM*MIX_oms_pat5_fn-full_extended_const-small_ints_tabpfn,0c72c85c-8099-11f1-b0d1-2c7ba0e6fa90,synthetic_prior,0,3,0.8986802697181702,2.0965077877044678,8787.0,1.0806275606155396,33.566463470458984,-0.17673873901367188,1.0161083936691284,2056.384521484375,-0.03690743446350098,1.0392061471939087,169.003662109375,-0.08286035060882568,1.0392253398895264,0.02195044420659542,-0.08200812339782715,1.0712658166885376,10.554475784301758,-0.15109872817993164,1.0650856494903564,17.793045043945312,-0.13550996780395508,2,64,0.19075530767440796
SLIM*MIX_oms_pat5_fn-full_extended_const-small_ints_tabpfn,0c72c85c-8099-11f1-b0d1-2c7ba0e6fa90,synthetic_prior,0,4,0.8986802697181702,1.3334224224090576,11611.0,1.0806275606155396,33.566463470458984,-0.17673873901367188,1.0161083936691284,2056.384521484375,-0.03690743446350098,1.0392061471939087,169.003662109375,-0.08286035060882568,1.0392253398895264,0.02195044420659542,-0.08200812339782715,1.0712658166885376,10.554475784301758,-0.15109872817993164,1.0650856494903564,17.793045043945312,-0.13550996780395508,2,64,0.19075530767440796
SLIM*MIX_oms_pat5_fn-full_extended_const-small_ints_tabpfn,0c72c85c-8099-11f1-b0d1-2c7ba0e6fa90,synthetic_prior,0,5,0.8986802697181702,1.4530408382415771,13892.0,1.0806275606155396,33.566463470458984,-0.17673873901367188,1.0161083936691284,2056.384521484375,-0.03690743446350098,1.0392061471939087,169.003662109375,-0.08286035060882568,1.0392253398895264,0.02195044420659542,-0.08200812339782715,1.0712658166885376,10.554475784301758,-0.15109872817993164,1.0650856494903564,17.793045043945312,-0.13550996780395508,2,64,0.19075530767440796
SLIM*MIX_oms_pat5_fn-full_extended_const-small_ints_tabpfn,0c72c85c-8099-11f1-b0d1-2c7ba0e6fa90,synthetic_prior,0,6,0.8986802697181702,1.9012317657470703,13321.0,1.0806275606155396,33.566463470458984,-0.17673873901367188,1.0161083936691284,2056.384521484375,-0.03690743446350098,1.0392061471939087,169.003662109375,-0.08286035060882568,1.0392253398895264,0.02195044420659542,-0.08200812339782715,1.0712658166885376,10.554475784301758,-0.15109872817993164,1.0650856494903564,17.793045043945312,-0.13550996780395508,2,64,0.19075530767440796
SLIM*MIX_oms_pat5_fn-full_extended_const-small_ints_tabpfn,0c72c85c-8099-11f1-b0d1-2c7ba0e6fa90,synthetic_prior,0,7,0.8709155321121216,0.994645357131958,18246.0,0.9896273016929626,30.739810943603516,0.013104259967803955,0.9989567995071411,2021.6732177734375,-0.0021975040435791016,0.99605792760849,161.98655700683594,0.005194425582885742,0.9680896997451782,0.020447924733161926,0.0610504150390625,0.989773154258728,9.751582145690918,0.01737147569656372,0.9934349656105042,16.596067428588867,0.012127876281738281,2,24,0.2399861216545105
SLIM*MIX_oms_pat5_fn-full_extended_const-small_ints_tabpfn,0c72c85c-8099-11f1-b0d1-2c7ba0e6fa90,synthetic_prior,0,8,0.8685903549194336,1.8075296878814697,22246.0,0.9892723560333252,30.728784561157227,0.013812005519866943,0.999092161655426,2021.947265625,-0.0024690628051757812,0.9959949254989624,161.976318359375,0.005320250988006592,0.9664947986602783,0.020414235070347786,0.06414169073104858,0.9892253875732422,9.746185302734375,0.018458783626556396,0.9930258393287659,16.5892333984375,0.012941360473632812,2,16,0.24403882026672363
SLIM*MIX_oms_pat5_fn-full_extended_const-small_ints_tabpfn,0c72c85c-8099-11f1-b0d1-2c7ba0e6fa90,synthetic_prior,0,9,0.8577753901481628,1.5993263721466064,22813.0,0.989617645740509,30.739513397216797,0.013123512268066406,0.9989634156227112,2021.686767578125,-0.002210855484008789,0.9961122870445251,161.9954071044922,0.0050858259201049805,0.9681372046470642,0.020448926836252213,0.06095832586288452,0.9899097681045532,9.752928733825684,0.017100155353546143,0.9934426546096802,16.5961971282959,0.012112617492675781,3,85,0.2627469301223755
SLIM*MIX_oms_pat5_fn-full_extended_const-small_ints_tabpfn,0c72c85c-8099-11f1-b0d1-2c7ba0e6fa90,synthetic_prior,0,10,0.8577753901481628,1.8209707736968994,20218.0,0.989617645740509,30.739513397216797,0.013123512268066406,0.9989634156227112,2021.686767578125,-0.002210855484008789,0.9961122870445251,161.9954071044922,0.0050858259201049805,0.9681372046470642,0.020448926836252213,0.06095832586288452,0.9899097681045532,9.752928733825684,0.017100155353546143,0.9934426546096802,16.5961971282959,0.012112617492675781,3,85,0.2627469301223755
SLIM*MIX_oms_pat5_fn-full_extended_const-small_ints_tabpfn,0c72c85c-8099-11f1-b0d1-2c7ba0e6fa90,synthetic_prior,0,11,0.8544752597808838,1.5361111164093018,18616.0,0.9907158017158508,30.773622512817383,0.010932087898254395,0.9980561137199402,2019.850341796875,-0.0003910064697265625,0.9963966012001038,162.04164123535156,0.004517853260040283,0.975472629070282,0.020603865385055542,0.04667443037033081,0.9924486875534058,9.777942657470703,0.012051761150360107,0.9946884512901306,16.61701011657715,0.009633362293243408,2,54,0.2684088349342346
SLIM*MIX_oms_pat5_fn-full_extended_const-small_ints_tabpfn,0c72c85c-8099-11f1-b0d1-2c7ba0e6fa90,synthetic_prior,0,12,0.8488330841064453,1.9033262729644775,14554.0,0.9888936281204224,30.71702003479004,0.014566957950592041,0.9998040795326233,2023.387939453125,-0.003898143768310547,0.9961626529693604,162.00360107421875,0.004985153675079346,0.963344156742096,0.020347686484456062,0.07023334503173828,0.9886695742607117,9.74070930480957,0.019561469554901123,0.9929596185684204,16.58812713623047,0.013073086738586426,5,128,0.2780384421348572
SLIM*MIX_oms_pat5_fn-full_extended_const-small_ints_tabpfn,0c72c85c-8099-11f1-b0d1-2c7ba0e6fa90,synthetic_prior,0,13,0.8488330841064453,1.5291485786437988,12276.0,0.9888936281204224,30.71702003479004,0.014566957950592041,0.9998040795326233,2023.387939453125,-0.003898143768310547,0.9961626529693604,162.00360107421875,0.004985153675079346,0.963344156742096,0.020347686484456062,0.07023334503173828,0.9886695742607117,9.74070930480957,0.019561469554901123,0.9929596185684204,16.58812713623047,0.013073086738586426,5,128,0.2780384421348572
SLIM*MIX_oms_pat5_fn-full_extended_const-small_ints_tabpfn,0c72c85c-8099-11f1-b0d1-2c7ba0e6fa90,synthetic_prior,0,14,0.8484875559806824,2.0005366802215576,13898.0,0.9889896512031555,30.720003128051758,0.014375686645507812,0.9997037649154663,2023.1849365234375,-0.0036967992782592773,0.9961583018302917,162.0028839111328,0.004993855953216553,0.964048445224762,0.02036256343126297,0.0688733458518982,0.9888647794723511,9.742632865905762,0.01917421817779541,0.9930843710899353,16.590211868286133,0.012824952602386475,6,142,0.27862614393234253
SLIM*MIX_oms_pat5_fn-full_extended_const-small_ints_tabpfn,0c72c85c-8099-11f1-b0d1-2c7ba0e6fa90,synthetic_prior,0,15,0.8477068543434143,1.686112880706787,17859.0,0.9885984063148499,30.70785140991211,0.015155375003814697,0.9994183778762817,2022.607421875,-0.0031238794326782227,0.995685338973999,161.9259796142578,0.005938529968261719,0.9643287658691406,0.020368484780192375,0.068331778049469,0.988824725151062,9.74223804473877,0.01925361156463623,0.9922845363616943,16.57685089111328,0.014414489269256592,8,139,0.2799529433250427
SLIM*MIX_oms_pat5_fn-full_extended_const-small_ints_tabpfn,0c72c85c-8099-11f1-b0d1-2c7ba0e6fa90,synthetic_prior,0,16,0.8311113119125366,1.288003921508789,20725.0,0.990517795085907,30.767471313476562,0.01132744550704956,0.9988099336624146,2021.3759765625,-0.0019028186798095703,0.9960659742355347,161.98788452148438,0.005178272724151611,0.9716735482215881,0.020523622632026672,0.054085612297058105,0.9911261796951294,9.764912605285645,0.014683008193969727,0.9940310120582581,16.60602569580078,0.010942161083221436,5,147,0.30786973237991333
SLIM*MIX_oms_pat5_fn-full_extended_const-small_ints_tabpfn,0c72c85c-8099-11f1-b0d1-2c7ba0e6fa90,synthetic_prior,0,17,0.8311113119125366,1.728426456451416,24041.0,0.990517795085907,30.767471313476562,0.01132744550704956,0.9988099336624146,2021.3759765625,-0.0019028186798095703,0.9960659742355347,161.98788452148438,0.005178272724151611,0.9716735482215881,0.020523622632026672,0.054085612297058105,0.9911261796951294,9.764912605285645,0.014683008193969727,0.9940310120582581,16.60602569580078,0.010942161083221436,5,147,0.30786973237991333
SLIM*MIX_oms_pat5_fn-full_extended_const-small_ints_tabpfn,0c72c85c-8099-11f1-b0d1-2c7ba0e6fa90,synthetic_prior,0,18,0.8311113119125366,1.14658784866333,26610.0,0.990517795085907,30.767471313476562,0.01132744550704956,0.9988099336624146,2021.3759765625,-0.0019028186798095703,0.9960659742355347,161.98788452148438,0.005178272724151611,0.9716735482215881,0.020523622632026672,0.054085612297058105,0.9911261796951294,9.764912605285645,0.014683008193969727,0.9940310120582581,16.60602569580078,0.010942161083221436,5,147,0.30786973237991333
SLIM*MIX_oms_pat5_fn-full_extended_const-small_ints_tabpfn,0c72c85c-8099-11f1-b0d1-2c7ba0e6fa90,synthetic_prior,0,19,0.8311113119125366,1.0799438953399658,28775.0,0.990517795085907,30.767471313476562,0.01132744550704956,0.9988099336624146,2021.3759765625,-0.0019028186798095703,0.9960659742355347,161.98788452148438,0.005178272724151611,0.9716735482215881,0.020523622632026672,0.054085612297058105,0.9911261796951294,9.764912605285645,0.014683008193969727,0.9940310120582581,16.60602569580078,0.010942161083221436,5,147,0.30786973237991333
SLIM*MIX_oms_pat5_fn-full_extended_const-small_ints_tabpfn,0c72c85c-8099-11f1-b0d1-2c7ba0e6fa90,synthetic_prior,0,20,0.831071138381958,1.7381618022918701,30580.0,0.990527868270874,30.767784118652344,0.011307239532470703,0.9988030791282654,2021.3621826171875,-0.0018891096115112305,0.9960682988166809,161.98825073242188,0.005173683166503906,0.971738338470459,0.020524989813566208,0.053959429264068604,0.9911437630653381,9.76508617401123,0.014648079872131348,0.99404376745224,16.606239318847656,0.010916709899902344,6,161,0.3079366087913513
SLIM*MIX_oms_pat5_fn-full_extended_const-small_ints_tabpfn,0c72c85c-8099-11f1-b0d1-2c7ba0e6fa90,synthetic_prior,0,21,0.8275903463363647,1.6756560802459717,31319.0,0.9905520677566528,30.768535614013672,0.011259019374847412,0.9987812638282776,2021.3179931640625,-0.001845240592956543,0.996113657951355,161.99563598632812,0.0050830841064453125,0.9718402028083801,0.02052713930606842,0.053761184215545654,0.9911541938781738,9.765188217163086,0.014627397060394287,0.994062602519989,16.60655403137207,0.010879278182983398,7,175,0.3137216567993164
SLIM*MIX_oms_pat5_fn-full_extended_const-small_ints_tabpfn,0c72c85c-8099-11f1-b0d1-2c7ba0e6fa90,synthetic_prior,0,22,0.827148973941803,2.108649969100952,32576.0,0.9910269379615784,30.783288955688477,0.010310709476470947,0.9985829591751099,2020.916748046875,-0.001447439193725586,0.9962761402130127,162.0220489501953,0.0047585368156433105,0.9726603031158447,0.020544463768601418,0.05216336250305176,0.9916266202926636,9.769844055175781,0.013687729835510254,0.9942650198936462,16.609933853149414,0.010476469993591309,7,167,0.31445348262786865
SLIM*MIX_oms_pat5_fn-full_extended_const-small_ints_tabpfn,0c72c85c-8099-11f1-b0d1-2c7ba0e6fa90,synthetic_prior,0,23,0.8235735297203064,1.9979352951049805,34044.0,0.9905807375907898,30.769426345825195,0.011201739311218262,0.9988215565681458,2021.3995361328125,-0.0019260644912719727,0.9957892894744873,161.94287109375,0.005730986595153809,0.9710457921028137,0.020510362461209297,0.05530738830566406,0.9909452795982361,9.763131141662598,0.015042662620544434,0.9938478469848633,16.60296630859375,0.011306583881378174,7,281,0.32036733627319336
SLIM*MIX_oms_pat5_fn-full_extended_const-small_ints_tabpfn,0c72c85c-8099-11f1-b0d1-2c7ba0e6fa90,synthetic_prior,0,24,0.8218145966529846,1.8447096347808838,33714.0,0.9907279014587402,30.773996353149414,0.010907948017120361,0.9989073276519775,2021.5731201171875,-0.0020982027053833008,0.9958508610725403,161.952880859375,0.005608022212982178,0.9710155129432678,0.02050972171127796,0.0553663969039917,0.990915834903717,9.762840270996094,0.015101313591003418,0.9939572811126709,16.604793548583984,0.011088848114013672,7,197,0.32326728105545044
SLIM*MIX_oms_pat5_fn-full_extended_const-small_ints_tabpfn,0c72c85c-8099-11f1-b0d1-2c7ba0e6fa90,synthetic_prior,0,25,0.8218145966529846,2.036090850830078,35990.0,0.9907279014587402,30.773996353149414,0.010907948017120361,0.9989073276519775,2021.5731201171875,-0.0020982027053833008,0.9958508610725403,161.952880859375,0.005608022212982178,0.9710155129432678,0.02050972171127796,0.0553663969039917,0.990915834903717,9.762840270996094,0.015101313591003418,0.9939572811126709,16.604793548583984,0.011088848114013672,7,197,0.32326728105545044
SLIM*MIX_oms_pat5_fn-full_extended_const-small_ints_tabpfn,0c72c85c-8099-11f1-b0d1-2c7ba0e6fa90,synthetic_prior,0,26,0.8201276659965515,1.393125057220459,37200.0,0.990726113319397,30.773941040039062,0.01091158390045166,0.9989123940467834,2021.58349609375,-0.002108454704284668,0.9958567023277283,161.95384216308594,0.00559622049331665,0.9710150957107544,0.020509712398052216,0.055367231369018555,0.9909142255783081,9.762825012207031,0.015104413032531738,0.9939550161361694,16.604755401611328,0.01109325885772705,6,181,0.32604271173477173
SLIM*MIX_oms_pat5_fn-full_extended_const-small_ints_tabpfn,0c72c85c-8099-11f1-b0d1-2c7ba0e6fa90,synthetic_prior,0,27,0.819819986820221,2.158945322036743,39333.0,0.9907402396202087,30.774381637573242,0.01088327169418335,0.9988824129104614,2021.5228271484375,-0.0020482540130615234,0.9958634972572327,161.9549560546875,0.005582630634307861,0.9711357951164246,0.020512260496616364,0.055132389068603516,0.9909277558326721,9.762958526611328,0.015077531337738037,0.9939814209938049,16.60519790649414,0.011040806770324707,8,210,0.32654833793640137
SLIM*MIX_oms_pat5_fn-full_extended_const-small_ints_tabpfn,0c72c85c-8099-11f1-b0d1-2c7ba0e6fa90,synthetic_prior,0,28,0.8180631995201111,1.156388282775879,40635.0,0.9907384514808655,30.77432632446289,0.010886788368225098,0.9988874793052673,2021.532958984375,-0.00205838680267334,0.9958693981170654,161.95590209960938,0.005570888519287109,0.9711353778839111,0.020512254908680916,0.055133163928985596,0.990926206111908,9.76294231414795,0.015080571174621582,0.9939791560173035,16.605159759521484,0.011045277118682861,7,194,0.3294314742088318
SLIM*MIX_oms_pat5_fn-full_extended_const-small_ints_tabpfn,0c72c85c-8099-11f1-b0d1-2c7ba0e6fa90,synthetic_prior,0,29,0.8137758374214172,1.479750156402588,42268.0,0.9893712997436523,30.731861114501953,0.0136147141456604,0.9996187686920166,2023.0128173828125,-0.0035260915756225586,0.9958534240722656,161.9532928466797,0.005602896213531494,0.9659104943275452,0.02040189318358898,0.06527292728424072,0.9894540905952454,9.748438835144043,0.01800483465194702,0.9928544163703918,16.58637046813965,0.013282179832458496,10,289,0.3364418148994446
SLIM*MIX_oms_pat5_fn-full_extended_const-small_ints_tabpfn,0c72c85c-8099-11f1-b0d1-2c7ba0e6fa90,synthetic_prior,0,30,0.8137758374214172,2.1246755123138428,43949.0,0.9893712997436523,30.731861114501953,0.0136147141456604,0.9996187686920166,2023.0128173828125,-0.0035260915756225586,0.9958534240722656,161.9532928466797,0.005602896213531494,0.9659104943275452,0.02040189318358898,0.06527292728424072,0.9894540905952454,9.748438835144043,0.01800483465194702,0.9928544163703918,16.58637046813965,0.013282179832458496,10,289,0.3364418148994446
SLIM*MIX_oms_pat5_fn-full_extended_const-small_ints_tabpfn,0c72c85c-8099-11f1-b0d1-2c7ba0e6fa90,synthetic_prior,0,31,0.8094644546508789,1.4995956420898438,45767.0,0.9890884160995483,30.723073959350586,0.014178693294525146,1.0000767707824707,2023.93994140625,-0.004445910453796387,0.9958927631378174,161.95970153808594,0.005524277687072754,0.9626427292823792,0.02033287286758423,0.07158678770065308,0.9888160824775696,9.742152214050293,0.019270896911621094,0.9921730160713196,16.57498550415039,0.014636039733886719,11,305,0.34345418214797974
SLIM*MIX_oms_pat5_fn-full_extended_const-small_ints_tabpfn,0c72c85c-8099-11f1-b0d1-2c7ba0e6fa90,synthetic_prior,0,32,0.8094644546508789,2.0363495349884033,47151.0,0.9890884160995483,30.723073959350586,0.014178693294525146,1.0000767707824707,2023.93994140625,-0.004445910453796387,0.9958927631378174,161.95970153808594,0.005524277687072754,0.9626427292823792,0.02033287286758423,0.07158678770065308,0.9888160824775696,9.742152214050293,0.019270896911621094,0.9921730160713196,16.57498550415039,0.014636039733886719,11,305,0.34345418214797974
SLIM*MIX_oms_pat5_fn-full_extended_const-small_ints_tabpfn,0c72c85c-8099-11f1-b0d1-2c7ba0e6fa90,synthetic_prior,0,33,0.8094644546508789,1.284820318222046,49068.0,0.9890884160995483,30.723073959350586,0.014178693294525146,1.0000767707824707,2023.93994140625,-0.004445910453796387,0.9958927631378174,161.95970153808594,0.005524277687072754,0.9626427292823792,0.02033287286758423,0.07158678770065308,0.9888160824775696,9.742152214050293,0.019270896911621094,0.9921730160713196,16.57498550415039,0.014636039733886719,11,305,0.34345418214797974
SLIM*MIX_oms_pat5_fn-full_extended_const-small_ints_tabpfn,0c72c85c-8099-11f1-b0d1-2c7ba0e6fa90,synthetic_prior,0,34,0.8091599941253662,1.187431812286377,50483.0,0.9885802865028381,30.70728874206543,0.015191435813903809,1.000768780708313,2025.3402099609375,-0.005836367607116699,0.9960145354270935,161.97950744628906,0.00528109073638916,0.9577279686927795,0.02022906392812729,0.08104252815246582,0.9875444173812866,9.729623794555664,0.02179175615310669,0.9911972880363464,16.558687210083008,0.016573071479797363,12,319,0.34394800662994385
SLIM*MIX_oms_pat5_fn-full_extended_const-small_ints_tabpfn,0c72c85c-8099-11f1-b0d1-2c7ba0e6fa90,synthetic_prior,0,35,0.8091599941253662,1.7322430610656738,51092.0,0.9885802865028381,30.70728874206543,0.015191435813903809,1.000768780708313,2025.3402099609375,-0.005836367607116699,0.9960145354270935,161.97950744628906,0.00528109073638916,0.9577279686927795,0.02022906392812729,0.08104252815246582,0.9875444173812866,9.729623794555664,0.02179175615310669,0.9911972880363464,16.558687210083008,0.016573071479797363,12,319,0.34394800662994385
SLIM*MIX_oms_pat5_fn-full_extended_const-small_ints_tabpfn,0c72c85c-8099-11f1-b0d1-2c7ba0e6fa90,synthetic_prior,0,36,0.8072795867919922,1.019991159439087,55149.0,0.9890994429588318,30.72341537475586,0.014156758785247803,1.0000954866409302,2023.977783203125,-0.004483699798583984,0.9958863854408264,161.9586639404297,0.005537092685699463,0.962561845779419,0.020331164821982384,0.0717427134513855,0.9887934923171997,9.74193000793457,0.019315659999847412,0.9921601414680481,16.574771881103516,0.014661610126495361,13,361,0.346993625164032
SLIM*MIX_oms_pat5_fn-full_extended_const-small_ints_tabpfn,0c72c85c-8099-11f1-b0d1-2c7ba0e6fa90,synthetic_prior,0,37,0.8072795867919922,1.8099102973937988,57727.0,0.9890994429588318,30.72341537475586,0.014156758785247803,1.0000954866409302,2023.977783203125,-0.004483699798583984,0.9958863854408264,161.9586639404297,0.005537092685699463,0.962561845779419,0.020331164821982384,0.0717427134513855,0.9887934923171997,9.74193000793457,0.019315659999847412,0.9921601414680481,16.574771881103516,0.014661610126495361,13,361,0.346993625164032
SLIM*MIX_oms_pat5_fn-full_extended_const-small_ints_tabpfn,0c72c85c-8099-11f1-b0d1-2c7ba0e6fa90,synthetic_prior,0,38,0.8072633147239685,1.960500955581665,57815.0,0.9890994429588318,30.72341537475586,0.014156758785247803,1.0000954866409302,2023.977783203125,-0.004483699798583984,0.9958863854408264,161.9586639404297,0.005537092685699463,0.962561845779419,0.020331164821982384,0.0717427134513855,0.9887934923171997,9.74193000793457,0.019315659999847412,0.9921601414680481,16.574771881103516,0.014661610126495361,12,322,0.3470199704170227
SLIM*MIX_oms_pat5_fn-full_extended_const-small_ints_tabpfn,0c72c85c-8099-11f1-b0d1-2c7ba0e6fa90,synthetic_prior,0,39,0.8072633147239685,1.6248128414154053,58630.0,0.9890994429588318,30.72341537475586,0.014156758785247803,1.0000954866409302,2023.977783203125,-0.004483699798583984,0.9958863854408264,161.9586639404297,0.005537092685699463,0.962561845779419,0.020331164821982384,0.0717427134513855,0.9887934923171997,9.74193000793457,0.019315659999847412,0.9921601414680481,16.574771881103516,0.014661610126495361,12,322,0.3470199704170227
SLIM*MIX_oms_pat5_fn-full_extended_const-small_ints_tabpfn,0c72c85c-8099-11f1-b0d1-2c7ba0e6fa90,synthetic_prior,0,40,0.8061333298683167,1.191699504852295,62224.0,0.9886899590492249,30.710697174072266,0.014972865581512451,0.9998242259025574,2023.4288330078125,-0.0039386749267578125,0.9961435794830322,162.00050354003906,0.005023300647735596,0.9651402831077576,0.0203856248408556,0.06676298379898071,0.9892697334289551,9.746622085571289,0.018370747566223145,0.992464005947113,16.579849243164062,0.014057934284210205,14,372,0.3488467335700989
SLIM*MIX_oms_pat5_fn-full_extended_const-small_ints_tabpfn,0c72c85c-8099-11f1-b0d1-2c7ba0e6fa90,synthetic_prior,0,41,0.8061333298683167,2.1070640087127686,66407.0,0.9886899590492249,30.710697174072266,0.014972865581512451,0.9998242259025574,2023.4288330078125,-0.0039386749267578125,0.9961435794830322,162.00050354003906,0.005023300647735596,0.9651402831077576,0.0203856248408556,0.06676298379898071,0.9892697334289551,9.746622085571289,0.018370747566223145,0.992464005947113,16.579849243164062,0.014057934284210205,14,372,0.3488467335700989
SLIM*MIX_oms_pat5_fn-full_extended_const-small_ints_tabpfn,0c72c85c-8099-11f1-b0d1-2c7ba0e6fa90,synthetic_prior,0,42,0.8061333298683167,1.2345390319824219,67767.0,0.9886899590492249,30.710697174072266,0.014972865581512451,0.9998242259025574,2023.4288330078125,-0.0039386749267578125,0.9961435794830322,162.00050354003906,0.005023300647735596,0.9651402831077576,0.0203856248408556,0.06676298379898071,0.9892697334289551,9.746622085571289,0.018370747566223145,0.992464005947113,16.579849243164062,0.014057934284210205,14,372,0.3488467335700989
SLIM*MIX_oms_pat5_fn-full_extended_const-small_ints_tabpfn,0c72c85c-8099-11f1-b0d1-2c7ba0e6fa90,synthetic_prior,0,43,0.8060728311538696,1.766014575958252,67355.0,0.9891343712806702,30.724498748779297,0.014087140560150146,1.0000758171081543,2023.938232421875,-0.004444122314453125,0.9958701729774475,161.95603942871094,0.005569338798522949,0.9627842307090759,0.020335860550403595,0.07131379842758179,0.9888479709625244,9.742466926574707,0.019207537174224854,0.9922013282775879,16.575458526611328,0.014579832553863525,12,327,0.3489444851875305
SLIM*MIX_oms_pat5_fn-full_extended_const-small_ints_tabpfn,0c72c85c-8099-11f1-b0d1-2c7ba0e6fa90,synthetic_prior,0,44,0.8058590292930603,1.7683544158935547,67634.0,0.9886522889137268,30.70952606201172,0.015047967433929443,1.0012751817703247,2026.3651123046875,-0.006854653358459473,0.9960907101631165,161.9918975830078,0.005128920078277588,0.9588434100151062,0.02025262638926506,0.07890069484710693,0.9875540733337402,9.729718208312988,0.021772682666778564,0.9910008907318115,16.555404663085938,0.016962885856628418,13,397,0.34928977489471436
SLIM*MIX_oms_pat5_fn-full_extended_const-small_ints_tabpfn,0c72c85c-8099-11f1-b0d1-2c7ba0e6fa90,synthetic_prior,0,45,0.8058590292930603,1.2618651390075684,66082.0,0.9886522889137268,30.70952606201172,0.015047967433929443,1.0012751817703247,2026.3651123046875,-0.006854653358459473,0.9960907101631165,161.9918975830078,0.005128920078277588,0.9588434100151062,0.02025262638926506,0.07890069484710693,0.9875540733337402,9.729718208312988,0.021772682666778564,0.9910008907318115,16.555404663085938,0.016962885856628418,13,397,0.34928977489471436
SLIM*MIX_oms_pat5_fn-full_extended_const-small_ints_tabpfn,0c72c85c-8099-11f1-b0d1-2c7ba0e6fa90,synthetic_prior,0,46,0.8047651052474976,1.8133113384246826,69189.0,0.9882749915122986,30.69780731201172,0.015799522399902344,1.000338077545166,2024.46875,-0.004970908164978027,0.9966149926185608,162.07716369628906,0.004081368446350098,0.9616183042526245,0.020311234518885612,0.07356160879135132,0.9882928133010864,9.7369966506958,0.02030855417251587,0.9917391538619995,16.567737579345703,0.015497684478759766,15,384,0.3510552644729614
SLIM*MIX_oms_pat5_fn-full_extended_const-small_ints_tabpfn,0c72c85c-8099-11f1-b0d1-2c7ba0e6fa90,synthetic_prior,0,47,0.8033813238143921,1.745412826538086,71883.0,0.9888788461685181,30.716564178466797,0.01459646224975586,1.000837802886963,2025.47998046875,-0.005975127220153809,0.9960079789161682,161.9784393310547,0.005294084548950195,0.96100252866745,0.020298227667808533,0.07474780082702637,0.9881411194801331,9.735503196716309,0.02060920000076294,0.9914473295211792,16.562862396240234,0.016076982021331787,14,411,0.3532850742340088
SLIM*MIX_oms_pat5_fn-full_extended_const-small_ints_tabpfn,0c72c85c-8099-11f1-b0d1-2c7ba0e6fa90,synthetic_prior,0,48,0.8033813238143921,1.2031810283660889,71787.0,0.9888788461685181,30.716564178466797,0.01459646224975586,1.000837802886963,2025.47998046875,-0.005975127220153809,0.9960079789161682,161.9784393310547,0.005294084548950195,0.96100252866745,0.020298227667808533,0.07474780082702637,0.9881411194801331,9.735503196716309,0.02060920000076294,0.9914473295211792,16.562862396240234,0.016076982021331787,14,411,0.3532850742340088
SLIM*MIX_oms_pat5_fn-full_extended_const-small_ints_tabpfn,0c72c85c-8099-11f1-b0d1-2c7ba0e6fa90,synthetic_prior,0,49,0.8031544089317322,1.5451619625091553,74001.0,0.9888885617256165,30.71686553955078,0.014577090740203857,1.0008162260055542,2025.436279296875,-0.005931735038757324,0.9960079789161682,161.9784393310547,0.005294084548950195,0.9611112475395203,0.020300524309277534,0.07453840970993042,0.9881507158279419,9.735597610473633,0.020590245723724365,0.9914709329605103,16.56325912475586,0.01603013277053833,15,423,0.35365039110183716
SLIM*MIX_oms_pat5_fn-full_extended_const-small_ints_tabpfn,0c72c85c-8099-11f1-b0d1-2c7ba0e6fa90,synthetic_prior,0,50,0.8031544089317322,1.2331433296203613,74391.0,0.9888885617256165,30.71686553955078,0.014577090740203857,1.0008162260055542,2025.436279296875,-0.005931735038757324,0.9960079789161682,161.9784393310547,0.005294084548950195,0.9611112475395203,0.020300524309277534,0.07453840970993042,0.9881507158279419,9.735597610473633,0.020590245723724365,0.9914709329605103,16.56325912475586,0.01603013277053833,15,423,0.35365039110183716
SLIM*MIX_oms_pat5_fn-full_extended_const-small_ints_tabpfn,0c72c85c-8099-11f1-b0d1-2c7ba0e6fa90,synthetic_prior,0,51,0.8031544089317322,2.114945888519287,75355.0,0.9888885617256165,30.71686553955078,0.014577090740203857,1.0008162260055542,2025.436279296875,-0.005931735038757324,0.9960079789161682,161.9784393310547,0.005294084548950195,0.9611112475395203,0.020300524309277534,0.07453840970993042,0.9881507158279419,9.735597610473633,0.020590245723724365,0.9914709329605103,16.56325912475586,0.01603013277053833,15,423,0.35365039110183716
SLIM*MIX_oms_pat5_fn-full_extended_const-small_ints_tabpfn,0c72c85c-8099-11f1-b0d1-2c7ba0e6fa90,synthetic_prior,0,52,0.8019329309463501,1.626650094985962,73216.0,0.9887024760246277,30.711084365844727,0.014947950839996338,1.00112783908844,2026.06689453125,-0.0065582990646362305,0.9965164065361023,162.06112670898438,0.004278361797332764,0.9582279920578003,0.02023962512612343,0.0800827145576477,0.986950159072876,9.723769187927246,0.022968590259552002,0.9913552403450012,16.561325073242188,0.016259729862213135,16,434,0.3556148409843445
SLIM*MIX_oms_pat5_fn-full_extended_const-small_ints_tabpfn,0c72c85c-8099-11f1-b0d1-2c7ba0e6fa90,synthetic_prior,0,53,0.801845371723175,1.2967922687530518,73000.0,0.9886441230773926,30.709272384643555,0.01506417989730835,1.000902771949768,2025.6114501953125,-0.006105780601501465,0.9959823489189148,161.97427368164062,0.005345344543457031,0.959778368473053,0.020272372290492058,0.07710355520248413,0.9877929091453552,9.732072830200195,0.021299302577972412,0.991212785243988,16.558944702148438,0.016542375087738037,15,428,0.3557555675506592
SLIM*MIX_oms_pat5_fn-full_extended_const-small_ints_tabpfn,0c72c85c-8099-11f1-b0d1-2c7ba0e6fa90,synthetic_prior,0,54,0.801845371723175,1.2989346981048584,74480.0,0.9886441230773926,30.709272384643555,0.01506417989730835,1.000902771949768,2025.6114501953125,-0.006105780601501465,0.9959823489189148,161.97427368164062,0.005345344543457031,0.959778368473053,0.020272372290492058,0.07710355520248413,0.9877929091453552,9.732072830200195,0.021299302577972412,0.991212785243988,16.558944702148438,0.016542375087738037,15,428,0.3557555675506592
SLIM*MIX_oms_pat5_fn-full_extended_const-small_ints_tabpfn,0c72c85c-8099-11f1-b0d1-2c7ba0e6fa90,synthetic_prior,0,55,0.801845371723175,1.7185792922973633,76065.0,0.9886441230773926,30.709272384643555,0.01506417989730835,1.000902771949768,2025.6114501953125,-0.006105780601501465,0.9959823489189148,161.97427368164062,0.005345344543457031,0.959778368473053,0.020272372290492058,0.07710355520248413,0.9877929091453552,9.732072830200195,0.021299302577972412,0.991212785243988,16.558944702148438,0.016542375087738037,15,428,0.3557555675506592
SLIM*MIX_oms_pat5_fn-full_extended_const-small_ints_tabpfn,0c72c85c-8099-11f1-b0d1-2c7ba0e6fa90,synthetic_prior,0,56,0.8018022775650024,1.8042876720428467,76468.0,0.9887024760246277,30.711084365844727,0.014947950839996338,1.00112783908844,2026.06689453125,-0.0065582990646362305,0.9965163469314575,162.06112670898438,0.0042784810066223145,0.9582279920578003,0.02023962512612343,0.0800827145576477,0.986950159072876,9.723769187927246,0.022968590259552002,0.9913552403450012,16.561325073242188,0.016259729862213135,16,443,0.3558247685432434
SLIM*MIX_oms_pat5_fn-full_extended_const-small_ints_tabpfn,0c72c85c-8099-11f1-b0d1-2c7ba0e6fa90,synthetic_prior,0,57,0.8018022775650024,2.7890310287475586,80004.0,0.9887024760246277,30.711084365844727,0.014947950839996338,1.00112783908844,2026.06689453125,-0.0065582990646362305,0.9965163469314575,162.06112670898438,0.0042784810066223145,0.9582279920578003,0.02023962512612343,0.0800827145576477,0.986950159072876,9.723769187927246,0.022968590259552002,0.9913552403450012,16.561325073242188,0.016259729862213135,16,443,0.3558247685432434
SLIM*MIX_oms_pat5_fn-full_extended_const-small_ints_tabpfn,0c72c85c-8099-11f1-b0d1-2c7ba0e6fa90,synthetic_prior,0,58,0.8016625046730042,1.9746050834655762,82783.0,0.9887682199478149,30.713125228881836,0.014816999435424805,1.0009371042251587,2025.6810302734375,-0.006174921989440918,0.996454656124115,162.05108642578125,0.004401743412017822,0.9589523077011108,0.02025492489337921,0.07869142293930054,0.9871147871017456,9.725391387939453,0.022642672061920166,0.9914753437042236,16.563331604003906,0.016021311283111572,17,432,0.3560493588447571
SLIM*MIX_oms_pat5_fn-full_extended_const-small_ints_tabpfn,0c72c85c-8099-11f1-b0d1-2c7ba0e6fa90,synthetic_prior,0,59,0.8012348413467407,2.0363669395446777,82962.0,0.9884212613105774,30.702348709106445,0.01550823450088501,1.0022318363189697,2028.30126953125,-0.008779644966125488,0.9969278573989868,162.12803649902344,0.0034559965133666992,0.9535428881645203,0.020140666514635086,0.08905637264251709,0.9857586622238159,9.712030410766602,0.025326251983642578,0.9905596971511841,16.54803466796875,0.017838001251220703,17,450,0.3567361831665039
SLIM*MIX_oms_pat5_fn-full_extended_const-small_ints_tabpfn,0c72c85c-8099-11f1-b0d1-2c7ba0e6fa90,synthetic_prior,0,60,0.800133228302002,1.594015121459961,81724.0,0.9884209036827087,30.70233726501465,0.015508890151977539,1.0022310018539429,2028.299560546875,-0.008777856826782227,0.9969286918640137,162.128173828125,0.0034543275833129883,0.9535440802574158,0.020140692591667175,0.08905398845672607,0.9857586026191711,9.712029457092285,0.025326430797576904,0.9905596971511841,16.54803466796875,0.017837941646575928,18,462,0.3585038185119629
SLIM*MIX_oms_pat5_fn-full_extended_const-small_ints_tabpfn,0c72c85c-8099-11f1-b0d1-2c7ba0e6fa90,synthetic_prior,0,61,0.800133228302002,1.292266607284546,81795.0,0.9884209036827087,30.70233726501465,0.015508890151977539,1.0022310018539429,2028.299560546875,-0.008777856826782227,0.9969286918640137,162.128173828125,0.0034543275833129883,0.9535440802574158,0.020140692591667175,0.08905398845672607,0.9857586026191711,9.712029457092285,0.025326430797576904,0.9905596971511841,16.54803466796875,0.017837941646575928,18,462,0.3585038185119629
SLIM*MIX_oms_pat5_fn-full_extended_const-small_ints_tabpfn,0c72c85c-8099-11f1-b0d1-2c7ba0e6fa90,synthetic_prior,0,62,0.800133228302002,1.6792354583740234,81481.0,0.9884209036827087,30.70233726501465,0.015508890151977539,1.0022310018539429,2028.299560546875,-0.008777856826782227,0.9969286918640137,162.128173828125,0.0034543275833129883,0.9535440802574158,0.020140692591667175,0.08905398845672607,0.9857586026191711,9.712029457092285,0.025326430797576904,0.9905596971511841,16.54803466796875,0.017837941646575928,18,462,0.3585038185119629
SLIM*MIX_oms_pat5_fn-full_extended_const-small_ints_tabpfn,0c72c85c-8099-11f1-b0d1-2c7ba0e6fa90,synthetic_prior,0,63,0.800133228302002,1.9850149154663086,82125.0,0.9884209036827087,30.70233726501465,0.015508890151977539,1.0022310018539429,2028.299560546875,-0.008777856826782227,0.9969286918640137,162.128173828125,0.0034543275833129883,0.9535440802574158,0.020140692591667175,0.08905398845672607,0.9857586026191711,9.712029457092285,0.025326430797576904,0.9905596971511841,16.54803466796875,0.017837941646575928,18,462,0.3585038185119629
SLIM*MIX_oms_pat5_fn-full_extended_const-small_ints_tabpfn,0c72c85c-8099-11f1-b0d1-2c7ba0e6fa90,synthetic_prior,0,64,0.800133228302002,1.3832292556762695,81988.0,0.9884209036827087,30.70233726501465,0.015508890151977539,1.0022310018539429,2028.299560546875,-0.008777856826782227,0.9969286918640137,162.128173828125,0.0034543275833129883,0.9535440802574158,0.020140692591667175,0.08905398845672607,0.9857586026191711,9.712029457092285,0.025326430797576904,0.9905596971511841,16.54803466796875,0.017837941646575928,18,462,0.3585038185119629
SLIM*MIX_oms_pat5_fn-full_extended_const-small_ints_tabpfn,0c72c85c-8099-11f1-b0d1-2c7ba0e6fa90,synthetic_prior,0,65,0.800133228302002,1.3906433582305908,41019.0,0.9884209036827087,30.70233726501465,0.015508890151977539,1.0022310018539429,2028.299560546875,-0.008777856826782227,0.9969286918640137,162.128173828125,0.0034543275833129883,0.9535440802574158,0.020140692591667175,0.08905398845672607,0.9857586026191711,9.712029457092285,0.025326430797576904,0.9905596971511841,16.54803466796875,0.017837941646575928,18,462,0.3585038185119629
SLIM*MIX_oms_pat5_fn-full_extended_const-small_ints_tabpfn,0c72c85c-8099-11f1-b0d1-2c7ba0e6fa90,synthetic_prior,0,66,0.800133228302002,2.2475271224975586,60226.0,0.9884209036827087,30.70233726501465,0.015508890151977539,1.0022310018539429,2028.299560546875,-0.008777856826782227,0.9969286918640137,162.128173828125,0.0034543275833129883,0.9535440802574158,0.020140692591667175,0.08905398845672607,0.9857586026191711,9.712029457092285,0.025326430797576904,0.9905596971511841,16.54803466796875,0.017837941646575928,18,462,0.3585038185119629
SLIM*MIX_oms_pat5_fn-full_extended_const-small_ints_tabpfn,0c72c85c-8099-11f1-b0d1-2c7ba0e6fa90,synthetic_prior,0,67,0.7987076640129089,1.7550392150878906,75657.0,0.9889953136444092,30.72018051147461,0.014364361763000488,1.0008100271224976,2025.423828125,-0.005919456481933594,0.9964969158172607,162.05796813964844,0.0043174028396606445,0.9606990814208984,0.020291820168495178,0.07533198595046997,0.9878803491592407,9.73293399810791,0.021126151084899902,0.9920495748519897,16.57292366027832,0.0148811936378479,17,456,0.36078763008117676
SLIM*MIX_oms_pat5_fn-full_extended_const-small_ints_tabpfn,0c72c85c-8099-11f1-b0d1-2c7ba0e6fa90,synthetic_prior,0,68,0.7987076640129089,1.4376931190490723,83636.0,0.9889953136444092,30.72018051147461,0.014364361763000488,1.0008100271224976,2025.423828125,-0.005919456481933594,0.9964969158172607,162.05796813964844,0.0043174028396606445,0.9606990814208984,0.020291820168495178,0.07533198595046997,0.9878803491592407,9.73293399810791,0.021126151084899902,0.9920495748519897,16.57292366027832,0.0148811936378479,17,456,0.36078763008117676
SLIM*MIX_oms_pat5_fn-full_extended_const-small_ints_tabpfn,0c72c85c-8099-11f1-b0d1-2c7ba0e6fa90,synthetic_prior,0,69,0.7987076640129089,1.4579007625579834,86409.0,0.9889953136444092,30.72018051147461,0.014364361763000488,1.0008100271224976,2025.423828125,-0.005919456481933594,0.9964969158172607,162.05796813964844,0.0043174028396606445,0.9606990814208984,0.020291820168495178,0.07533198595046997,0.9878803491592407,9.73293399810791,0.021126151084899902,0.9920495748519897,16.57292366027832,0.0148811936378479,17,456,0.36078763008117676
SLIM*MIX_oms_pat5_fn-full_extended_const-small_ints_tabpfn,0c72c85c-8099-11f1-b0d1-2c7ba0e6fa90,synthetic_prior,0,70,0.7982645034790039,1.267120361328125,87282.0,0.9885064363479614,30.704994201660156,0.015338480472564697,1.001953363418579,2027.73779296875,-0.008219122886657715,0.9967790246009827,162.10385131835938,0.0037534236907958984,0.9548406004905701,0.02016807720065117,0.08657515048980713,0.9860889315605164,9.71528434753418,0.024673044681549072,0.9907737374305725,16.551610946655273,0.017413437366485596,18,456,0.3614967465400696
SLIM*MIX_oms_pat5_fn-full_extended_const-small_ints_tabpfn,0c72c85c-8099-11f1-b0d1-2c7ba0e6fa90,synthetic_prior,0,71,0.7982645034790039,1.4990317821502686,89589.0,0.9885064363479614,30.704994201660156,0.015338480472564697,1.001953363418579,2027.73779296875,-0.008219122886657715,0.9967790246009827,162.10385131835938,0.0037534236907958984,0.9548406004905701,0.02016807720065117,0.08657515048980713,0.9860889315605164,9.71528434753418,0.024673044681549072,0.9907737374305725,16.551610946655273,0.017413437366485596,18,456,0.3614967465400696
SLIM*MIX_oms_pat5_fn-full_extended_const-small_ints_tabpfn,0c72c85c-8099-11f1-b0d1-2c7ba0e6fa90,synthetic_prior,0,72,0.7982028126716614,1.688476324081421,88955.0,0.9885225296020508,30.70549201965332,0.015306472778320312,1.001893401145935,2027.6163330078125,-0.008098363876342773,0.9967578649520874,162.1003875732422,0.003795802593231201,0.9550909996032715,0.020173365250229836,0.08609604835510254,0.9861602187156677,9.715986251831055,0.024532079696655273,0.9908217191696167,16.552412033081055,0.017318308353424072,19,472,0.3615955114364624
SLIM*MIX_oms_pat5_fn-full_extended_const-small_ints_tabpfn,0c72c85c-8099-11f1-b0d1-2c7ba0e6fa90,synthetic_prior,0,73,0.7957044243812561,1.4681754112243652,89131.0,0.9889398813247681,30.71845817565918,0.014474868774414062,1.0014636516571045,2026.74658203125,-0.007233738899230957,0.99662846326828,162.07936096191406,0.004054367542266846,0.9572146534919739,0.020218221470713615,0.08202725648880005,0.9872407913208008,9.726633071899414,0.022393107414245605,0.9914734959602356,16.56329917907715,0.016025066375732422,18,470,0.36558568477630615
SLIM*MIX_oms_pat5_fn-full_extended_const-small_ints_tabpfn,0c72c85c-8099-11f1-b0d1-2c7ba0e6fa90,synthetic_prior,0,74,0.7957044243812561,1.4755303859710693,89152.0,0.9889398813247681,30.71845817565918,0.014474868774414062,1.0014636516571045,2026.74658203125,-0.007233738899230957,0.99662846326828,162.07936096191406,0.004054367542266846,0.9572146534919739,0.020218221470713615,0.08202725648880005,0.9872407913208008,9.726633071899414,0.022393107414245605,0.9914734959602356,16.56329917907715,0.016025066375732422,18,470,0.36558568477630615
SLIM*MIX_oms_pat5_fn-full_extended_const-small_ints_tabpfn,0c72c85c-8099-11f1-b0d1-2c7ba0e6fa90,synthetic_prior,0,75,0.7957044243812561,1.9490315914154053,89576.0,0.9889398813247681,30.71845817565918,0.014474868774414062,1.0014636516571045,2026.74658203125,-0.007233738899230957,0.99662846326828,162.07936096191406,0.004054367542266846,0.9572146534919739,0.020218221470713615,0.08202725648880005,0.9872407913208008,9.726633071899414,0.022393107414245605,0.9914734959602356,16.56329917907715,0.016025066375732422,18,470,0.36558568477630615
SLIM*MIX_oms_pat5_fn-full_extended_const-small_ints_tabpfn,0c72c85c-8099-11f1-b0d1-2c7ba0e6fa90,synthetic_prior,0,76,0.7957044243812561,1.7250175476074219,87565.0,0.9889398813247681,30.71845817565918,0.014474868774414062,1.0014636516571045,2026.74658203125,-0.007233738899230957,0.99662846326828,162.07936096191406,0.004054367542266846,0.9572146534919739,0.020218221470713615,0.08202725648880005,0.9872407913208008,9.726633071899414,0.022393107414245605,0.9914734959602356,16.56329917907715,0.016025066375732422,18,470,0.36558568477630615
SLIM*MIX_oms_pat5_fn-full_extended_const-small_ints_tabpfn,0c72c85c-8099-11f1-b0d1-2c7ba0e6fa90,synthetic_prior,0,77,0.7938668727874756,1.687218427658081,87748.0,0.9888184070587158,30.714685440063477,0.014716863632202148,1.0016992092132568,2027.223388671875,-0.007707715034484863,0.9967614412307739,162.10098266601562,0.0037887096405029297,0.956519603729248,0.020203541964292526,0.08335995674133301,0.9868953824043274,9.72322940826416,0.023077011108398438,0.9913892149925232,16.561891555786133,0.016192376613616943,20,505,0.3685123920440674
SLIM*MIX_oms_pat5_fn-full_extended_const-small_ints_tabpfn,0c72c85c-8099-11f1-b0d1-2c7ba0e6fa90,synthetic_prior,0,78,0.7938668727874756,1.3752496242523193,87040.0,0.9888184070587158,30.714685440063477,0.014716863632202148,1.0016992092132568,2027.223388671875,-0.007707715034484863,0.9967614412307739,162.10098266601562,0.0037887096405029297,0.956519603729248,0.020203541964292526,0.08335995674133301,0.9868953824043274,9.72322940826416,0.023077011108398438,0.9913892149925232,16.561891555786133,0.016192376613616943,20,505,0.3685123920440674
SLIM*MIX_oms_pat5_fn-full_extended_const-small_ints_tabpfn,0c72c85c-8099-11f1-b0d1-2c7ba0e6fa90,synthetic_prior,0,79,0.7938668727874756,1.366013526916504,86204.0,0.9888184070587158,30.714685440063477,0.014716863632202148,1.0016992092132568,2027.223388671875,-0.007707715034484863,0.9967614412307739,162.10098266601562,0.0037887096405029297,0.956519603729248,0.020203541964292526,0.08335995674133301,0.9868953824043274,9.72322940826416,0.023077011108398438,0.9913892149925232,16.561891555786133,0.016192376613616943,20,505,0.3685123920440674
SLIM*MIX_oms_pat5_fn-full_extended_const-small_ints_tabpfn,0c72c85c-8099-11f1-b0d1-2c7ba0e6fa90,synthetic_prior,0,80,0.7938668727874756,1.7856335639953613,86523.0,0.9888184070587158,30.714685440063477,0.014716863632202148,1.0016992092132568,2027.223388671875,-0.007707715034484863,0.9967614412307739,162.10098266601562,0.0037887096405029297,0.956519603729248,0.020203541964292526,0.08335995674133301,0.9868953824043274,9.72322940826416,0.023077011108398438,0.9913892149925232,16.561891555786133,0.016192376613616943,20,505,0.3685123920440674
SLIM*MIX_oms_pat5_fn-full_extended_const-small_ints_tabpfn,0c72c85c-8099-11f1-b0d1-2c7ba0e6fa90,synthetic_prior,0,81,0.7938668727874756,2.129326820373535,88105.0,0.9888184070587158,30.714685440063477,0.014716863632202148,1.0016992092132568,2027.223388671875,-0.007707715034484863,0.9967614412307739,162.10098266601562,0.0037887096405029297,0.956519603729248,0.020203541964292526,0.08335995674133301,0.9868953824043274,9.72322940826416,0.023077011108398438,0.9913892149925232,16.561891555786133,0.016192376613616943,20,505,0.3685123920440674
SLIM*MIX_oms_pat5_fn-full_extended_const-small_ints_tabpfn,0c72c85c-8099-11f1-b0d1-2c7ba0e6fa90,synthetic_prior,0,82,0.792219877243042,1.2133376598358154,87200.0,0.9887805581092834,30.71350860595703,0.014792323112487793,1.001563310623169,2026.9482421875,-0.00743412971496582,0.996683657169342,162.08831787109375,0.003944098949432373,0.9568389058113098,0.020210282877087593,0.0827479362487793,0.9869171380996704,9.723443984985352,0.023033976554870605,0.991438627243042,16.56271743774414,0.016094207763671875,21,517,0.37112993001937866
SLIM*MIX_oms_pat5_fn-full_extended_const-small_ints_tabpfn,0c72c85c-8099-11f1-b0d1-2c7ba0e6fa90,synthetic_prior,0,83,0.792219877243042,2.300398588180542,86450.0,0.9887805581092834,30.71350860595703,0.014792323112487793,1.001563310623169,2026.9482421875,-0.00743412971496582,0.996683657169342,162.08831787109375,0.003944098949432373,0.9568389058113098,0.020210282877087593,0.0827479362487793,0.9869171380996704,9.723443984985352,0.023033976554870605,0.991438627243042,16.56271743774414,0.016094207763671875,21,517,0.37112993001937866
SLIM*MIX_oms_pat5_fn-full_extended_const-small_ints_tabpfn,0c72c85c-8099-11f1-b0d1-2c7ba0e6fa90,synthetic_prior,0,84,0.7919700741767883,1.1223092079162598,88900.0,0.9887635707855225,30.712984085083008,0.01482611894607544,1.0016118288040161,2027.04638671875,-0.00753176212310791,0.9966966509819031,162.09043884277344,0.003918111324310303,0.9568114280700684,0.020209703594446182,0.08280050754547119,0.9869107604026794,9.723380088806152,0.02304673194885254,0.9914035797119141,16.562131881713867,0.01616382598876953,20,494,0.37152642011642456
SLIM*MIX_oms_pat5_fn-full_extended_const-small_ints_tabpfn,0c72c85c-8099-11f1-b0d1-2c7ba0e6fa90,synthetic_prior,0,85,0.7919700741767883,1.26515793800354,89290.0,0.9887635707855225,30.712984085083008,0.01482611894607544,1.0016118288040161,2027.04638671875,-0.00753176212310791,0.9966966509819031,162.09043884277344,0.003918111324310303,0.9568114280700684,0.020209703594446182,0.08280050754547119,0.9869107604026794,9.723380088806152,0.02304673194885254,0.9914035797119141,16.562131881713867,0.01616382598876953,20,494,0.37152642011642456
SLIM*MIX_oms_pat5_fn-full_extended_const-small_ints_tabpfn,0c72c85c-8099-11f1-b0d1-2c7ba0e6fa90,synthetic_prior,0,86,0.7919700741767883,1.6215920448303223,89209.0,0.9887635707855225,30.712984085083008,0.01482611894607544,1.0016118288040161,2027.04638671875,-0.00753176212310791,0.9966966509819031,162.09043884277344,0.003918111324310303,0.9568114280700684,0.020209703594446182,0.08280050754547119,0.9869107604026794,9.723380088806152,0.02304673194885254,0.9914035797119141,16.562131881713867,0.01616382598876953,20,494,0.37152642011642456
SLIM*MIX_oms_pat5_fn-full_extended_const-small_ints_tabpfn,0c72c85c-8099-11f1-b0d1-2c7ba0e6fa90,synthetic_prior,0,87,0.7919700741767883,1.1072840690612793,86936.0,0.9887635707855225,30.712984085083008,0.01482611894607544,1.0016118288040161,2027.04638671875,-0.00753176212310791,0.9966966509819031,162.09043884277344,0.003918111324310303,0.9568114280700684,0.020209703594446182,0.08280050754547119,0.9869107604026794,9.723380088806152,0.02304673194885254,0.9914035797119141,16.562131881713867,0.01616382598876953,20,494,0.37152642011642456
SLIM*MIX_oms_pat5_fn-full_extended_const-small_ints_tabpfn,0c72c85c-8099-11f1-b0d1-2c7ba0e6fa90,synthetic_prior,0,88,0.7919567227363586,1.001621961593628,87137.0,0.9887635707855225,30.712984085083008,0.01482611894607544,1.0016118288040161,2027.04638671875,-0.00753176212310791,0.9966966509819031,162.09043884277344,0.003918111324310303,0.9568114280700684,0.020209703594446182,0.08280050754547119,0.9869107604026794,9.723380088806152,0.02304673194885254,0.9914035797119141,16.562131881713867,0.01616382598876953,19,455,0.3715475797653198
SLIM*MIX_oms_pat5_fn-full_extended_const-small_ints_tabpfn,0c72c85c-8099-11f1-b0d1-2c7ba0e6fa90,synthetic_prior,0,89,0.7919567227363586,1.786360740661621,89155.0,0.9887635707855225,30.712984085083008,0.01482611894607544,1.0016118288040161,2027.04638671875,-0.00753176212310791,0.9966966509819031,162.09043884277344,0.003918111324310303,0.9568114280700684,0.020209703594446182,0.08280050754547119,0.9869107604026794,9.723380088806152,0.02304673194885254,0.9914035797119141,16.562131881713867,0.01616382598876953,19,455,0.3715475797653198
SLIM*MIX_oms_pat5_fn-full_extended_const-small_ints_tabpfn,0c72c85c-8099-11f1-b0d1-2c7ba0e6fa90,synthetic_prior,0,90,0.7919567227363586,1.5790600776672363,92548.0,0.9887635707855225,30.712984085083008,0.01482611894607544,1.0016118288040161,2027.04638671875,-0.00753176212310791,0.9966966509819031,162.09043884277344,0.003918111324310303,0.9568114280700684,0.020209703594446182,0.08280050754547119,0.9869107604026794,9.723380088806152,0.02304673194885254,0.9914035797119141,16.562131881713867,0.01616382598876953,19,455,0.3715475797653198
SLIM*MIX_oms_pat5_fn-full_extended_const-small_ints_tabpfn,0c72c85c-8099-11f1-b0d1-2c7ba0e6fa90,synthetic_prior,0,91,0.7913792133331299,1.3282113075256348,95202.0,0.9888107180595398,30.714447021484375,0.0147322416305542,1.00152587890625,2026.872802734375,-0.007359027862548828,0.9966461658477783,162.08221435546875,0.0040190815925598145,0.9570893049240112,0.020215574651956558,0.08226770162582397,0.9869799017906189,9.724061965942383,0.022909700870513916,0.9914818406105042,16.563438415527344,0.016008496284484863,21,516,0.3724639415740967
SLIM*MIX_oms_pat5_fn-full_extended_const-small_ints_tabpfn,0c72c85c-8099-11f1-b0d1-2c7ba0e6fa90,synthetic_prior,0,92,0.7913792133331299,1.7247014045715332,94644.0,0.9888107180595398,30.714447021484375,0.0147322416305542,1.00152587890625,2026.872802734375,-0.007359027862548828,0.9966461658477783,162.08221435546875,0.0040190815925598145,0.9570893049240112,0.020215574651956558,0.08226770162582397,0.9869799017906189,9.724061965942383,0.022909700870513916,0.9914818406105042,16.563438415527344,0.016008496284484863,21,516,0.3724639415740967
SLIM*MIX_oms_pat5_fn-full_extended_const-small_ints_tabpfn,0c72c85c-8099-11f1-b0d1-2c7ba0e6fa90,synthetic_prior,0,93,0.7901707887649536,1.7112042903900146,95770.0,0.9883180260658264,30.699142456054688,0.015713870525360107,1.0013052225112915,2026.4259033203125,-0.006915092468261719,0.9966304302215576,162.0796661376953,0.004050552845001221,0.9591304063796997,0.02025868557393551,0.07834923267364502,0.9869484901428223,9.72375202178955,0.022972047328948975,0.9916809797286987,16.5667667388916,0.015613138675689697,21,515,0.37437885999679565
SLIM*MIX_oms_pat5_fn-full_extended_const-small_ints_tabpfn,0c72c85c-8099-11f1-b0d1-2c7ba0e6fa90,synthetic_prior,0,94,0.7901707887649536,1.3892905712127686,98041.0,0.9883180260658264,30.699142456054688,0.015713870525360107,1.0013052225112915,2026.4259033203125,-0.006915092468261719,0.9966304302215576,162.0796661376953,0.004050552845001221,0.9591304063796997,0.02025868557393551,0.07834923267364502,0.9869484901428223,9.72375202178955,0.022972047328948975,0.9916809797286987,16.5667667388916,0.015613138675689697,21,515,0.37437885999679565
SLIM*MIX_oms_pat5_fn-full_extended_const-small_ints_tabpfn,0c72c85c-8099-11f1-b0d1-2c7ba0e6fa90,synthetic_prior,0,95,0.7901707887649536,2.353328227996826,97434.0,0.9883180260658264,30.699142456054688,0.015713870525360107,1.0013052225112915,2026.4259033203125,-0.006915092468261719,0.9966304302215576,162.0796661376953,0.004050552845001221,0.9591304063796997,0.02025868557393551,0.07834923267364502,0.9869484901428223,9.72375202178955,0.022972047328948975,0.9916809797286987,16.5667667388916,0.015613138675689697,21,515,0.37437885999679565
SLIM*MIX_oms_pat5_fn-full_extended_const-small_ints_tabpfn,0c72c85c-8099-11f1-b0d1-2c7ba0e6fa90,synthetic_prior,0,96,0.7901707887649536,1.985898733139038,96063.0,0.9883180260658264,30.699142456054688,0.015713870525360107,1.0013052225112915,2026.4259033203125,-0.006915092468261719,0.9966304302215576,162.0796661376953,0.004050552845001221,0.9591304063796997,0.02025868557393551,0.07834923267364502,0.9869484901428223,9.72375202178955,0.022972047328948975,0.9916809797286987,16.5667667388916,0.015613138675689697,21,515,0.37437885999679565
SLIM*MIX_oms_pat5_fn-full_extended_const-small_ints_tabpfn,0c72c85c-8099-11f1-b0d1-2c7ba0e6fa90,synthetic_prior,0,97,0.7901339530944824,0.9167559146881104,94409.0,0.9882981181144714,30.698524475097656,0.015753507614135742,1.001352071762085,2026.5208740234375,-0.007009387016296387,0.9966418743133545,162.08152770996094,0.004027605056762695,0.9591001272201538,0.020258046686649323,0.0784074068069458,0.986940860748291,9.723676681518555,0.022987067699432373,0.9916470646858215,16.566200256347656,0.01568049192428589,20,492,0.37443727254867554
SLIM*MIX_oms_pat5_fn-full_extended_const-small_ints_tabpfn,0c72c85c-8099-11f1-b0d1-2c7ba0e6fa90,synthetic_prior,0,98,0.7901339530944824,2.239224433898926,93683.0,0.9882981181144714,30.698524475097656,0.015753507614135742,1.001352071762085,2026.5208740234375,-0.007009387016296387,0.9966418743133545,162.08152770996094,0.004027605056762695,0.9591001272201538,0.020258046686649323,0.0784074068069458,0.986940860748291,9.723676681518555,0.022987067699432373,0.9916470646858215,16.566200256347656,0.01568049192428589,20,492,0.37443727254867554
SLIM*MIX_oms_pat5_fn-full_extended_const-small_ints_tabpfn,0c72c85c-8099-11f1-b0d1-2c7ba0e6fa90,synthetic_prior,0,99,0.7898934483528137,1.8309600353240967,94657.0,0.988337516784668,30.69974708557129,0.015675067901611328,1.0012797117233276,2026.3743896484375,-0.006863832473754883,0.9966040849685669,162.07537841796875,0.004103183746337891,0.9593707919120789,0.020263763144612312,0.07788723707199097,0.9870269894599915,9.724526405334473,0.022816479206085205,0.9917421936988831,16.56778907775879,0.015491604804992676,22,529,0.37481802701950073
SLIM*MIX_oms_pat5_fn-full_extended_const-small_ints_tabpfn,0c72c85c-8099-11f1-b0d1-2c7ba0e6fa90,synthetic_prior,0,100,0.7898934483528137,1.5262815952301025,94977.0,0.988337516784668,30.69974708557129,0.015675067901611328,1.0012797117233276,2026.3743896484375,-0.006863832473754883,0.9966040849685669,162.07537841796875,0.004103183746337891,0.9593707919120789,0.020263763144612312,0.07788723707199097,0.9870269894599915,9.724526405334473,0.022816479206085205,0.9917421936988831,16.56778907775879,0.015491604804992676,22,529,0.37481802701950073
SLIM*MIX_oms_pat5_fn-full_extended_const-small_ints_tabpfn,0c72c85c-8099-11f1-b0d1-2c7ba0e6fa90,synthetic_prior,0,101,0.7898934483528137,1.8851051330566406,96171.0,0.988337516784668,30.69974708557129,0.015675067901611328,1.0012797117233276,2026.3743896484375,-0.006863832473754883,0.9966040849685669,162.07537841796875,0.004103183746337891,0.9593707919120789,0.020263763144612312,0.07788723707199097,0.9870269894599915,9.724526405334473,0.022816479206085205,0.9917421936988831,16.56778907775879,0.015491604804992676,22,529,0.37481802701950073
SLIM*MIX_oms_pat5_fn-full_extended_const-small_ints_tabpfn,0c72c85c-8099-11f1-b0d1-2c7ba0e6fa90,synthetic_prior,0,102,0.7898778915405273,2.110625982284546,96773.0,0.988337516784668,30.69974708557129,0.015675067901611328,1.0012797117233276,2026.3743896484375,-0.006863832473754883,0.9966040849685669,162.07537841796875,0.004103183746337891,0.9593707919120789,0.020263763144612312,0.07788723707199097,0.9870269894599915,9.724526405334473,0.022816479206085205,0.9917421936988831,16.56778907775879,0.015491604804992676,21,490,0.37484264373779297
SLIM*MIX_oms_pat5_fn-full_extended_const-small_ints_tabpfn,0c72c85c-8099-11f1-b0d1-2c7ba0e6fa90,synthetic_prior,0,103,0.789145827293396,1.2216532230377197,95689.0,0.9894633293151855,30.734718322753906,0.013431251049041748,1.0035643577575684,2030.9979248046875,-0.011463642120361328,0.9972894191741943,162.18685913085938,0.0027329325675964355,0.9541217684745789,0.020152892917394638,0.08794999122619629,0.9859936237335205,9.71434497833252,0.024861514568328857,0.991081178188324,16.556747436523438,0.016803503036499023,22,600,0.37600088119506836
SLIM*MIX_oms_pat5_fn-full_extended_const-small_ints_tabpfn,0c72c85c-8099-11f1-b0d1-2c7ba0e6fa90,synthetic_prior,0,104,0.7870687246322632,1.9559767246246338,94664.0,0.9892928600311279,30.72942352294922,0.0137711763381958,1.0043811798095703,2032.651123046875,-0.013111114501953125,0.996997594833374,162.13937377929688,0.003316521644592285,0.9524892568588257,0.020118409767746925,0.0910683274269104,0.9861215949058533,9.715605735778809,0.024608492851257324,0.9903203248977661,16.544034957885742,0.01831263303756714,22,605,0.3792814612388611
SLIM*MIX_oms_pat5_fn-full_extended_const-small_ints_tabpfn,0c72c85c-8099-11f1-b0d1-2c7ba0e6fa90,synthetic_prior,0,105,0.7870687246322632,1.7639751434326172,96203.0,0.9892928600311279,30.72942352294922,0.0137711763381958,1.0043811798095703,2032.651123046875,-0.013111114501953125,0.996997594833374,162.13937377929688,0.003316521644592285,0.9524892568588257,0.020118409767746925,0.0910683274269104,0.9861215949058533,9.715605735778809,0.024608492851257324,0.9903203248977661,16.544034957885742,0.01831263303756714,22,605,0.3792814612388611
SLIM*MIX_oms_pat5_fn-full_extended_const-small_ints_tabpfn,0c72c85c-8099-11f1-b0d1-2c7ba0e6fa90,synthetic_prior,0,106,0.7870687246322632,2.224599599838257,96517.0,0.9892928600311279,30.72942352294922,0.0137711763381958,1.0043811798095703,2032.651123046875,-0.013111114501953125,0.996997594833374,162.13937377929688,0.003316521644592285,0.9524892568588257,0.020118409767746925,0.0910683274269104,0.9861215949058533,9.715605735778809,0.024608492851257324,0.9903203248977661,16.544034957885742,0.01831263303756714,22,605,0.3792814612388611
SLIM*MIX_oms_pat5_fn-full_extended_const-small_ints_tabpfn,0c72c85c-8099-11f1-b0d1-2c7ba0e6fa90,synthetic_prior,0,107,0.7870687246322632,1.7403860092163086,96134.0,0.9892928600311279,30.72942352294922,0.0137711763381958,1.0043811798095703,2032.651123046875,-0.013111114501953125,0.996997594833374,162.13937377929688,0.003316521644592285,0.9524892568588257,0.020118409767746925,0.0910683274269104,0.9861215949058533,9.715605735778809,0.024608492851257324,0.9903203248977661,16.544034957885742,0.01831263303756714,22,605,0.3792814612388611
SLIM*MIX_oms_pat5_fn-full_extended_const-small_ints_tabpfn,0c72c85c-8099-11f1-b0d1-2c7ba0e6fa90,synthetic_prior,0,108,0.7870687246322632,1.2918288707733154,95313.0,0.9892928600311279,30.72942352294922,0.0137711763381958,1.0043811798095703,2032.651123046875,-0.013111114501953125,0.996997594833374,162.13937377929688,0.003316521644592285,0.9524892568588257,0.020118409767746925,0.0910683274269104,0.9861215949058533,9.715605735778809,0.024608492851257324,0.9903203248977661,16.544034957885742,0.01831263303756714,22,605,0.3792814612388611
SLIM*MIX_oms_pat5_fn-full_extended_const-small_ints_tabpfn,0c72c85c-8099-11f1-b0d1-2c7ba0e6fa90,synthetic_prior,0,109,0.7870687246322632,1.598405122756958,47778.0,0.9892928600311279,30.72942352294922,0.0137711763381958,1.0043811798095703,2032.651123046875,-0.013111114501953125,0.996997594833374,162.13937377929688,0.003316521644592285,0.9524892568588257,0.020118409767746925,0.0910683274269104,0.9861215949058533,9.715605735778809,0.024608492851257324,0.9903203248977661,16.544034957885742,0.01831263303756714,22,605,0.3792814612388611
SLIM*MIX_oms_pat5_fn-full_extended_const-small_ints_tabpfn,0c72c85c-8099-11f1-b0d1-2c7ba0e6fa90,synthetic_prior,0,110,0.7870687246322632,1.6132550239562988,75013.0,0.9892928600311279,30.72942352294922,0.0137711763381958,1.0043811798095703,2032.651123046875,-0.013111114501953125,0.996997594833374,162.13937377929688,0.003316521644592285,0.9524892568588257,0.020118409767746925,0.0910683274269104,0.9861215949058533,9.715605735778809,0.024608492851257324,0.9903203248977661,16.544034957885742,0.01831263303756714,22,605,0.3792814612388611
SLIM*MIX_oms_pat5_fn-full_extended_const-small_ints_tabpfn,0c72c85c-8099-11f1-b0d1-2c7ba0e6fa90,synthetic_prior,0,111,0.7870687246322632,1.3393359184265137,95634.0,0.9892928600311279,30.72942352294922,0.0137711763381958,1.0043811798095703,2032.651123046875,-0.013111114501953125,0.996997594833374,162.13937377929688,0.003316521644592285,0.9524892568588257,0.020118409767746925,0.0910683274269104,0.9861215949058533,9.715605735778809,0.024608492851257324,0.9903203248977661,16.544034957885742,0.01831263303756714,22,605,0.3792814612388611
SLIM*MIX_oms_pat5_fn-full_extended_const-small_ints_tabpfn,0c72c85c-8099-11f1-b0d1-2c7ba0e6fa90,synthetic_prior,0,112,0.7870687246322632,1.5692837238311768,101672.0,0.9892928600311279,30.72942352294922,0.0137711763381958,1.0043811798095703,2032.651123046875,-0.013111114501953125,0.996997594833374,162.13937377929688,0.003316521644592285,0.9524892568588257,0.020118409767746925,0.0910683274269104,0.9861215949058533,9.715605735778809,0.024608492851257324,0.9903203248977661,16.544034957885742,0.01831263303756714,22,605,0.3792814612388611
SLIM*MIX_oms_pat5_fn-full_extended_const-small_ints_tabpfn,0c72c85c-8099-11f1-b0d1-2c7ba0e6fa90,synthetic_prior,0,113,0.7870687246322632,1.5302197933197021,101025.0,0.9892928600311279,30.72942352294922,0.0137711763381958,1.0043811798095703,2032.651123046875,-0.013111114501953125,0.996997594833374,162.13937377929688,0.003316521644592285,0.9524892568588257,0.020118409767746925,0.0910683274269104,0.9861215949058533,9.715605735778809,0.024608492851257324,0.9903203248977661,16.544034957885742,0.01831263303756714,22,605,0.3792814612388611
SLIM*MIX_oms_pat5_fn-full_extended_const-small_ints_tabpfn,0c72c85c-8099-11f1-b0d1-2c7ba0e6fa90,synthetic_prior,0,114,0.7870687246322632,1.2832508087158203,53714.0,0.9892928600311279,30.72942352294922,0.0137711763381958,1.0043811798095703,2032.651123046875,-0.013111114501953125,0.996997594833374,162.13937377929688,0.003316521644592285,0.9524892568588257,0.020118409767746925,0.0910683274269104,0.9861215949058533,9.715605735778809,0.024608492851257324,0.9903203248977661,16.544034957885742,0.01831263303756714,22,605,0.3792814612388611
SLIM*MIX_oms_pat5_fn-full_extended_const-small_ints_tabpfn,0c72c85c-8099-11f1-b0d1-2c7ba0e6fa90,synthetic_prior,0,115,0.7843800187110901,1.7355356216430664,79033.0,0.9881550073623657,30.69407844543457,0.016038596630096436,1.0073072910308838,2038.5728759765625,-0.019022583961486816,0.9984707832336426,162.37896728515625,0.0003688335418701172,0.941191554069519,0.01987978257238865,0.11250251531600952,0.9824408888816833,9.679342269897461,0.03187614679336548,0.9877278804779053,16.5007266998291,0.023445546627044678,24,625,0.38351500034332275
SLIM*MIX_oms_pat5_fn-full_extended_const-small_ints_tabpfn,0c72c85c-8099-11f1-b0d1-2c7ba0e6fa90,synthetic_prior,0,116,0.7843800187110901,1.8811540603637695,99581.0,0.9881550073623657,30.69407844543457,0.016038596630096436,1.0073072910308838,2038.5728759765625,-0.019022583961486816,0.9984707832336426,162.37896728515625,0.0003688335418701172,0.941191554069519,0.01987978257238865,0.11250251531600952,0.9824408888816833,9.679342269897461,0.03187614679336548,0.9877278804779053,16.5007266998291,0.023445546627044678,24,625,0.38351500034332275
SLIM*MIX_oms_pat5_fn-full_extended_const-small_ints_tabpfn,0c72c85c-8099-11f1-b0d1-2c7ba0e6fa90,synthetic_prior,0,117,0.7843800187110901,1.5362341403961182,105735.0,0.9881550073623657,30.69407844543457,0.016038596630096436,1.0073072910308838,2038.5728759765625,-0.019022583961486816,0.9984707832336426,162.37896728515625,0.0003688335418701172,0.941191554069519,0.01987978257238865,0.11250251531600952,0.9824408888816833,9.679342269897461,0.03187614679336548,0.9877278804779053,16.5007266998291,0.023445546627044678,24,625,0.38351500034332275
SLIM*MIX_oms_pat5_fn-full_extended_const-small_ints_tabpfn,0c72c85c-8099-11f1-b0d1-2c7ba0e6fa90,synthetic_prior,0,118,0.7843800187110901,1.1316018104553223,106948.0,0.9881550073623657,30.69407844543457,0.016038596630096436,1.0073072910308838,2038.5728759765625,-0.019022583961486816,0.9984707832336426,162.37896728515625,0.0003688335418701172,0.941191554069519,0.01987978257238865,0.11250251531600952,0.9824408888816833,9.679342269897461,0.03187614679336548,0.9877278804779053,16.5007266998291,0.023445546627044678,24,625,0.38351500034332275
SLIM*MIX_oms_pat5_fn-full_extended_const-small_ints_tabpfn,0c72c85c-8099-11f1-b0d1-2c7ba0e6fa90,synthetic_prior,0,119,0.7843800187110901,1.7324092388153076,104187.0,0.9881550073623657,30.69407844543457,0.016038596630096436,1.0073072910308838,2038.5728759765625,-0.019022583961486816,0.9984707832336426,162.37896728515625,0.0003688335418701172,0.941191554069519,0.01987978257238865,0.11250251531600952,0.9824408888816833,9.679342269897461,0.03187614679336548,0.9877278804779053,16.5007266998291,0.023445546627044678,24,625,0.38351500034332275
SLIM*MIX_oms_pat5_fn-full_extended_const-small_ints_tabpfn,0c72c85c-8099-11f1-b0d1-2c7ba0e6fa90,synthetic_prior,0,120,0.7843800187110901,1.5574889183044434,52797.0,0.9881550073623657,30.69407844543457,0.016038596630096436,1.0073072910308838,2038.5728759765625,-0.019022583961486816,0.9984707832336426,162.37896728515625,0.0003688335418701172,0.941191554069519,0.01987978257238865,0.11250251531600952,0.9824408888816833,9.679342269897461,0.03187614679336548,0.9877278804779053,16.5007266998291,0.023445546627044678,24,625,0.38351500034332275
SLIM*MIX_oms_pat5_fn-full_extended_const-small_ints_tabpfn,0c72c85c-8099-11f1-b0d1-2c7ba0e6fa90,synthetic_prior,0,121,0.7843551635742188,1.3124046325683594,77698.0,0.9881550073623657,30.69407844543457,0.016038596630096436,1.0073072910308838,2038.5728759765625,-0.019022583961486816,0.9984707832336426,162.37896728515625,0.0003688335418701172,0.941191554069519,0.01987978257238865,0.11250251531600952,0.9824408888816833,9.679342269897461,0.03187614679336548,0.9877278804779053,16.5007266998291,0.023445546627044678,23,586,0.3835541009902954
SLIM*MIX_oms_pat5_fn-full_extended_const-small_ints_tabpfn,0c72c85c-8099-11f1-b0d1-2c7ba0e6fa90,synthetic_prior,0,122,0.7843551635742188,1.859457015991211,99569.0,0.9881550073623657,30.69407844543457,0.016038596630096436,1.0073072910308838,2038.5728759765625,-0.019022583961486816,0.9984707832336426,162.37896728515625,0.0003688335418701172,0.941191554069519,0.01987978257238865,0.11250251531600952,0.9824408888816833,9.679342269897461,0.03187614679336548,0.9877278804779053,16.5007266998291,0.023445546627044678,23,586,0.3835541009902954
SLIM*MIX_oms_pat5_fn-full_extended_const-small_ints_tabpfn,0c72c85c-8099-11f1-b0d1-2c7ba0e6fa90,synthetic_prior,0,123,0.7842947840690613,1.9552924633026123,107089.0,0.9881829023361206,30.694944381713867,0.015982985496520996,1.0047430992126465,2033.3834228515625,-0.01384127140045166,0.9972572326660156,162.18161010742188,0.0027973055839538574,0.948255181312561,0.02002898044884205,0.09913128614425659,0.9845870137214661,9.70048713684082,0.027641892433166504,0.9891664981842041,16.524761199951172,0.020598769187927246,22,572,0.3836490511894226
SLIM*MIX_oms_pat5_fn-full_extended_const-small_ints_tabpfn,0c72c85c-8099-11f1-b0d1-2c7ba0e6fa90,synthetic_prior,0,124,0.7840063571929932,0.827401876449585,105351.0,0.9881883263587952,30.695112228393555,0.01597219705581665,1.0061019659042358,2036.133544921875,-0.016585350036621094,0.997774600982666,162.2657470703125,0.00176239013671875,0.942291796207428,0.019903020933270454,0.11042642593383789,0.9826188087463379,9.681095123291016,0.031525492668151855,0.9879332780838013,16.50415802001953,0.023039400577545166,26,658,0.3841022849082947
SLIM*MIX_oms_pat5_fn-full_extended_const-small_ints_tabpfn,0c72c85c-8099-11f1-b0d1-2c7ba0e6fa90,synthetic_prior,0,125,0.7829899787902832,1.8995871543884277,107127.0,0.9882650375366211,30.69749641418457,0.01581937074661255,1.0056229829788208,2035.164306640625,-0.015617728233337402,0.9975108504295349,162.22283935546875,0.0022901296615600586,0.9441261291503906,0.019941765815019608,0.10695964097976685,0.9831877946853638,9.686701774597168,0.030403494834899902,0.9882166981697083,16.508893966674805,0.022478759288787842,22,514,0.3856980800628662
SLIM*MIX_oms_pat5_fn-full_extended_const-small_ints_tabpfn,0c72c85c-8099-11f1-b0d1-2c7ba0e6fa90,synthetic_prior,0,126,0.7829899787902832,2.194735527038574,107534.0,0.9882650375366211,30.69749641418457,0.01581937074661255,1.0056229829788208,2035.164306640625,-0.015617728233337402,0.9975108504295349,162.22283935546875,0.0022901296615600586,0.9441261291503906,0.019941765815019608,0.10695964097976685,0.9831877946853638,9.686701774597168,0.030403494834899902,0.9882166981697083,16.508893966674805,0.022478759288787842,22,514,0.3856980800628662
SLIM*MIX_oms_pat5_fn-full_extended_const-small_ints_tabpfn,0c72c85c-8099-11f1-b0d1-2c7ba0e6fa90,synthetic_prior,0,127,0.7827555537223816,1.40928053855896,106202.0,0.9878893494606018,30.685827255249023,0.016567528247833252,1.0059449672698975,2035.8160400390625,-0.016268253326416016,0.9978439211845398,162.2770233154297,0.001623690128326416,0.9436135292053223,0.019930940121412277,0.1079290509223938,0.9830394983291626,9.685239791870117,0.03069603443145752,0.9880475401878357,16.506067276000977,0.022813379764556885,22,491,0.38606590032577515
SLIM*MIX_oms_pat5_fn-full_extended_const-small_ints_tabpfn,0c72c85c-8099-11f1-b0d1-2c7ba0e6fa90,synthetic_prior,0,128,0.7827555537223816,2.62772798538208,106626.0,0.9878893494606018,30.685827255249023,0.016567528247833252,1.0059449672698975,2035.8160400390625,-0.016268253326416016,0.9978439211845398,162.2770233154297,0.001623690128326416,0.9436135292053223,0.019930940121412277,0.1079290509223938,0.9830394983291626,9.685239791870117,0.03069603443145752,0.9880475401878357,16.506067276000977,0.022813379764556885,22,491,0.38606590032577515
SLIM*MIX_oms_pat5_fn-full_extended_const-small_ints_tabpfn,0c72c85c-8099-11f1-b0d1-2c7ba0e6fa90,synthetic_prior,0,129,0.7816572189331055,2.0746212005615234,106603.0,0.9879639744758606,30.688142776489258,0.016418933868408203,1.0056860446929932,2035.2918701171875,-0.015745162963867188,0.9976596236228943,162.24703979492188,0.001992464065551758,0.9445540308952332,0.019950805231928825,0.10614997148513794,0.9833141565322876,9.687946319580078,0.03015434741973877,0.9881995916366577,16.508607864379883,0.022512614727020264,21,544,0.3877875804901123
SLIM*MIX_oms_pat5_fn-full_extended_const-small_ints_tabpfn,0c72c85c-8099-11f1-b0d1-2c7ba0e6fa90,synthetic_prior,0,130,0.7816572189331055,2.1964828968048096,104717.0,0.9879639744758606,30.688142776489258,0.016418933868408203,1.0056860446929932,2035.2918701171875,-0.015745162963867188,0.9976596236228943,162.24703979492188,0.001992464065551758,0.9445540308952332,0.019950805231928825,0.10614997148513794,0.9833141565322876,9.687946319580078,0.03015434741973877,0.9881995916366577,16.508607864379883,0.022512614727020264,21,544,0.3877875804901123
SLIM*MIX_oms_pat5_fn-full_extended_const-small_ints_tabpfn,0c72c85c-8099-11f1-b0d1-2c7ba0e6fa90,synthetic_prior,0,131,0.7816572189331055,0.9530782699584961,103444.0,0.9879639744758606,30.688142776489258,0.016418933868408203,1.0056860446929932,2035.2918701171875,-0.015745162963867188,0.9976596236228943,162.24703979492188,0.001992464065551758,0.9445540308952332,0.019950805231928825,0.10614997148513794,0.9833141565322876,9.687946319580078,0.03015434741973877,0.9881995916366577,16.508607864379883,0.022512614727020264,21,544,0.3877875804901123
SLIM*MIX_oms_pat5_fn-full_extended_const-small_ints_tabpfn,0c72c85c-8099-11f1-b0d1-2c7ba0e6fa90,synthetic_prior,0,132,0.7811226844787598,1.011470079421997,99860.0,0.987944483757019,30.687538146972656,0.016457796096801758,1.005850911140442,2035.6253662109375,-0.01607811450958252,0.9977637529373169,162.26397705078125,0.0017841458320617676,0.9440446496009827,0.019940044730901718,0.10711371898651123,0.9832195043563843,9.687013626098633,0.030340969562530518,0.9880912899971008,16.506797790527344,0.022726833820343018,22,490,0.3886246085166931
SLIM*MIX_oms_pat5_fn-full_extended_const-small_ints_tabpfn,0c72c85c-8099-11f1-b0d1-2c7ba0e6fa90,synthetic_prior,0,133,0.7811226844787598,1.4202277660369873,99480.0,0.987944483757019,30.687538146972656,0.016457796096801758,1.005850911140442,2035.6253662109375,-0.01607811450958252,0.9977637529373169,162.26397705078125,0.0017841458320617676,0.9440446496009827,0.019940044730901718,0.10711371898651123,0.9832195043563843,9.687013626098633,0.030340969562530518,0.9880912899971008,16.506797790527344,0.022726833820343018,22,490,0.3886246085166931
SLIM*MIX_oms_pat5_fn-full_extended_const-small_ints_tabpfn,0c72c85c-8099-11f1-b0d1-2c7ba0e6fa90,synthetic_prior,0,134,0.7811108231544495,2.507153034210205,99665.0,0.9877462387084961,30.68138313293457,0.01685243844985962,1.0056136846542358,2035.1455078125,-0.01559901237487793,0.997758150100708,162.26307678222656,0.0017952919006347656,0.9453504085540771,0.01996762678027153,0.10464197397232056,0.9835429787635803,9.690200805664062,0.02970290184020996,0.9883159399032593,16.51055145263672,0.022282421588897705,23,505,0.38864314556121826
SLIM*MIX_oms_pat5_fn-full_extended_const-small_ints_tabpfn,0c72c85c-8099-11f1-b0d1-2c7ba0e6fa90,synthetic_prior,0,135,0.7811108231544495,2.4757468700408936,98419.0,0.9877462387084961,30.68138313293457,0.01685243844985962,1.0056136846542358,2035.1455078125,-0.01559901237487793,0.997758150100708,162.26307678222656,0.0017952919006347656,0.9453504085540771,0.01996762678027153,0.10464197397232056,0.9835429787635803,9.690200805664062,0.02970290184020996,0.9883159399032593,16.51055145263672,0.022282421588897705,23,505,0.38864314556121826
SLIM*MIX_oms_pat5_fn-full_extended_const-small_ints_tabpfn,0c72c85c-8099-11f1-b0d1-2c7ba0e6fa90,synthetic_prior,0,136,0.7809644937515259,1.6836986541748047,95278.0,0.987987756729126,30.68888282775879,0.016371607780456543,1.006503939628601,2036.9471435546875,-0.01739799976348877,0.9980705380439758,162.31387329101562,0.0011702179908752441,0.9418776035308838,0.019894273951649666,0.11120831966400146,0.9826564192771912,9.681466102600098,0.031451284885406494,0.9875932931900024,16.498477935791016,0.023711681365966797,22,488,0.3888722062110901
SLIM*MIX_oms_pat5_fn-full_extended_const-small_ints_tabpfn,0c72c85c-8099-11f1-b0d1-2c7ba0e6fa90,synthetic_prior,0,137,0.7809644937515259,1.1721739768981934,94052.0,0.987987756729126,30.68888282775879,0.016371607780456543,1.006503939628601,2036.9471435546875,-0.01739799976348877,0.9980705380439758,162.31387329101562,0.0011702179908752441,0.9418776035308838,0.019894273951649666,0.11120831966400146,0.9826564192771912,9.681466102600098,0.031451284885406494,0.9875932931900024,16.498477935791016,0.023711681365966797,22,488,0.3888722062110901
SLIM*MIX_oms_pat5_fn-full_extended_const-small_ints_tabpfn,0c72c85c-8099-11f1-b0d1-2c7ba0e6fa90,synthetic_prior,0,138,0.7809644937515259,2.109060525894165,93537.0,0.987987756729126,30.68888282775879,0.016371607780456543,1.006503939628601,2036.9471435546875,-0.01739799976348877,0.9980705380439758,162.31387329101562,0.0011702179908752441,0.9418776035308838,0.019894273951649666,0.11120831966400146,0.9826564192771912,9.681466102600098,0.031451284885406494,0.9875932931900024,16.498477935791016,0.023711681365966797,22,488,0.3888722062110901
SLIM*MIX_oms_pat5_fn-full_extended_const-small_ints_tabpfn,0c72c85c-8099-11f1-b0d1-2c7ba0e6fa90,synthetic_prior,0,139,0.7809644937515259,2.1564993858337402,92445.0,0.987987756729126,30.68888282775879,0.016371607780456543,1.006503939628601,2036.9471435546875,-0.01739799976348877,0.9980705380439758,162.31387329101562,0.0011702179908752441,0.9418776035308838,0.019894273951649666,0.11120831966400146,0.9826564192771912,9.681466102600098,0.031451284885406494,0.9875932931900024,16.498477935791016,0.023711681365966797,22,488,0.3888722062110901
SLIM*MIX_oms_pat5_fn-full_extended_const-small_ints_tabpfn,0c72c85c-8099-11f1-b0d1-2c7ba0e6fa90,synthetic_prior,0,140,0.7809644937515259,1.7992987632751465,93195.0,0.987987756729126,30.68888282775879,0.016371607780456543,1.006503939628601,2036.9471435546875,-0.01739799976348877,0.9980705380439758,162.31387329101562,0.0011702179908752441,0.9418776035308838,0.019894273951649666,0.11120831966400146,0.9826564192771912,9.681466102600098,0.031451284885406494,0.9875932931900024,16.498477935791016,0.023711681365966797,22,488,0.3888722062110901
SLIM*MIX_oms_pat5_fn-full_extended_const-small_ints_tabpfn,0c72c85c-8099-11f1-b0d1-2c7ba0e6fa90,synthetic_prior,0,141,0.7804351449012756,0.9045238494873047,93710.0,0.9877431392669678,30.681285858154297,0.01685863733291626,1.0056078433990479,2035.1336669921875,-0.015587210655212402,0.9977608919143677,162.26351928710938,0.001789867877960205,0.945392906665802,0.01996852271258831,0.10456156730651855,0.9835518002510071,9.690287590026855,0.029685556888580322,0.9883312582969666,16.51080894470215,0.022252023220062256,24,517,0.38970041275024414
SLIM*MIX_oms_pat5_fn-full_extended_const-small_ints_tabpfn,0c72c85c-8099-11f1-b0d1-2c7ba0e6fa90,synthetic_prior,0,142,0.7804351449012756,1.0700058937072754,93102.0,0.9877431392669678,30.681285858154297,0.01685863733291626,1.0056078433990479,2035.1336669921875,-0.015587210655212402,0.9977608919143677,162.26351928710938,0.001789867877960205,0.945392906665802,0.01996852271258831,0.10456156730651855,0.9835518002510071,9.690287590026855,0.029685556888580322,0.9883312582969666,16.51080894470215,0.022252023220062256,24,517,0.38970041275024414
SLIM*MIX_oms_pat5_fn-full_extended_const-small_ints_tabpfn,0c72c85c-8099-11f1-b0d1-2c7ba0e6fa90,synthetic_prior,0,143,0.7804351449012756,2.8501839637756348,92220.0,0.9877431392669678,30.681285858154297,0.01685863733291626,1.0056078433990479,2035.1336669921875,-0.015587210655212402,0.9977608919143677,162.26351928710938,0.001789867877960205,0.945392906665802,0.01996852271258831,0.10456156730651855,0.9835518002510071,9.690287590026855,0.029685556888580322,0.9883312582969666,16.51080894470215,0.022252023220062256,24,517,0.38970041275024414
SLIM*MIX_oms_pat5_fn-full_extended_const-small_ints_tabpfn,0c72c85c-8099-11f1-b0d1-2c7ba0e6fa90,synthetic_prior,0,144,0.7803299427032471,1.3466212749481201,92127.0,0.9872496724128723,30.665956497192383,0.017840683460235596,1.0052844285964966,2034.47900390625,-0.014934062957763672,0.9982145428657532,162.33729553222656,0.0008819103240966797,0.947372317314148,0.020010333508253098,0.10080796480178833,0.9842402935028076,9.697070121765137,0.02832663059234619,0.989208459854126,16.525461196899414,0.02051568031311035,25,530,0.3898649215698242
SLIM*MIX_oms_pat5_fn-full_extended_const-small_ints_tabpfn,0c72c85c-8099-11f1-b0d1-2c7ba0e6fa90,synthetic_prior,0,145,0.7798116207122803,2.994675397872925,91169.0,0.9881086349487305,30.692638397216797,0.01613086462020874,1.0058085918426514,2035.539794921875,-0.01599276065826416,0.9979299902915955,162.29100036621094,0.0014514923095703125,0.944267749786377,0.01994475908577442,0.10669165849685669,0.9832149147987366,9.686968803405762,0.030350029468536377,0.9879848957061768,16.505020141601562,0.022937238216400146,22,490,0.39067524671554565
SLIM*MIX_oms_pat5_fn-full_extended_const-small_ints_tabpfn,0c72c85c-8099-11f1-b0d1-2c7ba0e6fa90,synthetic_prior,0,146,0.7785648107528687,2.1448988914489746,91231.0,0.9881561398506165,30.694114685058594,0.016036272048950195,1.005995273590088,2035.917724609375,-0.01636981964111328,0.9980152249336243,162.30487060546875,0.0012809038162231445,0.943842351436615,0.01993577368557453,0.10749638080596924,0.982964813709259,9.684504508972168,0.03084331750869751,0.9879006147384644,16.503612518310547,0.02310389280319214,23,506,0.39262211322784424
SLIM*MIX_oms_pat5_fn-full_extended_const-small_ints_tabpfn,0c72c85c-8099-11f1-b0d1-2c7ba0e6fa90,synthetic_prior,0,147,0.7785648107528687,4.1608827114105225,91445.0,0.9881561398506165,30.694114685058594,0.016036272048950195,1.005995273590088,2035.917724609375,-0.01636981964111328,0.9980152249336243,162.30487060546875,0.0012809038162231445,0.943842351436615,0.01993577368557453,0.10749638080596924,0.982964813709259,9.684504508972168,0.03084331750869751,0.9879006147384644,16.503612518310547,0.02310389280319214,23,506,0.39262211322784424
SLIM*MIX_oms_pat5_fn-full_extended_const-small_ints_tabpfn,0c72c85c-8099-11f1-b0d1-2c7ba0e6fa90,synthetic_prior,0,148,0.7785648107528687,2.3327794075012207,91635.0,0.9881561398506165,30.694114685058594,0.016036272048950195,1.005995273590088,2035.917724609375,-0.01636981964111328,0.9980152249336243,162.30487060546875,0.0012809038162231445,0.943842351436615,0.01993577368557453,0.10749638080596924,0.982964813709259,9.684504508972168,0.03084331750869751,0.9879006147384644,16.503612518310547,0.02310389280319214,23,506,0.39262211322784424
SLIM*MIX_oms_pat5_fn-full_extended_const-small_ints_tabpfn,0c72c85c-8099-11f1-b0d1-2c7ba0e6fa90,synthetic_prior,0,149,0.7773264050483704,3.8480453491210938,93159.0,0.9880796074867249,30.691736221313477,0.016188740730285645,1.0053021907806396,2034.514892578125,-0.014969944953918457,0.9977779388427734,162.26629638671875,0.0017557144165039062,0.9464812874794006,0.01999151147902012,0.10249859094619751,0.9836980700492859,9.691728591918945,0.029396891593933105,0.9883657693862915,16.511383056640625,0.022183775901794434,24,520,0.39455270767211914
SLIM*MIX_oms_pat5_fn-full_extended_const-small_ints_tabpfn,0c72c85c-8099-11f1-b0d1-2c7ba0e6fa90,synthetic_prior,0,150,0.7773264050483704,3.099167823791504,94326.0,0.9880796074867249,30.691736221313477,0.016188740730285645,1.0053021907806396,2034.514892578125,-0.014969944953918457,0.9977779388427734,162.26629638671875,0.0017557144165039062,0.9464812874794006,0.01999151147902012,0.10249859094619751,0.9836980700492859,9.691728591918945,0.029396891593933105,0.9883657693862915,16.511383056640625,0.022183775901794434,24,520,0.39455270767211914
SLIM*MIX_oms_pat5_fn-full_extended_const-small_ints_tabpfn,0c72c85c-8099-11f1-b0d1-2c7ba0e6fa90,synthetic_prior,0,151,0.7773264050483704,3.961164712905884,93994.0,0.9880796074867249,30.691736221313477,0.016188740730285645,1.0053021907806396,2034.514892578125,-0.014969944953918457,0.9977779388427734,162.26629638671875,0.0017557144165039062,0.9464812874794006,0.01999151147902012,0.10249859094619751,0.9836980700492859,9.691728591918945,0.029396891593933105,0.9883657693862915,16.511383056640625,0.022183775901794434,24,520,0.39455270767211914
SLIM*MIX_oms_pat5_fn-full_extended_const-small_ints_tabpfn,0c72c85c-8099-11f1-b0d1-2c7ba0e6fa90,synthetic_prior,0,152,0.7773264050483704,2.4851479530334473,93976.0,0.9880796074867249,30.691736221313477,0.016188740730285645,1.0053021907806396,2034.514892578125,-0.014969944953918457,0.9977779388427734,162.26629638671875,0.0017557144165039062,0.9464812874794006,0.01999151147902012,0.10249859094619751,0.9836980700492859,9.691728591918945,0.029396891593933105,0.9883657693862915,16.511383056640625,0.022183775901794434,24,520,0.39455270767211914
SLIM*MIX_oms_pat5_fn-full_extended_const-small_ints_tabpfn,0c72c85c-8099-11f1-b0d1-2c7ba0e6fa90,synthetic_prior,0,153,0.7772858738899231,3.9554402828216553,96242.0,0.9880804419517517,30.691762924194336,0.016187071800231934,1.0053035020828247,2034.517578125,-0.014972567558288574,0.9977784752845764,162.26637268066406,0.0017547011375427246,0.946480393409729,0.019991492852568626,0.10250025987625122,0.9836986064910889,9.691733360290527,0.029395759105682373,0.988365650177002,16.51137924194336,0.02218407392501831,23,508,0.3946158289909363
SLIM*MIX_oms_pat5_fn-full_extended_const-small_ints_tabpfn,0c72c85c-8099-11f1-b0d1-2c7ba0e6fa90,synthetic_prior,0,154,0.7766832113265991,1.165090799331665,95322.0,0.9880859851837158,30.69193458557129,0.01617598533630371,1.0052299499511719,2034.36865234375,-0.01482391357421875,0.9977047443389893,162.25437927246094,0.0019022226333618164,0.9465318322181702,0.019992578774690628,0.10240274667739868,0.9839246869087219,9.693961143493652,0.0289495587348938,0.9884134531021118,16.51218032836914,0.022089362144470215,23,508,0.3955543041229248
SLIM*MIX_oms_pat5_fn-full_extended_const-small_ints_tabpfn,0c72c85c-8099-11f1-b0d1-2c7ba0e6fa90,synthetic_prior,0,155,0.7765517830848694,3.7199978828430176,95074.0,0.9880868792533875,30.69196128845215,0.01617419719696045,1.005231261253357,2034.37158203125,-0.014826536178588867,0.9977051615715027,162.25445556640625,0.0019013285636901855,0.9465309381484985,0.019992562010884285,0.10240447521209717,0.9839251637458801,9.693965911865234,0.028948664665222168,0.9884133338928223,16.512178421020508,0.022089660167694092,22,496,0.39575886726379395
SLIM*MIX_oms_pat5_fn-full_extended_const-small_ints_tabpfn,0c72c85c-8099-11f1-b0d1-2c7ba0e6fa90,synthetic_prior,0,156,0.7765517830848694,4.461348533630371,94856.0,0.9880868792533875,30.69196128845215,0.01617419719696045,1.005231261253357,2034.37158203125,-0.014826536178588867,0.9977051615715027,162.25445556640625,0.0019013285636901855,0.9465309381484985,0.019992562010884285,0.10240447521209717,0.9839251637458801,9.693965911865234,0.028948664665222168,0.9884133338928223,16.512178421020508,0.022089660167694092,22,496,0.39575886726379395
SLIM*MIX_oms_pat5_fn-full_extended_const-small_ints_tabpfn,0c72c85c-8099-11f1-b0d1-2c7ba0e6fa90,synthetic_prior,0,157,0.775905966758728,5.550308465957642,93949.0,0.9876220226287842,30.677522659301758,0.01709967851638794,1.0051120519638062,2034.130126953125,-0.01458585262298584,0.9976327419281006,162.24267578125,0.00204622745513916,0.9450754523277283,0.019961819052696228,0.10516279935836792,0.9832310676574707,9.687127113342285,0.030318260192871094,0.9881342053413391,16.507516860961914,0.02264183759689331,24,522,0.3967633843421936
SLIM*MIX_oms_pat5_fn-full_extended_const-small_ints_tabpfn,0c72c85c-8099-11f1-b0d1-2c7ba0e6fa90,synthetic_prior,0,158,0.775905966758728,2.7026941776275635,93560.0,0.9876220226287842,30.677522659301758,0.01709967851638794,1.0051120519638062,2034.130126953125,-0.01458585262298584,0.9976327419281006,162.24267578125,0.00204622745513916,0.9450754523277283,0.019961819052696228,0.10516279935836792,0.9832310676574707,9.687127113342285,0.030318260192871094,0.9881342053413391,16.507516860961914,0.02264183759689331,24,522,0.3967633843421936
SLIM*MIX_oms_pat5_fn-full_extended_const-small_ints_tabpfn,0c72c85c-8099-11f1-b0d1-2c7ba0e6fa90,synthetic_prior,0,159,0.775905966758728,3.1575324535369873,93762.0,0.9876220226287842,30.677522659301758,0.01709967851638794,1.0051120519638062,2034.130126953125,-0.01458585262298584,0.9976327419281006,162.24267578125,0.00204622745513916,0.9450754523277283,0.019961819052696228,0.10516279935836792,0.9832310676574707,9.687127113342285,0.030318260192871094,0.9881342053413391,16.507516860961914,0.02264183759689331,24,522,0.3967633843421936
SLIM*MIX_oms_pat5_fn-full_extended_const-small_ints_tabpfn,0c72c85c-8099-11f1-b0d1-2c7ba0e6fa90,synthetic_prior,0,160,0.775905966758728,5.803954124450684,92956.0,0.9876220226287842,30.677522659301758,0.01709967851638794,1.0051120519638062,2034.130126953125,-0.01458585262298584,0.9976327419281006,162.24267578125,0.00204622745513916,0.9450754523277283,0.019961819052696228,0.10516279935836792,0.9832310676574707,9.687127113342285,0.030318260192871094,0.9881342053413391,16.507516860961914,0.02264183759689331,24,522,0.3967633843421936
SLIM*MIX_oms_pat5_fn-full_extended_const-small_ints_tabpfn,0c72c85c-8099-11f1-b0d1-2c7ba0e6fa90,synthetic_prior,0,161,0.775905966758728,3.086293935775757,91818.0,0.9876220226287842,30.677522659301758,0.01709967851638794,1.0051120519638062,2034.130126953125,-0.01458585262298584,0.9976327419281006,162.24267578125,0.00204622745513916,0.9450754523277283,0.019961819052696228,0.10516279935836792,0.9832310676574707,9.687127113342285,0.030318260192871094,0.9881342053413391,16.507516860961914,0.02264183759689331,24,522,0.3967633843421936
SLIM*MIX_oms_pat5_fn-full_extended_const-small_ints_tabpfn,0c72c85c-8099-11f1-b0d1-2c7ba0e6fa90,synthetic_prior,0,162,0.775905966758728,5.0050671100616455,47531.0,0.9876220226287842,30.677522659301758,0.01709967851638794,1.0051120519638062,2034.130126953125,-0.01458585262298584,0.9976327419281006,162.24267578125,0.00204622745513916,0.9450754523277283,0.019961819052696228,0.10516279935836792,0.9832310676574707,9.687127113342285,0.030318260192871094,0.9881342053413391,16.507516860961914,0.02264183759689331,24,522,0.3967633843421936
SLIM*MIX_oms_pat5_fn-full_extended_const-small_ints_tabpfn,0c72c85c-8099-11f1-b0d1-2c7ba0e6fa90,synthetic_prior,0,163,0.775905966758728,2.9910356998443604,76932.0,0.9876220226287842,30.677522659301758,0.01709967851638794,1.0051120519638062,2034.130126953125,-0.01458585262298584,0.9976327419281006,162.24267578125,0.00204622745513916,0.9450754523277283,0.019961819052696228,0.10516279935836792,0.9832310676574707,9.687127113342285,0.030318260192871094,0.9881342053413391,16.507516860961914,0.02264183759689331,24,522,0.3967633843421936
SLIM*MIX_oms_pat5_fn-full_extended_const-small_ints_tabpfn,0c72c85c-8099-11f1-b0d1-2c7ba0e6fa90,synthetic_prior,0,164,0.775905966758728,3.2416365146636963,90989.0,0.9876220226287842,30.677522659301758,0.01709967851638794,1.0051120519638062,2034.130126953125,-0.01458585262298584,0.9976327419281006,162.24267578125,0.00204622745513916,0.9450754523277283,0.019961819052696228,0.10516279935836792,0.9832310676574707,9.687127113342285,0.030318260192871094,0.9881342053413391,16.507516860961914,0.02264183759689331,24,522,0.3967633843421936
SLIM*MIX_oms_pat5_fn-full_extended_const-small_ints_tabpfn,0c72c85c-8099-11f1-b0d1-2c7ba0e6fa90,synthetic_prior,0,165,0.775905966758728,5.1816565990448,95516.0,0.9876220226287842,30.677522659301758,0.01709967851638794,1.0051120519638062,2034.130126953125,-0.01458585262298584,0.9976327419281006,162.24267578125,0.00204622745513916,0.9450754523277283,0.019961819052696228,0.10516279935836792,0.9832310676574707,9.687127113342285,0.030318260192871094,0.9881342053413391,16.507516860961914,0.02264183759689331,24,522,0.3967633843421936
SLIM*MIX_oms_pat5_fn-full_extended_const-small_ints_tabpfn,0c72c85c-8099-11f1-b0d1-2c7ba0e6fa90,synthetic_prior,0,166,0.775905966758728,2.955288887023926,97147.0,0.9876220226287842,30.677522659301758,0.01709967851638794,1.0051120519638062,2034.130126953125,-0.01458585262298584,0.9976327419281006,162.24267578125,0.00204622745513916,0.9450754523277283,0.019961819052696228,0.10516279935836792,0.9832310676574707,9.687127113342285,0.030318260192871094,0.9881342053413391,16.507516860961914,0.02264183759689331,24,522,0.3967633843421936
SLIM*MIX_oms_pat5_fn-full_extended_const-small_ints_tabpfn,0c72c85c-8099-11f1-b0d1-2c7ba0e6fa90,synthetic_prior,0,167,0.775905966758728,3.779695987701416,49054.0,0.9876220226287842,30.677522659301758,0.01709967851638794,1.0051120519638062,2034.130126953125,-0.01458585262298584,0.9976327419281006,162.24267578125,0.00204622745513916,0.9450754523277283,0.019961819052696228,0.10516279935836792,0.9832310676574707,9.687127113342285,0.030318260192871094,0.9881342053413391,16.507516860961914,0.02264183759689331,24,522,0.3967633843421936
SLIM*MIX_oms_pat5_fn-full_extended_const-small_ints_tabpfn,0c72c85c-8099-11f1-b0d1-2c7ba0e6fa90,synthetic_prior,0,168,0.775905966758728,3.8034608364105225,78064.0,0.9876220226287842,30.677522659301758,0.01709967851638794,1.0051120519638062,2034.130126953125,-0.01458585262298584,0.9976327419281006,162.24267578125,0.00204622745513916,0.9450754523277283,0.019961819052696228,0.10516279935836792,0.9832310676574707,9.687127113342285,0.030318260192871094,0.9881342053413391,16.507516860961914,0.02264183759689331,24,522,0.3967633843421936
SLIM*MIX_oms_pat5_fn-full_extended_const-small_ints_tabpfn,0c72c85c-8099-11f1-b0d1-2c7ba0e6fa90,synthetic_prior,0,169,0.775905966758728,2.1373941898345947,95058.0,0.9876220226287842,30.677522659301758,0.01709967851638794,1.0051120519638062,2034.130126953125,-0.01458585262298584,0.9976327419281006,162.24267578125,0.00204622745513916,0.9450754523277283,0.019961819052696228,0.10516279935836792,0.9832310676574707,9.687127113342285,0.030318260192871094,0.9881342053413391,16.507516860961914,0.02264183759689331,24,522,0.3967633843421936
SLIM*MIX_oms_pat5_fn-full_extended_const-small_ints_tabpfn,0c72c85c-8099-11f1-b0d1-2c7ba0e6fa90,synthetic_prior,0,170,0.775905966758728,4.707865238189697,95994.0,0.9876220226287842,30.677522659301758,0.01709967851638794,1.0051120519638062,2034.130126953125,-0.01458585262298584,0.9976327419281006,162.24267578125,0.00204622745513916,0.9450754523277283,0.019961819052696228,0.10516279935836792,0.9832310676574707,9.687127113342285,0.030318260192871094,0.9881342053413391,16.507516860961914,0.02264183759689331,24,522,0.3967633843421936
SLIM*MIX_oms_pat5_fn-full_extended_const-small_ints_tabpfn,0c72c85c-8099-11f1-b0d1-2c7ba0e6fa90,synthetic_prior,0,171,0.7748965620994568,3.5170536041259766,94465.0,0.9875131845474243,30.67414093017578,0.01731640100479126,1.005692720413208,2035.30517578125,-0.015758514404296875,0.997818112373352,162.27281188964844,0.001675426959991455,0.943129301071167,0.01992071233689785,0.10884439945220947,0.9830800890922546,9.685640335083008,0.030615925788879395,0.9878190159797668,16.50225067138672,0.023265361785888672,25,536,0.39833199977874756
SLIM*MIX_oms_pat5_fn-full_extended_const-small_ints_tabpfn,0c72c85c-8099-11f1-b0d1-2c7ba0e6fa90,synthetic_prior,0,172,0.7748965620994568,4.338703155517578,95652.0,0.9875131845474243,30.67414093017578,0.01731640100479126,1.005692720413208,2035.30517578125,-0.015758514404296875,0.997818112373352,162.27281188964844,0.001675426959991455,0.943129301071167,0.01992071233689785,0.10884439945220947,0.9830800890922546,9.685640335083008,0.030615925788879395,0.9878190159797668,16.50225067138672,0.023265361785888672,25,536,0.39833199977874756
SLIM*MIX_oms_pat5_fn-full_extended_const-small_ints_tabpfn,0c72c85c-8099-11f1-b0d1-2c7ba0e6fa90,synthetic_prior,0,173,0.7748965620994568,4.530211687088013,96170.0,0.9875131845474243,30.67414093017578,0.01731640100479126,1.005692720413208,2035.30517578125,-0.015758514404296875,0.997818112373352,162.27281188964844,0.001675426959991455,0.943129301071167,0.01992071233689785,0.10884439945220947,0.9830800890922546,9.685640335083008,0.030615925788879395,0.9878190159797668,16.50225067138672,0.023265361785888672,25,536,0.39833199977874756
SLIM*MIX_oms_pat5_fn-full_extended_const-small_ints_tabpfn,0c72c85c-8099-11f1-b0d1-2c7ba0e6fa90,synthetic_prior,0,174,0.7748965620994568,4.5675048828125,95684.0,0.9875131845474243,30.67414093017578,0.01731640100479126,1.005692720413208,2035.30517578125,-0.015758514404296875,0.997818112373352,162.27281188964844,0.001675426959991455,0.943129301071167,0.01992071233689785,0.10884439945220947,0.9830800890922546,9.685640335083008,0.030615925788879395,0.9878190159797668,16.50225067138672,0.023265361785888672,25,536,0.39833199977874756
SLIM*MIX_oms_pat5_fn-full_extended_const-small_ints_tabpfn,0c72c85c-8099-11f1-b0d1-2c7ba0e6fa90,synthetic_prior,0,175,0.7748965620994568,3.3846752643585205,94905.0,0.9875131845474243,30.67414093017578,0.01731640100479126,1.005692720413208,2035.30517578125,-0.015758514404296875,0.997818112373352,162.27281188964844,0.001675426959991455,0.943129301071167,0.01992071233689785,0.10884439945220947,0.9830800890922546,9.685640335083008,0.030615925788879395,0.9878190159797668,16.50225067138672,0.023265361785888672,25,536,0.39833199977874756
SLIM*MIX_oms_pat5_fn-full_extended_const-small_ints_tabpfn,0c72c85c-8099-11f1-b0d1-2c7ba0e6fa90,synthetic_prior,0,176,0.7748965620994568,3.810067653656006,48188.0,0.9875131845474243,30.67414093017578,0.01731640100479126,1.005692720413208,2035.30517578125,-0.015758514404296875,0.997818112373352,162.27281188964844,0.001675426959991455,0.943129301071167,0.01992071233689785,0.10884439945220947,0.9830800890922546,9.685640335083008,0.030615925788879395,0.9878190159797668,16.50225067138672,0.023265361785888672,25,536,0.39833199977874756
SLIM*MIX_oms_pat5_fn-full_extended_const-small_ints_tabpfn,0c72c85c-8099-11f1-b0d1-2c7ba0e6fa90,synthetic_prior,0,177,0.7748965620994568,4.112764835357666,75861.0,0.9875131845474243,30.67414093017578,0.01731640100479126,1.005692720413208,2035.30517578125,-0.015758514404296875,0.997818112373352,162.27281188964844,0.001675426959991455,0.943129301071167,0.01992071233689785,0.10884439945220947,0.9830800890922546,9.685640335083008,0.030615925788879395,0.9878190159797668,16.50225067138672,0.023265361785888672,25,536,0.39833199977874756
SLIM*MIX_oms_pat5_fn-full_extended_const-small_ints_tabpfn,0c72c85c-8099-11f1-b0d1-2c7ba0e6fa90,synthetic_prior,0,178,0.7748965620994568,2.546565294265747,92519.0,0.9875131845474243,30.67414093017578,0.01731640100479126,1.005692720413208,2035.30517578125,-0.015758514404296875,0.997818112373352,162.27281188964844,0.001675426959991455,0.943129301071167,0.01992071233689785,0.10884439945220947,0.9830800890922546,9.685640335083008,0.030615925788879395,0.9878190159797668,16.50225067138672,0.023265361785888672,25,536,0.39833199977874756
SLIM*MIX_oms_pat5_fn-full_extended_const-small_ints_tabpfn,0c72c85c-8099-11f1-b0d1-2c7ba0e6fa90,synthetic_prior,0,179,0.7748965620994568,5.947990417480469,99020.0,0.9875131845474243,30.67414093017578,0.01731640100479126,1.005692720413208,2035.30517578125,-0.015758514404296875,0.997818112373352,162.27281188964844,0.001675426959991455,0.943129301071167,0.01992071233689785,0.10884439945220947,0.9830800890922546,9.685640335083008,0.030615925788879395,0.9878190159797668,16.50225067138672,0.023265361785888672,25,536,0.39833199977874756
SLIM*MIX_oms_pat5_fn-full_extended_const-small_ints_tabpfn,0c72c85c-8099-11f1-b0d1-2c7ba0e6fa90,synthetic_prior,0,180,0.7744895815849304,4.773703575134277,99575.0,0.9875139594078064,30.674165725708008,0.01731473207473755,1.0056942701339722,2035.308349609375,-0.015761494636535645,0.997818648815155,162.2729034423828,0.0016742944717407227,0.9431284070014954,0.01992069184780121,0.10884612798690796,0.9830806851387024,9.68564510345459,0.030614793300628662,0.9878188371658325,16.502246856689453,0.02326565980911255,24,524,0.3989638090133667
SLIM*MIX_oms_pat5_fn-full_extended_const-small_ints_tabpfn,0c72c85c-8099-11f1-b0d1-2c7ba0e6fa90,synthetic_prior,0,181,0.7744895815849304,4.316927671432495,98951.0,0.9875139594078064,30.674165725708008,0.01731473207473755,1.0056942701339722,2035.308349609375,-0.015761494636535645,0.997818648815155,162.2729034423828,0.0016742944717407227,0.9431284070014954,0.01992069184780121,0.10884612798690796,0.9830806851387024,9.68564510345459,0.030614793300628662,0.9878188371658325,16.502246856689453,0.02326565980911255,24,524,0.3989638090133667
SLIM*MIX_oms_pat5_fn-full_extended_const-small_ints_tabpfn,0c72c85c-8099-11f1-b0d1-2c7ba0e6fa90,synthetic_prior,0,182,0.7740980982780457,5.478189945220947,101153.0,0.9878965616226196,30.686050415039062,0.016553223133087158,1.0060063600540161,2035.9400634765625,-0.016392230987548828,0.997653603553772,162.24606323242188,0.0020044445991516113,0.94148850440979,0.01988605596125126,0.11194247007369995,0.9826682806015015,9.681583404541016,0.03142791986465454,0.9876187443733215,16.498903274536133,0.023661375045776367,26,546,0.3995712399482727
SLIM*MIX_oms_pat5_fn-full_extended_const-small_ints_tabpfn,0c72c85c-8099-11f1-b0d1-2c7ba0e6fa90,synthetic_prior,0,183,0.7738345861434937,2.6863534450531006,101206.0,0.9879065155982971,30.686359405517578,0.016533374786376953,1.0041605234146118,2032.2044677734375,-0.012665867805480957,0.9968435168266296,162.11431884765625,0.0036246180534362793,0.9471723437309265,0.020006107166409492,0.10118758678436279,0.9841137528419495,9.695823669433594,0.028576433658599854,0.9886282086372375,16.51576805114746,0.02166438102722168,25,530,0.39997994899749756
SLIM*MIX_oms_pat5_fn-full_extended_const-small_ints_tabpfn,0c72c85c-8099-11f1-b0d1-2c7ba0e6fa90,synthetic_prior,0,184,0.7738345861434937,3.2867634296417236,100077.0,0.9879065155982971,30.686359405517578,0.016533374786376953,1.0041605234146118,2032.2044677734375,-0.012665867805480957,0.9968435168266296,162.11431884765625,0.0036246180534362793,0.9471723437309265,0.020006107166409492,0.10118758678436279,0.9841137528419495,9.695823669433594,0.028576433658599854,0.9886282086372375,16.51576805114746,0.02166438102722168,25,530,0.39997994899749756
SLIM*MIX_oms_pat5_fn-full_extended_const-small_ints_tabpfn,0c72c85c-8099-11f1-b0d1-2c7ba0e6fa90,synthetic_prior,0,185,0.7738345861434937,3.128221273422241,99259.0,0.9879065155982971,30.686359405517578,0.016533374786376953,1.0041605234146118,2032.2044677734375,-0.012665867805480957,0.9968435168266296,162.11431884765625,0.0036246180534362793,0.9471723437309265,0.020006107166409492,0.10118758678436279,0.9841137528419495,9.695823669433594,0.028576433658599854,0.9886282086372375,16.51576805114746,0.02166438102722168,25,530,0.39997994899749756
SLIM*MIX_oms_pat5_fn-full_extended_const-small_ints_tabpfn,0c72c85c-8099-11f1-b0d1-2c7ba0e6fa90,synthetic_prior,0,186,0.773503303527832,2.5019633769989014,98619.0,0.9879000782966614,30.686161041259766,0.016546189785003662,1.0041550397872925,2032.193359375,-0.012654781341552734,0.9968423247337341,162.1141357421875,0.003626883029937744,0.9471772909164429,0.020006213337183,0.10117816925048828,0.9841150641441345,9.695836067199707,0.028573811054229736,0.9886285066604614,16.51577377319336,0.0216638445854187,26,546,0.4004936218261719
SLIM*MIX_oms_pat5_fn-full_extended_const-small_ints_tabpfn,0c72c85c-8099-11f1-b0d1-2c7ba0e6fa90,synthetic_prior,0,187,0.773503303527832,3.051529884338379,100070.0,0.9879000782966614,30.686161041259766,0.016546189785003662,1.0041550397872925,2032.193359375,-0.012654781341552734,0.9968423247337341,162.1141357421875,0.003626883029937744,0.9471772909164429,0.020006213337183,0.10117816925048828,0.9841150641441345,9.695836067199707,0.028573811054229736,0.9886285066604614,16.51577377319336,0.0216638445854187,26,546,0.4004936218261719
SLIM*MIX_oms_pat5_fn-full_extended_const-small_ints_tabpfn,0c72c85c-8099-11f1-b0d1-2c7ba0e6fa90,synthetic_prior,0,188,0.773503303527832,2.6525306701660156,98956.0,0.9879000782966614,30.686161041259766,0.016546189785003662,1.0041550397872925,2032.193359375,-0.012654781341552734,0.9968423247337341,162.1141357421875,0.003626883029937744,0.9471772909164429,0.020006213337183,0.10117816925048828,0.9841150641441345,9.695836067199707,0.028573811054229736,0.9886285066604614,16.51577377319336,0.0216638445854187,26,546,0.4004936218261719
SLIM*MIX_oms_pat5_fn-full_extended_const-small_ints_tabpfn,0c72c85c-8099-11f1-b0d1-2c7ba0e6fa90,synthetic_prior,0,189,0.7734578251838684,2.2848713397979736,99975.0,0.9878419637680054,30.684354782104492,0.01666182279586792,1.0046073198318481,2033.108642578125,-0.013567209243774414,0.9969428181648254,162.13047790527344,0.0034260153770446777,0.9452574253082275,0.01996566168963909,0.10481816530227661,0.9835681319236755,9.690448760986328,0.02965325117111206,0.9883086085319519,16.510427474975586,0.02229684591293335,28,573,0.40056413412094116
SLIM*MIX_oms_pat5_fn-full_extended_const-small_ints_tabpfn,0c72c85c-8099-11f1-b0d1-2c7ba0e6fa90,synthetic_prior,0,190,0.7734021544456482,2.7848854064941406,99036.0,0.9879007935523987,30.686182022094727,0.016544759273529053,1.004156231880188,2032.1956787109375,-0.0126570463180542,0.9968427419662476,162.11419677734375,0.003626108169555664,0.947176456451416,0.020006192848086357,0.10117977857589722,0.984115481376648,9.695840835571289,0.02857297658920288,0.9886283874511719,16.515769958496094,0.021664083003997803,25,534,0.4006504416465759
SLIM*MIX_oms_pat5_fn-full_extended_const-small_ints_tabpfn,0c72c85c-8099-11f1-b0d1-2c7ba0e6fa90,synthetic_prior,0,191,0.7734021544456482,2.6757988929748535,98882.0,0.9879007935523987,30.686182022094727,0.016544759273529053,1.004156231880188,2032.1956787109375,-0.0126570463180542,0.9968427419662476,162.11419677734375,0.003626108169555664,0.947176456451416,0.020006192848086357,0.10117977857589722,0.984115481376648,9.695840835571289,0.02857297658920288,0.9886283874511719,16.515769958496094,0.021664083003997803,25,534,0.4006504416465759
SLIM*MIX_oms_pat5_fn-full_extended_const-small_ints_tabpfn,0c72c85c-8099-11f1-b0d1-2c7ba0e6fa90,synthetic_prior,0,192,0.7734021544456482,1.4534425735473633,98833.0,0.9879007935523987,30.686182022094727,0.016544759273529053,1.004156231880188,2032.1956787109375,-0.0126570463180542,0.9968427419662476,162.11419677734375,0.003626108169555664,0.947176456451416,0.020006192848086357,0.10117977857589722,0.984115481376648,9.695840835571289,0.02857297658920288,0.9886283874511719,16.515769958496094,0.021664083003997803,25,534,0.4006504416465759
SLIM*MIX_oms_pat5_fn-full_extended_const-small_ints_tabpfn,0c72c85c-8099-11f1-b0d1-2c7ba0e6fa90,synthetic_prior,0,193,0.7734021544456482,1.8791117668151855,98854.0,0.9879007935523987,30.686182022094727,0.016544759273529053,1.004156231880188,2032.1956787109375,-0.0126570463180542,0.9968427419662476,162.11419677734375,0.003626108169555664,0.947176456451416,0.020006192848086357,0.10117977857589722,0.984115481376648,9.695840835571289,0.02857297658920288,0.9886283874511719,16.515769958496094,0.021664083003997803,25,534,0.4006504416465759
SLIM*MIX_oms_pat5_fn-full_extended_const-small_ints_tabpfn,0c72c85c-8099-11f1-b0d1-2c7ba0e6fa90,synthetic_prior,0,194,0.7733719348907471,2.070805072784424,99510.0,0.9878427386283875,30.68437957763672,0.01666039228439331,1.0046086311340332,2033.111328125,-0.013569831848144531,0.9969432353973389,162.1305389404297,0.003425300121307373,0.9452565312385559,0.0199656430631876,0.10481983423233032,0.9835687279701233,9.69045352935791,0.029652118682861328,0.9883084297180176,16.510425567626953,0.022297203540802002,27,561,0.4006972312927246
SLIM*MIX_oms_pat5_fn-full_extended_const-small_ints_tabpfn,0c72c85c-8099-11f1-b0d1-2c7ba0e6fa90,synthetic_prior,0,195,0.7732812166213989,1.6525657176971436,99812.0,0.9878944754600525,30.685983657836914,0.016557395458221436,1.0039737224578857,2031.826416015625,-0.012289166450500488,0.9967743754386902,162.1030731201172,0.0037627816200256348,0.9479511976242065,0.0200225580483675,0.09970873594284058,0.9843348264694214,9.698002815246582,0.028139829635620117,0.9887540340423584,16.51786994934082,0.02141547203063965,28,573,0.400837779045105
SLIM*MIX_oms_pat5_fn-full_extended_const-small_ints_tabpfn,0c72c85c-8099-11f1-b0d1-2c7ba0e6fa90,synthetic_prior,0,196,0.7730339765548706,2.6414504051208496,99284.0,0.9877620339393616,30.68187141418457,0.01682102680206299,1.0050990581512451,2034.103759765625,-0.014559745788574219,0.9970861077308655,162.1537628173828,0.0031396150588989258,0.943439245223999,0.019927257671952248,0.10825860500335693,0.9829860329627991,9.684712409973145,0.03080153465270996,0.9879019856452942,16.50363540649414,0.02310127019882202,27,569,0.4012209177017212
SLIM*MIX_oms_pat5_fn-full_extended_const-small_ints_tabpfn,0c72c85c-8099-11f1-b0d1-2c7ba0e6fa90,synthetic_prior,0,197,0.7730339765548706,3.734325647354126,100749.0,0.9877620339393616,30.68187141418457,0.01682102680206299,1.0050990581512451,2034.103759765625,-0.014559745788574219,0.9970861077308655,162.1537628173828,0.0031396150588989258,0.943439245223999,0.019927257671952248,0.10825860500335693,0.9829860329627991,9.684712409973145,0.03080153465270996,0.9879019856452942,16.50363540649414,0.02310127019882202,27,569,0.4012209177017212
SLIM*MIX_oms_pat5_fn-full_extended_const-small_ints_tabpfn,0c72c85c-8099-11f1-b0d1-2c7ba0e6fa90,synthetic_prior,0,198,0.7730339765548706,3.7941203117370605,101408.0,0.9877620339393616,30.68187141418457,0.01682102680206299,1.0050990581512451,2034.103759765625,-0.014559745788574219,0.9970861077308655,162.1537628173828,0.0031396150588989258,0.943439245223999,0.019927257671952248,0.10825860500335693,0.9829860329627991,9.684712409973145,0.03080153465270996,0.9879019856452942,16.50363540649414,0.02310127019882202,27,569,0.4012209177017212
SLIM*MIX_oms_pat5_fn-full_extended_const-small_ints_tabpfn,0c72c85c-8099-11f1-b0d1-2c7ba0e6fa90,synthetic_prior,0,199,0.7730339765548706,3.939438819885254,102236.0,0.9877620339393616,30.68187141418457,0.01682102680206299,1.0050990581512451,2034.103759765625,-0.014559745788574219,0.9970861077308655,162.1537628173828,0.0031396150588989258,0.943439245223999,0.019927257671952248,0.10825860500335693,0.9829860329627991,9.684712409973145,0.03080153465270996,0.9879019856452942,16.50363540649414,0.02310127019882202,27,569,0.4012209177017212
SLIM*MIX_oms_pat5_fn-full_extended_const-small_ints_tabpfn,0c72c85c-8099-11f1-b0d1-2c7ba0e6fa90,synthetic_prior,0,200,0.7730339765548706,1.9184887409210205,101984.0,0.9877620339393616,30.68187141418457,0.01682102680206299,1.0050990581512451,2034.103759765625,-0.014559745788574219,0.9970861077308655,162.1537628173828,0.0031396150588989258,0.943439245223999,0.019927257671952248,0.10825860500335693,0.9829860329627991,9.684712409973145,0.03080153465270996,0.9879019856452942,16.50363540649414,0.02310127019882202,27,569,0.4012209177017212
