SLIM*MIX_oms_pat5_fn-full_extended_const-small_ints_raw,dd1681e3-7f95-11f1-88f9-2c7ba0e6fa90,synthetic_prior,0,0,1.0089174509048462,55.33139729499817,889.0,1.0061218738555908,31.252166748046875,-0.02006816864013672,1.007790446281433,2039.5506591796875,-0.020000457763671875,1.008576512336731,164.0224609375,-0.019968509674072266,1.0089842081069946,0.021311694756150246,-0.019952058792114258,1.0084069967269897,9.935168266296387,-0.01997542381286621,1.009427547454834,16.863237380981445,-0.01993417739868164,1,2,-0.019954442977905273
SLIM*MIX_oms_pat5_fn-full_extended_const-small_ints_raw,dd1681e3-7f95-11f1-88f9-2c7ba0e6fa90,synthetic_prior,0,1,1.0013415813446045,0.20573997497558594,2401.0,0.9968017935752869,30.962665557861328,-0.0012569427490234375,0.9952297806739807,2014.1307373046875,0.005266785621643066,1.000643014907837,162.73223876953125,-0.003985285758972168,1.0048929452896118,0.021225277334451675,-0.01169741153717041,0.972912609577179,9.585466384887695,0.0505639910697937,1.0052566528320312,16.793556213378906,-0.011522889137268066,2,15,-0.004694461822509766
SLIM*MIX_oms_pat5_fn-full_extended_const-small_ints_raw,dd1681e3-7f95-11f1-88f9-2c7ba0e6fa90,synthetic_prior,0,2,0.9989995360374451,0.10965967178344727,3003.0,0.9961758852005005,30.94322395324707,0.0,0.9978610873222351,2019.45556640625,-1.1920928955078125e-07,0.9986550211906433,162.40892028808594,0.0,0.9990666508674622,0.021102217957377434,0.0,0.9984836578369141,9.837401390075684,0.0,0.9995144605636597,16.6976318359375,0.0,2,14,0.0
SLIM*MIX_oms_pat5_fn-full_extended_const-small_ints_raw,dd1681e3-7f95-11f1-88f9-2c7ba0e6fa90,synthetic_prior,0,3,0.9989995360374451,0.10581707954406738,4260.0,0.9961758852005005,30.94322395324707,0.0,0.9978610873222351,2019.45556640625,-1.1920928955078125e-07,0.9986550211906433,162.40892028808594,0.0,0.9990666508674622,0.021102217957377434,0.0,0.9984836578369141,9.837401390075684,0.0,0.9995144605636597,16.6976318359375,0.0,2,14,0.0
SLIM*MIX_oms_pat5_fn-full_extended_const-small_ints_raw,dd1681e3-7f95-11f1-88f9-2c7ba0e6fa90,synthetic_prior,0,4,0.9989852905273438,0.09536290168762207,5490.0,0.9992507696151733,31.038734436035156,-0.00618290901184082,0.9980002045631409,2019.7374267578125,-0.0002790689468383789,1.0006450414657593,162.73255920410156,-0.0039893388748168945,1.0022951364517212,0.02117040939629078,-0.006473541259765625,1.0078178644180298,9.929365158081055,-0.018784165382385254,0.9987430572509766,16.684743881225586,0.0015429258346557617,5,62,2.8431415557861328e-05
SLIM*MIX_oms_pat5_fn-full_extended_const-small_ints_raw,dd1681e3-7f95-11f1-88f9-2c7ba0e6fa90,synthetic_prior,0,5,0.9989380836486816,0.11130738258361816,7035.0,0.9978778958320618,30.996089935302734,-0.0034199953079223633,0.9972124695777893,2018.1431884765625,0.001299440860748291,1.0000157356262207,162.63021850585938,-0.002727031707763672,1.0004074573516846,0.021130535751581192,-0.0026859045028686523,1.0107530355453491,9.958282470703125,-0.02472686767578125,0.9988409876823425,16.686378479003906,0.001347184181213379,6,77,0.00012302398681640625
SLIM*MIX_oms_pat5_fn-full_extended_const-small_ints_raw,dd1681e3-7f95-11f1-88f9-2c7ba0e6fa90,synthetic_prior,0,6,0.9988795518875122,1.1898417472839355,8329.0,0.9977033138275146,30.99066925048828,-0.0030689239501953125,0.9987598061561584,2021.274658203125,-0.001802206039428711,0.999919593334198,162.6145782470703,-0.002534151077270508,1.0021883249282837,0.02116815187036991,-0.006258845329284668,1.0080965757369995,9.932110786437988,-0.019347667694091797,0.998460054397583,16.680015563964844,0.002108752727508545,3,40,0.00024008750915527344
SLIM*MIX_oms_pat5_fn-full_extended_const-small_ints_raw,dd1681e3-7f95-11f1-88f9-2c7ba0e6fa90,synthetic_prior,0,7,0.9988574385643005,0.12040972709655762,10145.0,0.9973969459533691,30.981151580810547,-0.002452850341796875,0.9988742470741272,2021.5062255859375,-0.0020318031311035156,0.9994698762893677,162.54144287109375,-0.0016325712203979492,0.9999181628227234,0.02112020179629326,-0.0017052888870239258,1.0019363164901733,9.871417999267578,-0.0069277286529541016,0.9964496493339539,16.64643096923828,0.006123185157775879,4,55,0.00028443336486816406
SLIM*MIX_oms_pat5_fn-full_extended_const-small_ints_raw,dd1681e3-7f95-11f1-88f9-2c7ba0e6fa90,synthetic_prior,0,8,0.998819887638092,0.09462904930114746,12949.0,0.9975154995918274,30.984834671020508,-0.0026912689208984375,0.9970625638961792,2017.83984375,0.0015996694564819336,1.000099778175354,162.64389038085938,-0.0028955936431884766,1.0003259181976318,0.021128812804818153,-0.0025223493576049805,1.0111455917358398,9.962150573730469,-0.025523066520690918,0.9995754957199097,16.698650360107422,-0.00012218952178955078,7,93,0.00035959482192993164
SLIM*MIX_oms_pat5_fn-full_extended_const-small_ints_raw,dd1681e3-7f95-11f1-88f9-2c7ba0e6fa90,synthetic_prior,0,9,0.9987627863883972,0.11710929870605469,14427.0,0.9984290599822998,31.013208389282227,-0.004528641700744629,0.9973383545875549,2018.3978271484375,0.001047372817993164,0.9980326294898987,162.30770874023438,0.0012460947036743164,1.0043591260910034,0.02121400460600853,-0.010622978210449219,1.0203355550765991,10.052693367004395,-0.04424917697906494,1.0013636350631714,16.7285213470459,-0.003703474998474121,5,61,0.0004737973213195801
SLIM*MIX_oms_pat5_fn-full_extended_const-small_ints_raw,dd1681e3-7f95-11f1-88f9-2c7ba0e6fa90,synthetic_prior,0,10,0.9987627863883972,0.11327505111694336,14727.0,0.9984290599822998,31.013208389282227,-0.004528641700744629,0.9973383545875549,2018.3978271484375,0.001047372817993164,0.9980326294898987,162.30770874023438,0.0012460947036743164,1.0043591260910034,0.02121400460600853,-0.010622978210449219,1.0203355550765991,10.052693367004395,-0.04424917697906494,1.0013636350631714,16.7285213470459,-0.003703474998474121,5,61,0.0004737973213195801
SLIM*MIX_oms_pat5_fn-full_extended_const-small_ints_raw,dd1681e3-7f95-11f1-88f9-2c7ba0e6fa90,synthetic_prior,0,11,0.9987627863883972,0.09452629089355469,15524.0,0.9984290599822998,31.013208389282227,-0.004528641700744629,0.9973383545875549,2018.3978271484375,0.001047372817993164,0.9980326294898987,162.30770874023438,0.0012460947036743164,1.0043591260910034,0.02121400460600853,-0.010622978210449219,1.0203355550765991,10.052693367004395,-0.04424917697906494,1.0013636350631714,16.7285213470459,-0.003703474998474121,5,61,0.0004737973213195801
SLIM*MIX_oms_pat5_fn-full_extended_const-small_ints_raw,dd1681e3-7f95-11f1-88f9-2c7ba0e6fa90,synthetic_prior,0,12,0.998729407787323,0.09586453437805176,16443.0,0.998507022857666,31.01563262939453,-0.004685640335083008,0.9974204897880554,2018.564208984375,0.0008828043937683105,0.9982044100761414,162.33563232421875,0.0009021759033203125,1.0060967206954956,0.021250704303383827,-0.014122843742370605,1.0264588594436646,10.113022804260254,-0.05682039260864258,1.0024420022964478,16.746538162231445,-0.005866527557373047,6,76,0.000540614128112793
SLIM*MIX_oms_pat5_fn-full_extended_const-small_ints_raw,dd1681e3-7f95-11f1-88f9-2c7ba0e6fa90,synthetic_prior,0,13,0.9986630082130432,0.11065506935119629,19254.0,0.9976697564125061,30.989625930786133,-0.003001570701599121,0.9974664449691772,2018.6571044921875,0.0007906556129455566,0.9980943202972412,162.31773376464844,0.001122593879699707,1.0056490898132324,0.02124124765396118,-0.013220429420471191,1.0225781202316284,10.074788093566895,-0.048844337463378906,1.0020164251327515,16.73942756652832,-0.005012631416320801,7,89,0.0006735920906066895
SLIM*MIX_oms_pat5_fn-full_extended_const-small_ints_raw,dd1681e3-7f95-11f1-88f9-2c7ba0e6fa90,synthetic_prior,0,14,0.9986630082130432,1.1654362678527832,20339.0,0.9976697564125061,30.989625930786133,-0.003001570701599121,0.9974664449691772,2018.6571044921875,0.0007906556129455566,0.9980943202972412,162.31773376464844,0.001122593879699707,1.0056490898132324,0.02124124765396118,-0.013220429420471191,1.0225781202316284,10.074788093566895,-0.048844337463378906,1.0020164251327515,16.73942756652832,-0.005012631416320801,7,89,0.0006735920906066895
SLIM*MIX_oms_pat5_fn-full_extended_const-small_ints_raw,dd1681e3-7f95-11f1-88f9-2c7ba0e6fa90,synthetic_prior,0,15,0.9986469745635986,0.14214825630187988,21646.0,0.9964509606361389,30.951766967773438,-0.0005524158477783203,0.9975942373275757,2018.9158935546875,0.0005345940589904785,0.9978040456771851,162.27053833007812,0.0017035603523254395,1.0065829753875732,0.021260976791381836,-0.015103340148925781,1.0216938257217407,10.066075325012207,-0.04703104496002197,1.004501461982727,16.780941009521484,-0.01000368595123291,8,107,0.0007055997848510742
SLIM*MIX_oms_pat5_fn-full_extended_const-small_ints_raw,dd1681e3-7f95-11f1-88f9-2c7ba0e6fa90,synthetic_prior,0,16,0.9986129999160767,0.10570311546325684,22333.0,0.9955599308013916,30.924091339111328,0.0012363195419311523,0.9970056414604187,2017.724609375,0.0017136335372924805,0.9975490570068359,162.22906494140625,0.002213716506958008,1.0085440874099731,0.021302396431565285,-0.019062519073486328,1.0285435914993286,10.133562088012695,-0.06111741065979004,1.0065830945968628,16.815717697143555,-0.014194130897521973,9,118,0.0007736086845397949
SLIM*MIX_oms_pat5_fn-full_extended_const-small_ints_raw,dd1681e3-7f95-11f1-88f9-2c7ba0e6fa90,synthetic_prior,0,17,0.9985514283180237,0.0998072624206543,24406.0,0.9971910119056702,30.974756240844727,-0.0020390748977661133,0.9979539513587952,2019.6439208984375,-0.0001863241195678711,0.9981851577758789,162.33250427246094,0.0009407997131347656,1.0046560764312744,0.02122027613222599,-0.011220574378967285,1.0238862037658691,10.087675094604492,-0.0515294075012207,1.0016093254089355,16.73262596130371,-0.004196047782897949,9,119,0.0008968114852905273
SLIM*MIX_oms_pat5_fn-full_extended_const-small_ints_raw,dd1681e3-7f95-11f1-88f9-2c7ba0e6fa90,synthetic_prior,0,18,0.9985514283180237,0.10319161415100098,25076.0,0.9971910119056702,30.974756240844727,-0.0020390748977661133,0.9979539513587952,2019.6439208984375,-0.0001863241195678711,0.9981851577758789,162.33250427246094,0.0009407997131347656,1.0046560764312744,0.02122027613222599,-0.011220574378967285,1.0238862037658691,10.087675094604492,-0.0515294075012207,1.0016093254089355,16.73262596130371,-0.004196047782897949,9,119,0.0008968114852905273
SLIM*MIX_oms_pat5_fn-full_extended_const-small_ints_raw,dd1681e3-7f95-11f1-88f9-2c7ba0e6fa90,synthetic_prior,0,19,0.9984920620918274,0.11064028739929199,24264.0,0.9963409900665283,30.94835090637207,-0.00033152103424072266,0.9975707530975342,2018.8682861328125,0.0005816817283630371,0.9979022145271301,162.2864990234375,0.001507103443145752,1.0043327808380127,0.02121344767510891,-0.01056981086730957,1.0326710939407349,10.174226760864258,-0.06965088844299316,1.0051034688949585,16.791000366210938,-0.011214852333068848,11,146,0.0010156631469726562
SLIM*MIX_oms_pat5_fn-full_extended_const-small_ints_raw,dd1681e3-7f95-11f1-88f9-2c7ba0e6fa90,synthetic_prior,0,20,0.9984920620918274,0.1198420524597168,24812.0,0.9963409900665283,30.94835090637207,-0.00033152103424072266,0.9975707530975342,2018.8682861328125,0.0005816817283630371,0.9979022145271301,162.2864990234375,0.001507103443145752,1.0043327808380127,0.02121344767510891,-0.01056981086730957,1.0326710939407349,10.174226760864258,-0.06965088844299316,1.0051034688949585,16.791000366210938,-0.011214852333068848,11,146,0.0010156631469726562
SLIM*MIX_oms_pat5_fn-full_extended_const-small_ints_raw,dd1681e3-7f95-11f1-88f9-2c7ba0e6fa90,synthetic_prior,0,21,0.9984920620918274,0.1255185604095459,26303.0,0.9963409900665283,30.94835090637207,-0.00033152103424072266,0.9975707530975342,2018.8682861328125,0.0005816817283630371,0.9979022145271301,162.2864990234375,0.001507103443145752,1.0043327808380127,0.02121344767510891,-0.01056981086730957,1.0326710939407349,10.174226760864258,-0.06965088844299316,1.0051034688949585,16.791000366210938,-0.011214852333068848,11,146,0.0010156631469726562
SLIM*MIX_oms_pat5_fn-full_extended_const-small_ints_raw,dd1681e3-7f95-11f1-88f9-2c7ba0e6fa90,synthetic_prior,0,22,0.9984426498413086,1.1675891876220703,27609.0,0.9953170418739319,30.91654396057129,0.0017235279083251953,0.9965169429779053,2016.7354736328125,0.002692103385925293,0.9987934231758118,162.43142700195312,-0.0002771615982055664,0.9986023902893066,0.021092409268021584,0.0009292364120483398,1.020764946937561,10.056923866271973,-0.0451282262802124,1.0008456707000732,16.71986961364746,-0.002665400505065918,12,159,0.001114487648010254
SLIM*MIX_oms_pat5_fn-full_extended_const-small_ints_raw,dd1681e3-7f95-11f1-88f9-2c7ba0e6fa90,synthetic_prior,0,23,0.9984426498413086,0.11745357513427734,29060.0,0.9953170418739319,30.91654396057129,0.0017235279083251953,0.9965169429779053,2016.7354736328125,0.002692103385925293,0.9987934231758118,162.43142700195312,-0.0002771615982055664,0.9986023902893066,0.021092409268021584,0.0009292364120483398,1.020764946937561,10.056923866271973,-0.0451282262802124,1.0008456707000732,16.71986961364746,-0.002665400505065918,12,159,0.001114487648010254
SLIM*MIX_oms_pat5_fn-full_extended_const-small_ints_raw,dd1681e3-7f95-11f1-88f9-2c7ba0e6fa90,synthetic_prior,0,24,0.9984426498413086,0.12743425369262695,28616.0,0.9953170418739319,30.91654396057129,0.0017235279083251953,0.9965169429779053,2016.7354736328125,0.002692103385925293,0.9987934231758118,162.43142700195312,-0.0002771615982055664,0.9986023902893066,0.021092409268021584,0.0009292364120483398,1.020764946937561,10.056923866271973,-0.0451282262802124,1.0008456707000732,16.71986961364746,-0.002665400505065918,12,159,0.001114487648010254
SLIM*MIX_oms_pat5_fn-full_extended_const-small_ints_raw,dd1681e3-7f95-11f1-88f9-2c7ba0e6fa90,synthetic_prior,0,25,0.9984426498413086,0.09458422660827637,29030.0,0.9953170418739319,30.91654396057129,0.0017235279083251953,0.9965169429779053,2016.7354736328125,0.002692103385925293,0.9987934231758118,162.43142700195312,-0.0002771615982055664,0.9986023902893066,0.021092409268021584,0.0009292364120483398,1.020764946937561,10.056923866271973,-0.0451282262802124,1.0008456707000732,16.71986961364746,-0.002665400505065918,12,159,0.001114487648010254
SLIM*MIX_oms_pat5_fn-full_extended_const-small_ints_raw,dd1681e3-7f95-11f1-88f9-2c7ba0e6fa90,synthetic_prior,0,26,0.9984238743782043,0.10634064674377441,29629.0,0.9951334595680237,30.910844802856445,0.0020917654037475586,0.9963437914848328,2016.3851318359375,0.003038644790649414,0.9983534216880798,162.35987854003906,0.0006039142608642578,0.9983758926391602,0.02108762599527836,0.0013823509216308594,1.0236388444900513,10.085238456726074,-0.051021456718444824,1.0022841691970825,16.743900299072266,-0.005549788475036621,11,146,0.00115203857421875
SLIM*MIX_oms_pat5_fn-full_extended_const-small_ints_raw,dd1681e3-7f95-11f1-88f9-2c7ba0e6fa90,synthetic_prior,0,27,0.998369574546814,0.11100339889526367,30549.0,0.994684100151062,30.89688491821289,0.0029928088188171387,0.9966917634010315,2017.08935546875,0.0023421645164489746,0.9988644123077393,162.44297790527344,-0.00041937828063964844,0.9991240501403809,0.021103428676724434,-0.00011491775512695312,1.022129774093628,10.070369720458984,-0.04792487621307373,1.0010473728179932,16.723237991333008,-0.003069639205932617,11,147,0.0012607574462890625
SLIM*MIX_oms_pat5_fn-full_extended_const-small_ints_raw,dd1681e3-7f95-11f1-88f9-2c7ba0e6fa90,synthetic_prior,0,28,0.998353123664856,0.10997819900512695,31022.0,0.9953552484512329,30.917734146118164,0.001646876335144043,0.9969292283058167,2017.5699462890625,0.0018666982650756836,0.9984303712844849,162.3723907470703,0.00044989585876464844,0.9976449608802795,0.021072186529636383,0.0028440356254577637,1.0239436626434326,10.088242530822754,-0.05164766311645508,1.000649094581604,16.716585159301758,-0.0022717714309692383,11,147,0.0012935996055603027
SLIM*MIX_oms_pat5_fn-full_extended_const-small_ints_raw,dd1681e3-7f95-11f1-88f9-2c7ba0e6fa90,synthetic_prior,0,29,0.998353123664856,1.2360587120056152,31263.0,0.9953552484512329,30.917734146118164,0.001646876335144043,0.9969292283058167,2017.5699462890625,0.0018666982650756836,0.9984303712844849,162.3723907470703,0.00044989585876464844,0.9976449608802795,0.021072186529636383,0.0028440356254577637,1.0239436626434326,10.088242530822754,-0.05164766311645508,1.000649094581604,16.716585159301758,-0.0022717714309692383,11,147,0.0012935996055603027
SLIM*MIX_oms_pat5_fn-full_extended_const-small_ints_raw,dd1681e3-7f95-11f1-88f9-2c7ba0e6fa90,synthetic_prior,0,30,0.998353123664856,0.12648367881774902,32144.0,0.9953552484512329,30.917734146118164,0.001646876335144043,0.9969292283058167,2017.5699462890625,0.0018666982650756836,0.9984303712844849,162.3723907470703,0.00044989585876464844,0.9976449608802795,0.021072186529636383,0.0028440356254577637,1.0239436626434326,10.088242530822754,-0.05164766311645508,1.000649094581604,16.716585159301758,-0.0022717714309692383,11,147,0.0012935996055603027
SLIM*MIX_oms_pat5_fn-full_extended_const-small_ints_raw,dd1681e3-7f95-11f1-88f9-2c7ba0e6fa90,synthetic_prior,0,31,0.998353123664856,0.12568235397338867,33222.0,0.9953552484512329,30.917734146118164,0.001646876335144043,0.9969292283058167,2017.5699462890625,0.0018666982650756836,0.9984303712844849,162.3723907470703,0.00044989585876464844,0.9976449608802795,0.021072186529636383,0.0028440356254577637,1.0239436626434326,10.088242530822754,-0.05164766311645508,1.000649094581604,16.716585159301758,-0.0022717714309692383,11,147,0.0012935996055603027
SLIM*MIX_oms_pat5_fn-full_extended_const-small_ints_raw,dd1681e3-7f95-11f1-88f9-2c7ba0e6fa90,synthetic_prior,0,32,0.998353123664856,0.1206357479095459,32888.0,0.9953552484512329,30.917734146118164,0.001646876335144043,0.9969292283058167,2017.5699462890625,0.0018666982650756836,0.9984303712844849,162.3723907470703,0.00044989585876464844,0.9976449608802795,0.021072186529636383,0.0028440356254577637,1.0239436626434326,10.088242530822754,-0.05164766311645508,1.000649094581604,16.716585159301758,-0.0022717714309692383,11,147,0.0012935996055603027
SLIM*MIX_oms_pat5_fn-full_extended_const-small_ints_raw,dd1681e3-7f95-11f1-88f9-2c7ba0e6fa90,synthetic_prior,0,33,0.9983422160148621,0.12802767753601074,33131.0,0.9950734972953796,30.908979415893555,0.002212047576904297,0.9962457418441772,2016.186767578125,0.00323486328125,0.9986253380775452,162.40411376953125,5.936622619628906e-05,1.01175057888031,0.02137012593448162,-0.025552749633789062,1.0238231420516968,10.087054252624512,-0.051399946212768555,1.0019956827163696,16.73908042907715,-0.004970908164978027,11,146,0.0013153553009033203
SLIM*MIX_oms_pat5_fn-full_extended_const-small_ints_raw,dd1681e3-7f95-11f1-88f9-2c7ba0e6fa90,synthetic_prior,0,34,0.9983404278755188,0.11047816276550293,32732.0,0.9968901872634888,30.965412139892578,-0.0014345645904541016,0.9964768290519714,2016.6544189453125,0.002772390842437744,0.9987586736679077,162.42578125,-0.00020766258239746094,1.0095205307006836,0.02132302150130272,-0.021036744117736816,1.022793173789978,10.07690715789795,-0.0492856502532959,1.0013782978057861,16.72876739501953,-0.0037328004837036133,12,159,0.0013189911842346191
SLIM*MIX_oms_pat5_fn-full_extended_const-small_ints_raw,dd1681e3-7f95-11f1-88f9-2c7ba0e6fa90,synthetic_prior,0,35,0.9982055425643921,0.09525227546691895,31442.0,0.9957900047302246,30.931236267089844,0.0007745623588562012,0.9971442818641663,2018.005126953125,0.0014361143112182617,0.998744547367096,162.42349243164062,-0.000179290771484375,0.9998278021812439,0.021118292585015297,-0.0015243291854858398,1.0141937732696533,9.992182731628418,-0.0317155122756958,1.000474214553833,16.71366310119629,-0.0019212961196899414,11,140,0.0015888214111328125
SLIM*MIX_oms_pat5_fn-full_extended_const-small_ints_raw,dd1681e3-7f95-11f1-88f9-2c7ba0e6fa90,synthetic_prior,0,36,0.9982055425643921,0.11144471168518066,31745.0,0.9957900047302246,30.931236267089844,0.0007745623588562012,0.9971442818641663,2018.005126953125,0.0014361143112182617,0.998744547367096,162.42349243164062,-0.000179290771484375,0.9998278021812439,0.021118292585015297,-0.0015243291854858398,1.0141937732696533,9.992182731628418,-0.0317155122756958,1.000474214553833,16.71366310119629,-0.0019212961196899414,11,140,0.0015888214111328125
SLIM*MIX_oms_pat5_fn-full_extended_const-small_ints_raw,dd1681e3-7f95-11f1-88f9-2c7ba0e6fa90,synthetic_prior,0,37,0.9982055425643921,1.1914012432098389,32064.0,0.9957900047302246,30.931236267089844,0.0007745623588562012,0.9971442818641663,2018.005126953125,0.0014361143112182617,0.998744547367096,162.42349243164062,-0.000179290771484375,0.9998278021812439,0.021118292585015297,-0.0015243291854858398,1.0141937732696533,9.992182731628418,-0.0317155122756958,1.000474214553833,16.71366310119629,-0.0019212961196899414,11,140,0.0015888214111328125
SLIM*MIX_oms_pat5_fn-full_extended_const-small_ints_raw,dd1681e3-7f95-11f1-88f9-2c7ba0e6fa90,synthetic_prior,0,38,0.9982055425643921,0.09485888481140137,32618.0,0.9957900047302246,30.931236267089844,0.0007745623588562012,0.9971442818641663,2018.005126953125,0.0014361143112182617,0.998744547367096,162.42349243164062,-0.000179290771484375,0.9998278021812439,0.021118292585015297,-0.0015243291854858398,1.0141937732696533,9.992182731628418,-0.0317155122756958,1.000474214553833,16.71366310119629,-0.0019212961196899414,11,140,0.0015888214111328125
SLIM*MIX_oms_pat5_fn-full_extended_const-small_ints_raw,dd1681e3-7f95-11f1-88f9-2c7ba0e6fa90,synthetic_prior,0,39,0.9982055425643921,0.10008692741394043,31602.0,0.9957900047302246,30.931236267089844,0.0007745623588562012,0.9971442818641663,2018.005126953125,0.0014361143112182617,0.998744547367096,162.42349243164062,-0.000179290771484375,0.9998278021812439,0.021118292585015297,-0.0015243291854858398,1.0141937732696533,9.992182731628418,-0.0317155122756958,1.000474214553833,16.71366310119629,-0.0019212961196899414,11,140,0.0015888214111328125
SLIM*MIX_oms_pat5_fn-full_extended_const-small_ints_raw,dd1681e3-7f95-11f1-88f9-2c7ba0e6fa90,synthetic_prior,0,40,0.9981977939605713,0.09541511535644531,31358.0,0.9961894750595093,30.943645477294922,-2.7179718017578125e-05,0.9967907667160034,2017.2896728515625,0.0021439790725708008,0.9990861415863037,162.4790496826172,-0.0008636713027954102,1.0046194791793823,0.02121950499713421,-0.011147022247314453,1.0195798873901367,10.045248031616211,-0.04270291328430176,1.002319574356079,16.744491577148438,-0.0056209564208984375,11,140,0.001604318618774414
SLIM*MIX_oms_pat5_fn-full_extended_const-small_ints_raw,dd1681e3-7f95-11f1-88f9-2c7ba0e6fa90,synthetic_prior,0,41,0.9981851577758789,0.1106424331665039,30854.0,0.9958199262619019,30.932165145874023,0.0007146000862121582,0.9970083236694336,2017.7301025390625,0.0017082691192626953,0.9987807869911194,162.4293670654297,-0.0002518892288208008,1.000669240951538,0.02113606594502926,-0.0032106637954711914,1.016772985458374,10.017593383789062,-0.036969542503356934,1.001625657081604,16.732898712158203,-0.004228949546813965,11,141,0.001629650592803955
SLIM*MIX_oms_pat5_fn-full_extended_const-small_ints_raw,dd1681e3-7f95-11f1-88f9-2c7ba0e6fa90,synthetic_prior,0,42,0.9981851577758789,0.11050176620483398,30777.0,0.9958199262619019,30.932165145874023,0.0007146000862121582,0.9970083236694336,2017.7301025390625,0.0017082691192626953,0.9987807869911194,162.4293670654297,-0.0002518892288208008,1.000669240951538,0.02113606594502926,-0.0032106637954711914,1.016772985458374,10.017593383789062,-0.036969542503356934,1.001625657081604,16.732898712158203,-0.004228949546813965,11,141,0.001629650592803955
SLIM*MIX_oms_pat5_fn-full_extended_const-small_ints_raw,dd1681e3-7f95-11f1-88f9-2c7ba0e6fa90,synthetic_prior,0,43,0.9981851577758789,0.11038947105407715,31558.0,0.9958199262619019,30.932165145874023,0.0007146000862121582,0.9970083236694336,2017.7301025390625,0.0017082691192626953,0.9987807869911194,162.4293670654297,-0.0002518892288208008,1.000669240951538,0.02113606594502926,-0.0032106637954711914,1.016772985458374,10.017593383789062,-0.036969542503356934,1.001625657081604,16.732898712158203,-0.004228949546813965,11,141,0.001629650592803955
SLIM*MIX_oms_pat5_fn-full_extended_const-small_ints_raw,dd1681e3-7f95-11f1-88f9-2c7ba0e6fa90,synthetic_prior,0,44,0.9981851577758789,0.09506654739379883,32915.0,0.9958199262619019,30.932165145874023,0.0007146000862121582,0.9970083236694336,2017.7301025390625,0.0017082691192626953,0.9987807869911194,162.4293670654297,-0.0002518892288208008,1.000669240951538,0.02113606594502926,-0.0032106637954711914,1.016772985458374,10.017593383789062,-0.036969542503356934,1.001625657081604,16.732898712158203,-0.004228949546813965,11,141,0.001629650592803955
SLIM*MIX_oms_pat5_fn-full_extended_const-small_ints_raw,dd1681e3-7f95-11f1-88f9-2c7ba0e6fa90,synthetic_prior,0,45,0.9981851577758789,0.1008305549621582,32521.0,0.9958199262619019,30.932165145874023,0.0007146000862121582,0.9970083236694336,2017.7301025390625,0.0017082691192626953,0.9987807869911194,162.4293670654297,-0.0002518892288208008,1.000669240951538,0.02113606594502926,-0.0032106637954711914,1.016772985458374,10.017593383789062,-0.036969542503356934,1.001625657081604,16.732898712158203,-0.004228949546813965,11,141,0.001629650592803955
SLIM*MIX_oms_pat5_fn-full_extended_const-small_ints_raw,dd1681e3-7f95-11f1-88f9-2c7ba0e6fa90,synthetic_prior,0,46,0.9981833100318909,1.1880834102630615,32611.0,0.9960769414901733,30.94015121459961,0.00019860267639160156,0.9968844652175903,2017.4793701171875,0.0019564032554626465,0.9990862011909485,162.4790496826172,-0.0008636713027954102,1.0036442279815674,0.021198902279138565,-0.009184598922729492,1.0172474384307861,10.022269248962402,-0.03793776035308838,1.001198410987854,16.72576141357422,-0.0033724308013916016,8,100,0.0016334056854248047
SLIM*MIX_oms_pat5_fn-full_extended_const-small_ints_raw,dd1681e3-7f95-11f1-88f9-2c7ba0e6fa90,synthetic_prior,0,47,0.9981833100318909,0.1023411750793457,32280.0,0.9960769414901733,30.94015121459961,0.00019860267639160156,0.9968844652175903,2017.4793701171875,0.0019564032554626465,0.9990862011909485,162.4790496826172,-0.0008636713027954102,1.0036442279815674,0.021198902279138565,-0.009184598922729492,1.0172474384307861,10.022269248962402,-0.03793776035308838,1.001198410987854,16.72576141357422,-0.0033724308013916016,8,100,0.0016334056854248047
SLIM*MIX_oms_pat5_fn-full_extended_const-small_ints_raw,dd1681e3-7f95-11f1-88f9-2c7ba0e6fa90,synthetic_prior,0,48,0.9981833100318909,0.11039137840270996,32822.0,0.9960769414901733,30.94015121459961,0.00019860267639160156,0.9968844652175903,2017.4793701171875,0.0019564032554626465,0.9990862011909485,162.4790496826172,-0.0008636713027954102,1.0036442279815674,0.021198902279138565,-0.009184598922729492,1.0172474384307861,10.022269248962402,-0.03793776035308838,1.001198410987854,16.72576141357422,-0.0033724308013916016,8,100,0.0016334056854248047
SLIM*MIX_oms_pat5_fn-full_extended_const-small_ints_raw,dd1681e3-7f95-11f1-88f9-2c7ba0e6fa90,synthetic_prior,0,49,0.9981833100318909,0.11129546165466309,32596.0,0.9960769414901733,30.94015121459961,0.00019860267639160156,0.9968844652175903,2017.4793701171875,0.0019564032554626465,0.9990862011909485,162.4790496826172,-0.0008636713027954102,1.0036442279815674,0.021198902279138565,-0.009184598922729492,1.0172474384307861,10.022269248962402,-0.03793776035308838,1.001198410987854,16.72576141357422,-0.0033724308013916016,8,100,0.0016334056854248047
SLIM*MIX_oms_pat5_fn-full_extended_const-small_ints_raw,dd1681e3-7f95-11f1-88f9-2c7ba0e6fa90,synthetic_prior,0,50,0.9981805682182312,0.10793304443359375,31940.0,0.9958305358886719,30.9324951171875,0.000693202018737793,0.9970881342887878,2017.8914794921875,0.001548469066619873,0.9987393617630005,162.42263793945312,-0.00016891956329345703,1.0005935430526733,0.02113446779549122,-0.003058910369873047,1.016608715057373,10.015974998474121,-0.03663468360900879,1.0020556449890137,16.740083694458008,-0.005091309547424316,13,188,0.0016387701034545898
SLIM*MIX_oms_pat5_fn-full_extended_const-small_ints_raw,dd1681e3-7f95-11f1-88f9-2c7ba0e6fa90,synthetic_prior,0,51,0.9981805682182312,0.1109774112701416,31709.0,0.9958305358886719,30.9324951171875,0.000693202018737793,0.9970881342887878,2017.8914794921875,0.001548469066619873,0.9987393617630005,162.42263793945312,-0.00016891956329345703,1.0005935430526733,0.02113446779549122,-0.003058910369873047,1.016608715057373,10.015974998474121,-0.03663468360900879,1.0020556449890137,16.740083694458008,-0.005091309547424316,13,188,0.0016387701034545898
SLIM*MIX_oms_pat5_fn-full_extended_const-small_ints_raw,dd1681e3-7f95-11f1-88f9-2c7ba0e6fa90,synthetic_prior,0,52,0.9981805682182312,0.11139130592346191,30570.0,0.9958305358886719,30.9324951171875,0.000693202018737793,0.9970881342887878,2017.8914794921875,0.001548469066619873,0.9987393617630005,162.42263793945312,-0.00016891956329345703,1.0005935430526733,0.02113446779549122,-0.003058910369873047,1.016608715057373,10.015974998474121,-0.03663468360900879,1.0020556449890137,16.740083694458008,-0.005091309547424316,13,188,0.0016387701034545898
SLIM*MIX_oms_pat5_fn-full_extended_const-small_ints_raw,dd1681e3-7f95-11f1-88f9-2c7ba0e6fa90,synthetic_prior,0,53,0.9981805682182312,0.11091446876525879,30250.0,0.9958305358886719,30.9324951171875,0.000693202018737793,0.9970881342887878,2017.8914794921875,0.001548469066619873,0.9987393617630005,162.42263793945312,-0.00016891956329345703,1.0005935430526733,0.02113446779549122,-0.003058910369873047,1.016608715057373,10.015974998474121,-0.03663468360900879,1.0020556449890137,16.740083694458008,-0.005091309547424316,13,188,0.0016387701034545898
SLIM*MIX_oms_pat5_fn-full_extended_const-small_ints_raw,dd1681e3-7f95-11f1-88f9-2c7ba0e6fa90,synthetic_prior,0,54,0.9981805682182312,1.1462867259979248,30381.0,0.9958305358886719,30.9324951171875,0.000693202018737793,0.9970881342887878,2017.8914794921875,0.001548469066619873,0.9987393617630005,162.42263793945312,-0.00016891956329345703,1.0005935430526733,0.02113446779549122,-0.003058910369873047,1.016608715057373,10.015974998474121,-0.03663468360900879,1.0020556449890137,16.740083694458008,-0.005091309547424316,13,188,0.0016387701034545898
SLIM*MIX_oms_pat5_fn-full_extended_const-small_ints_raw,dd1681e3-7f95-11f1-88f9-2c7ba0e6fa90,synthetic_prior,0,55,0.9981655478477478,0.12707161903381348,30614.0,0.9958218932151794,30.932228088378906,0.000710606575012207,0.9970115423202515,2017.736572265625,0.0017018318176269531,0.9988870620727539,162.4466552734375,-0.0004647970199584961,1.0011146068572998,0.021145472303032875,-0.004103899002075195,1.017091989517212,10.020736694335938,-0.0376204252243042,1.0018413066864014,16.73650360107422,-0.004661440849304199,12,155,0.0016689300537109375
SLIM*MIX_oms_pat5_fn-full_extended_const-small_ints_raw,dd1681e3-7f95-11f1-88f9-2c7ba0e6fa90,synthetic_prior,0,56,0.9981655478477478,0.09546661376953125,32376.0,0.9958218932151794,30.932228088378906,0.000710606575012207,0.9970115423202515,2017.736572265625,0.0017018318176269531,0.9988870620727539,162.4466552734375,-0.0004647970199584961,1.0011146068572998,0.021145472303032875,-0.004103899002075195,1.017091989517212,10.020736694335938,-0.0376204252243042,1.0018413066864014,16.73650360107422,-0.004661440849304199,12,155,0.0016689300537109375
SLIM*MIX_oms_pat5_fn-full_extended_const-small_ints_raw,dd1681e3-7f95-11f1-88f9-2c7ba0e6fa90,synthetic_prior,0,57,0.9981655478477478,0.11098241806030273,31234.0,0.9958218932151794,30.932228088378906,0.000710606575012207,0.9970115423202515,2017.736572265625,0.0017018318176269531,0.9988870620727539,162.4466552734375,-0.0004647970199584961,1.0011146068572998,0.021145472303032875,-0.004103899002075195,1.017091989517212,10.020736694335938,-0.0376204252243042,1.0018413066864014,16.73650360107422,-0.004661440849304199,12,155,0.0016689300537109375
SLIM*MIX_oms_pat5_fn-full_extended_const-small_ints_raw,dd1681e3-7f95-11f1-88f9-2c7ba0e6fa90,synthetic_prior,0,58,0.9981655478477478,0.09586858749389648,31387.0,0.9958218932151794,30.932228088378906,0.000710606575012207,0.9970115423202515,2017.736572265625,0.0017018318176269531,0.9988870620727539,162.4466552734375,-0.0004647970199584961,1.0011146068572998,0.021145472303032875,-0.004103899002075195,1.017091989517212,10.020736694335938,-0.0376204252243042,1.0018413066864014,16.73650360107422,-0.004661440849304199,12,155,0.0016689300537109375
SLIM*MIX_oms_pat5_fn-full_extended_const-small_ints_raw,dd1681e3-7f95-11f1-88f9-2c7ba0e6fa90,synthetic_prior,0,59,0.9981655478477478,0.0949711799621582,30583.0,0.9958218932151794,30.932228088378906,0.000710606575012207,0.9970115423202515,2017.736572265625,0.0017018318176269531,0.9988870620727539,162.4466552734375,-0.0004647970199584961,1.0011146068572998,0.021145472303032875,-0.004103899002075195,1.017091989517212,10.020736694335938,-0.0376204252243042,1.0018413066864014,16.73650360107422,-0.004661440849304199,12,155,0.0016689300537109375
SLIM*MIX_oms_pat5_fn-full_extended_const-small_ints_raw,dd1681e3-7f95-11f1-88f9-2c7ba0e6fa90,synthetic_prior,0,60,0.9981655478477478,0.14311957359313965,16273.0,0.9958218932151794,30.932228088378906,0.000710606575012207,0.9970115423202515,2017.736572265625,0.0017018318176269531,0.9988870620727539,162.4466552734375,-0.0004647970199584961,1.0011146068572998,0.021145472303032875,-0.004103899002075195,1.017091989517212,10.020736694335938,-0.0376204252243042,1.0018413066864014,16.73650360107422,-0.004661440849304199,12,155,0.0016689300537109375
SLIM*MIX_oms_pat5_fn-full_extended_const-small_ints_raw,dd1681e3-7f95-11f1-88f9-2c7ba0e6fa90,synthetic_prior,0,61,0.9981655478477478,0.1498713493347168,24627.0,0.9958218932151794,30.932228088378906,0.000710606575012207,0.9970115423202515,2017.736572265625,0.0017018318176269531,0.9988870620727539,162.4466552734375,-0.0004647970199584961,1.0011146068572998,0.021145472303032875,-0.004103899002075195,1.017091989517212,10.020736694335938,-0.0376204252243042,1.0018413066864014,16.73650360107422,-0.004661440849304199,12,155,0.0016689300537109375
SLIM*MIX_oms_pat5_fn-full_extended_const-small_ints_raw,dd1681e3-7f95-11f1-88f9-2c7ba0e6fa90,synthetic_prior,0,62,0.9981655478477478,1.1727969646453857,28740.0,0.9958218932151794,30.932228088378906,0.000710606575012207,0.9970115423202515,2017.736572265625,0.0017018318176269531,0.9988870620727539,162.4466552734375,-0.0004647970199584961,1.0011146068572998,0.021145472303032875,-0.004103899002075195,1.017091989517212,10.020736694335938,-0.0376204252243042,1.0018413066864014,16.73650360107422,-0.004661440849304199,12,155,0.0016689300537109375
SLIM*MIX_oms_pat5_fn-full_extended_const-small_ints_raw,dd1681e3-7f95-11f1-88f9-2c7ba0e6fa90,synthetic_prior,0,63,0.9981589913368225,0.09546566009521484,31917.0,0.9957736134529114,30.930727005004883,0.0008075237274169922,0.996963381767273,2017.6390380859375,0.001798391342163086,0.9988976716995239,162.44839477539062,-0.00048601627349853516,1.0011507272720337,0.02114623598754406,-0.004176497459411621,1.0180531740188599,10.030206680297852,-0.03958261013031006,1.001774549484253,16.735387802124023,-0.004527449607849121,12,156,0.0016820430755615234
SLIM*MIX_oms_pat5_fn-full_extended_const-small_ints_raw,dd1681e3-7f95-11f1-88f9-2c7ba0e6fa90,synthetic_prior,0,64,0.9981589913368225,0.0953071117401123,31965.0,0.9957736134529114,30.930727005004883,0.0008075237274169922,0.996963381767273,2017.6390380859375,0.001798391342163086,0.9988976716995239,162.44839477539062,-0.00048601627349853516,1.0011507272720337,0.02114623598754406,-0.004176497459411621,1.0180531740188599,10.030206680297852,-0.03958261013031006,1.001774549484253,16.735387802124023,-0.004527449607849121,12,156,0.0016820430755615234
SLIM*MIX_oms_pat5_fn-full_extended_const-small_ints_raw,dd1681e3-7f95-11f1-88f9-2c7ba0e6fa90,synthetic_prior,0,65,0.9981589913368225,0.09500336647033691,32798.0,0.9957736134529114,30.930727005004883,0.0008075237274169922,0.996963381767273,2017.6390380859375,0.001798391342163086,0.9988976716995239,162.44839477539062,-0.00048601627349853516,1.0011507272720337,0.02114623598754406,-0.004176497459411621,1.0180531740188599,10.030206680297852,-0.03958261013031006,1.001774549484253,16.735387802124023,-0.004527449607849121,12,156,0.0016820430755615234
SLIM*MIX_oms_pat5_fn-full_extended_const-small_ints_raw,dd1681e3-7f95-11f1-88f9-2c7ba0e6fa90,synthetic_prior,0,66,0.9981589913368225,0.11048388481140137,32161.0,0.9957736134529114,30.930727005004883,0.0008075237274169922,0.996963381767273,2017.6390380859375,0.001798391342163086,0.9988976716995239,162.44839477539062,-0.00048601627349853516,1.0011507272720337,0.02114623598754406,-0.004176497459411621,1.0180531740188599,10.030206680297852,-0.03958261013031006,1.001774549484253,16.735387802124023,-0.004527449607849121,12,156,0.0016820430755615234
SLIM*MIX_oms_pat5_fn-full_extended_const-small_ints_raw,dd1681e3-7f95-11f1-88f9-2c7ba0e6fa90,synthetic_prior,0,67,0.9981589913368225,0.10836648941040039,32379.0,0.9957736134529114,30.930727005004883,0.0008075237274169922,0.996963381767273,2017.6390380859375,0.001798391342163086,0.9988976716995239,162.44839477539062,-0.00048601627349853516,1.0011507272720337,0.02114623598754406,-0.004176497459411621,1.0180531740188599,10.030206680297852,-0.03958261013031006,1.001774549484253,16.735387802124023,-0.004527449607849121,12,156,0.0016820430755615234
SLIM*MIX_oms_pat5_fn-full_extended_const-small_ints_raw,dd1681e3-7f95-11f1-88f9-2c7ba0e6fa90,synthetic_prior,0,68,0.998158872127533,0.09526920318603516,31199.0,0.9958104491233826,30.931873321533203,0.0007336139678955078,0.9970932602882385,2017.90185546875,0.0015382766723632812,0.9988375306129456,162.4385986328125,-0.0003654956817626953,1.0010621547698975,0.021144365891814232,-0.003998756408691406,1.0159809589385986,10.009790420532227,-0.03535473346710205,1.0012911558151245,16.727310180664062,-0.0035581588745117188,12,156,0.0016822218894958496
SLIM*MIX_oms_pat5_fn-full_extended_const-small_ints_raw,dd1681e3-7f95-11f1-88f9-2c7ba0e6fa90,synthetic_prior,0,69,0.998158872127533,0.09549140930175781,31170.0,0.9958104491233826,30.931873321533203,0.0007336139678955078,0.9970932602882385,2017.90185546875,0.0015382766723632812,0.9988375306129456,162.4385986328125,-0.0003654956817626953,1.0010621547698975,0.021144365891814232,-0.003998756408691406,1.0159809589385986,10.009790420532227,-0.03535473346710205,1.0012911558151245,16.727310180664062,-0.0035581588745117188,12,156,0.0016822218894958496
SLIM*MIX_oms_pat5_fn-full_extended_const-small_ints_raw,dd1681e3-7f95-11f1-88f9-2c7ba0e6fa90,synthetic_prior,0,70,0.998158872127533,0.1070709228515625,31933.0,0.9958104491233826,30.931873321533203,0.0007336139678955078,0.9970932602882385,2017.90185546875,0.0015382766723632812,0.9988375306129456,162.4385986328125,-0.0003654956817626953,1.0010621547698975,0.021144365891814232,-0.003998756408691406,1.0159809589385986,10.009790420532227,-0.03535473346710205,1.0012911558151245,16.727310180664062,-0.0035581588745117188,12,156,0.0016822218894958496
SLIM*MIX_oms_pat5_fn-full_extended_const-small_ints_raw,dd1681e3-7f95-11f1-88f9-2c7ba0e6fa90,synthetic_prior,0,71,0.998158872127533,1.1948561668395996,32194.0,0.9958104491233826,30.931873321533203,0.0007336139678955078,0.9970932602882385,2017.90185546875,0.0015382766723632812,0.9988375306129456,162.4385986328125,-0.0003654956817626953,1.0010621547698975,0.021144365891814232,-0.003998756408691406,1.0159809589385986,10.009790420532227,-0.03535473346710205,1.0012911558151245,16.727310180664062,-0.0035581588745117188,12,156,0.0016822218894958496
SLIM*MIX_oms_pat5_fn-full_extended_const-small_ints_raw,dd1681e3-7f95-11f1-88f9-2c7ba0e6fa90,synthetic_prior,0,72,0.9981532096862793,0.09554767608642578,31327.0,0.995839536190033,30.93277931213379,0.0006751418113708496,0.9971089959144592,2017.933837890625,0.0015066266059875488,0.9988466501235962,162.44009399414062,-0.0003838539123535156,1.001134991645813,0.021145904436707497,-0.004144787788391113,1.0158021450042725,10.008028984069824,-0.03499031066894531,1.0013604164123535,16.728471755981445,-0.0036972761154174805,13,170,0.0016935467720031738
SLIM*MIX_oms_pat5_fn-full_extended_const-small_ints_raw,dd1681e3-7f95-11f1-88f9-2c7ba0e6fa90,synthetic_prior,0,73,0.9981532096862793,0.09524345397949219,32343.0,0.995839536190033,30.93277931213379,0.0006751418113708496,0.9971089959144592,2017.933837890625,0.0015066266059875488,0.9988466501235962,162.44009399414062,-0.0003838539123535156,1.001134991645813,0.021145904436707497,-0.004144787788391113,1.0158021450042725,10.008028984069824,-0.03499031066894531,1.0013604164123535,16.728471755981445,-0.0036972761154174805,13,170,0.0016935467720031738
SLIM*MIX_oms_pat5_fn-full_extended_const-small_ints_raw,dd1681e3-7f95-11f1-88f9-2c7ba0e6fa90,synthetic_prior,0,74,0.9981532096862793,0.11512446403503418,32704.0,0.995839536190033,30.93277931213379,0.0006751418113708496,0.9971089959144592,2017.933837890625,0.0015066266059875488,0.9988466501235962,162.44009399414062,-0.0003838539123535156,1.001134991645813,0.021145904436707497,-0.004144787788391113,1.0158021450042725,10.008028984069824,-0.03499031066894531,1.0013604164123535,16.728471755981445,-0.0036972761154174805,13,170,0.0016935467720031738
SLIM*MIX_oms_pat5_fn-full_extended_const-small_ints_raw,dd1681e3-7f95-11f1-88f9-2c7ba0e6fa90,synthetic_prior,0,75,0.9981532096862793,0.11003756523132324,32061.0,0.995839536190033,30.93277931213379,0.0006751418113708496,0.9971089959144592,2017.933837890625,0.0015066266059875488,0.9988466501235962,162.44009399414062,-0.0003838539123535156,1.001134991645813,0.021145904436707497,-0.004144787788391113,1.0158021450042725,10.008028984069824,-0.03499031066894531,1.0013604164123535,16.728471755981445,-0.0036972761154174805,13,170,0.0016935467720031738
SLIM*MIX_oms_pat5_fn-full_extended_const-small_ints_raw,dd1681e3-7f95-11f1-88f9-2c7ba0e6fa90,synthetic_prior,0,76,0.9981532096862793,0.09516716003417969,32215.0,0.995839536190033,30.93277931213379,0.0006751418113708496,0.9971089959144592,2017.933837890625,0.0015066266059875488,0.9988466501235962,162.44009399414062,-0.0003838539123535156,1.001134991645813,0.021145904436707497,-0.004144787788391113,1.0158021450042725,10.008028984069824,-0.03499031066894531,1.0013604164123535,16.728471755981445,-0.0036972761154174805,13,170,0.0016935467720031738
SLIM*MIX_oms_pat5_fn-full_extended_const-small_ints_raw,dd1681e3-7f95-11f1-88f9-2c7ba0e6fa90,synthetic_prior,0,77,0.9981532096862793,0.12552714347839355,16141.0,0.995839536190033,30.93277931213379,0.0006751418113708496,0.9971089959144592,2017.933837890625,0.0015066266059875488,0.9988466501235962,162.44009399414062,-0.0003838539123535156,1.001134991645813,0.021145904436707497,-0.004144787788391113,1.0158021450042725,10.008028984069824,-0.03499031066894531,1.0013604164123535,16.728471755981445,-0.0036972761154174805,13,170,0.0016935467720031738
SLIM*MIX_oms_pat5_fn-full_extended_const-small_ints_raw,dd1681e3-7f95-11f1-88f9-2c7ba0e6fa90,synthetic_prior,0,78,0.9981532096862793,0.10316729545593262,24810.0,0.995839536190033,30.93277931213379,0.0006751418113708496,0.9971089959144592,2017.933837890625,0.0015066266059875488,0.9988466501235962,162.44009399414062,-0.0003838539123535156,1.001134991645813,0.021145904436707497,-0.004144787788391113,1.0158021450042725,10.008028984069824,-0.03499031066894531,1.0013604164123535,16.728471755981445,-0.0036972761154174805,13,170,0.0016935467720031738
SLIM*MIX_oms_pat5_fn-full_extended_const-small_ints_raw,dd1681e3-7f95-11f1-88f9-2c7ba0e6fa90,synthetic_prior,0,79,0.9981480240821838,1.1732730865478516,30525.0,0.9955906271934509,30.9250431060791,0.0011746883392333984,0.9970031380653381,2017.719482421875,0.001718759536743164,0.9989229440689087,162.45249938964844,-0.0005366802215576172,1.0010160207748413,0.021143391728401184,-0.00390625,1.0174649953842163,10.02441120147705,-0.03838169574737549,1.0024561882019043,16.746776580810547,-0.005895137786865234,14,183,0.0017039179801940918
SLIM*MIX_oms_pat5_fn-full_extended_const-small_ints_raw,dd1681e3-7f95-11f1-88f9-2c7ba0e6fa90,synthetic_prior,0,80,0.9981480240821838,0.11032795906066895,32511.0,0.9955906271934509,30.9250431060791,0.0011746883392333984,0.9970031380653381,2017.719482421875,0.001718759536743164,0.9989229440689087,162.45249938964844,-0.0005366802215576172,1.0010160207748413,0.021143391728401184,-0.00390625,1.0174649953842163,10.02441120147705,-0.03838169574737549,1.0024561882019043,16.746776580810547,-0.005895137786865234,14,183,0.0017039179801940918
SLIM*MIX_oms_pat5_fn-full_extended_const-small_ints_raw,dd1681e3-7f95-11f1-88f9-2c7ba0e6fa90,synthetic_prior,0,81,0.9981480240821838,0.09886407852172852,33159.0,0.9955906271934509,30.9250431060791,0.0011746883392333984,0.9970031380653381,2017.719482421875,0.001718759536743164,0.9989229440689087,162.45249938964844,-0.0005366802215576172,1.0010160207748413,0.021143391728401184,-0.00390625,1.0174649953842163,10.02441120147705,-0.03838169574737549,1.0024561882019043,16.746776580810547,-0.005895137786865234,14,183,0.0017039179801940918
SLIM*MIX_oms_pat5_fn-full_extended_const-small_ints_raw,dd1681e3-7f95-11f1-88f9-2c7ba0e6fa90,synthetic_prior,0,82,0.9981480240821838,0.12665271759033203,32821.0,0.9955906271934509,30.9250431060791,0.0011746883392333984,0.9970031380653381,2017.719482421875,0.001718759536743164,0.9989229440689087,162.45249938964844,-0.0005366802215576172,1.0010160207748413,0.021143391728401184,-0.00390625,1.0174649953842163,10.02441120147705,-0.03838169574737549,1.0024561882019043,16.746776580810547,-0.005895137786865234,14,183,0.0017039179801940918
SLIM*MIX_oms_pat5_fn-full_extended_const-small_ints_raw,dd1681e3-7f95-11f1-88f9-2c7ba0e6fa90,synthetic_prior,0,83,0.9981480240821838,0.13771653175354004,32781.0,0.9955906271934509,30.9250431060791,0.0011746883392333984,0.9970031380653381,2017.719482421875,0.001718759536743164,0.9989229440689087,162.45249938964844,-0.0005366802215576172,1.0010160207748413,0.021143391728401184,-0.00390625,1.0174649953842163,10.02441120147705,-0.03838169574737549,1.0024561882019043,16.746776580810547,-0.005895137786865234,14,183,0.0017039179801940918
SLIM*MIX_oms_pat5_fn-full_extended_const-small_ints_raw,dd1681e3-7f95-11f1-88f9-2c7ba0e6fa90,synthetic_prior,0,84,0.9981480240821838,0.12398767471313477,17120.0,0.9955906271934509,30.9250431060791,0.0011746883392333984,0.9970031380653381,2017.719482421875,0.001718759536743164,0.9989229440689087,162.45249938964844,-0.0005366802215576172,1.0010160207748413,0.021143391728401184,-0.00390625,1.0174649953842163,10.02441120147705,-0.03838169574737549,1.0024561882019043,16.746776580810547,-0.005895137786865234,14,183,0.0017039179801940918
SLIM*MIX_oms_pat5_fn-full_extended_const-small_ints_raw,dd1681e3-7f95-11f1-88f9-2c7ba0e6fa90,synthetic_prior,0,85,0.9981480240821838,0.12668871879577637,26521.0,0.9955906271934509,30.9250431060791,0.0011746883392333984,0.9970031380653381,2017.719482421875,0.001718759536743164,0.9989229440689087,162.45249938964844,-0.0005366802215576172,1.0010160207748413,0.021143391728401184,-0.00390625,1.0174649953842163,10.02441120147705,-0.03838169574737549,1.0024561882019043,16.746776580810547,-0.005895137786865234,14,183,0.0017039179801940918
SLIM*MIX_oms_pat5_fn-full_extended_const-small_ints_raw,dd1681e3-7f95-11f1-88f9-2c7ba0e6fa90,synthetic_prior,0,86,0.9981480240821838,0.09585881233215332,30644.0,0.9955906271934509,30.9250431060791,0.0011746883392333984,0.9970031380653381,2017.719482421875,0.001718759536743164,0.9989229440689087,162.45249938964844,-0.0005366802215576172,1.0010160207748413,0.021143391728401184,-0.00390625,1.0174649953842163,10.02441120147705,-0.03838169574737549,1.0024561882019043,16.746776580810547,-0.005895137786865234,14,183,0.0017039179801940918
SLIM*MIX_oms_pat5_fn-full_extended_const-small_ints_raw,dd1681e3-7f95-11f1-88f9-2c7ba0e6fa90,synthetic_prior,0,87,0.9981480240821838,1.1704201698303223,33577.0,0.9955906271934509,30.9250431060791,0.0011746883392333984,0.9970031380653381,2017.719482421875,0.001718759536743164,0.9989229440689087,162.45249938964844,-0.0005366802215576172,1.0010160207748413,0.021143391728401184,-0.00390625,1.0174649953842163,10.02441120147705,-0.03838169574737549,1.0024561882019043,16.746776580810547,-0.005895137786865234,14,183,0.0017039179801940918
SLIM*MIX_oms_pat5_fn-full_extended_const-small_ints_raw,dd1681e3-7f95-11f1-88f9-2c7ba0e6fa90,synthetic_prior,0,88,0.9981287121772766,0.1145012378692627,34329.0,0.9957600831985474,30.930307388305664,0.0008346438407897949,0.9970044493675232,2017.72216796875,0.0017160773277282715,0.9989283680915833,162.45338439941406,-0.0005476474761962891,1.001174807548523,0.0211467444896698,-0.004224658012390137,1.017142653465271,10.021236419677734,-0.03772389888763428,1.0014724731445312,16.7303409576416,-0.003921866416931152,14,179,0.001742541790008545
SLIM*MIX_oms_pat5_fn-full_extended_const-small_ints_raw,dd1681e3-7f95-11f1-88f9-2c7ba0e6fa90,synthetic_prior,0,89,0.9981287121772766,0.09534382820129395,34510.0,0.9957600831985474,30.930307388305664,0.0008346438407897949,0.9970044493675232,2017.72216796875,0.0017160773277282715,0.9989283680915833,162.45338439941406,-0.0005476474761962891,1.001174807548523,0.0211467444896698,-0.004224658012390137,1.017142653465271,10.021236419677734,-0.03772389888763428,1.0014724731445312,16.7303409576416,-0.003921866416931152,14,179,0.001742541790008545
SLIM*MIX_oms_pat5_fn-full_extended_const-small_ints_raw,dd1681e3-7f95-11f1-88f9-2c7ba0e6fa90,synthetic_prior,0,90,0.9981287121772766,0.09516572952270508,35145.0,0.9957600831985474,30.930307388305664,0.0008346438407897949,0.9970044493675232,2017.72216796875,0.0017160773277282715,0.9989283680915833,162.45338439941406,-0.0005476474761962891,1.001174807548523,0.0211467444896698,-0.004224658012390137,1.017142653465271,10.021236419677734,-0.03772389888763428,1.0014724731445312,16.7303409576416,-0.003921866416931152,14,179,0.001742541790008545
SLIM*MIX_oms_pat5_fn-full_extended_const-small_ints_raw,dd1681e3-7f95-11f1-88f9-2c7ba0e6fa90,synthetic_prior,0,91,0.9981287121772766,0.11442995071411133,34242.0,0.9957600831985474,30.930307388305664,0.0008346438407897949,0.9970044493675232,2017.72216796875,0.0017160773277282715,0.9989283680915833,162.45338439941406,-0.0005476474761962891,1.001174807548523,0.0211467444896698,-0.004224658012390137,1.017142653465271,10.021236419677734,-0.03772389888763428,1.0014724731445312,16.7303409576416,-0.003921866416931152,14,179,0.001742541790008545
SLIM*MIX_oms_pat5_fn-full_extended_const-small_ints_raw,dd1681e3-7f95-11f1-88f9-2c7ba0e6fa90,synthetic_prior,0,92,0.9981287121772766,0.11067008972167969,34574.0,0.9957600831985474,30.930307388305664,0.0008346438407897949,0.9970044493675232,2017.72216796875,0.0017160773277282715,0.9989283680915833,162.45338439941406,-0.0005476474761962891,1.001174807548523,0.0211467444896698,-0.004224658012390137,1.017142653465271,10.021236419677734,-0.03772389888763428,1.0014724731445312,16.7303409576416,-0.003921866416931152,14,179,0.001742541790008545
SLIM*MIX_oms_pat5_fn-full_extended_const-small_ints_raw,dd1681e3-7f95-11f1-88f9-2c7ba0e6fa90,synthetic_prior,0,93,0.9981287121772766,0.12601876258850098,17866.0,0.9957600831985474,30.930307388305664,0.0008346438407897949,0.9970044493675232,2017.72216796875,0.0017160773277282715,0.9989283680915833,162.45338439941406,-0.0005476474761962891,1.001174807548523,0.0211467444896698,-0.004224658012390137,1.017142653465271,10.021236419677734,-0.03772389888763428,1.0014724731445312,16.7303409576416,-0.003921866416931152,14,179,0.001742541790008545
SLIM*MIX_oms_pat5_fn-full_extended_const-small_ints_raw,dd1681e3-7f95-11f1-88f9-2c7ba0e6fa90,synthetic_prior,0,94,0.9981287121772766,0.09567904472351074,26792.0,0.9957600831985474,30.930307388305664,0.0008346438407897949,0.9970044493675232,2017.72216796875,0.0017160773277282715,0.9989283680915833,162.45338439941406,-0.0005476474761962891,1.001174807548523,0.0211467444896698,-0.004224658012390137,1.017142653465271,10.021236419677734,-0.03772389888763428,1.0014724731445312,16.7303409576416,-0.003921866416931152,14,179,0.001742541790008545
SLIM*MIX_oms_pat5_fn-full_extended_const-small_ints_raw,dd1681e3-7f95-11f1-88f9-2c7ba0e6fa90,synthetic_prior,0,95,0.9981287121772766,0.09994888305664062,32931.0,0.9957600831985474,30.930307388305664,0.0008346438407897949,0.9970044493675232,2017.72216796875,0.0017160773277282715,0.9989283680915833,162.45338439941406,-0.0005476474761962891,1.001174807548523,0.0211467444896698,-0.004224658012390137,1.017142653465271,10.021236419677734,-0.03772389888763428,1.0014724731445312,16.7303409576416,-0.003921866416931152,14,179,0.001742541790008545
SLIM*MIX_oms_pat5_fn-full_extended_const-small_ints_raw,dd1681e3-7f95-11f1-88f9-2c7ba0e6fa90,synthetic_prior,0,96,0.9981287121772766,0.1163175106048584,35312.0,0.9957600831985474,30.930307388305664,0.0008346438407897949,0.9970044493675232,2017.72216796875,0.0017160773277282715,0.9989283680915833,162.45338439941406,-0.0005476474761962891,1.001174807548523,0.0211467444896698,-0.004224658012390137,1.017142653465271,10.021236419677734,-0.03772389888763428,1.0014724731445312,16.7303409576416,-0.003921866416931152,14,179,0.001742541790008545
SLIM*MIX_oms_pat5_fn-full_extended_const-small_ints_raw,dd1681e3-7f95-11f1-88f9-2c7ba0e6fa90,synthetic_prior,0,97,0.9981287121772766,0.09532690048217773,35300.0,0.9957600831985474,30.930307388305664,0.0008346438407897949,0.9970044493675232,2017.72216796875,0.0017160773277282715,0.9989283680915833,162.45338439941406,-0.0005476474761962891,1.001174807548523,0.0211467444896698,-0.004224658012390137,1.017142653465271,10.021236419677734,-0.03772389888763428,1.0014724731445312,16.7303409576416,-0.003921866416931152,14,179,0.001742541790008545
SLIM*MIX_oms_pat5_fn-full_extended_const-small_ints_raw,dd1681e3-7f95-11f1-88f9-2c7ba0e6fa90,synthetic_prior,0,98,0.998126208782196,0.09473395347595215,35031.0,0.9960760474205017,30.940122604370117,0.00020045042037963867,0.9968405961990356,2017.390625,0.002044200897216797,0.9989528059959412,162.45736694335938,-0.0005965232849121094,1.0068546533584595,0.021266713738441467,-0.015651226043701172,1.0203814506530762,10.053145408630371,-0.044342994689941406,1.0020875930786133,16.740617752075195,-0.005155444145202637,14,184,0.0017476081848144531
SLIM*MIX_oms_pat5_fn-full_extended_const-small_ints_raw,dd1681e3-7f95-11f1-88f9-2c7ba0e6fa90,synthetic_prior,0,99,0.998126208782196,0.11129093170166016,35614.0,0.9960760474205017,30.940122604370117,0.00020045042037963867,0.9968405961990356,2017.390625,0.002044200897216797,0.9989528059959412,162.45736694335938,-0.0005965232849121094,1.0068546533584595,0.021266713738441467,-0.015651226043701172,1.0203814506530762,10.053145408630371,-0.044342994689941406,1.0020875930786133,16.740617752075195,-0.005155444145202637,14,184,0.0017476081848144531
SLIM*MIX_oms_pat5_fn-full_extended_const-small_ints_raw,dd1681e3-7f95-11f1-88f9-2c7ba0e6fa90,synthetic_prior,0,100,0.998084545135498,0.09515547752380371,35186.0,0.9957776069641113,30.93085289001465,0.0007994174957275391,0.9975487589836121,2018.82373046875,0.0006257295608520508,0.9990338683128357,162.47052001953125,-0.0007587671279907227,1.0017670392990112,0.021159255877137184,-0.005413174629211426,1.0173633098602295,10.023409843444824,-0.03817427158355713,1.0065956115722656,16.81592559814453,-0.014219284057617188,15,191,0.0018309354782104492
SLIM*MIX_oms_pat5_fn-full_extended_const-small_ints_raw,dd1681e3-7f95-11f1-88f9-2c7ba0e6fa90,synthetic_prior,0,101,0.998084545135498,0.09476804733276367,35746.0,0.9957776069641113,30.93085289001465,0.0007994174957275391,0.9975487589836121,2018.82373046875,0.0006257295608520508,0.9990338683128357,162.47052001953125,-0.0007587671279907227,1.0017670392990112,0.021159255877137184,-0.005413174629211426,1.0173633098602295,10.023409843444824,-0.03817427158355713,1.0065956115722656,16.81592559814453,-0.014219284057617188,15,191,0.0018309354782104492
SLIM*MIX_oms_pat5_fn-full_extended_const-small_ints_raw,dd1681e3-7f95-11f1-88f9-2c7ba0e6fa90,synthetic_prior,0,102,0.998084545135498,0.11841893196105957,35796.0,0.9957776069641113,30.93085289001465,0.0007994174957275391,0.9975487589836121,2018.82373046875,0.0006257295608520508,0.9990338683128357,162.47052001953125,-0.0007587671279907227,1.0017670392990112,0.021159255877137184,-0.005413174629211426,1.0173633098602295,10.023409843444824,-0.03817427158355713,1.0065956115722656,16.81592559814453,-0.014219284057617188,15,191,0.0018309354782104492
SLIM*MIX_oms_pat5_fn-full_extended_const-small_ints_raw,dd1681e3-7f95-11f1-88f9-2c7ba0e6fa90,synthetic_prior,0,103,0.998084545135498,0.09484076499938965,35665.0,0.9957776069641113,30.93085289001465,0.0007994174957275391,0.9975487589836121,2018.82373046875,0.0006257295608520508,0.9990338683128357,162.47052001953125,-0.0007587671279907227,1.0017670392990112,0.021159255877137184,-0.005413174629211426,1.0173633098602295,10.023409843444824,-0.03817427158355713,1.0065956115722656,16.81592559814453,-0.014219284057617188,15,191,0.0018309354782104492
SLIM*MIX_oms_pat5_fn-full_extended_const-small_ints_raw,dd1681e3-7f95-11f1-88f9-2c7ba0e6fa90,synthetic_prior,0,104,0.998084545135498,1.1888115406036377,35678.0,0.9957776069641113,30.93085289001465,0.0007994174957275391,0.9975487589836121,2018.82373046875,0.0006257295608520508,0.9990338683128357,162.47052001953125,-0.0007587671279907227,1.0017670392990112,0.021159255877137184,-0.005413174629211426,1.0173633098602295,10.023409843444824,-0.03817427158355713,1.0065956115722656,16.81592559814453,-0.014219284057617188,15,191,0.0018309354782104492
SLIM*MIX_oms_pat5_fn-full_extended_const-small_ints_raw,dd1681e3-7f95-11f1-88f9-2c7ba0e6fa90,synthetic_prior,0,105,0.9980496764183044,0.1109161376953125,36301.0,0.9959161877632141,30.93515396118164,0.0005213618278503418,0.9970446228981018,2017.803466796875,0.0016356110572814941,0.9991466403007507,162.4888916015625,-0.0009849071502685547,1.0049461126327515,0.02122640237212181,-0.011804580688476562,1.0159636735916138,10.00961971282959,-0.03531944751739502,1.0011214017868042,16.724475860595703,-0.00321805477142334,15,196,0.0019006729125976562
SLIM*MIX_oms_pat5_fn-full_extended_const-small_ints_raw,dd1681e3-7f95-11f1-88f9-2c7ba0e6fa90,synthetic_prior,0,106,0.998048722743988,0.11076712608337402,36616.0,0.995978832244873,30.937105178833008,0.0003955364227294922,0.9968560934066772,2017.421875,0.0020132064819335938,0.9991499185562134,162.48941040039062,-0.0009913444519042969,1.0065793991088867,0.021260900422930717,-0.015096187591552734,1.0206962823867798,10.05624771118164,-0.04498755931854248,1.001783013343811,16.73552894592285,-0.004544496536254883,16,213,0.0019025802612304688
SLIM*MIX_oms_pat5_fn-full_extended_const-small_ints_raw,dd1681e3-7f95-11f1-88f9-2c7ba0e6fa90,synthetic_prior,0,107,0.998048722743988,0.1270143985748291,36674.0,0.995978832244873,30.937105178833008,0.0003955364227294922,0.9968560934066772,2017.421875,0.0020132064819335938,0.9991499185562134,162.48941040039062,-0.0009913444519042969,1.0065793991088867,0.021260900422930717,-0.015096187591552734,1.0206962823867798,10.05624771118164,-0.04498755931854248,1.001783013343811,16.73552894592285,-0.004544496536254883,16,213,0.0019025802612304688
SLIM*MIX_oms_pat5_fn-full_extended_const-small_ints_raw,dd1681e3-7f95-11f1-88f9-2c7ba0e6fa90,synthetic_prior,0,108,0.9980484247207642,0.09604501724243164,37033.0,0.995920717716217,30.9352970123291,0.000512242317199707,0.9970434308052063,2017.801025390625,0.0016380548477172852,0.9991481900215149,162.48912048339844,-0.0009878873825073242,1.0051782131195068,0.021231304854154587,-0.012272000312805176,1.0164058208465576,10.01397705078125,-0.03622090816497803,1.0012836456298828,16.727188110351562,-0.003543257713317871,14,183,0.0019031763076782227
SLIM*MIX_oms_pat5_fn-full_extended_const-small_ints_raw,dd1681e3-7f95-11f1-88f9-2c7ba0e6fa90,synthetic_prior,0,109,0.9980484247207642,0.09484481811523438,37766.0,0.995920717716217,30.9352970123291,0.000512242317199707,0.9970434308052063,2017.801025390625,0.0016380548477172852,0.9991481900215149,162.48912048339844,-0.0009878873825073242,1.0051782131195068,0.021231304854154587,-0.012272000312805176,1.0164058208465576,10.01397705078125,-0.03622090816497803,1.0012836456298828,16.727188110351562,-0.003543257713317871,14,183,0.0019031763076782227
SLIM*MIX_oms_pat5_fn-full_extended_const-small_ints_raw,dd1681e3-7f95-11f1-88f9-2c7ba0e6fa90,synthetic_prior,0,110,0.9980484247207642,0.10427999496459961,37283.0,0.995920717716217,30.9352970123291,0.000512242317199707,0.9970434308052063,2017.801025390625,0.0016380548477172852,0.9991481900215149,162.48912048339844,-0.0009878873825073242,1.0051782131195068,0.021231304854154587,-0.012272000312805176,1.0164058208465576,10.01397705078125,-0.03622090816497803,1.0012836456298828,16.727188110351562,-0.003543257713317871,14,183,0.0019031763076782227
SLIM*MIX_oms_pat5_fn-full_extended_const-small_ints_raw,dd1681e3-7f95-11f1-88f9-2c7ba0e6fa90,synthetic_prior,0,111,0.9980383515357971,0.09555530548095703,37469.0,0.995954155921936,30.936336517333984,0.0004450678825378418,0.9970250725746155,2017.763916015625,0.0016747117042541504,0.9990376830101013,162.47116088867188,-0.0007665157318115234,1.0041887760162354,0.021210404112935066,-0.010280013084411621,1.0169075727462769,10.018918991088867,-0.037244200706481934,1.0002312660217285,16.709606170654297,-0.001434922218322754,16,214,0.0019233226776123047
SLIM*MIX_oms_pat5_fn-full_extended_const-small_ints_raw,dd1681e3-7f95-11f1-88f9-2c7ba0e6fa90,synthetic_prior,0,112,0.9980218410491943,1.1917929649353027,37890.0,0.995709240436554,30.928730010986328,0.0009366273880004883,0.9969484210014343,2017.6087646484375,0.0018282532691955566,0.9992082118988037,162.4989013671875,-0.0011082887649536133,1.0052027702331543,0.021231822669506073,-0.01232147216796875,1.0234556198120117,10.083433151245117,-0.05064523220062256,1.0018956661224365,16.737409591674805,-0.004770398139953613,17,235,0.0019562840461730957
SLIM*MIX_oms_pat5_fn-full_extended_const-small_ints_raw,dd1681e3-7f95-11f1-88f9-2c7ba0e6fa90,synthetic_prior,0,113,0.9980218410491943,0.11212921142578125,37776.0,0.995709240436554,30.928730010986328,0.0009366273880004883,0.9969484210014343,2017.6087646484375,0.0018282532691955566,0.9992082118988037,162.4989013671875,-0.0011082887649536133,1.0052027702331543,0.021231822669506073,-0.01232147216796875,1.0234556198120117,10.083433151245117,-0.05064523220062256,1.0018956661224365,16.737409591674805,-0.004770398139953613,17,235,0.0019562840461730957
SLIM*MIX_oms_pat5_fn-full_extended_const-small_ints_raw,dd1681e3-7f95-11f1-88f9-2c7ba0e6fa90,synthetic_prior,0,114,0.9980218410491943,0.09520626068115234,37930.0,0.995709240436554,30.928730010986328,0.0009366273880004883,0.9969484210014343,2017.6087646484375,0.0018282532691955566,0.9992082118988037,162.4989013671875,-0.0011082887649536133,1.0052027702331543,0.021231822669506073,-0.01232147216796875,1.0234556198120117,10.083433151245117,-0.05064523220062256,1.0018956661224365,16.737409591674805,-0.004770398139953613,17,235,0.0019562840461730957
SLIM*MIX_oms_pat5_fn-full_extended_const-small_ints_raw,dd1681e3-7f95-11f1-88f9-2c7ba0e6fa90,synthetic_prior,0,115,0.998013973236084,0.11158037185668945,39848.0,0.9957913756370544,30.931278228759766,0.0007718801498413086,0.997025728225708,2017.7652587890625,0.0016734004020690918,0.9991608262062073,162.49119567871094,-0.0010132789611816406,1.004750370979309,0.021222267299890518,-0.011410355567932129,1.0215411186218262,10.06457233428955,-0.04671823978424072,1.0018322467803955,16.73634910583496,-0.00464320182800293,16,220,0.001972019672393799
SLIM*MIX_oms_pat5_fn-full_extended_const-small_ints_raw,dd1681e3-7f95-11f1-88f9-2c7ba0e6fa90,synthetic_prior,0,116,0.9980136752128601,0.11109137535095215,40436.0,0.9956892728805542,30.9281063079834,0.0009768009185791016,0.9971257448196411,2017.9676513671875,0.0014731884002685547,0.9992207288742065,162.5009307861328,-0.0011333227157592773,1.0038321018218994,0.021202873438596725,-0.00956261157989502,1.018478512763977,10.03439712524414,-0.0404515266418457,1.001089096069336,16.723934173583984,-0.003153204917907715,15,204,0.0019725561141967773
SLIM*MIX_oms_pat5_fn-full_extended_const-small_ints_raw,dd1681e3-7f95-11f1-88f9-2c7ba0e6fa90,synthetic_prior,0,117,0.9980136752128601,0.0952305793762207,40801.0,0.9956892728805542,30.9281063079834,0.0009768009185791016,0.9971257448196411,2017.9676513671875,0.0014731884002685547,0.9992207288742065,162.5009307861328,-0.0011333227157592773,1.0038321018218994,0.021202873438596725,-0.00956261157989502,1.018478512763977,10.03439712524414,-0.0404515266418457,1.001089096069336,16.723934173583984,-0.003153204917907715,15,204,0.0019725561141967773
SLIM*MIX_oms_pat5_fn-full_extended_const-small_ints_raw,dd1681e3-7f95-11f1-88f9-2c7ba0e6fa90,synthetic_prior,0,118,0.9980136752128601,0.11068105697631836,40617.0,0.9956892728805542,30.9281063079834,0.0009768009185791016,0.9971257448196411,2017.9676513671875,0.0014731884002685547,0.9992207288742065,162.5009307861328,-0.0011333227157592773,1.0038321018218994,0.021202873438596725,-0.00956261157989502,1.018478512763977,10.03439712524414,-0.0404515266418457,1.001089096069336,16.723934173583984,-0.003153204917907715,15,204,0.0019725561141967773
SLIM*MIX_oms_pat5_fn-full_extended_const-small_ints_raw,dd1681e3-7f95-11f1-88f9-2c7ba0e6fa90,synthetic_prior,0,119,0.9980136752128601,0.11086297035217285,40944.0,0.9956892728805542,30.9281063079834,0.0009768009185791016,0.9971257448196411,2017.9676513671875,0.0014731884002685547,0.9992207288742065,162.5009307861328,-0.0011333227157592773,1.0038321018218994,0.021202873438596725,-0.00956261157989502,1.018478512763977,10.03439712524414,-0.0404515266418457,1.001089096069336,16.723934173583984,-0.003153204917907715,15,204,0.0019725561141967773
SLIM*MIX_oms_pat5_fn-full_extended_const-small_ints_raw,dd1681e3-7f95-11f1-88f9-2c7ba0e6fa90,synthetic_prior,0,120,0.9980136752128601,0.09533905982971191,40985.0,0.9956892728805542,30.9281063079834,0.0009768009185791016,0.9971257448196411,2017.9676513671875,0.0014731884002685547,0.9992207288742065,162.5009307861328,-0.0011333227157592773,1.0038321018218994,0.021202873438596725,-0.00956261157989502,1.018478512763977,10.03439712524414,-0.0404515266418457,1.001089096069336,16.723934173583984,-0.003153204917907715,15,204,0.0019725561141967773
SLIM*MIX_oms_pat5_fn-full_extended_const-small_ints_raw,dd1681e3-7f95-11f1-88f9-2c7ba0e6fa90,synthetic_prior,0,121,0.9980068802833557,1.1597886085510254,40343.0,0.9957419037818909,30.92974281311035,0.0008711814880371094,0.9970152974128723,2017.744140625,0.0016943812370300293,0.999221920967102,162.50111389160156,-0.001135706901550293,1.005068302154541,0.021228983998298645,-0.012050628662109375,1.0232371091842651,10.081280708312988,-0.05019664764404297,1.002282977104187,16.743881225585938,-0.005547285079956055,16,220,0.001986265182495117
SLIM*MIX_oms_pat5_fn-full_extended_const-small_ints_raw,dd1681e3-7f95-11f1-88f9-2c7ba0e6fa90,synthetic_prior,0,122,0.9979738593101501,0.10917019844055176,40630.0,0.9957917928695679,30.931291580200195,0.0007710456848144531,0.996983528137207,2017.6796875,0.0017580389976501465,0.9993478655815125,162.52159118652344,-0.0013880729675292969,1.0041866302490234,0.021210361272096634,-0.010275959968566895,1.0166031122207642,10.015920639038086,-0.036623358726501465,1.0021600723266602,16.74182891845703,-0.00530087947845459,16,231,0.00205230712890625
SLIM*MIX_oms_pat5_fn-full_extended_const-small_ints_raw,dd1681e3-7f95-11f1-88f9-2c7ba0e6fa90,synthetic_prior,0,123,0.9979738593101501,0.11043167114257812,40869.0,0.9957917928695679,30.931291580200195,0.0007710456848144531,0.996983528137207,2017.6796875,0.0017580389976501465,0.9993478655815125,162.52159118652344,-0.0013880729675292969,1.0041866302490234,0.021210361272096634,-0.010275959968566895,1.0166031122207642,10.015920639038086,-0.036623358726501465,1.0021600723266602,16.74182891845703,-0.00530087947845459,16,231,0.00205230712890625
SLIM*MIX_oms_pat5_fn-full_extended_const-small_ints_raw,dd1681e3-7f95-11f1-88f9-2c7ba0e6fa90,synthetic_prior,0,124,0.9979738593101501,0.09598636627197266,41624.0,0.9957917928695679,30.931291580200195,0.0007710456848144531,0.996983528137207,2017.6796875,0.0017580389976501465,0.9993478655815125,162.52159118652344,-0.0013880729675292969,1.0041866302490234,0.021210361272096634,-0.010275959968566895,1.0166031122207642,10.015920639038086,-0.036623358726501465,1.0021600723266602,16.74182891845703,-0.00530087947845459,16,231,0.00205230712890625
SLIM*MIX_oms_pat5_fn-full_extended_const-small_ints_raw,dd1681e3-7f95-11f1-88f9-2c7ba0e6fa90,synthetic_prior,0,125,0.9979738593101501,0.09494614601135254,41341.0,0.9957917928695679,30.931291580200195,0.0007710456848144531,0.996983528137207,2017.6796875,0.0017580389976501465,0.9993478655815125,162.52159118652344,-0.0013880729675292969,1.0041866302490234,0.021210361272096634,-0.010275959968566895,1.0166031122207642,10.015920639038086,-0.036623358726501465,1.0021600723266602,16.74182891845703,-0.00530087947845459,16,231,0.00205230712890625
SLIM*MIX_oms_pat5_fn-full_extended_const-small_ints_raw,dd1681e3-7f95-11f1-88f9-2c7ba0e6fa90,synthetic_prior,0,126,0.9979738593101501,0.11117434501647949,41604.0,0.9957917928695679,30.931291580200195,0.0007710456848144531,0.996983528137207,2017.6796875,0.0017580389976501465,0.9993478655815125,162.52159118652344,-0.0013880729675292969,1.0041866302490234,0.021210361272096634,-0.010275959968566895,1.0166031122207642,10.015920639038086,-0.036623358726501465,1.0021600723266602,16.74182891845703,-0.00530087947845459,16,231,0.00205230712890625
SLIM*MIX_oms_pat5_fn-full_extended_const-small_ints_raw,dd1681e3-7f95-11f1-88f9-2c7ba0e6fa90,synthetic_prior,0,127,0.9979735612869263,0.11115264892578125,41615.0,0.9957777857780457,30.930856704711914,0.0007991194725036621,0.9969937205314636,2017.700439453125,0.0017375349998474121,0.9993090033531189,162.51527404785156,-0.0013102293014526367,1.0040069818496704,0.02120656706392765,-0.009914398193359375,1.0160948038101196,10.01091194152832,-0.03558659553527832,1.0019073486328125,16.73760414123535,-0.004793763160705566,17,243,0.002052903175354004
SLIM*MIX_oms_pat5_fn-full_extended_const-small_ints_raw,dd1681e3-7f95-11f1-88f9-2c7ba0e6fa90,synthetic_prior,0,128,0.9979735612869263,0.11054563522338867,42371.0,0.9957777857780457,30.930856704711914,0.0007991194725036621,0.9969937205314636,2017.700439453125,0.0017375349998474121,0.9993090033531189,162.51527404785156,-0.0013102293014526367,1.0040069818496704,0.02120656706392765,-0.009914398193359375,1.0160948038101196,10.01091194152832,-0.03558659553527832,1.0019073486328125,16.73760414123535,-0.004793763160705566,17,243,0.002052903175354004
SLIM*MIX_oms_pat5_fn-full_extended_const-small_ints_raw,dd1681e3-7f95-11f1-88f9-2c7ba0e6fa90,synthetic_prior,0,129,0.9979735612869263,1.181339979171753,43533.0,0.9957777857780457,30.930856704711914,0.0007991194725036621,0.9969937205314636,2017.700439453125,0.0017375349998474121,0.9993090033531189,162.51527404785156,-0.0013102293014526367,1.0040069818496704,0.02120656706392765,-0.009914398193359375,1.0160948038101196,10.01091194152832,-0.03558659553527832,1.0019073486328125,16.73760414123535,-0.004793763160705566,17,243,0.002052903175354004
SLIM*MIX_oms_pat5_fn-full_extended_const-small_ints_raw,dd1681e3-7f95-11f1-88f9-2c7ba0e6fa90,synthetic_prior,0,130,0.9979735612869263,0.10403132438659668,43805.0,0.9957777857780457,30.930856704711914,0.0007991194725036621,0.9969937205314636,2017.700439453125,0.0017375349998474121,0.9993090033531189,162.51527404785156,-0.0013102293014526367,1.0040069818496704,0.02120656706392765,-0.009914398193359375,1.0160948038101196,10.01091194152832,-0.03558659553527832,1.0019073486328125,16.73760414123535,-0.004793763160705566,17,243,0.002052903175354004
SLIM*MIX_oms_pat5_fn-full_extended_const-small_ints_raw,dd1681e3-7f95-11f1-88f9-2c7ba0e6fa90,synthetic_prior,0,131,0.9979735612869263,0.17541909217834473,44324.0,0.9957777857780457,30.930856704711914,0.0007991194725036621,0.9969937205314636,2017.700439453125,0.0017375349998474121,0.9993090033531189,162.51527404785156,-0.0013102293014526367,1.0040069818496704,0.02120656706392765,-0.009914398193359375,1.0160948038101196,10.01091194152832,-0.03558659553527832,1.0019073486328125,16.73760414123535,-0.004793763160705566,17,243,0.002052903175354004
SLIM*MIX_oms_pat5_fn-full_extended_const-small_ints_raw,dd1681e3-7f95-11f1-88f9-2c7ba0e6fa90,synthetic_prior,0,132,0.9979735612869263,0.12680506706237793,22399.0,0.9957777857780457,30.930856704711914,0.0007991194725036621,0.9969937205314636,2017.700439453125,0.0017375349998474121,0.9993090033531189,162.51527404785156,-0.0013102293014526367,1.0040069818496704,0.02120656706392765,-0.009914398193359375,1.0160948038101196,10.01091194152832,-0.03558659553527832,1.0019073486328125,16.73760414123535,-0.004793763160705566,17,243,0.002052903175354004
SLIM*MIX_oms_pat5_fn-full_extended_const-small_ints_raw,dd1681e3-7f95-11f1-88f9-2c7ba0e6fa90,synthetic_prior,0,133,0.9979735612869263,0.09521842002868652,35290.0,0.9957777857780457,30.930856704711914,0.0007991194725036621,0.9969937205314636,2017.700439453125,0.0017375349998474121,0.9993090033531189,162.51527404785156,-0.0013102293014526367,1.0040069818496704,0.02120656706392765,-0.009914398193359375,1.0160948038101196,10.01091194152832,-0.03558659553527832,1.0019073486328125,16.73760414123535,-0.004793763160705566,17,243,0.002052903175354004
SLIM*MIX_oms_pat5_fn-full_extended_const-small_ints_raw,dd1681e3-7f95-11f1-88f9-2c7ba0e6fa90,synthetic_prior,0,134,0.9979735612869263,0.09507131576538086,43434.0,0.9957777857780457,30.930856704711914,0.0007991194725036621,0.9969937205314636,2017.700439453125,0.0017375349998474121,0.9993090033531189,162.51527404785156,-0.0013102293014526367,1.0040069818496704,0.02120656706392765,-0.009914398193359375,1.0160948038101196,10.01091194152832,-0.03558659553527832,1.0019073486328125,16.73760414123535,-0.004793763160705566,17,243,0.002052903175354004
SLIM*MIX_oms_pat5_fn-full_extended_const-small_ints_raw,dd1681e3-7f95-11f1-88f9-2c7ba0e6fa90,synthetic_prior,0,135,0.9979735612869263,0.09492921829223633,45992.0,0.9957777857780457,30.930856704711914,0.0007991194725036621,0.9969937205314636,2017.700439453125,0.0017375349998474121,0.9993090033531189,162.51527404785156,-0.0013102293014526367,1.0040069818496704,0.02120656706392765,-0.009914398193359375,1.0160948038101196,10.01091194152832,-0.03558659553527832,1.0019073486328125,16.73760414123535,-0.004793763160705566,17,243,0.002052903175354004
SLIM*MIX_oms_pat5_fn-full_extended_const-small_ints_raw,dd1681e3-7f95-11f1-88f9-2c7ba0e6fa90,synthetic_prior,0,136,0.9979735612869263,1.2004551887512207,48119.0,0.9957777857780457,30.930856704711914,0.0007991194725036621,0.9969937205314636,2017.700439453125,0.0017375349998474121,0.9993090033531189,162.51527404785156,-0.0013102293014526367,1.0040069818496704,0.02120656706392765,-0.009914398193359375,1.0160948038101196,10.01091194152832,-0.03558659553527832,1.0019073486328125,16.73760414123535,-0.004793763160705566,17,243,0.002052903175354004
SLIM*MIX_oms_pat5_fn-full_extended_const-small_ints_raw,dd1681e3-7f95-11f1-88f9-2c7ba0e6fa90,synthetic_prior,0,137,0.9979726076126099,0.09607768058776855,47163.0,0.9957441687583923,30.929813385009766,0.0008665919303894043,0.9970201253890991,2017.75390625,0.0016846656799316406,0.9993524551391602,162.52235412597656,-0.001397252082824707,1.0035825967788696,0.021197602152824402,-0.00906074047088623,1.0145862102508545,9.996048927307129,-0.032514095306396484,1.0012538433074951,16.726688385009766,-0.003483414649963379,17,245,0.002054870128631592
SLIM*MIX_oms_pat5_fn-full_extended_const-small_ints_raw,dd1681e3-7f95-11f1-88f9-2c7ba0e6fa90,synthetic_prior,0,138,0.9979726076126099,0.09964489936828613,47505.0,0.9957441687583923,30.929813385009766,0.0008665919303894043,0.9970201253890991,2017.75390625,0.0016846656799316406,0.9993524551391602,162.52235412597656,-0.001397252082824707,1.0035825967788696,0.021197602152824402,-0.00906074047088623,1.0145862102508545,9.996048927307129,-0.032514095306396484,1.0012538433074951,16.726688385009766,-0.003483414649963379,17,245,0.002054870128631592
SLIM*MIX_oms_pat5_fn-full_extended_const-small_ints_raw,dd1681e3-7f95-11f1-88f9-2c7ba0e6fa90,synthetic_prior,0,139,0.9979726076126099,0.11080050468444824,46524.0,0.9957441687583923,30.929813385009766,0.0008665919303894043,0.9970201253890991,2017.75390625,0.0016846656799316406,0.9993524551391602,162.52235412597656,-0.001397252082824707,1.0035825967788696,0.021197602152824402,-0.00906074047088623,1.0145862102508545,9.996048927307129,-0.032514095306396484,1.0012538433074951,16.726688385009766,-0.003483414649963379,17,245,0.002054870128631592
SLIM*MIX_oms_pat5_fn-full_extended_const-small_ints_raw,dd1681e3-7f95-11f1-88f9-2c7ba0e6fa90,synthetic_prior,0,140,0.9979726076126099,0.1113579273223877,47158.0,0.9957441687583923,30.929813385009766,0.0008665919303894043,0.9970201253890991,2017.75390625,0.0016846656799316406,0.9993524551391602,162.52235412597656,-0.001397252082824707,1.0035825967788696,0.021197602152824402,-0.00906074047088623,1.0145862102508545,9.996048927307129,-0.032514095306396484,1.0012538433074951,16.726688385009766,-0.003483414649963379,17,245,0.002054870128631592
SLIM*MIX_oms_pat5_fn-full_extended_const-small_ints_raw,dd1681e3-7f95-11f1-88f9-2c7ba0e6fa90,synthetic_prior,0,141,0.9979726076126099,0.11100888252258301,46302.0,0.9957441687583923,30.929813385009766,0.0008665919303894043,0.9970201253890991,2017.75390625,0.0016846656799316406,0.9993524551391602,162.52235412597656,-0.001397252082824707,1.0035825967788696,0.021197602152824402,-0.00906074047088623,1.0145862102508545,9.996048927307129,-0.032514095306396484,1.0012538433074951,16.726688385009766,-0.003483414649963379,17,245,0.002054870128631592
SLIM*MIX_oms_pat5_fn-full_extended_const-small_ints_raw,dd1681e3-7f95-11f1-88f9-2c7ba0e6fa90,synthetic_prior,0,142,0.9979726076126099,0.12632012367248535,23794.0,0.9957441687583923,30.929813385009766,0.0008665919303894043,0.9970201253890991,2017.75390625,0.0016846656799316406,0.9993524551391602,162.52235412597656,-0.001397252082824707,1.0035825967788696,0.021197602152824402,-0.00906074047088623,1.0145862102508545,9.996048927307129,-0.032514095306396484,1.0012538433074951,16.726688385009766,-0.003483414649963379,17,245,0.002054870128631592
SLIM*MIX_oms_pat5_fn-full_extended_const-small_ints_raw,dd1681e3-7f95-11f1-88f9-2c7ba0e6fa90,synthetic_prior,0,143,0.9979726076126099,1.1904101371765137,35471.0,0.9957441687583923,30.929813385009766,0.0008665919303894043,0.9970201253890991,2017.75390625,0.0016846656799316406,0.9993524551391602,162.52235412597656,-0.001397252082824707,1.0035825967788696,0.021197602152824402,-0.00906074047088623,1.0145862102508545,9.996048927307129,-0.032514095306396484,1.0012538433074951,16.726688385009766,-0.003483414649963379,17,245,0.002054870128631592
SLIM*MIX_oms_pat5_fn-full_extended_const-small_ints_raw,dd1681e3-7f95-11f1-88f9-2c7ba0e6fa90,synthetic_prior,0,144,0.9979721903800964,0.09554195404052734,45060.0,0.995751678943634,30.93004608154297,0.0008515715599060059,0.9971746206283569,2018.0665283203125,0.0013752579689025879,0.9993429780006409,162.52081298828125,-0.001378178596496582,1.0033605098724365,0.02119290828704834,-0.008614063262939453,1.013578176498413,9.986117362976074,-0.030463457107543945,1.0016764402389526,16.733749389648438,-0.004330873489379883,16,235,0.0020555853843688965
SLIM*MIX_oms_pat5_fn-full_extended_const-small_ints_raw,dd1681e3-7f95-11f1-88f9-2c7ba0e6fa90,synthetic_prior,0,145,0.9979721903800964,0.09563660621643066,49150.0,0.995751678943634,30.93004608154297,0.0008515715599060059,0.9971746206283569,2018.0665283203125,0.0013752579689025879,0.9993429780006409,162.52081298828125,-0.001378178596496582,1.0033605098724365,0.02119290828704834,-0.008614063262939453,1.013578176498413,9.986117362976074,-0.030463457107543945,1.0016764402389526,16.733749389648438,-0.004330873489379883,16,235,0.0020555853843688965
SLIM*MIX_oms_pat5_fn-full_extended_const-small_ints_raw,dd1681e3-7f95-11f1-88f9-2c7ba0e6fa90,synthetic_prior,0,146,0.9979721903800964,0.1106116771697998,49576.0,0.995751678943634,30.93004608154297,0.0008515715599060059,0.9971746206283569,2018.0665283203125,0.0013752579689025879,0.9993429780006409,162.52081298828125,-0.001378178596496582,1.0033605098724365,0.02119290828704834,-0.008614063262939453,1.013578176498413,9.986117362976074,-0.030463457107543945,1.0016764402389526,16.733749389648438,-0.004330873489379883,16,235,0.0020555853843688965
SLIM*MIX_oms_pat5_fn-full_extended_const-small_ints_raw,dd1681e3-7f95-11f1-88f9-2c7ba0e6fa90,synthetic_prior,0,147,0.9979721903800964,0.1119387149810791,49416.0,0.995751678943634,30.93004608154297,0.0008515715599060059,0.9971746206283569,2018.0665283203125,0.0013752579689025879,0.9993429780006409,162.52081298828125,-0.001378178596496582,1.0033605098724365,0.02119290828704834,-0.008614063262939453,1.013578176498413,9.986117362976074,-0.030463457107543945,1.0016764402389526,16.733749389648438,-0.004330873489379883,16,235,0.0020555853843688965
SLIM*MIX_oms_pat5_fn-full_extended_const-small_ints_raw,dd1681e3-7f95-11f1-88f9-2c7ba0e6fa90,synthetic_prior,0,148,0.9979721903800964,0.11063742637634277,49091.0,0.995751678943634,30.93004608154297,0.0008515715599060059,0.9971746206283569,2018.0665283203125,0.0013752579689025879,0.9993429780006409,162.52081298828125,-0.001378178596496582,1.0033605098724365,0.02119290828704834,-0.008614063262939453,1.013578176498413,9.986117362976074,-0.030463457107543945,1.0016764402389526,16.733749389648438,-0.004330873489379883,16,235,0.0020555853843688965
SLIM*MIX_oms_pat5_fn-full_extended_const-small_ints_raw,dd1681e3-7f95-11f1-88f9-2c7ba0e6fa90,synthetic_prior,0,149,0.9979721903800964,0.12721538543701172,24748.0,0.995751678943634,30.93004608154297,0.0008515715599060059,0.9971746206283569,2018.0665283203125,0.0013752579689025879,0.9993429780006409,162.52081298828125,-0.001378178596496582,1.0033605098724365,0.02119290828704834,-0.008614063262939453,1.013578176498413,9.986117362976074,-0.030463457107543945,1.0016764402389526,16.733749389648438,-0.004330873489379883,16,235,0.0020555853843688965
SLIM*MIX_oms_pat5_fn-full_extended_const-small_ints_raw,dd1681e3-7f95-11f1-88f9-2c7ba0e6fa90,synthetic_prior,0,150,0.9979696869850159,0.09911966323852539,36985.0,0.9957062602043152,30.92863655090332,0.0009426474571228027,0.9971689581871033,2018.05517578125,0.0013865828514099121,0.9993776679039001,162.5264434814453,-0.0014476776123046875,1.003296136856079,0.0211915522813797,-0.008484959602355957,1.0141925811767578,9.992170333862305,-0.031713008880615234,1.0016127824783325,16.732685089111328,-0.004203081130981445,17,248,0.002060532569885254
SLIM*MIX_oms_pat5_fn-full_extended_const-small_ints_raw,dd1681e3-7f95-11f1-88f9-2c7ba0e6fa90,synthetic_prior,0,151,0.9979696869850159,1.1762323379516602,45885.0,0.9957062602043152,30.92863655090332,0.0009426474571228027,0.9971689581871033,2018.05517578125,0.0013865828514099121,0.9993776679039001,162.5264434814453,-0.0014476776123046875,1.003296136856079,0.0211915522813797,-0.008484959602355957,1.0141925811767578,9.992170333862305,-0.031713008880615234,1.0016127824783325,16.732685089111328,-0.004203081130981445,17,248,0.002060532569885254
SLIM*MIX_oms_pat5_fn-full_extended_const-small_ints_raw,dd1681e3-7f95-11f1-88f9-2c7ba0e6fa90,synthetic_prior,0,152,0.9979586005210876,0.11058497428894043,47140.0,0.9957507848739624,30.930017471313477,0.0008533000946044922,0.9969809055328369,2017.6744384765625,0.0017632842063903809,0.999308705329895,162.51522827148438,-0.0013096332550048828,1.002873182296753,0.02118261717259884,-0.007634639739990234,1.015335202217102,10.00342845916748,-0.03403902053833008,1.0016659498214722,16.73357391357422,-0.0043097734451293945,17,248,0.0020827651023864746
SLIM*MIX_oms_pat5_fn-full_extended_const-small_ints_raw,dd1681e3-7f95-11f1-88f9-2c7ba0e6fa90,synthetic_prior,0,153,0.9979586005210876,0.10705447196960449,47937.0,0.9957507848739624,30.930017471313477,0.0008533000946044922,0.9969809055328369,2017.6744384765625,0.0017632842063903809,0.999308705329895,162.51522827148438,-0.0013096332550048828,1.002873182296753,0.02118261717259884,-0.007634639739990234,1.015335202217102,10.00342845916748,-0.03403902053833008,1.0016659498214722,16.73357391357422,-0.0043097734451293945,17,248,0.0020827651023864746
SLIM*MIX_oms_pat5_fn-full_extended_const-small_ints_raw,dd1681e3-7f95-11f1-88f9-2c7ba0e6fa90,synthetic_prior,0,154,0.9979586005210876,0.11102890968322754,48507.0,0.9957507848739624,30.930017471313477,0.0008533000946044922,0.9969809055328369,2017.6744384765625,0.0017632842063903809,0.999308705329895,162.51522827148438,-0.0013096332550048828,1.002873182296753,0.02118261717259884,-0.007634639739990234,1.015335202217102,10.00342845916748,-0.03403902053833008,1.0016659498214722,16.73357391357422,-0.0043097734451293945,17,248,0.0020827651023864746
SLIM*MIX_oms_pat5_fn-full_extended_const-small_ints_raw,dd1681e3-7f95-11f1-88f9-2c7ba0e6fa90,synthetic_prior,0,155,0.9979586005210876,0.11068320274353027,48845.0,0.9957507848739624,30.930017471313477,0.0008533000946044922,0.9969809055328369,2017.6744384765625,0.0017632842063903809,0.999308705329895,162.51522827148438,-0.0013096332550048828,1.002873182296753,0.02118261717259884,-0.007634639739990234,1.015335202217102,10.00342845916748,-0.03403902053833008,1.0016659498214722,16.73357391357422,-0.0043097734451293945,17,248,0.0020827651023864746
SLIM*MIX_oms_pat5_fn-full_extended_const-small_ints_raw,dd1681e3-7f95-11f1-88f9-2c7ba0e6fa90,synthetic_prior,0,156,0.9979586005210876,0.12698650360107422,48691.0,0.9957507848739624,30.930017471313477,0.0008533000946044922,0.9969809055328369,2017.6744384765625,0.0017632842063903809,0.999308705329895,162.51522827148438,-0.0013096332550048828,1.002873182296753,0.02118261717259884,-0.007634639739990234,1.015335202217102,10.00342845916748,-0.03403902053833008,1.0016659498214722,16.73357391357422,-0.0043097734451293945,17,248,0.0020827651023864746
SLIM*MIX_oms_pat5_fn-full_extended_const-small_ints_raw,dd1681e3-7f95-11f1-88f9-2c7ba0e6fa90,synthetic_prior,0,157,0.9979586005210876,0.15838217735290527,24895.0,0.9957507848739624,30.930017471313477,0.0008533000946044922,0.9969809055328369,2017.6744384765625,0.0017632842063903809,0.999308705329895,162.51522827148438,-0.0013096332550048828,1.002873182296753,0.02118261717259884,-0.007634639739990234,1.015335202217102,10.00342845916748,-0.03403902053833008,1.0016659498214722,16.73357391357422,-0.0043097734451293945,17,248,0.0020827651023864746
SLIM*MIX_oms_pat5_fn-full_extended_const-small_ints_raw,dd1681e3-7f95-11f1-88f9-2c7ba0e6fa90,synthetic_prior,0,158,0.9979586005210876,1.175095796585083,36874.0,0.9957507848739624,30.930017471313477,0.0008533000946044922,0.9969809055328369,2017.6744384765625,0.0017632842063903809,0.999308705329895,162.51522827148438,-0.0013096332550048828,1.002873182296753,0.02118261717259884,-0.007634639739990234,1.015335202217102,10.00342845916748,-0.03403902053833008,1.0016659498214722,16.73357391357422,-0.0043097734451293945,17,248,0.0020827651023864746
SLIM*MIX_oms_pat5_fn-full_extended_const-small_ints_raw,dd1681e3-7f95-11f1-88f9-2c7ba0e6fa90,synthetic_prior,0,159,0.9979467988014221,0.11056637763977051,46073.0,0.9955430626869202,30.923566818237305,0.0012701153755187988,0.9970157742500305,2017.7451171875,0.0016933083534240723,0.9994040131568909,162.53073120117188,-0.0015004873275756836,1.0023529529571533,0.021171629428863525,-0.006589651107788086,1.011850357055664,9.969095230102539,-0.02695322036743164,1.000928282737732,16.721250534057617,-0.002831101417541504,19,283,0.00210648775100708
SLIM*MIX_oms_pat5_fn-full_extended_const-small_ints_raw,dd1681e3-7f95-11f1-88f9-2c7ba0e6fa90,synthetic_prior,0,160,0.9979467988014221,0.1094503402709961,49381.0,0.9955430626869202,30.923566818237305,0.0012701153755187988,0.9970157742500305,2017.7451171875,0.0016933083534240723,0.9994040131568909,162.53073120117188,-0.0015004873275756836,1.0023529529571533,0.021171629428863525,-0.006589651107788086,1.011850357055664,9.969095230102539,-0.02695322036743164,1.000928282737732,16.721250534057617,-0.002831101417541504,19,283,0.00210648775100708
SLIM*MIX_oms_pat5_fn-full_extended_const-small_ints_raw,dd1681e3-7f95-11f1-88f9-2c7ba0e6fa90,synthetic_prior,0,161,0.9979467988014221,0.1168363094329834,49547.0,0.9955430626869202,30.923566818237305,0.0012701153755187988,0.9970157742500305,2017.7451171875,0.0016933083534240723,0.9994040131568909,162.53073120117188,-0.0015004873275756836,1.0023529529571533,0.021171629428863525,-0.006589651107788086,1.011850357055664,9.969095230102539,-0.02695322036743164,1.000928282737732,16.721250534057617,-0.002831101417541504,19,283,0.00210648775100708
SLIM*MIX_oms_pat5_fn-full_extended_const-small_ints_raw,dd1681e3-7f95-11f1-88f9-2c7ba0e6fa90,synthetic_prior,0,162,0.9979467988014221,0.09498906135559082,50566.0,0.9955430626869202,30.923566818237305,0.0012701153755187988,0.9970157742500305,2017.7451171875,0.0016933083534240723,0.9994040131568909,162.53073120117188,-0.0015004873275756836,1.0023529529571533,0.021171629428863525,-0.006589651107788086,1.011850357055664,9.969095230102539,-0.02695322036743164,1.000928282737732,16.721250534057617,-0.002831101417541504,19,283,0.00210648775100708
SLIM*MIX_oms_pat5_fn-full_extended_const-small_ints_raw,dd1681e3-7f95-11f1-88f9-2c7ba0e6fa90,synthetic_prior,0,163,0.9979467988014221,0.11100339889526367,51372.0,0.9955430626869202,30.923566818237305,0.0012701153755187988,0.9970157742500305,2017.7451171875,0.0016933083534240723,0.9994040131568909,162.53073120117188,-0.0015004873275756836,1.0023529529571533,0.021171629428863525,-0.006589651107788086,1.011850357055664,9.969095230102539,-0.02695322036743164,1.000928282737732,16.721250534057617,-0.002831101417541504,19,283,0.00210648775100708
SLIM*MIX_oms_pat5_fn-full_extended_const-small_ints_raw,dd1681e3-7f95-11f1-88f9-2c7ba0e6fa90,synthetic_prior,0,164,0.9979465007781982,0.11159133911132812,51293.0,0.9957761764526367,30.930805206298828,0.0008023977279663086,0.9970800280570984,2017.8751220703125,0.001564621925354004,0.9991280436515808,162.48585510253906,-0.0009475946426391602,1.004368543624878,0.021214202046394348,-0.010641932487487793,1.0144602060317993,9.994808197021484,-0.032257676124572754,1.0012494325637817,16.72661590576172,-0.0034748315811157227,19,282,0.0021070241928100586
SLIM*MIX_oms_pat5_fn-full_extended_const-small_ints_raw,dd1681e3-7f95-11f1-88f9-2c7ba0e6fa90,synthetic_prior,0,165,0.9979465007781982,0.09606742858886719,51353.0,0.9957761764526367,30.930805206298828,0.0008023977279663086,0.9970800280570984,2017.8751220703125,0.001564621925354004,0.9991280436515808,162.48585510253906,-0.0009475946426391602,1.004368543624878,0.021214202046394348,-0.010641932487487793,1.0144602060317993,9.994808197021484,-0.032257676124572754,1.0012494325637817,16.72661590576172,-0.0034748315811157227,19,282,0.0021070241928100586
SLIM*MIX_oms_pat5_fn-full_extended_const-small_ints_raw,dd1681e3-7f95-11f1-88f9-2c7ba0e6fa90,synthetic_prior,0,166,0.9979465007781982,0.11771941184997559,52039.0,0.9957761764526367,30.930805206298828,0.0008023977279663086,0.9970800280570984,2017.8751220703125,0.001564621925354004,0.9991280436515808,162.48585510253906,-0.0009475946426391602,1.004368543624878,0.021214202046394348,-0.010641932487487793,1.0144602060317993,9.994808197021484,-0.032257676124572754,1.0012494325637817,16.72661590576172,-0.0034748315811157227,19,282,0.0021070241928100586
SLIM*MIX_oms_pat5_fn-full_extended_const-small_ints_raw,dd1681e3-7f95-11f1-88f9-2c7ba0e6fa90,synthetic_prior,0,167,0.9979465007781982,0.11109161376953125,52864.0,0.9957761764526367,30.930805206298828,0.0008023977279663086,0.9970800280570984,2017.8751220703125,0.001564621925354004,0.9991280436515808,162.48585510253906,-0.0009475946426391602,1.004368543624878,0.021214202046394348,-0.010641932487487793,1.0144602060317993,9.994808197021484,-0.032257676124572754,1.0012494325637817,16.72661590576172,-0.0034748315811157227,19,282,0.0021070241928100586
SLIM*MIX_oms_pat5_fn-full_extended_const-small_ints_raw,dd1681e3-7f95-11f1-88f9-2c7ba0e6fa90,synthetic_prior,0,168,0.9979465007781982,0.09771275520324707,52140.0,0.9957761764526367,30.930805206298828,0.0008023977279663086,0.9970800280570984,2017.8751220703125,0.001564621925354004,0.9991280436515808,162.48585510253906,-0.0009475946426391602,1.004368543624878,0.021214202046394348,-0.010641932487487793,1.0144602060317993,9.994808197021484,-0.032257676124572754,1.0012494325637817,16.72661590576172,-0.0034748315811157227,19,282,0.0021070241928100586
SLIM*MIX_oms_pat5_fn-full_extended_const-small_ints_raw,dd1681e3-7f95-11f1-88f9-2c7ba0e6fa90,synthetic_prior,0,169,0.9979340434074402,0.11998295783996582,52732.0,0.9953641891479492,30.918012619018555,0.0016289353370666504,0.997056782245636,2017.828125,0.0016112923622131348,0.999030590057373,162.4700164794922,-0.0007523298263549805,1.0073528289794922,0.021277237683534622,-0.01665663719177246,1.0181108713150024,10.030776023864746,-0.03970050811767578,1.0022058486938477,16.742591857910156,-0.005392551422119141,20,293,0.0021318793296813965
SLIM*MIX_oms_pat5_fn-full_extended_const-small_ints_raw,dd1681e3-7f95-11f1-88f9-2c7ba0e6fa90,synthetic_prior,0,170,0.9979340434074402,0.10912823677062988,53426.0,0.9953641891479492,30.918012619018555,0.0016289353370666504,0.997056782245636,2017.828125,0.0016112923622131348,0.999030590057373,162.4700164794922,-0.0007523298263549805,1.0073528289794922,0.021277237683534622,-0.01665663719177246,1.0181108713150024,10.030776023864746,-0.03970050811767578,1.0022058486938477,16.742591857910156,-0.005392551422119141,20,293,0.0021318793296813965
SLIM*MIX_oms_pat5_fn-full_extended_const-small_ints_raw,dd1681e3-7f95-11f1-88f9-2c7ba0e6fa90,synthetic_prior,0,171,0.9979340434074402,0.11161136627197266,54157.0,0.9953641891479492,30.918012619018555,0.0016289353370666504,0.997056782245636,2017.828125,0.0016112923622131348,0.999030590057373,162.4700164794922,-0.0007523298263549805,1.0073528289794922,0.021277237683534622,-0.01665663719177246,1.0181108713150024,10.030776023864746,-0.03970050811767578,1.0022058486938477,16.742591857910156,-0.005392551422119141,20,293,0.0021318793296813965
SLIM*MIX_oms_pat5_fn-full_extended_const-small_ints_raw,dd1681e3-7f95-11f1-88f9-2c7ba0e6fa90,synthetic_prior,0,172,0.997929036617279,0.12296843528747559,54442.0,0.9953516721725464,30.917621612548828,0.0016540288925170898,0.9970071315765381,2017.7275390625,0.0017107129096984863,0.9989023208618164,162.44915771484375,-0.0004953145980834961,1.0074334144592285,0.02127893827855587,-0.016819357872009277,1.0177801847457886,10.027517318725586,-0.039025068283081055,1.0025765895843506,16.7487850189209,-0.006136536598205566,19,280,0.002141892910003662
SLIM*MIX_oms_pat5_fn-full_extended_const-small_ints_raw,dd1681e3-7f95-11f1-88f9-2c7ba0e6fa90,synthetic_prior,0,173,0.997929036617279,1.1768543720245361,54655.0,0.9953516721725464,30.917621612548828,0.0016540288925170898,0.9970071315765381,2017.7275390625,0.0017107129096984863,0.9989023208618164,162.44915771484375,-0.0004953145980834961,1.0074334144592285,0.02127893827855587,-0.016819357872009277,1.0177801847457886,10.027517318725586,-0.039025068283081055,1.0025765895843506,16.7487850189209,-0.006136536598205566,19,280,0.002141892910003662
SLIM*MIX_oms_pat5_fn-full_extended_const-small_ints_raw,dd1681e3-7f95-11f1-88f9-2c7ba0e6fa90,synthetic_prior,0,174,0.9979156851768494,0.12153768539428711,54097.0,0.9957066774368286,30.928647994995117,0.0009418129920959473,0.997048556804657,2017.8115234375,0.0016276836395263672,0.9989855885505676,162.46267700195312,-0.0006622076034545898,1.008025050163269,0.02129143476486206,-0.018014073371887207,1.017045259475708,10.020276069641113,-0.037525177001953125,1.0020066499710083,16.7392635345459,-0.004992842674255371,21,316,0.002168595790863037
SLIM*MIX_oms_pat5_fn-full_extended_const-small_ints_raw,dd1681e3-7f95-11f1-88f9-2c7ba0e6fa90,synthetic_prior,0,175,0.9979156851768494,0.11130285263061523,54036.0,0.9957066774368286,30.928647994995117,0.0009418129920959473,0.997048556804657,2017.8115234375,0.0016276836395263672,0.9989855885505676,162.46267700195312,-0.0006622076034545898,1.008025050163269,0.02129143476486206,-0.018014073371887207,1.017045259475708,10.020276069641113,-0.037525177001953125,1.0020066499710083,16.7392635345459,-0.004992842674255371,21,316,0.002168595790863037
SLIM*MIX_oms_pat5_fn-full_extended_const-small_ints_raw,dd1681e3-7f95-11f1-88f9-2c7ba0e6fa90,synthetic_prior,0,176,0.9979115724563599,0.11043190956115723,54888.0,0.9954385161399841,30.920318603515625,0.0014798641204833984,0.9970582127571106,2017.8310546875,0.0016083121299743652,0.9990350604057312,162.47071838378906,-0.0007612705230712891,1.0072628259658813,0.021275335922837257,-0.01647508144378662,1.0158412456512451,10.008414268493652,-0.035070180892944336,1.0020396709442139,16.739816665649414,-0.005059242248535156,20,299,0.0021768808364868164
SLIM*MIX_oms_pat5_fn-full_extended_const-small_ints_raw,dd1681e3-7f95-11f1-88f9-2c7ba0e6fa90,synthetic_prior,0,177,0.9979025721549988,0.10860633850097656,54901.0,0.9954715967178345,30.921348571777344,0.0014134049415588379,0.9970595836639404,2017.8338623046875,0.0016056299209594727,0.9990026950836182,162.46548461914062,-0.0006964206695556641,1.007251262664795,0.021275093778967857,-0.016451716423034668,1.0151968002319336,10.00206470489502,-0.03375720977783203,1.001886010169983,16.737247467041016,-0.004750847816467285,18,269,0.002194821834564209
SLIM*MIX_oms_pat5_fn-full_extended_const-small_ints_raw,dd1681e3-7f95-11f1-88f9-2c7ba0e6fa90,synthetic_prior,0,178,0.9979025721549988,0.10995101928710938,54853.0,0.9954715967178345,30.921348571777344,0.0014134049415588379,0.9970595836639404,2017.8338623046875,0.0016056299209594727,0.9990026950836182,162.46548461914062,-0.0006964206695556641,1.007251262664795,0.021275093778967857,-0.016451716423034668,1.0151968002319336,10.00206470489502,-0.03375720977783203,1.001886010169983,16.737247467041016,-0.004750847816467285,18,269,0.002194821834564209
SLIM*MIX_oms_pat5_fn-full_extended_const-small_ints_raw,dd1681e3-7f95-11f1-88f9-2c7ba0e6fa90,synthetic_prior,0,179,0.9978969097137451,0.10659217834472656,53448.0,0.9954624772071838,30.921062469482422,0.0014317631721496582,0.9971713423728943,2018.059814453125,0.0013818740844726562,0.9994103908538818,162.53176879882812,-0.001513361930847168,1.0029226541519165,0.021183662116527557,-0.007734179496765137,1.0068250894546509,9.919583320617676,-0.016777753829956055,1.0017553567886353,16.735065460205078,-0.004488945007324219,18,249,0.002206146717071533
SLIM*MIX_oms_pat5_fn-full_extended_const-small_ints_raw,dd1681e3-7f95-11f1-88f9-2c7ba0e6fa90,synthetic_prior,0,180,0.9978962540626526,0.11244988441467285,54393.0,0.9954723715782166,30.921369552612305,0.001412034034729004,0.9971001148223877,2017.915771484375,0.001524507999420166,0.9989588856697083,162.45834350585938,-0.0006086826324462891,1.0068241357803345,0.021266069263219833,-0.015589714050292969,1.014132022857666,9.99157428741455,-0.03158986568450928,1.001704216003418,16.73421287536621,-0.004386425018310547,19,288,0.002207458019256592
SLIM*MIX_oms_pat5_fn-full_extended_const-small_ints_raw,dd1681e3-7f95-11f1-88f9-2c7ba0e6fa90,synthetic_prior,0,181,0.997883677482605,0.11105656623840332,53654.0,0.9955013990402222,30.922273635864258,0.0013536810874938965,0.9971255660057068,2017.96728515625,0.001473546028137207,0.9994847774505615,162.5438690185547,-0.0016623735427856445,1.0041093826293945,0.02120872773230076,-0.010120272636413574,1.0089640617370605,9.940657615661621,-0.02110278606414795,1.0021767616271973,16.74210548400879,-0.005334377288818359,19,266,0.002232670783996582
SLIM*MIX_oms_pat5_fn-full_extended_const-small_ints_raw,dd1681e3-7f95-11f1-88f9-2c7ba0e6fa90,synthetic_prior,0,182,0.997883677482605,0.11157512664794922,54575.0,0.9955013990402222,30.922273635864258,0.0013536810874938965,0.9971255660057068,2017.96728515625,0.001473546028137207,0.9994847774505615,162.5438690185547,-0.0016623735427856445,1.0041093826293945,0.02120872773230076,-0.010120272636413574,1.0089640617370605,9.940657615661621,-0.02110278606414795,1.0021767616271973,16.74210548400879,-0.005334377288818359,19,266,0.002232670783996582
SLIM*MIX_oms_pat5_fn-full_extended_const-small_ints_raw,dd1681e3-7f95-11f1-88f9-2c7ba0e6fa90,synthetic_prior,0,183,0.9978715777397156,0.12639212608337402,55256.0,0.9956642985343933,30.927331924438477,0.0010268092155456543,0.9971343874931335,2017.985107421875,0.001455843448638916,0.9993983507156372,162.52981567382812,-0.0014892816543579102,1.0028804540634155,0.021182769909501076,-0.0076493024826049805,1.0070812702178955,9.922107696533203,-0.017295479774475098,1.0014225244522095,16.729507446289062,-0.0038216114044189453,19,262,0.00225675106048584
SLIM*MIX_oms_pat5_fn-full_extended_const-small_ints_raw,dd1681e3-7f95-11f1-88f9-2c7ba0e6fa90,synthetic_prior,0,184,0.9978715777397156,0.11048626899719238,55288.0,0.9956642985343933,30.927331924438477,0.0010268092155456543,0.9971343874931335,2017.985107421875,0.001455843448638916,0.9993983507156372,162.52981567382812,-0.0014892816543579102,1.0028804540634155,0.021182769909501076,-0.0076493024826049805,1.0070812702178955,9.922107696533203,-0.017295479774475098,1.0014225244522095,16.729507446289062,-0.0038216114044189453,19,262,0.00225675106048584
SLIM*MIX_oms_pat5_fn-full_extended_const-small_ints_raw,dd1681e3-7f95-11f1-88f9-2c7ba0e6fa90,synthetic_prior,0,185,0.9978715777397156,0.12843608856201172,55592.0,0.9956642985343933,30.927331924438477,0.0010268092155456543,0.9971343874931335,2017.985107421875,0.001455843448638916,0.9993983507156372,162.52981567382812,-0.0014892816543579102,1.0028804540634155,0.021182769909501076,-0.0076493024826049805,1.0070812702178955,9.922107696533203,-0.017295479774475098,1.0014225244522095,16.729507446289062,-0.0038216114044189453,19,262,0.00225675106048584
SLIM*MIX_oms_pat5_fn-full_extended_const-small_ints_raw,dd1681e3-7f95-11f1-88f9-2c7ba0e6fa90,synthetic_prior,0,186,0.9978715777397156,0.12152290344238281,55593.0,0.9956642985343933,30.927331924438477,0.0010268092155456543,0.9971343874931335,2017.985107421875,0.001455843448638916,0.9993983507156372,162.52981567382812,-0.0014892816543579102,1.0028804540634155,0.021182769909501076,-0.0076493024826049805,1.0070812702178955,9.922107696533203,-0.017295479774475098,1.0014225244522095,16.729507446289062,-0.0038216114044189453,19,262,0.00225675106048584
SLIM*MIX_oms_pat5_fn-full_extended_const-small_ints_raw,dd1681e3-7f95-11f1-88f9-2c7ba0e6fa90,synthetic_prior,0,187,0.9978683590888977,0.10994338989257812,55936.0,0.9955965280532837,30.925228118896484,0.0011628270149230957,0.9969306588172913,2017.5728759765625,0.0018638372421264648,0.9990947246551514,162.48043823242188,-0.0008808374404907227,1.0092177391052246,0.02131662517786026,-0.020424246788024902,1.019343376159668,10.04291820526123,-0.04221928119659424,1.0038937330245972,16.770788192749023,-0.008781909942626953,20,302,0.0022632479667663574
SLIM*MIX_oms_pat5_fn-full_extended_const-small_ints_raw,dd1681e3-7f95-11f1-88f9-2c7ba0e6fa90,synthetic_prior,0,188,0.9978683590888977,1.163130521774292,56553.0,0.9955965280532837,30.925228118896484,0.0011628270149230957,0.9969306588172913,2017.5728759765625,0.0018638372421264648,0.9990947246551514,162.48043823242188,-0.0008808374404907227,1.0092177391052246,0.02131662517786026,-0.020424246788024902,1.019343376159668,10.04291820526123,-0.04221928119659424,1.0038937330245972,16.770788192749023,-0.008781909942626953,20,302,0.0022632479667663574
SLIM*MIX_oms_pat5_fn-full_extended_const-small_ints_raw,dd1681e3-7f95-11f1-88f9-2c7ba0e6fa90,synthetic_prior,0,189,0.9978602528572083,0.11083388328552246,56005.0,0.9956518411636353,30.92694664001465,0.001051783561706543,0.9969151616096497,2017.54150390625,0.0018948912620544434,0.9990237951278687,162.46890258789062,-0.0007386207580566406,1.0100347995758057,0.021333884447813034,-0.022077441215515137,1.0252254009246826,10.100870132446289,-0.05428194999694824,1.0039548873901367,16.77181053161621,-0.00890493392944336,19,277,0.0022794604301452637
SLIM*MIX_oms_pat5_fn-full_extended_const-small_ints_raw,dd1681e3-7f95-11f1-88f9-2c7ba0e6fa90,synthetic_prior,0,190,0.9978602528572083,0.1107642650604248,56795.0,0.9956518411636353,30.92694664001465,0.001051783561706543,0.9969151616096497,2017.54150390625,0.0018948912620544434,0.9990237951278687,162.46890258789062,-0.0007386207580566406,1.0100347995758057,0.021333884447813034,-0.022077441215515137,1.0252254009246826,10.100870132446289,-0.05428194999694824,1.0039548873901367,16.77181053161621,-0.00890493392944336,19,277,0.0022794604301452637
SLIM*MIX_oms_pat5_fn-full_extended_const-small_ints_raw,dd1681e3-7f95-11f1-88f9-2c7ba0e6fa90,synthetic_prior,0,191,0.9978602528572083,0.10568022727966309,57126.0,0.9956518411636353,30.92694664001465,0.001051783561706543,0.9969151616096497,2017.54150390625,0.0018948912620544434,0.9990237951278687,162.46890258789062,-0.0007386207580566406,1.0100347995758057,0.021333884447813034,-0.022077441215515137,1.0252254009246826,10.100870132446289,-0.05428194999694824,1.0039548873901367,16.77181053161621,-0.00890493392944336,19,277,0.0022794604301452637
SLIM*MIX_oms_pat5_fn-full_extended_const-small_ints_raw,dd1681e3-7f95-11f1-88f9-2c7ba0e6fa90,synthetic_prior,0,192,0.9978602528572083,0.11284112930297852,57052.0,0.9956518411636353,30.92694664001465,0.001051783561706543,0.9969151616096497,2017.54150390625,0.0018948912620544434,0.9990237951278687,162.46890258789062,-0.0007386207580566406,1.0100347995758057,0.021333884447813034,-0.022077441215515137,1.0252254009246826,10.100870132446289,-0.05428194999694824,1.0039548873901367,16.77181053161621,-0.00890493392944336,19,277,0.0022794604301452637
SLIM*MIX_oms_pat5_fn-full_extended_const-small_ints_raw,dd1681e3-7f95-11f1-88f9-2c7ba0e6fa90,synthetic_prior,0,193,0.9978498220443726,0.12676429748535156,57647.0,0.9956764578819275,30.927709579467773,0.001002490520477295,0.9970013499259949,2017.7158203125,0.0017222762107849121,0.9990571737289429,162.4743194580078,-0.0008054971694946289,1.007628083229065,0.021283050999045372,-0.017212271690368652,1.0179897546768188,10.029582023620605,-0.03945302963256836,1.0039465427398682,16.77167320251465,-0.00888824462890625,23,356,0.0023003220558166504
SLIM*MIX_oms_pat5_fn-full_extended_const-small_ints_raw,dd1681e3-7f95-11f1-88f9-2c7ba0e6fa90,synthetic_prior,0,194,0.9978498220443726,0.11028933525085449,58648.0,0.9956764578819275,30.927709579467773,0.001002490520477295,0.9970013499259949,2017.7158203125,0.0017222762107849121,0.9990571737289429,162.4743194580078,-0.0008054971694946289,1.007628083229065,0.021283050999045372,-0.017212271690368652,1.0179897546768188,10.029582023620605,-0.03945302963256836,1.0039465427398682,16.77167320251465,-0.00888824462890625,23,356,0.0023003220558166504
SLIM*MIX_oms_pat5_fn-full_extended_const-small_ints_raw,dd1681e3-7f95-11f1-88f9-2c7ba0e6fa90,synthetic_prior,0,195,0.9978498220443726,1.172457218170166,58799.0,0.9956764578819275,30.927709579467773,0.001002490520477295,0.9970013499259949,2017.7158203125,0.0017222762107849121,0.9990571737289429,162.4743194580078,-0.0008054971694946289,1.007628083229065,0.021283050999045372,-0.017212271690368652,1.0179897546768188,10.029582023620605,-0.03945302963256836,1.0039465427398682,16.77167320251465,-0.00888824462890625,23,356,0.0023003220558166504
SLIM*MIX_oms_pat5_fn-full_extended_const-small_ints_raw,dd1681e3-7f95-11f1-88f9-2c7ba0e6fa90,synthetic_prior,0,196,0.9978495836257935,0.09467005729675293,58826.0,0.9956764578819275,30.927709579467773,0.001002490520477295,0.9970013499259949,2017.7158203125,0.0017222762107849121,0.9990571737289429,162.4743194580078,-0.0008054971694946289,1.0076278448104858,0.021283045411109924,-0.01721179485321045,1.0179897546768188,10.029582023620605,-0.03945302963256836,1.0037635564804077,16.768613815307617,-0.008520364761352539,22,339,0.002300858497619629
SLIM*MIX_oms_pat5_fn-full_extended_const-small_ints_raw,dd1681e3-7f95-11f1-88f9-2c7ba0e6fa90,synthetic_prior,0,197,0.9978447556495667,0.11870479583740234,60962.0,0.9959821701049805,30.93720817565918,0.00038886070251464844,0.9974398016929626,2018.6031494140625,0.000844120979309082,0.998953640460968,162.45750427246094,-0.0005981922149658203,1.0047434568405151,0.02122212015092373,-0.011396408081054688,1.0134320259094238,9.984678268432617,-0.030166268348693848,1.0038669109344482,16.770339965820312,-0.00872802734375,26,409,0.002310514450073242
SLIM*MIX_oms_pat5_fn-full_extended_const-small_ints_raw,dd1681e3-7f95-11f1-88f9-2c7ba0e6fa90,synthetic_prior,0,198,0.9978418350219727,0.12762761116027832,63540.0,0.9959900975227356,30.93745231628418,0.00037300586700439453,0.9974304437637329,2018.5843505859375,0.0008628368377685547,0.9989595413208008,162.4584503173828,-0.0006099939346313477,1.0047374963760376,0.02122199535369873,-0.01138460636138916,1.0131826400756836,9.982219696044922,-0.029659152030944824,1.0037771463394165,16.768842697143555,-0.008547663688659668,25,396,0.0023162364959716797
SLIM*MIX_oms_pat5_fn-full_extended_const-small_ints_raw,dd1681e3-7f95-11f1-88f9-2c7ba0e6fa90,synthetic_prior,0,199,0.997841477394104,0.12787294387817383,63760.0,0.9959900975227356,30.93745231628418,0.00037300586700439453,0.9974304437637329,2018.5843505859375,0.0008628368377685547,0.9989595413208008,162.4584503173828,-0.0006099939346313477,1.004737138748169,0.021221986040472984,-0.011383652687072754,1.0131826400756836,9.982219696044922,-0.029659152030944824,1.0036571025848389,16.766836166381836,-0.008306503295898438,24,379,0.0023169517517089844
SLIM*MIX_oms_pat5_fn-full_extended_const-small_ints_raw,dd1681e3-7f95-11f1-88f9-2c7ba0e6fa90,synthetic_prior,0,200,0.997778594493866,0.1115870475769043,64833.0,0.9963455200195312,30.94849395751953,-0.00034058094024658203,0.9968986511230469,2017.508056640625,0.0019279122352600098,0.9992901086807251,162.51222229003906,-0.0012723207473754883,1.008314847946167,0.021297555416822433,-0.018599271774291992,1.020190954208374,10.051268577575684,-0.0439530611038208,1.0073513984680176,16.82855224609375,-0.015743017196655273,24,366,0.002442777156829834
SLIM*MIX_oms_pat5_fn-full_extended_const-small_ints_ls,dd1681e3-7f95-11f1-88f9-2c7ba0e6fa90,synthetic_prior,0,0,0.9986851215362549,0.11171412467956543,889.0,0.996112048625946,30.941240310668945,0.00012814998626708984,0.9978750944137573,2019.484130859375,-2.8133392333984375e-05,0.9985600709915161,162.3934783935547,0.00019019842147827148,1.0130341053009033,0.021397234871983528,-0.028156399726867676,1.004136323928833,9.89309310913086,-0.011354446411132812,1.0078970193862915,16.83766746520996,-0.016843557357788086,1,3,0.0006291866302490234
SLIM*MIX_oms_pat5_fn-full_extended_const-small_ints_ls,dd1681e3-7f95-11f1-88f9-2c7ba0e6fa90,synthetic_prior,0,1,0.9986851215362549,1.2220540046691895,2501.0,0.996112048625946,30.941240310668945,0.00012814998626708984,0.9978750944137573,2019.484130859375,-2.8133392333984375e-05,0.9985600709915161,162.3934783935547,0.00019019842147827148,1.0130341053009033,0.021397234871983528,-0.028156399726867676,1.004136323928833,9.89309310913086,-0.011354446411132812,1.0078970193862915,16.83766746520996,-0.016843557357788086,1,3,0.0006291866302490234
SLIM*MIX_oms_pat5_fn-full_extended_const-small_ints_ls,dd1681e3-7f95-11f1-88f9-2c7ba0e6fa90,synthetic_prior,0,2,0.9986553192138672,0.12674927711486816,3000.0,0.9942377209663391,30.883018493652344,0.003887474536895752,0.9960107803344727,2015.7110595703125,0.0037050247192382812,0.9982448816299438,162.34222412109375,0.0008211731910705566,1.0025326013565063,0.02117542363703251,-0.00695037841796875,0.983696699142456,9.691715240478516,0.029399573802947998,0.9917023181915283,16.567121505737305,0.015570759773254395,2,18,0.0006889700889587402
SLIM*MIX_oms_pat5_fn-full_extended_const-small_ints_ls,dd1681e3-7f95-11f1-88f9-2c7ba0e6fa90,synthetic_prior,0,3,0.9986553192138672,0.12330842018127441,3236.0,0.9942377209663391,30.883018493652344,0.003887474536895752,0.9960107803344727,2015.7110595703125,0.0037050247192382812,0.9982448816299438,162.34222412109375,0.0008211731910705566,1.0025326013565063,0.02117542363703251,-0.00695037841796875,0.983696699142456,9.691715240478516,0.029399573802947998,0.9917023181915283,16.567121505737305,0.015570759773254395,2,18,0.0006889700889587402
SLIM*MIX_oms_pat5_fn-full_extended_const-small_ints_ls,dd1681e3-7f95-11f1-88f9-2c7ba0e6fa90,synthetic_prior,0,4,0.9986553192138672,0.11445283889770508,3388.0,0.9942377209663391,30.883018493652344,0.003887474536895752,0.9960107803344727,2015.7110595703125,0.0037050247192382812,0.9982448816299438,162.34222412109375,0.0008211731910705566,1.0025326013565063,0.02117542363703251,-0.00695037841796875,0.983696699142456,9.691715240478516,0.029399573802947998,0.9917023181915283,16.567121505737305,0.015570759773254395,2,18,0.0006889700889587402
SLIM*MIX_oms_pat5_fn-full_extended_const-small_ints_ls,dd1681e3-7f95-11f1-88f9-2c7ba0e6fa90,synthetic_prior,0,5,0.9986544847488403,0.12748503684997559,3708.0,0.996045708656311,30.939178466796875,0.0002613663673400879,0.9977249503135681,2019.1802978515625,0.0002727508544921875,0.9986200928688049,162.4032440185547,6.99162483215332e-05,0.9984769821166992,0.021089760586619377,0.001180112361907959,1.0209591388702393,10.058836936950684,-0.04552578926086426,1.0047810077667236,16.785612106323242,-0.010565996170043945,3,31,0.0006906390190124512
SLIM*MIX_oms_pat5_fn-full_extended_const-small_ints_ls,dd1681e3-7f95-11f1-88f9-2c7ba0e6fa90,synthetic_prior,0,6,0.9986544847488403,0.12706565856933594,3521.0,0.996045708656311,30.939178466796875,0.0002613663673400879,0.9977249503135681,2019.1802978515625,0.0002727508544921875,0.9986200928688049,162.4032440185547,6.99162483215332e-05,0.9984769821166992,0.021089760586619377,0.001180112361907959,1.0209591388702393,10.058836936950684,-0.04552578926086426,1.0047810077667236,16.785612106323242,-0.010565996170043945,3,31,0.0006906390190124512
SLIM*MIX_oms_pat5_fn-full_extended_const-small_ints_ls,dd1681e3-7f95-11f1-88f9-2c7ba0e6fa90,synthetic_prior,0,7,0.9985622763633728,0.12762022018432617,4211.0,0.9959349632263184,30.935741424560547,0.00048357248306274414,0.9975997805595398,2018.927001953125,0.0005235671997070312,0.998512864112854,162.38580322265625,0.00028461217880249023,1.0008306503295898,0.0211394764482975,-0.0035344362258911133,1.0256892442703247,10.105439186096191,-0.055236101150512695,1.0063556432724,16.811918258666992,-0.01373589038848877,5,58,0.0008751153945922852
SLIM*MIX_oms_pat5_fn-full_extended_const-small_ints_ls,dd1681e3-7f95-11f1-88f9-2c7ba0e6fa90,synthetic_prior,0,8,0.9985622763633728,0.1272742748260498,4004.0,0.9959349632263184,30.935741424560547,0.00048357248306274414,0.9975997805595398,2018.927001953125,0.0005235671997070312,0.998512864112854,162.38580322265625,0.00028461217880249023,1.0008306503295898,0.0211394764482975,-0.0035344362258911133,1.0256892442703247,10.105439186096191,-0.055236101150512695,1.0063556432724,16.811918258666992,-0.01373589038848877,5,58,0.0008751153945922852
SLIM*MIX_oms_pat5_fn-full_extended_const-small_ints_ls,dd1681e3-7f95-11f1-88f9-2c7ba0e6fa90,synthetic_prior,0,9,0.9985237717628479,0.13385391235351562,4244.0,0.9959999322891235,30.937755584716797,0.00035327672958374023,0.9976420402526855,2019.012451171875,0.0004388093948364258,0.9986445903778076,162.4072265625,2.092123031616211e-05,0.9980698823928833,0.021081162616610527,0.0019944310188293457,1.0385595560073853,10.2322416305542,-0.08188426494598389,1.006752610206604,16.818546295166016,-0.014535784721374512,4,44,0.0009521245956420898
SLIM*MIX_oms_pat5_fn-full_extended_const-small_ints_ls,dd1681e3-7f95-11f1-88f9-2c7ba0e6fa90,synthetic_prior,0,10,0.9985014796257019,0.12078690528869629,5113.0,0.9960021376609802,30.93782615661621,0.00034886598587036133,0.9976657629013062,2019.060546875,0.00039136409759521484,0.9986497759819031,162.4080810546875,1.043081283569336e-05,0.9978948831558228,0.021077467128634453,0.0023443102836608887,1.0399034023284912,10.2454833984375,-0.08468616008758545,1.010154128074646,16.87537384033203,-0.021402955055236816,4,50,0.0009967684745788574
SLIM*MIX_oms_pat5_fn-full_extended_const-small_ints_ls,dd1681e3-7f95-11f1-88f9-2c7ba0e6fa90,synthetic_prior,0,11,0.998422384262085,0.12730765342712402,5685.0,0.9959648847579956,30.936668395996094,0.00042361021041870117,0.9976128339767456,2018.953369140625,0.0004974007606506348,0.9986592531204224,162.40960693359375,-8.58306884765625e-06,0.9976123571395874,0.021071499213576317,0.002909243106842041,1.0518182516098022,10.362872123718262,-0.10968446731567383,1.013816237449646,16.936552047729492,-0.02882206439971924,5,64,0.001155078411102295
SLIM*MIX_oms_pat5_fn-full_extended_const-small_ints_ls,dd1681e3-7f95-11f1-88f9-2c7ba0e6fa90,synthetic_prior,0,12,0.998422384262085,0.15831685066223145,7829.0,0.9959648847579956,30.936668395996094,0.00042361021041870117,0.9976128339767456,2018.953369140625,0.0004974007606506348,0.9986592531204224,162.40960693359375,-8.58306884765625e-06,0.9976123571395874,0.021071499213576317,0.002909243106842041,1.0518182516098022,10.362872123718262,-0.10968446731567383,1.013816237449646,16.936552047729492,-0.02882206439971924,5,64,0.001155078411102295
SLIM*MIX_oms_pat5_fn-full_extended_const-small_ints_ls,dd1681e3-7f95-11f1-88f9-2c7ba0e6fa90,synthetic_prior,0,13,0.9983813762664795,0.1436173915863037,9391.0,0.9957216382026672,30.92911148071289,0.0009117722511291504,0.9969003796577454,2017.5115966796875,0.0019244551658630371,0.9986034035682678,162.40052795410156,0.00010341405868530273,0.9969558715820312,0.021057631820440292,0.004221022129058838,1.008042335510254,9.931575775146484,-0.019237995147705078,0.9902294874191284,16.542518615722656,0.01849263906478882,7,88,0.0012370944023132324
SLIM*MIX_oms_pat5_fn-full_extended_const-small_ints_ls,dd1681e3-7f95-11f1-88f9-2c7ba0e6fa90,synthetic_prior,0,14,0.9983813762664795,0.14339900016784668,10119.0,0.9957216382026672,30.92911148071289,0.0009117722511291504,0.9969003796577454,2017.5115966796875,0.0019244551658630371,0.9986034035682678,162.40052795410156,0.00010341405868530273,0.9969558715820312,0.021057631820440292,0.004221022129058838,1.008042335510254,9.931575775146484,-0.019237995147705078,0.9902294874191284,16.542518615722656,0.01849263906478882,7,88,0.0012370944023132324
SLIM*MIX_oms_pat5_fn-full_extended_const-small_ints_ls,dd1681e3-7f95-11f1-88f9-2c7ba0e6fa90,synthetic_prior,0,15,0.9983493685722351,0.1269547939300537,11658.0,0.9961190819740295,30.941457748413086,0.00011408329010009766,0.996326744556427,2016.3505859375,0.003072798252105713,0.9982768893241882,162.34742736816406,0.0007570981979370117,0.9964272379875183,0.021046467125415802,0.005276739597320557,1.0100845098495483,9.95169734954834,-0.02337205410003662,0.9906219244003296,16.549074172973633,0.01771456003189087,6,71,0.001301109790802002
SLIM*MIX_oms_pat5_fn-full_extended_const-small_ints_ls,dd1681e3-7f95-11f1-88f9-2c7ba0e6fa90,synthetic_prior,0,16,0.9983345866203308,1.20760178565979,13079.0,0.9960612654685974,30.939664840698242,0.0002300739288330078,0.9977148771286011,2019.1597900390625,0.0002929568290710449,0.9987432360649109,162.42327880859375,-0.0001766681671142578,0.997094988822937,0.02106057107448578,0.003943085670471191,1.0546725988388062,10.39099407196045,-0.1157153844833374,1.0150176286697388,16.956621170043945,-0.03126192092895508,7,85,0.001330733299255371
SLIM*MIX_oms_pat5_fn-full_extended_const-small_ints_ls,dd1681e3-7f95-11f1-88f9-2c7ba0e6fa90,synthetic_prior,0,17,0.9982989430427551,0.12605905532836914,14827.0,0.9960126876831055,30.938152313232422,0.00032770633697509766,0.9976285099983215,2018.985107421875,0.0004659295082092285,0.9987187385559082,162.41929626464844,-0.00012767314910888672,0.9973207712173462,0.02106533944606781,0.003491997718811035,1.061347484588623,10.456757545471191,-0.12988245487213135,1.0158941745758057,16.97126579284668,-0.03304398059844971,6,71,0.0014020800590515137
SLIM*MIX_oms_pat5_fn-full_extended_const-small_ints_ls,dd1681e3-7f95-11f1-88f9-2c7ba0e6fa90,synthetic_prior,0,18,0.9982922077178955,0.12752509117126465,15664.0,0.9961707592010498,30.94306182861328,1.0311603546142578e-05,0.9976312518119812,2018.99072265625,0.0004604458808898926,0.9986290335655212,162.40469360351562,5.1975250244140625e-05,0.9989317059516907,0.02109936624765396,0.0002701282501220703,1.0434480905532837,10.280405044555664,-0.09209334850311279,1.0124660730361938,16.91399574279785,-0.026083707809448242,6,76,0.0014156103134155273
SLIM*MIX_oms_pat5_fn-full_extended_const-small_ints_ls,dd1681e3-7f95-11f1-88f9-2c7ba0e6fa90,synthetic_prior,0,19,0.9982870817184448,0.2065563201904297,16044.0,0.9961442947387695,30.942241668701172,6.335973739624023e-05,0.9974644780158997,2018.653076171875,0.0007947087287902832,0.9986293315887451,162.4047393798828,5.143880844116211e-05,0.9983112215995789,0.021086258813738823,0.0015117526054382324,1.0690655708312988,10.532798767089844,-0.14637517929077148,1.0201057195663452,17.041622161865234,-0.041626811027526855,6,77,0.0014257431030273438
SLIM*MIX_oms_pat5_fn-full_extended_const-small_ints_ls,dd1681e3-7f95-11f1-88f9-2c7ba0e6fa90,synthetic_prior,0,20,0.9982194304466248,0.21674537658691406,16014.0,0.9960994124412537,30.940847396850586,0.00015354156494140625,0.9977160692214966,2019.1624755859375,0.0002904534339904785,0.9987285137176514,162.42088317871094,-0.00014722347259521484,0.997269332408905,0.02106425352394581,0.003594815731048584,1.0514678955078125,10.359420776367188,-0.10894525051116943,1.0065550804138184,16.815248489379883,-0.014137625694274902,6,72,0.0015611052513122559
SLIM*MIX_oms_pat5_fn-full_extended_const-small_ints_ls,dd1681e3-7f95-11f1-88f9-2c7ba0e6fa90,synthetic_prior,0,21,0.9982048273086548,1.284179449081421,16243.0,0.9960964918136597,30.940757751464844,0.00015938282012939453,0.9976373314857483,2019.0029296875,0.0004482865333557129,0.9987438321113586,162.42337036132812,-0.0001779794692993164,0.9972122311592102,0.021063046529889107,0.0037088990211486816,1.0617783069610596,10.461002349853516,-0.13079988956451416,1.0191676616668701,17.02595329284668,-0.03971207141876221,7,86,0.0015902519226074219
SLIM*MIX_oms_pat5_fn-full_extended_const-small_ints_ls,dd1681e3-7f95-11f1-88f9-2c7ba0e6fa90,synthetic_prior,0,22,0.9981721639633179,0.143784761428833,17183.0,0.9959165453910828,30.935165405273438,0.0005207061767578125,0.9976623058319092,2019.053466796875,0.00039821863174438477,0.9987594485282898,162.4259033203125,-0.0002090930938720703,0.9976137280464172,0.021071527153253555,0.0029064416885375977,1.0544047355651855,10.388355255126953,-0.11514878273010254,1.0189963579177856,17.023090362548828,-0.03936278820037842,10,129,0.00165557861328125
SLIM*MIX_oms_pat5_fn-full_extended_const-small_ints_ls,dd1681e3-7f95-11f1-88f9-2c7ba0e6fa90,synthetic_prior,0,23,0.9981721639633179,0.14313292503356934,17860.0,0.9959165453910828,30.935165405273438,0.0005207061767578125,0.9976623058319092,2019.053466796875,0.00039821863174438477,0.9987594485282898,162.4259033203125,-0.0002090930938720703,0.9976137280464172,0.021071527153253555,0.0029064416885375977,1.0544047355651855,10.388355255126953,-0.11514878273010254,1.0189963579177856,17.023090362548828,-0.03936278820037842,10,129,0.00165557861328125
SLIM*MIX_oms_pat5_fn-full_extended_const-small_ints_ls,dd1681e3-7f95-11f1-88f9-2c7ba0e6fa90,synthetic_prior,0,24,0.9981407523155212,0.14244651794433594,20049.0,0.9958276152610779,30.93240737915039,0.0006991028785705566,0.9975646138191223,2018.8558349609375,0.000594019889831543,0.9987280964851379,162.4208221435547,-0.00014638900756835938,0.9978355765342712,0.02107621356844902,0.0024629831314086914,1.0607943534851074,10.451306343078613,-0.12870490550994873,1.0192952156066895,17.0280818939209,-0.03997242450714111,9,115,0.0017185807228088379
SLIM*MIX_oms_pat5_fn-full_extended_const-small_ints_ls,dd1681e3-7f95-11f1-88f9-2c7ba0e6fa90,synthetic_prior,0,25,0.9981407523155212,0.13623762130737305,20989.0,0.9958276152610779,30.93240737915039,0.0006991028785705566,0.9975646138191223,2018.8558349609375,0.000594019889831543,0.9987280964851379,162.4208221435547,-0.00014638900756835938,0.9978355765342712,0.02107621356844902,0.0024629831314086914,1.0607943534851074,10.451306343078613,-0.12870490550994873,1.0192952156066895,17.0280818939209,-0.03997242450714111,9,115,0.0017185807228088379
SLIM*MIX_oms_pat5_fn-full_extended_const-small_ints_ls,dd1681e3-7f95-11f1-88f9-2c7ba0e6fa90,synthetic_prior,0,26,0.9981309175491333,0.1463637351989746,22393.0,0.9958547949790955,30.933250427246094,0.0006445050239562988,0.9975553750991821,2018.837158203125,0.0006124973297119141,0.9987741708755493,162.42831420898438,-0.00023865699768066406,0.9976624846458435,0.02107255905866623,0.002808988094329834,1.060532569885254,10.448728561401367,-0.12814807891845703,1.0222654342651367,17.07770347595215,-0.04604220390319824,10,131,0.0017380714416503906
SLIM*MIX_oms_pat5_fn-full_extended_const-small_ints_ls,dd1681e3-7f95-11f1-88f9-2c7ba0e6fa90,synthetic_prior,0,27,0.9981075525283813,1.2382400035858154,22989.0,0.9958981275558472,30.93459701538086,0.0005575418472290039,0.9976457357406616,2019.0198974609375,0.00043147802352905273,0.9986470937728882,162.4076385498047,1.5854835510253906e-05,0.9989756941795349,0.021100295707583427,0.00018209218978881836,1.0466169118881226,10.311627388000488,-0.09873652458190918,1.0105235576629639,16.881547927856445,-0.022150397300720215,9,114,0.0017848014831542969
SLIM*MIX_oms_pat5_fn-full_extended_const-small_ints_ls,dd1681e3-7f95-11f1-88f9-2c7ba0e6fa90,synthetic_prior,0,28,0.9980897903442383,0.25466299057006836,24050.0,0.9958046674728394,30.93169403076172,0.0007451176643371582,0.9975882768630981,2018.903564453125,0.0005466341972351074,0.998641312122345,162.4066925048828,2.7477741241455078e-05,0.9986315369606018,0.02109302580356598,0.000870823860168457,1.0558042526245117,10.402143478393555,-0.1181110143661499,1.0119726657867432,16.90575408935547,-0.02508389949798584,8,100,0.001820385456085205
SLIM*MIX_oms_pat5_fn-full_extended_const-small_ints_ls,dd1681e3-7f95-11f1-88f9-2c7ba0e6fa90,synthetic_prior,0,29,0.9980694651603699,0.18935537338256836,25276.0,0.995778501033783,30.930877685546875,0.0007976889610290527,0.9975497722625732,2018.82568359375,0.0006237626075744629,0.9987072944641113,162.41741943359375,-0.00010466575622558594,0.9976681470870972,0.02107267640531063,0.0027976632118225098,1.0419111251831055,10.265262603759766,-0.08887827396392822,1.0163427591323853,16.978759765625,-0.033956289291381836,14,196,0.0018610954284667969
SLIM*MIX_oms_pat5_fn-full_extended_const-small_ints_ls,dd1681e3-7f95-11f1-88f9-2c7ba0e6fa90,synthetic_prior,0,30,0.9980694651603699,0.1662759780883789,26449.0,0.995778501033783,30.930877685546875,0.0007976889610290527,0.9975497722625732,2018.82568359375,0.0006237626075744629,0.9987072944641113,162.41741943359375,-0.00010466575622558594,0.9976681470870972,0.02107267640531063,0.0027976632118225098,1.0419111251831055,10.265262603759766,-0.08887827396392822,1.0163427591323853,16.978759765625,-0.033956289291381836,14,196,0.0018610954284667969
SLIM*MIX_oms_pat5_fn-full_extended_const-small_ints_ls,dd1681e3-7f95-11f1-88f9-2c7ba0e6fa90,synthetic_prior,0,31,0.9980692267417908,0.1584770679473877,28366.0,0.9958406090736389,30.932809829711914,0.0006730556488037109,0.9975851774215698,2018.8974609375,0.0005527734756469727,0.9986989498138428,162.4160614013672,-8.797645568847656e-05,0.9978308081626892,0.021076111122965813,0.0024725794792175293,1.0388976335525513,10.235573768615723,-0.0825890302658081,1.0160454511642456,16.973793029785156,-0.03335154056549072,15,208,0.0018615126609802246
SLIM*MIX_oms_pat5_fn-full_extended_const-small_ints_ls,dd1681e3-7f95-11f1-88f9-2c7ba0e6fa90,synthetic_prior,0,32,0.9980562925338745,1.2425901889801025,29227.0,0.9957573413848877,30.930221557617188,0.0008401870727539062,0.9974150061607361,2018.552978515625,0.000893712043762207,0.9987635016441345,162.4265594482422,-0.00021719932556152344,0.9972595572471619,0.021064046770334244,0.0036143064498901367,1.0831888914108276,10.67194652557373,-0.1768643856048584,1.0314745903015137,17.231550216674805,-0.06497395038604736,12,165,0.0018873810768127441
SLIM*MIX_oms_pat5_fn-full_extended_const-small_ints_ls,dd1681e3-7f95-11f1-88f9-2c7ba0e6fa90,synthetic_prior,0,33,0.9980169534683228,0.20621776580810547,31332.0,0.9957544803619385,30.930131912231445,0.0008459091186523438,0.9975359439849854,2018.7978515625,0.0006514191627502441,0.9987469911575317,162.42388916015625,-0.0001842975616455078,0.9980399012565613,0.02108052931725979,0.002054452896118164,1.0728598833084106,10.570181846618652,-0.15452706813812256,1.0258197784423828,17.137081146240234,-0.0533289909362793,14,195,0.001966118812561035
SLIM*MIX_oms_pat5_fn-full_extended_const-small_ints_ls,dd1681e3-7f95-11f1-88f9-2c7ba0e6fa90,synthetic_prior,0,34,0.9980169534683228,0.1428661346435547,33195.0,0.9957544803619385,30.930131912231445,0.0008459091186523438,0.9975359439849854,2018.7978515625,0.0006514191627502441,0.9987469911575317,162.42388916015625,-0.0001842975616455078,0.9980399012565613,0.02108052931725979,0.002054452896118164,1.0728598833084106,10.570181846618652,-0.15452706813812256,1.0258197784423828,17.137081146240234,-0.0533289909362793,14,195,0.001966118812561035
SLIM*MIX_oms_pat5_fn-full_extended_const-small_ints_ls,dd1681e3-7f95-11f1-88f9-2c7ba0e6fa90,synthetic_prior,0,35,0.9980145692825317,0.1586449146270752,36388.0,0.9957569241523743,30.93021011352539,0.0008410215377807617,0.9975300431251526,2018.7860107421875,0.0006632208824157715,0.9987428784370422,162.4232177734375,-0.0001760721206665039,0.9979275465011597,0.02107815444469452,0.002279043197631836,1.0743215084075928,10.58458137512207,-0.15767478942871094,1.0263001918792725,17.14510726928711,-0.05431568622589111,15,210,0.001970827579498291
SLIM*MIX_oms_pat5_fn-full_extended_const-small_ints_ls,dd1681e3-7f95-11f1-88f9-2c7ba0e6fa90,synthetic_prior,0,36,0.9980145692825317,0.1755681037902832,38540.0,0.9957569241523743,30.93021011352539,0.0008410215377807617,0.9975300431251526,2018.7860107421875,0.0006632208824157715,0.9987428784370422,162.4232177734375,-0.0001760721206665039,0.9979275465011597,0.02107815444469452,0.002279043197631836,1.0743215084075928,10.58458137512207,-0.15767478942871094,1.0263001918792725,17.14510726928711,-0.05431568622589111,15,210,0.001970827579498291
SLIM*MIX_oms_pat5_fn-full_extended_const-small_ints_ls,dd1681e3-7f95-11f1-88f9-2c7ba0e6fa90,synthetic_prior,0,37,0.997992992401123,0.17443585395812988,40278.0,0.9957259297370911,30.92924690246582,0.0009031891822814941,0.997504711151123,2018.734619140625,0.0007140040397644043,0.9987786412239075,162.4290313720703,-0.00024759769439697266,0.998042643070221,0.021080587059259415,0.0020488500595092773,1.0776907205581665,10.617776870727539,-0.16494762897491455,1.0303637981414795,17.21299171447754,-0.06268119812011719,15,209,0.0020140409469604492
SLIM*MIX_oms_pat5_fn-full_extended_const-small_ints_ls,dd1681e3-7f95-11f1-88f9-2c7ba0e6fa90,synthetic_prior,0,38,0.9979851841926575,0.1440105438232422,41109.0,0.995782732963562,30.93100929260254,0.0007892251014709473,0.9973195195198059,2018.3597412109375,0.0010849833488464355,0.998651385307312,162.40834045410156,7.212162017822266e-06,0.9973485469818115,0.021065928041934967,0.003436565399169922,1.0846275091171265,10.68612003326416,-0.1799924373626709,1.0333367586135864,17.26265525817871,-0.06882250308990479,14,194,0.002029597759246826
SLIM*MIX_oms_pat5_fn-full_extended_const-small_ints_ls,dd1681e3-7f95-11f1-88f9-2c7ba0e6fa90,synthetic_prior,0,39,0.9979851841926575,0.14328312873840332,42334.0,0.995782732963562,30.93100929260254,0.0007892251014709473,0.9973195195198059,2018.3597412109375,0.0010849833488464355,0.998651385307312,162.40834045410156,7.212162017822266e-06,0.9973485469818115,0.021065928041934967,0.003436565399169922,1.0846275091171265,10.68612003326416,-0.1799924373626709,1.0333367586135864,17.26265525817871,-0.06882250308990479,14,194,0.002029597759246826
SLIM*MIX_oms_pat5_fn-full_extended_const-small_ints_ls,dd1681e3-7f95-11f1-88f9-2c7ba0e6fa90,synthetic_prior,0,40,0.9979625940322876,0.15867042541503906,43120.0,0.9958194494247437,30.932153701782227,0.0007154941558837891,0.997536301612854,2018.798583984375,0.0006507635116577148,0.9987832307815552,162.4297637939453,-0.0002567768096923828,0.9980542659759521,0.021080832928419113,0.0020256638526916504,1.0825223922729492,10.66537857055664,-0.1754164695739746,1.0303643941879272,17.213001251220703,-0.06268250942230225,15,212,0.0020748376846313477
SLIM*MIX_oms_pat5_fn-full_extended_const-small_ints_ls,dd1681e3-7f95-11f1-88f9-2c7ba0e6fa90,synthetic_prior,0,41,0.9979625940322876,0.14021730422973633,42523.0,0.9958194494247437,30.932153701782227,0.0007154941558837891,0.997536301612854,2018.798583984375,0.0006507635116577148,0.9987832307815552,162.4297637939453,-0.0002567768096923828,0.9980542659759521,0.021080832928419113,0.0020256638526916504,1.0825223922729492,10.66537857055664,-0.1754164695739746,1.0303643941879272,17.213001251220703,-0.06268250942230225,15,212,0.0020748376846313477
SLIM*MIX_oms_pat5_fn-full_extended_const-small_ints_ls,dd1681e3-7f95-11f1-88f9-2c7ba0e6fa90,synthetic_prior,0,42,0.9979251623153687,0.14304375648498535,43120.0,0.995776355266571,30.93081283569336,0.0008020401000976562,0.997494637966156,2018.7142333984375,0.0007342100143432617,0.9988008737564087,162.43264770507812,-0.00029218196868896484,0.9981281757354736,0.02108239382505417,0.0018778443336486816,1.0800013542175293,10.640541076660156,-0.16994822025299072,1.033101201057434,17.25872230529785,-0.06833541393280029,16,223,0.0021497011184692383
SLIM*MIX_oms_pat5_fn-full_extended_const-small_ints_ls,dd1681e3-7f95-11f1-88f9-2c7ba0e6fa90,synthetic_prior,0,43,0.9979251623153687,0.1580650806427002,43832.0,0.995776355266571,30.93081283569336,0.0008020401000976562,0.997494637966156,2018.7142333984375,0.0007342100143432617,0.9988008737564087,162.43264770507812,-0.00029218196868896484,0.9981281757354736,0.02108239382505417,0.0018778443336486816,1.0800013542175293,10.640541076660156,-0.16994822025299072,1.033101201057434,17.25872230529785,-0.06833541393280029,16,223,0.0021497011184692383
SLIM*MIX_oms_pat5_fn-full_extended_const-small_ints_ls,dd1681e3-7f95-11f1-88f9-2c7ba0e6fa90,synthetic_prior,0,44,0.9979206323623657,1.3167650699615479,44645.0,0.9957350492477417,30.92953109741211,0.0008848905563354492,0.9975693821907043,2018.8656005859375,0.0005843639373779297,0.9987825155258179,162.42967224121094,-0.0002554655075073242,0.9982577562332153,0.02108512818813324,0.0016187429428100586,1.08083975315094,10.648801803588867,-0.17176544666290283,1.0294468402862549,17.19767189025879,-0.0607905387878418,16,227,0.0021587014198303223
SLIM*MIX_oms_pat5_fn-full_extended_const-small_ints_ls,dd1681e3-7f95-11f1-88f9-2c7ba0e6fa90,synthetic_prior,0,45,0.9979143142700195,0.2212071418762207,44766.0,0.9957385659217834,30.929637908935547,0.0008778572082519531,0.9975675940513611,2018.86181640625,0.0005879998207092285,0.9987818598747253,162.42955017089844,-0.00025403499603271484,0.9982750415802002,0.021085496991872787,0.0015840530395507812,1.0818061828613281,10.658323287963867,-0.17386186122894287,1.0299633741378784,17.206300735473633,-0.061855316162109375,17,242,0.002171337604522705
SLIM*MIX_oms_pat5_fn-full_extended_const-small_ints_ls,dd1681e3-7f95-11f1-88f9-2c7ba0e6fa90,synthetic_prior,0,46,0.9979068636894226,0.2530369758605957,44590.0,0.9957414269447327,30.929725646972656,0.0008720755577087402,0.9975735545158386,2018.8740234375,0.000576019287109375,0.9987807273864746,162.42935180664062,-0.0002516508102416992,0.9982908964157104,0.0210858304053545,0.0015523433685302734,1.0803437232971191,10.643914222717285,-0.17069005966186523,1.0289855003356934,17.189964294433594,-0.05983996391296387,17,240,0.0021862387657165527
SLIM*MIX_oms_pat5_fn-full_extended_const-small_ints_ls,dd1681e3-7f95-11f1-88f9-2c7ba0e6fa90,synthetic_prior,0,47,0.9979068636894226,1.3101890087127686,45318.0,0.9957414269447327,30.929725646972656,0.0008720755577087402,0.9975735545158386,2018.8740234375,0.000576019287109375,0.9987807273864746,162.42935180664062,-0.0002516508102416992,0.9982908964157104,0.0210858304053545,0.0015523433685302734,1.0803437232971191,10.643914222717285,-0.17069005966186523,1.0289855003356934,17.189964294433594,-0.05983996391296387,17,240,0.0021862387657165527
SLIM*MIX_oms_pat5_fn-full_extended_const-small_ints_ls,dd1681e3-7f95-11f1-88f9-2c7ba0e6fa90,synthetic_prior,0,48,0.9978947639465332,0.1746668815612793,45677.0,0.9955862164497375,30.924903869628906,0.001183629035949707,0.9974479079246521,2018.61962890625,0.0008278489112854004,0.9987656474113464,162.42691040039062,-0.00022161006927490234,0.9979477524757385,0.021078582853078842,0.0022386908531188965,1.0961480140686035,10.799623489379883,-0.2051926851272583,1.0361101627349854,17.308990478515625,-0.07456767559051514,17,230,0.0022104382514953613
SLIM*MIX_oms_pat5_fn-full_extended_const-small_ints_ls,dd1681e3-7f95-11f1-88f9-2c7ba0e6fa90,synthetic_prior,0,49,0.9978618621826172,0.15924572944641113,47845.0,0.9957473278045654,30.929908752441406,0.0008602142333984375,0.997523307800293,2018.7720947265625,0.0006768107414245605,0.9988100528717041,162.43414306640625,-0.00031054019927978516,0.9982548952102661,0.021085070446133614,0.0016243457794189453,1.0893173217773438,10.732325553894043,-0.19021892547607422,1.0317925214767456,17.236858367919922,-0.06563043594360352,18,260,0.002276301383972168
SLIM*MIX_oms_pat5_fn-full_extended_const-small_ints_ls,dd1681e3-7f95-11f1-88f9-2c7ba0e6fa90,synthetic_prior,0,50,0.9978329539299011,0.2536046504974365,46592.0,0.9958914518356323,30.934389114379883,0.0005708932876586914,0.9975536465644836,2018.8336181640625,0.0006158947944641113,0.9986833930015564,162.41355895996094,-5.6862831115722656e-05,0.9984943866729736,0.021090129390358925,0.0011453032493591309,1.0742592811584473,10.583969116210938,-0.15754079818725586,1.0203311443328857,17.04538917541504,-0.04208731651306152,17,232,0.002334117889404297
SLIM*MIX_oms_pat5_fn-full_extended_const-small_ints_ls,dd1681e3-7f95-11f1-88f9-2c7ba0e6fa90,synthetic_prior,0,51,0.9978329539299011,0.2533376216888428,46481.0,0.9958914518356323,30.934389114379883,0.0005708932876586914,0.9975536465644836,2018.8336181640625,0.0006158947944641113,0.9986833930015564,162.41355895996094,-5.6862831115722656e-05,0.9984943866729736,0.021090129390358925,0.0011453032493591309,1.0742592811584473,10.583969116210938,-0.15754079818725586,1.0203311443328857,17.04538917541504,-0.04208731651306152,17,232,0.002334117889404297
SLIM*MIX_oms_pat5_fn-full_extended_const-small_ints_ls,dd1681e3-7f95-11f1-88f9-2c7ba0e6fa90,synthetic_prior,0,52,0.9978329539299011,0.14404749870300293,47252.0,0.9958914518356323,30.934389114379883,0.0005708932876586914,0.9975536465644836,2018.8336181640625,0.0006158947944641113,0.9986833930015564,162.41355895996094,-5.6862831115722656e-05,0.9984943866729736,0.021090129390358925,0.0011453032493591309,1.0742592811584473,10.583969116210938,-0.15754079818725586,1.0203311443328857,17.04538917541504,-0.04208731651306152,17,232,0.002334117889404297
SLIM*MIX_oms_pat5_fn-full_extended_const-small_ints_ls,dd1681e3-7f95-11f1-88f9-2c7ba0e6fa90,synthetic_prior,0,53,0.9978259801864624,0.254152774810791,48240.0,0.9957414269447327,30.92972755432129,0.0008720755577087402,0.9975765347480774,2018.8800048828125,0.0005700588226318359,0.9987795352935791,162.42916870117188,-0.0002493858337402344,0.9978607296943665,0.02107674442231655,0.0024126768112182617,1.079286813735962,10.633501052856445,-0.16840064525604248,1.029861330986023,17.20459747314453,-0.0616450309753418,20,284,0.0023479461669921875
SLIM*MIX_oms_pat5_fn-full_extended_const-small_ints_ls,dd1681e3-7f95-11f1-88f9-2c7ba0e6fa90,synthetic_prior,0,54,0.9978259801864624,0.14170265197753906,49868.0,0.9957414269447327,30.92972755432129,0.0008720755577087402,0.9975765347480774,2018.8800048828125,0.0005700588226318359,0.9987795352935791,162.42916870117188,-0.0002493858337402344,0.9978607296943665,0.02107674442231655,0.0024126768112182617,1.079286813735962,10.633501052856445,-0.16840064525604248,1.029861330986023,17.20459747314453,-0.0616450309753418,20,284,0.0023479461669921875
SLIM*MIX_oms_pat5_fn-full_extended_const-small_ints_ls,dd1681e3-7f95-11f1-88f9-2c7ba0e6fa90,synthetic_prior,0,55,0.9978259801864624,0.15725135803222656,51713.0,0.9957414269447327,30.92972755432129,0.0008720755577087402,0.9975765347480774,2018.8800048828125,0.0005700588226318359,0.9987795352935791,162.42916870117188,-0.0002493858337402344,0.9978607296943665,0.02107674442231655,0.0024126768112182617,1.079286813735962,10.633501052856445,-0.16840064525604248,1.029861330986023,17.20459747314453,-0.0616450309753418,20,284,0.0023479461669921875
SLIM*MIX_oms_pat5_fn-full_extended_const-small_ints_ls,dd1681e3-7f95-11f1-88f9-2c7ba0e6fa90,synthetic_prior,0,56,0.9978259801864624,0.15713024139404297,51517.0,0.9957414269447327,30.92972755432129,0.0008720755577087402,0.9975765347480774,2018.8800048828125,0.0005700588226318359,0.9987795352935791,162.42916870117188,-0.0002493858337402344,0.9978607296943665,0.02107674442231655,0.0024126768112182617,1.079286813735962,10.633501052856445,-0.16840064525604248,1.029861330986023,17.20459747314453,-0.0616450309753418,20,284,0.0023479461669921875
SLIM*MIX_oms_pat5_fn-full_extended_const-small_ints_ls,dd1681e3-7f95-11f1-88f9-2c7ba0e6fa90,synthetic_prior,0,57,0.9978259801864624,1.3016250133514404,52455.0,0.9957414269447327,30.92972755432129,0.0008720755577087402,0.9975765347480774,2018.8800048828125,0.0005700588226318359,0.9987795352935791,162.42916870117188,-0.0002493858337402344,0.9978607296943665,0.02107674442231655,0.0024126768112182617,1.079286813735962,10.633501052856445,-0.16840064525604248,1.029861330986023,17.20459747314453,-0.0616450309753418,20,284,0.0023479461669921875
SLIM*MIX_oms_pat5_fn-full_extended_const-small_ints_ls,dd1681e3-7f95-11f1-88f9-2c7ba0e6fa90,synthetic_prior,0,58,0.99782395362854,0.14348292350769043,53000.0,0.9957360029220581,30.929561614990234,0.0008829236030578613,0.9975763559341431,2018.879638671875,0.0005704760551452637,0.9987775683403015,162.42886352539062,-0.0002455711364746094,0.9978699088096619,0.02107693813741207,0.0023943185806274414,1.0797386169433594,10.637951850891113,-0.16937899589538574,1.0304245948791504,17.214006423950195,-0.06280648708343506,22,314,0.002351999282836914
SLIM*MIX_oms_pat5_fn-full_extended_const-small_ints_ls,dd1681e3-7f95-11f1-88f9-2c7ba0e6fa90,synthetic_prior,0,59,0.9978134036064148,0.15854144096374512,52985.0,0.9960291385650635,30.93866539001465,0.00029462575912475586,0.9976449608802795,2019.0184326171875,0.0004329681396484375,0.9986668825149536,162.41085815429688,-2.372264862060547e-05,0.9988976716995239,0.021098647266626358,0.0003382563591003418,1.0610805749893188,10.454126358032227,-0.12931406497955322,1.0197553634643555,17.035770416259766,-0.04091155529022217,19,276,0.0023730993270874023
SLIM*MIX_oms_pat5_fn-full_extended_const-small_ints_ls,dd1681e3-7f95-11f1-88f9-2c7ba0e6fa90,synthetic_prior,0,60,0.9978048205375671,0.15674805641174316,53700.0,0.9960263967514038,30.93857765197754,0.0003001093864440918,0.99759840965271,2018.9241943359375,0.0005263090133666992,0.9986860156059265,162.41395568847656,-6.198883056640625e-05,0.998816192150116,0.02109692431986332,0.0005013942718505859,1.0657788515090942,10.50041675567627,-0.1393371820449829,1.0217318534851074,17.06878662109375,-0.04495036602020264,20,290,0.0023903250694274902
SLIM*MIX_oms_pat5_fn-full_extended_const-small_ints_ls,dd1681e3-7f95-11f1-88f9-2c7ba0e6fa90,synthetic_prior,0,61,0.9978048205375671,0.20578980445861816,54940.0,0.9960263967514038,30.93857765197754,0.0003001093864440918,0.99759840965271,2018.9241943359375,0.0005263090133666992,0.9986860156059265,162.41395568847656,-6.198883056640625e-05,0.998816192150116,0.02109692431986332,0.0005013942718505859,1.0657788515090942,10.50041675567627,-0.1393371820449829,1.0217318534851074,17.06878662109375,-0.04495036602020264,20,290,0.0023903250694274902
SLIM*MIX_oms_pat5_fn-full_extended_const-small_ints_ls,dd1681e3-7f95-11f1-88f9-2c7ba0e6fa90,synthetic_prior,0,62,0.9978048205375671,1.3172142505645752,55667.0,0.9960263967514038,30.93857765197754,0.0003001093864440918,0.99759840965271,2018.9241943359375,0.0005263090133666992,0.9986860156059265,162.41395568847656,-6.198883056640625e-05,0.998816192150116,0.02109692431986332,0.0005013942718505859,1.0657788515090942,10.50041675567627,-0.1393371820449829,1.0217318534851074,17.06878662109375,-0.04495036602020264,20,290,0.0023903250694274902
SLIM*MIX_oms_pat5_fn-full_extended_const-small_ints_ls,dd1681e3-7f95-11f1-88f9-2c7ba0e6fa90,synthetic_prior,0,63,0.997794508934021,0.15769267082214355,57055.0,0.9956765174865723,30.927711486816406,0.0010023713111877441,0.9974655508995056,2018.6552734375,0.0007925033569335938,0.998728334903717,162.4208526611328,-0.0001468658447265625,0.9983760118484497,0.021087627857923508,0.0013821125030517578,1.0875848531723022,10.715255737304688,-0.18643605709075928,1.0297871828079224,17.203359603881836,-0.061492323875427246,20,278,0.0024109482765197754
SLIM*MIX_oms_pat5_fn-full_extended_const-small_ints_ls,dd1681e3-7f95-11f1-88f9-2c7ba0e6fa90,synthetic_prior,0,64,0.997794508934021,0.14444684982299805,56682.0,0.9956765174865723,30.927711486816406,0.0010023713111877441,0.9974655508995056,2018.6552734375,0.0007925033569335938,0.998728334903717,162.4208526611328,-0.0001468658447265625,0.9983760118484497,0.021087627857923508,0.0013821125030517578,1.0875848531723022,10.715255737304688,-0.18643605709075928,1.0297871828079224,17.203359603881836,-0.061492323875427246,20,278,0.0024109482765197754
SLIM*MIX_oms_pat5_fn-full_extended_const-small_ints_ls,dd1681e3-7f95-11f1-88f9-2c7ba0e6fa90,synthetic_prior,0,65,0.9977937340736389,0.14217424392700195,57616.0,0.9957088828086853,30.928720474243164,0.000937342643737793,0.9974799156188965,2018.6844482421875,0.0007636547088623047,0.9986979961395264,162.41590881347656,-8.606910705566406e-05,0.9981736540794373,0.021083353087306023,0.0017868876457214355,1.0916041135787964,10.754855155944824,-0.1952214241027832,1.0286855697631836,17.184955596923828,-0.05922234058380127,20,277,0.00241243839263916
SLIM*MIX_oms_pat5_fn-full_extended_const-small_ints_ls,dd1681e3-7f95-11f1-88f9-2c7ba0e6fa90,synthetic_prior,0,66,0.9977865815162659,0.14255523681640625,58585.0,0.9956737756729126,30.927627563476562,0.0010077953338623047,0.9974607825279236,2018.645751953125,0.0008020401000976562,0.9987308382987976,162.42124938964844,-0.0001518726348876953,0.9983881115913391,0.021087883040308952,0.0013579726219177246,1.088639736175537,10.725648880004883,-0.18873870372772217,1.0302046537399292,17.2103328704834,-0.06235313415527344,21,291,0.002426743507385254
SLIM*MIX_oms_pat5_fn-full_extended_const-small_ints_ls,dd1681e3-7f95-11f1-88f9-2c7ba0e6fa90,synthetic_prior,0,67,0.9977819919586182,1.2360281944274902,59013.0,0.9956544041633606,30.927024841308594,0.0010467767715454102,0.9974427819252014,2018.6092529296875,0.0008381009101867676,0.9987315535545349,162.42137145996094,-0.0001533031463623047,0.9984040260314941,0.021088218316435814,0.001326143741607666,1.0943528413772583,10.781936645507812,-0.20124828815460205,1.0306074619293213,17.21706199645996,-0.06318402290344238,20,278,0.002435922622680664
SLIM*MIX_oms_pat5_fn-full_extended_const-small_ints_ls,dd1681e3-7f95-11f1-88f9-2c7ba0e6fa90,synthetic_prior,0,68,0.9977685809135437,0.15800261497497559,60189.0,0.9958169460296631,30.932071685791016,0.0007205605506896973,0.9975088834762573,2018.7431640625,0.0007056593894958496,0.998664140701294,162.410400390625,-1.823902130126953e-05,0.9979071617126465,0.021077726036310196,0.002319812774658203,1.0913643836975098,10.752493858337402,-0.1946965456008911,1.029009222984314,17.19036102294922,-0.05988895893096924,21,289,0.0024628043174743652
SLIM*MIX_oms_pat5_fn-full_extended_const-small_ints_ls,dd1681e3-7f95-11f1-88f9-2c7ba0e6fa90,synthetic_prior,0,69,0.9977685809135437,0.15843868255615234,60550.0,0.9958169460296631,30.932071685791016,0.0007205605506896973,0.9975088834762573,2018.7431640625,0.0007056593894958496,0.998664140701294,162.410400390625,-1.823902130126953e-05,0.9979071617126465,0.021077726036310196,0.002319812774658203,1.0913643836975098,10.752493858337402,-0.1946965456008911,1.029009222984314,17.19036102294922,-0.05988895893096924,21,289,0.0024628043174743652
SLIM*MIX_oms_pat5_fn-full_extended_const-small_ints_ls,dd1681e3-7f95-11f1-88f9-2c7ba0e6fa90,synthetic_prior,0,70,0.9977685809135437,0.1441354751586914,60946.0,0.9958169460296631,30.932071685791016,0.0007205605506896973,0.9975088834762573,2018.7431640625,0.0007056593894958496,0.998664140701294,162.410400390625,-1.823902130126953e-05,0.9979071617126465,0.021077726036310196,0.002319812774658203,1.0913643836975098,10.752493858337402,-0.1946965456008911,1.029009222984314,17.19036102294922,-0.05988895893096924,21,289,0.0024628043174743652
SLIM*MIX_oms_pat5_fn-full_extended_const-small_ints_ls,dd1681e3-7f95-11f1-88f9-2c7ba0e6fa90,synthetic_prior,0,71,0.9977685809135437,0.14308691024780273,61833.0,0.9958169460296631,30.932071685791016,0.0007205605506896973,0.9975088834762573,2018.7431640625,0.0007056593894958496,0.998664140701294,162.410400390625,-1.823902130126953e-05,0.9979071617126465,0.021077726036310196,0.002319812774658203,1.0913643836975098,10.752493858337402,-0.1946965456008911,1.029009222984314,17.19036102294922,-0.05988895893096924,21,289,0.0024628043174743652
SLIM*MIX_oms_pat5_fn-full_extended_const-small_ints_ls,dd1681e3-7f95-11f1-88f9-2c7ba0e6fa90,synthetic_prior,0,72,0.9977471828460693,1.2527167797088623,62049.0,0.995573103427887,30.924497604370117,0.0012099146842956543,0.9975144267082214,2018.7542724609375,0.0006945133209228516,0.9986711144447327,162.41156005859375,-3.218650817871094e-05,0.9986349940299988,0.0210930984467268,0.0008639693260192871,1.0801727771759033,10.642230987548828,-0.1703197956085205,1.0250276327133179,17.12384796142578,-0.05170273780822754,21,299,0.0025056004524230957
SLIM*MIX_oms_pat5_fn-full_extended_const-small_ints_ls,dd1681e3-7f95-11f1-88f9-2c7ba0e6fa90,synthetic_prior,0,73,0.9977471828460693,0.14921784400939941,62932.0,0.995573103427887,30.924497604370117,0.0012099146842956543,0.9975144267082214,2018.7542724609375,0.0006945133209228516,0.9986711144447327,162.41156005859375,-3.218650817871094e-05,0.9986349940299988,0.0210930984467268,0.0008639693260192871,1.0801727771759033,10.642230987548828,-0.1703197956085205,1.0250276327133179,17.12384796142578,-0.05170273780822754,21,299,0.0025056004524230957
SLIM*MIX_oms_pat5_fn-full_extended_const-small_ints_ls,dd1681e3-7f95-11f1-88f9-2c7ba0e6fa90,synthetic_prior,0,74,0.9977466464042664,0.142059326171875,62355.0,0.995861828327179,30.933467864990234,0.0006304383277893066,0.9975783824920654,2018.883544921875,0.0005664229393005371,0.9986298680305481,162.4048309326172,5.036592483520508e-05,0.9978966116905212,0.021077504381537437,0.0023409128189086914,1.0822917222976685,10.663106918334961,-0.17491567134857178,1.0284603834152222,17.18119239807129,-0.05875861644744873,22,300,0.0025066137313842773
SLIM*MIX_oms_pat5_fn-full_extended_const-small_ints_ls,dd1681e3-7f95-11f1-88f9-2c7ba0e6fa90,synthetic_prior,0,75,0.9977110624313354,0.14160370826721191,62872.0,0.9959201216697693,30.935277938842773,0.0005133748054504395,0.9975619316101074,2018.850341796875,0.0005994439125061035,0.9986563324928284,162.4091339111328,-2.6226043701171875e-06,0.9978359341621399,0.021076219156384468,0.0024622678756713867,1.057963252067566,10.42341423034668,-0.1226884126663208,1.0195015668869019,17.031530380249023,-0.04039359092712402,24,344,0.0025777816772460938
SLIM*MIX_oms_pat5_fn-full_extended_const-small_ints_ls,dd1681e3-7f95-11f1-88f9-2c7ba0e6fa90,synthetic_prior,0,76,0.9977110624313354,0.14249920845031738,64616.0,0.9959201216697693,30.935277938842773,0.0005133748054504395,0.9975619316101074,2018.850341796875,0.0005994439125061035,0.9986563324928284,162.4091339111328,-2.6226043701171875e-06,0.9978359341621399,0.021076219156384468,0.0024622678756713867,1.057963252067566,10.42341423034668,-0.1226884126663208,1.0195015668869019,17.031530380249023,-0.04039359092712402,24,344,0.0025777816772460938
SLIM*MIX_oms_pat5_fn-full_extended_const-small_ints_ls,dd1681e3-7f95-11f1-88f9-2c7ba0e6fa90,synthetic_prior,0,77,0.9977028369903564,0.14357495307922363,64257.0,0.9959402084350586,30.935903549194336,0.0004731416702270508,0.9975873827934265,2018.902099609375,0.0005483627319335938,0.9986573457717896,162.4093017578125,-4.649162292480469e-06,0.9976740479469299,0.02107280120253563,0.002785921096801758,1.0533018112182617,10.377488136291504,-0.11281692981719971,1.017855167388916,17.004026412963867,-0.03703594207763672,26,370,0.002594172954559326
SLIM*MIX_oms_pat5_fn-full_extended_const-small_ints_ls,dd1681e3-7f95-11f1-88f9-2c7ba0e6fa90,synthetic_prior,0,78,0.9977028369903564,1.2537517547607422,64772.0,0.9959402084350586,30.935903549194336,0.0004731416702270508,0.9975873827934265,2018.902099609375,0.0005483627319335938,0.9986573457717896,162.4093017578125,-4.649162292480469e-06,0.9976740479469299,0.02107280120253563,0.002785921096801758,1.0533018112182617,10.377488136291504,-0.11281692981719971,1.017855167388916,17.004026412963867,-0.03703594207763672,26,370,0.002594172954559326
SLIM*MIX_oms_pat5_fn-full_extended_const-small_ints_ls,dd1681e3-7f95-11f1-88f9-2c7ba0e6fa90,synthetic_prior,0,79,0.997673511505127,0.23767852783203125,66465.0,0.9959096908569336,30.934953689575195,0.0005344152450561523,0.9975574016571045,2018.8414306640625,0.0006084442138671875,0.9986239671707153,162.40386962890625,6.216764450073242e-05,0.9978585243225098,0.02107669785618782,0.0024170875549316406,1.0622942447662354,10.466084480285645,-0.13189911842346191,1.0207147598266602,17.051795959472656,-0.04287099838256836,27,386,0.0026529431343078613
SLIM*MIX_oms_pat5_fn-full_extended_const-small_ints_ls,dd1681e3-7f95-11f1-88f9-2c7ba0e6fa90,synthetic_prior,0,80,0.9976668357849121,0.24563312530517578,67245.0,0.9958136677742004,30.931974411010742,0.0007269978523254395,0.9973545074462891,2018.4306640625,0.0010148882865905762,0.9986453056335449,162.4073486328125,1.9431114196777344e-05,0.997833251953125,0.02107616327702999,0.002467632293701172,1.073761224746704,10.579061508178711,-0.15646755695343018,1.0206812620162964,17.051239013671875,-0.04280269145965576,26,371,0.0026662349700927734
SLIM*MIX_oms_pat5_fn-full_extended_const-small_ints_ls,dd1681e3-7f95-11f1-88f9-2c7ba0e6fa90,synthetic_prior,0,81,0.9976668357849121,0.2499980926513672,68434.0,0.9958136677742004,30.931974411010742,0.0007269978523254395,0.9973545074462891,2018.4306640625,0.0010148882865905762,0.9986453056335449,162.4073486328125,1.9431114196777344e-05,0.997833251953125,0.02107616327702999,0.002467632293701172,1.073761224746704,10.579061508178711,-0.15646755695343018,1.0206812620162964,17.051239013671875,-0.04280269145965576,26,371,0.0026662349700927734
SLIM*MIX_oms_pat5_fn-full_extended_const-small_ints_ls,dd1681e3-7f95-11f1-88f9-2c7ba0e6fa90,synthetic_prior,0,82,0.9976668357849121,0.14198994636535645,69711.0,0.9958136677742004,30.931974411010742,0.0007269978523254395,0.9973545074462891,2018.4306640625,0.0010148882865905762,0.9986453056335449,162.4073486328125,1.9431114196777344e-05,0.997833251953125,0.02107616327702999,0.002467632293701172,1.073761224746704,10.579061508178711,-0.15646755695343018,1.0206812620162964,17.051239013671875,-0.04280269145965576,26,371,0.0026662349700927734
SLIM*MIX_oms_pat5_fn-full_extended_const-small_ints_ls,dd1681e3-7f95-11f1-88f9-2c7ba0e6fa90,synthetic_prior,0,83,0.9976668357849121,0.157973051071167,70307.0,0.9958136677742004,30.931974411010742,0.0007269978523254395,0.9973545074462891,2018.4306640625,0.0010148882865905762,0.9986453056335449,162.4073486328125,1.9431114196777344e-05,0.997833251953125,0.02107616327702999,0.002467632293701172,1.073761224746704,10.579061508178711,-0.15646755695343018,1.0206812620162964,17.051239013671875,-0.04280269145965576,26,371,0.0026662349700927734
SLIM*MIX_oms_pat5_fn-full_extended_const-small_ints_ls,dd1681e3-7f95-11f1-88f9-2c7ba0e6fa90,synthetic_prior,0,84,0.9976630806922913,0.15845131874084473,70838.0,0.996070384979248,30.9399471282959,0.0002117156982421875,0.9976806044578552,2019.0904541015625,0.00036156177520751953,0.9986491203308105,162.40797424316406,1.1742115020751953e-05,0.9979507923126221,0.021078646183013916,0.002232491970062256,1.0458940267562866,10.304505348205566,-0.09721934795379639,1.0162489414215088,16.977190017700195,-0.033765435218811035,26,371,0.0026737451553344727
SLIM*MIX_oms_pat5_fn-full_extended_const-small_ints_ls,dd1681e3-7f95-11f1-88f9-2c7ba0e6fa90,synthetic_prior,0,85,0.997657299041748,0.15234065055847168,71106.0,0.9959821105003357,30.93720245361328,0.00038909912109375,0.9976170063018799,2018.9619140625,0.0004889369010925293,0.9986094832420349,162.40151977539062,9.113550186157227e-05,0.9980207681655884,0.021080125123262405,0.0020926594734191895,1.0585827827453613,10.429518699645996,-0.12400364875793457,1.0187064409255981,17.018247604370117,-0.03877139091491699,26,365,0.0026853084564208984
SLIM*MIX_oms_pat5_fn-full_extended_const-small_ints_ls,dd1681e3-7f95-11f1-88f9-2c7ba0e6fa90,synthetic_prior,0,86,0.997657299041748,0.1424715518951416,71623.0,0.9959821105003357,30.93720245361328,0.00038909912109375,0.9976170063018799,2018.9619140625,0.0004889369010925293,0.9986094832420349,162.40151977539062,9.113550186157227e-05,0.9980207681655884,0.021080125123262405,0.0020926594734191895,1.0585827827453613,10.429518699645996,-0.12400364875793457,1.0187064409255981,17.018247604370117,-0.03877139091491699,26,365,0.0026853084564208984
SLIM*MIX_oms_pat5_fn-full_extended_const-small_ints_ls,dd1681e3-7f95-11f1-88f9-2c7ba0e6fa90,synthetic_prior,0,87,0.997621476650238,1.2235968112945557,72882.0,0.9960270524024963,30.9385986328125,0.0002988576889038086,0.9976378679275513,2019.004150390625,0.00044715404510498047,0.9985930323600769,162.3988494873047,0.00012415647506713867,0.997961163520813,0.021078865975141525,0.0022118687629699707,1.0882905721664429,10.722210884094238,-0.18797647953033447,1.0344160795211792,17.280689239501953,-0.07105660438537598,27,386,0.0027568936347961426
SLIM*MIX_oms_pat5_fn-full_extended_const-small_ints_ls,dd1681e3-7f95-11f1-88f9-2c7ba0e6fa90,synthetic_prior,0,88,0.997621476650238,0.15968775749206543,73454.0,0.9960270524024963,30.9385986328125,0.0002988576889038086,0.9976378679275513,2019.004150390625,0.00044715404510498047,0.9985930323600769,162.3988494873047,0.00012415647506713867,0.997961163520813,0.021078865975141525,0.0022118687629699707,1.0882905721664429,10.722210884094238,-0.18797647953033447,1.0344160795211792,17.280689239501953,-0.07105660438537598,27,386,0.0027568936347961426
SLIM*MIX_oms_pat5_fn-full_extended_const-small_ints_ls,dd1681e3-7f95-11f1-88f9-2c7ba0e6fa90,synthetic_prior,0,89,0.9976155161857605,0.1429295539855957,73765.0,0.996018648147583,30.938337326049805,0.00031572580337524414,0.9976335763931274,2018.9952392578125,0.0004557967185974121,0.9985867142677307,162.3978271484375,0.0001367330551147461,0.9979010224342346,0.02107759565114975,0.0023320913314819336,1.087380051612854,10.713238716125488,-0.1859893798828125,1.0345009565353394,17.282106399536133,-0.07123231887817383,28,399,0.0027688145637512207
SLIM*MIX_oms_pat5_fn-full_extended_const-small_ints_ls,dd1681e3-7f95-11f1-88f9-2c7ba0e6fa90,synthetic_prior,0,90,0.9976155161857605,0.1429438591003418,74513.0,0.996018648147583,30.938337326049805,0.00031572580337524414,0.9976335763931274,2018.9952392578125,0.0004557967185974121,0.9985867142677307,162.3978271484375,0.0001367330551147461,0.9979010224342346,0.02107759565114975,0.0023320913314819336,1.087380051612854,10.713238716125488,-0.1859893798828125,1.0345009565353394,17.282106399536133,-0.07123231887817383,28,399,0.0027688145637512207
SLIM*MIX_oms_pat5_fn-full_extended_const-small_ints_ls,dd1681e3-7f95-11f1-88f9-2c7ba0e6fa90,synthetic_prior,0,91,0.9975951313972473,0.1432054042816162,74593.0,0.9961061477661133,30.941057205200195,0.00014001131057739258,0.9976061582565308,2018.93994140625,0.0005107522010803223,0.9986044764518738,162.40069580078125,0.00010126829147338867,0.9979373812675476,0.021078363060951233,0.0022594332695007324,1.078153133392334,10.622331619262695,-0.1659473180770874,1.032405972480774,17.247108459472656,-0.06689798831939697,28,405,0.002809464931488037
SLIM*MIX_oms_pat5_fn-full_extended_const-small_ints_ls,dd1681e3-7f95-11f1-88f9-2c7ba0e6fa90,synthetic_prior,0,92,0.9975951313972473,0.14436769485473633,75629.0,0.9961061477661133,30.941057205200195,0.00014001131057739258,0.9976061582565308,2018.93994140625,0.0005107522010803223,0.9986044764518738,162.40069580078125,0.00010126829147338867,0.9979373812675476,0.021078363060951233,0.0022594332695007324,1.078153133392334,10.622331619262695,-0.1659473180770874,1.032405972480774,17.247108459472656,-0.06689798831939697,28,405,0.002809464931488037
SLIM*MIX_oms_pat5_fn-full_extended_const-small_ints_ls,dd1681e3-7f95-11f1-88f9-2c7ba0e6fa90,synthetic_prior,0,93,0.9975951313972473,1.2826042175292969,77722.0,0.9961061477661133,30.941057205200195,0.00014001131057739258,0.9976061582565308,2018.93994140625,0.0005107522010803223,0.9986044764518738,162.40069580078125,0.00010126829147338867,0.9979373812675476,0.021078363060951233,0.0022594332695007324,1.078153133392334,10.622331619262695,-0.1659473180770874,1.032405972480774,17.247108459472656,-0.06689798831939697,28,405,0.002809464931488037
SLIM*MIX_oms_pat5_fn-full_extended_const-small_ints_ls,dd1681e3-7f95-11f1-88f9-2c7ba0e6fa90,synthetic_prior,0,94,0.9975889921188354,0.15623259544372559,78638.0,0.9960892200469971,30.94053077697754,0.00017404556274414062,0.9975873231887817,2018.9017333984375,0.0005484819412231445,0.9986045956611633,162.40072631835938,0.00010102987289428711,0.9979258179664612,0.021078120917081833,0.0022825002670288086,1.0794271230697632,10.634883880615234,-0.16870450973510742,1.032296895980835,17.245285034179688,-0.06667256355285645,30,431,0.0028219223022460938
SLIM*MIX_oms_pat5_fn-full_extended_const-small_ints_ls,dd1681e3-7f95-11f1-88f9-2c7ba0e6fa90,synthetic_prior,0,95,0.9975858330726624,0.14560270309448242,80085.0,0.9960757493972778,30.94011116027832,0.00020104646682739258,0.997675359249115,2019.0799560546875,0.0003720521926879883,0.998569667339325,162.39505004882812,0.00017082691192626953,0.9980663657188416,0.021081088110804558,0.002001523971557617,1.0801681280136108,10.642184257507324,-0.1703096628189087,1.0281426906585693,17.175886154174805,-0.058104515075683594,29,413,0.0028281807899475098
SLIM*MIX_oms_pat5_fn-full_extended_const-small_ints_ls,dd1681e3-7f95-11f1-88f9-2c7ba0e6fa90,synthetic_prior,0,96,0.9975858330726624,0.15443634986877441,80294.0,0.9960757493972778,30.94011116027832,0.00020104646682739258,0.997675359249115,2019.0799560546875,0.0003720521926879883,0.998569667339325,162.39505004882812,0.00017082691192626953,0.9980663657188416,0.021081088110804558,0.002001523971557617,1.0801681280136108,10.642184257507324,-0.1703096628189087,1.0281426906585693,17.175886154174805,-0.058104515075683594,29,413,0.0028281807899475098
SLIM*MIX_oms_pat5_fn-full_extended_const-small_ints_ls,dd1681e3-7f95-11f1-88f9-2c7ba0e6fa90,synthetic_prior,0,97,0.9975841045379639,0.17496275901794434,81028.0,0.9960962533950806,30.940752029418945,0.00015985965728759766,0.9975987076759338,2018.9248046875,0.0005256533622741699,0.9986040592193604,162.400634765625,0.00010198354721069336,0.9980263710021973,0.021080244332551956,0.002081453800201416,1.0765221118927002,10.606263160705566,-0.1624222993850708,1.0333166122436523,17.26232147216797,-0.06878089904785156,30,428,0.0028316378593444824
SLIM*MIX_oms_pat5_fn-full_extended_const-small_ints_ls,dd1681e3-7f95-11f1-88f9-2c7ba0e6fa90,synthetic_prior,0,98,0.9975630640983582,1.2915008068084717,81741.0,0.9961096048355103,30.941164016723633,0.00013309717178344727,0.9976287484169006,2018.985595703125,0.0004654526710510254,0.9985858798027039,162.39768981933594,0.00013846158981323242,0.9976273775100708,0.021071815863251686,0.0028791427612304688,1.079140305519104,10.632057189941406,-0.16808342933654785,1.0327190160751343,17.252338409423828,-0.06754505634307861,31,446,0.002873659133911133
SLIM*MIX_oms_pat5_fn-full_extended_const-small_ints_ls,dd1681e3-7f95-11f1-88f9-2c7ba0e6fa90,synthetic_prior,0,99,0.9975630640983582,0.17454886436462402,83075.0,0.9961096048355103,30.941164016723633,0.00013309717178344727,0.9976287484169006,2018.985595703125,0.0004654526710510254,0.9985858798027039,162.39768981933594,0.00013846158981323242,0.9976273775100708,0.021071815863251686,0.0028791427612304688,1.079140305519104,10.632057189941406,-0.16808342933654785,1.0327190160751343,17.252338409423828,-0.06754505634307861,31,446,0.002873659133911133
SLIM*MIX_oms_pat5_fn-full_extended_const-small_ints_ls,dd1681e3-7f95-11f1-88f9-2c7ba0e6fa90,synthetic_prior,0,100,0.9975630640983582,0.15853023529052734,84502.0,0.9961096048355103,30.941164016723633,0.00013309717178344727,0.9976287484169006,2018.985595703125,0.0004654526710510254,0.9985858798027039,162.39768981933594,0.00013846158981323242,0.9976273775100708,0.021071815863251686,0.0028791427612304688,1.079140305519104,10.632057189941406,-0.16808342933654785,1.0327190160751343,17.252338409423828,-0.06754505634307861,31,446,0.002873659133911133
SLIM*MIX_oms_pat5_fn-full_extended_const-small_ints_ls,dd1681e3-7f95-11f1-88f9-2c7ba0e6fa90,synthetic_prior,0,101,0.9975529313087463,0.15951848030090332,84915.0,0.9961188435554504,30.941450119018555,0.00011456012725830078,0.9976293444633484,2018.98681640625,0.00046432018280029297,0.9985873699188232,162.39791870117188,0.0001354813575744629,0.9976752400398254,0.02107282727956772,0.002783536911010742,1.080744743347168,10.647865295410156,-0.17155945301055908,1.0326249599456787,17.25076675415039,-0.06735050678253174,33,472,0.0028939247131347656
SLIM*MIX_oms_pat5_fn-full_extended_const-small_ints_ls,dd1681e3-7f95-11f1-88f9-2c7ba0e6fa90,synthetic_prior,0,102,0.9975173473358154,0.14289021492004395,85843.0,0.996009111404419,30.93804359436035,0.00033473968505859375,0.997824490070343,2019.3817138671875,7.319450378417969e-05,0.9986087679862976,162.40139770507812,9.262561798095703e-05,0.9991825222969055,0.021104663610458374,-0.0002319812774658203,1.0547174215316772,10.391434669494629,-0.11581003665924072,1.0120290517807007,16.906694412231445,-0.025197982788085938,29,411,0.0029650330543518066
SLIM*MIX_oms_pat5_fn-full_extended_const-small_ints_ls,dd1681e3-7f95-11f1-88f9-2c7ba0e6fa90,synthetic_prior,0,103,0.9975173473358154,0.1581864356994629,86696.0,0.996009111404419,30.93804359436035,0.00033473968505859375,0.997824490070343,2019.3817138671875,7.319450378417969e-05,0.9986087679862976,162.40139770507812,9.262561798095703e-05,0.9991825222969055,0.021104663610458374,-0.0002319812774658203,1.0547174215316772,10.391434669494629,-0.11581003665924072,1.0120290517807007,16.906694412231445,-0.025197982788085938,29,411,0.0029650330543518066
SLIM*MIX_oms_pat5_fn-full_extended_const-small_ints_ls,dd1681e3-7f95-11f1-88f9-2c7ba0e6fa90,synthetic_prior,0,104,0.9974980354309082,0.20854830741882324,87268.0,0.9961028695106506,30.940954208374023,0.00014662742614746094,0.9976252913475037,2018.9786376953125,0.0004724264144897461,0.9985835552215576,162.39730834960938,0.0001430511474609375,0.9977852702140808,0.02107515186071396,0.0025634765625,1.0770108699798584,10.611078262329102,-0.16347825527191162,1.0309889316558838,17.223434448242188,-0.06397104263305664,34,485,0.0030036568641662598
SLIM*MIX_oms_pat5_fn-full_extended_const-small_ints_ls,dd1681e3-7f95-11f1-88f9-2c7ba0e6fa90,synthetic_prior,0,105,0.9974980354309082,0.23394465446472168,89731.0,0.9961028695106506,30.940954208374023,0.00014662742614746094,0.9976252913475037,2018.9786376953125,0.0004724264144897461,0.9985835552215576,162.39730834960938,0.0001430511474609375,0.9977852702140808,0.02107515186071396,0.0025634765625,1.0770108699798584,10.611078262329102,-0.16347825527191162,1.0309889316558838,17.223434448242188,-0.06397104263305664,34,485,0.0030036568641662598
SLIM*MIX_oms_pat5_fn-full_extended_const-small_ints_ls,dd1681e3-7f95-11f1-88f9-2c7ba0e6fa90,synthetic_prior,0,106,0.9974980354309082,0.15753698348999023,89475.0,0.9961028695106506,30.940954208374023,0.00014662742614746094,0.9976252913475037,2018.9786376953125,0.0004724264144897461,0.9985835552215576,162.39730834960938,0.0001430511474609375,0.9977852702140808,0.02107515186071396,0.0025634765625,1.0770108699798584,10.611078262329102,-0.16347825527191162,1.0309889316558838,17.223434448242188,-0.06397104263305664,33,471,0.0030036568641662598
SLIM*MIX_oms_pat5_fn-full_extended_const-small_ints_ls,dd1681e3-7f95-11f1-88f9-2c7ba0e6fa90,synthetic_prior,0,107,0.9974902272224426,1.23695707321167,90308.0,0.996090292930603,30.94056510925293,0.00017184019088745117,0.9976259469985962,2018.97998046875,0.0004710555076599121,0.9985800981521606,162.396728515625,0.0001500248908996582,0.997831404209137,0.021076126024127007,0.0024712681770324707,1.078144907951355,10.622251510620117,-0.1659296751022339,1.0299482345581055,17.2060489654541,-0.06182432174682617,34,484,0.003019273281097412
SLIM*MIX_oms_pat5_fn-full_extended_const-small_ints_ls,dd1681e3-7f95-11f1-88f9-2c7ba0e6fa90,synthetic_prior,0,108,0.9974833130836487,0.16335725784301758,91566.0,0.9960803389549255,30.94025421142578,0.0001919269561767578,0.9976134896278381,2018.9547119140625,0.0004960894584655762,0.9985830187797546,162.397216796875,0.00014418363571166992,0.9977385401725769,0.021074164658784866,0.0026570558547973633,1.0771784782409668,10.6127290725708,-0.16384029388427734,1.0328072309494019,17.25381088256836,-0.06772732734680176,34,485,0.0030331015586853027
SLIM*MIX_oms_pat5_fn-full_extended_const-small_ints_ls,dd1681e3-7f95-11f1-88f9-2c7ba0e6fa90,synthetic_prior,0,109,0.9974833130836487,0.1421811580657959,91869.0,0.9960803389549255,30.94025421142578,0.0001919269561767578,0.9976134896278381,2018.9547119140625,0.0004960894584655762,0.9985830187797546,162.397216796875,0.00014418363571166992,0.9977385401725769,0.021074164658784866,0.0026570558547973633,1.0771784782409668,10.6127290725708,-0.16384029388427734,1.0328072309494019,17.25381088256836,-0.06772732734680176,34,485,0.0030331015586853027
SLIM*MIX_oms_pat5_fn-full_extended_const-small_ints_ls,dd1681e3-7f95-11f1-88f9-2c7ba0e6fa90,synthetic_prior,0,110,0.9974702596664429,0.19060254096984863,92477.0,0.9960201382637024,30.938386917114258,0.0003126859664916992,0.9976207613945007,2018.969482421875,0.00048148632049560547,0.9985807538032532,162.39683532714844,0.0001487135887145996,0.9973858594894409,0.021066714078187943,0.003361940383911133,1.0834529399871826,10.67454719543457,-0.17743825912475586,1.0310184955596924,17.223928451538086,-0.06403219699859619,36,518,0.003059208393096924
SLIM*MIX_oms_pat5_fn-full_extended_const-small_ints_ls,dd1681e3-7f95-11f1-88f9-2c7ba0e6fa90,synthetic_prior,0,111,0.9974702596664429,0.14734196662902832,93418.0,0.9960201382637024,30.938386917114258,0.0003126859664916992,0.9976207613945007,2018.969482421875,0.00048148632049560547,0.9985807538032532,162.39683532714844,0.0001487135887145996,0.9973858594894409,0.021066714078187943,0.003361940383911133,1.0834529399871826,10.67454719543457,-0.17743825912475586,1.0310184955596924,17.223928451538086,-0.06403219699859619,36,518,0.003059208393096924
SLIM*MIX_oms_pat5_fn-full_extended_const-small_ints_ls,dd1681e3-7f95-11f1-88f9-2c7ba0e6fa90,synthetic_prior,0,112,0.9974702596664429,0.14310002326965332,94150.0,0.9960201382637024,30.938386917114258,0.0003126859664916992,0.9976207613945007,2018.969482421875,0.00048148632049560547,0.9985807538032532,162.39683532714844,0.0001487135887145996,0.9973858594894409,0.021066714078187943,0.003361940383911133,1.0834529399871826,10.67454719543457,-0.17743825912475586,1.0310184955596924,17.223928451538086,-0.06403219699859619,36,518,0.003059208393096924
SLIM*MIX_oms_pat5_fn-full_extended_const-small_ints_ls,dd1681e3-7f95-11f1-88f9-2c7ba0e6fa90,synthetic_prior,0,113,0.9974702596664429,0.15574216842651367,94882.0,0.9960201382637024,30.938386917114258,0.0003126859664916992,0.9976207613945007,2018.969482421875,0.00048148632049560547,0.9985807538032532,162.39683532714844,0.0001487135887145996,0.9973858594894409,0.021066714078187943,0.003361940383911133,1.0834529399871826,10.67454719543457,-0.17743825912475586,1.0310184955596924,17.223928451538086,-0.06403219699859619,36,518,0.003059208393096924
SLIM*MIX_oms_pat5_fn-full_extended_const-small_ints_ls,dd1681e3-7f95-11f1-88f9-2c7ba0e6fa90,synthetic_prior,0,114,0.9974662661552429,0.17409682273864746,96283.0,0.9960178732872009,30.93831443786621,0.0003172755241394043,0.997623860836029,2018.9757080078125,0.00047528743743896484,0.9985812306404114,162.3969268798828,0.00014775991439819336,0.9973677396774292,0.02106633223593235,0.003398120403289795,1.0830894708633423,10.670967102050781,-0.17664849758148193,1.030642032623291,17.21763801574707,-0.0632551908493042,38,545,0.0030671358108520508
SLIM*MIX_oms_pat5_fn-full_extended_const-small_ints_ls,dd1681e3-7f95-11f1-88f9-2c7ba0e6fa90,synthetic_prior,0,115,0.9974510073661804,0.15856003761291504,97035.0,0.9960178732872009,30.938316345214844,0.0003172755241394043,0.9976276159286499,2018.9833984375,0.00046771764755249023,0.9985889792442322,162.398193359375,0.0001322031021118164,0.9971203804016113,0.021061107516288757,0.0038923025131225586,1.0834624767303467,10.674640655517578,-0.17745888233184814,1.0337257385253906,17.269155502319336,-0.06962740421295166,38,546,0.003097712993621826
SLIM*MIX_oms_pat5_fn-full_extended_const-small_ints_ls,dd1681e3-7f95-11f1-88f9-2c7ba0e6fa90,synthetic_prior,0,116,0.9974507689476013,0.15786314010620117,97881.0,0.9960178732872009,30.93831443786621,0.0003172755241394043,0.9976263046264648,2018.980712890625,0.0004703402519226074,0.9985889792442322,162.398193359375,0.0001322627067565918,0.9971194267272949,0.021061088889837265,0.0038942694664001465,1.083761215209961,10.677584648132324,-0.17810845375061035,1.0339620113372803,17.273101806640625,-0.07011628150939941,39,565,0.0030980706214904785
SLIM*MIX_oms_pat5_fn-full_extended_const-small_ints_ls,dd1681e3-7f95-11f1-88f9-2c7ba0e6fa90,synthetic_prior,0,117,0.9974507689476013,1.2593045234680176,98814.0,0.9960178732872009,30.93831443786621,0.0003172755241394043,0.9976263046264648,2018.980712890625,0.0004703402519226074,0.9985889792442322,162.398193359375,0.0001322627067565918,0.9971194267272949,0.021061088889837265,0.0038942694664001465,1.083761215209961,10.677584648132324,-0.17810845375061035,1.0339620113372803,17.273101806640625,-0.07011628150939941,39,565,0.0030980706214904785
SLIM*MIX_oms_pat5_fn-full_extended_const-small_ints_ls,dd1681e3-7f95-11f1-88f9-2c7ba0e6fa90,synthetic_prior,0,118,0.9974501729011536,0.14330220222473145,99747.0,0.9960154294967651,30.93824005126953,0.00032210350036621094,0.9976301193237305,2018.9884033203125,0.0004627704620361328,0.998580276966095,162.39675903320312,0.00014960765838623047,0.9974196553230286,0.021067429333925247,0.0032944083213806152,1.0769516229629517,10.610493659973145,-0.16335010528564453,1.0349345207214355,17.289348602294922,-0.07213032245635986,39,558,0.0030993223190307617
SLIM*MIX_oms_pat5_fn-full_extended_const-small_ints_ls,dd1681e3-7f95-11f1-88f9-2c7ba0e6fa90,synthetic_prior,0,119,0.9974410533905029,0.15429043769836426,100624.0,0.9960068464279175,30.937973022460938,0.00033932924270629883,0.9975898861885071,2018.90673828125,0.0005433559417724609,0.998579740524292,162.3966827392578,0.0001506805419921875,0.9974092245101929,0.021067209541797638,0.003315150737762451,1.0826047658920288,10.666191101074219,-0.17559540271759033,1.0374835729599,17.331933975219727,-0.07741820812225342,40,571,0.0031175613403320312
SLIM*MIX_oms_pat5_fn-full_extended_const-small_ints_ls,dd1681e3-7f95-11f1-88f9-2c7ba0e6fa90,synthetic_prior,0,120,0.9974410533905029,0.14943647384643555,102350.0,0.9960068464279175,30.937973022460938,0.00033932924270629883,0.9975898861885071,2018.90673828125,0.0005433559417724609,0.998579740524292,162.3966827392578,0.0001506805419921875,0.9974092245101929,0.021067209541797638,0.003315150737762451,1.0826047658920288,10.666191101074219,-0.17559540271759033,1.0374835729599,17.331933975219727,-0.07741820812225342,40,571,0.0031175613403320312
SLIM*MIX_oms_pat5_fn-full_extended_const-small_ints_ls,dd1681e3-7f95-11f1-88f9-2c7ba0e6fa90,synthetic_prior,0,121,0.9974404573440552,0.15810346603393555,102674.0,0.9960567355155945,30.93952178955078,0.00023919343948364258,0.9976956248283386,2019.1209716796875,0.00033146142959594727,0.9986005425453186,162.40005493164062,0.00010907649993896484,0.9976094961166382,0.021071437746286392,0.0029149651527404785,1.0739048719406128,10.580476760864258,-0.15677714347839355,1.0313217639923096,17.228994369506836,-0.06465816497802734,38,551,0.003118753433227539
SLIM*MIX_oms_pat5_fn-full_extended_const-small_ints_ls,dd1681e3-7f95-11f1-88f9-2c7ba0e6fa90,synthetic_prior,0,122,0.9974344372749329,1.2711775302886963,105805.0,0.9960840940475464,30.940370559692383,0.0001842975616455078,0.9976134300231934,2018.9547119140625,0.0004961490631103516,0.9985894560813904,162.39825439453125,0.00013130903244018555,0.997474193572998,0.021068580448627472,0.0031853318214416504,1.0727484226226807,10.569083213806152,-0.15428709983825684,1.026483416557312,17.14816665649414,-0.05469214916229248,39,571,0.0031308531761169434
SLIM*MIX_oms_pat5_fn-full_extended_const-small_ints_ls,dd1681e3-7f95-11f1-88f9-2c7ba0e6fa90,synthetic_prior,0,123,0.9974344372749329,0.16562843322753906,107264.0,0.9960840940475464,30.940370559692383,0.0001842975616455078,0.9976134300231934,2018.9547119140625,0.0004961490631103516,0.9985894560813904,162.39825439453125,0.00013130903244018555,0.997474193572998,0.021068580448627472,0.0031853318214416504,1.0727484226226807,10.569083213806152,-0.15428709983825684,1.026483416557312,17.14816665649414,-0.05469214916229248,39,571,0.0031308531761169434
SLIM*MIX_oms_pat5_fn-full_extended_const-small_ints_ls,dd1681e3-7f95-11f1-88f9-2c7ba0e6fa90,synthetic_prior,0,124,0.9974344372749329,0.15966057777404785,108246.0,0.9960840940475464,30.940370559692383,0.0001842975616455078,0.9976134300231934,2018.9547119140625,0.0004961490631103516,0.9985894560813904,162.39825439453125,0.00013130903244018555,0.997474193572998,0.021068580448627472,0.0031853318214416504,1.0727484226226807,10.569083213806152,-0.15428709983825684,1.026483416557312,17.14816665649414,-0.05469214916229248,39,571,0.0031308531761169434
SLIM*MIX_oms_pat5_fn-full_extended_const-small_ints_ls,dd1681e3-7f95-11f1-88f9-2c7ba0e6fa90,synthetic_prior,0,125,0.9974344372749329,0.14294171333312988,109391.0,0.9960840940475464,30.940370559692383,0.0001842975616455078,0.9976134300231934,2018.9547119140625,0.0004961490631103516,0.9985894560813904,162.39825439453125,0.00013130903244018555,0.997474193572998,0.021068580448627472,0.0031853318214416504,1.0727484226226807,10.569083213806152,-0.15428709983825684,1.026483416557312,17.14816665649414,-0.05469214916229248,39,571,0.0031308531761169434
SLIM*MIX_oms_pat5_fn-full_extended_const-small_ints_ls,dd1681e3-7f95-11f1-88f9-2c7ba0e6fa90,synthetic_prior,0,126,0.9974344372749329,0.14573264122009277,109870.0,0.9960840940475464,30.940370559692383,0.0001842975616455078,0.9976134300231934,2018.9547119140625,0.0004961490631103516,0.9985894560813904,162.39825439453125,0.00013130903244018555,0.997474193572998,0.021068580448627472,0.0031853318214416504,1.0727484226226807,10.569083213806152,-0.15428709983825684,1.026483416557312,17.14816665649414,-0.05469214916229248,39,571,0.0031308531761169434
SLIM*MIX_oms_pat5_fn-full_extended_const-small_ints_ls,dd1681e3-7f95-11f1-88f9-2c7ba0e6fa90,synthetic_prior,0,127,0.9974249601364136,1.206505298614502,110134.0,0.9960642457008362,30.939754486083984,0.00022417306900024414,0.9976147413253784,2018.9571533203125,0.0004935860633850098,0.9985913634300232,162.39857482910156,0.00012743473052978516,0.9976127743721008,0.021071508526802063,0.00290834903717041,1.0724295377731323,10.565940856933594,-0.153600811958313,1.0260863304138184,17.14153480529785,-0.053876399993896484,41,603,0.003149688243865967
SLIM*MIX_oms_pat5_fn-full_extended_const-small_ints_ls,dd1681e3-7f95-11f1-88f9-2c7ba0e6fa90,synthetic_prior,0,128,0.9974219799041748,0.15032219886779785,112071.0,0.9960429668426514,30.93909454345703,0.0002669095993041992,0.9976487755775452,2019.026123046875,0.0004253983497619629,0.9985899329185486,162.39834594726562,0.0001302957534790039,0.9978194832801819,0.02107587270438671,0.0024951696395874023,1.0702308416366577,10.544279098510742,-0.14887535572052002,1.0341084003448486,17.27554702758789,-0.07041943073272705,39,566,0.0031557679176330566
SLIM*MIX_oms_pat5_fn-full_extended_const-small_ints_ls,dd1681e3-7f95-11f1-88f9-2c7ba0e6fa90,synthetic_prior,0,129,0.9974219799041748,0.16135263442993164,111537.0,0.9960429668426514,30.93909454345703,0.0002669095993041992,0.9976487755775452,2019.026123046875,0.0004253983497619629,0.9985899329185486,162.39834594726562,0.0001302957534790039,0.9978194832801819,0.02107587270438671,0.0024951696395874023,1.0702308416366577,10.544279098510742,-0.14887535572052002,1.0341084003448486,17.27554702758789,-0.07041943073272705,39,566,0.0031557679176330566
SLIM*MIX_oms_pat5_fn-full_extended_const-small_ints_ls,dd1681e3-7f95-11f1-88f9-2c7ba0e6fa90,synthetic_prior,0,130,0.9974189400672913,0.14293885231018066,111438.0,0.9960655570030212,30.939796447753906,0.00022149085998535156,0.9976108074188232,2018.94921875,0.0005014538764953613,0.9985790848731995,162.39657592773438,0.0001519918441772461,0.9975742101669312,0.0210706926882267,0.0029854774475097656,1.0723761320114136,10.565415382385254,-0.15348601341247559,1.0284048318862915,17.180265426635742,-0.05864429473876953,38,561,0.0031618475914001465
SLIM*MIX_oms_pat5_fn-full_extended_const-small_ints_ls,dd1681e3-7f95-11f1-88f9-2c7ba0e6fa90,synthetic_prior,0,131,0.9974046349525452,0.1585252285003662,111554.0,0.9960592985153198,30.93960189819336,0.00023406744003295898,0.9976276159286499,2018.9833984375,0.0004677772521972656,0.998597264289856,162.3995361328125,0.00011563301086425781,0.9976171255111694,0.021071599796414375,0.0028997063636779785,1.0754847526550293,10.596041679382324,-0.16018319129943848,1.0263782739639282,17.14640998840332,-0.054476141929626465,41,605,0.0031903982162475586
SLIM*MIX_oms_pat5_fn-full_extended_const-small_ints_ls,dd1681e3-7f95-11f1-88f9-2c7ba0e6fa90,synthetic_prior,0,132,0.9974046349525452,1.2537105083465576,113105.0,0.9960592985153198,30.93960189819336,0.00023406744003295898,0.9976276159286499,2018.9833984375,0.0004677772521972656,0.998597264289856,162.3995361328125,0.00011563301086425781,0.9976171255111694,0.021071599796414375,0.0028997063636779785,1.0754847526550293,10.596041679382324,-0.16018319129943848,1.0263782739639282,17.14640998840332,-0.054476141929626465,41,605,0.0031903982162475586
SLIM*MIX_oms_pat5_fn-full_extended_const-small_ints_ls,dd1681e3-7f95-11f1-88f9-2c7ba0e6fa90,synthetic_prior,0,133,0.9974046349525452,0.15858697891235352,113594.0,0.9960592985153198,30.93960189819336,0.00023406744003295898,0.9976276159286499,2018.9833984375,0.0004677772521972656,0.998597264289856,162.3995361328125,0.00011563301086425781,0.9976171255111694,0.021071599796414375,0.0028997063636779785,1.0754847526550293,10.596041679382324,-0.16018319129943848,1.0263782739639282,17.14640998840332,-0.054476141929626465,41,605,0.0031903982162475586
SLIM*MIX_oms_pat5_fn-full_extended_const-small_ints_ls,dd1681e3-7f95-11f1-88f9-2c7ba0e6fa90,synthetic_prior,0,134,0.9974018931388855,0.1438307762145996,113903.0,0.9960672855377197,30.939849853515625,0.0002180933952331543,0.9976021647453308,2018.931884765625,0.0005187392234802246,0.9985774159431458,162.39630126953125,0.00015544891357421875,0.9975768327713013,0.021070748567581177,0.0029802322387695312,1.0725009441375732,10.566644668579102,-0.15375447273254395,1.028879165649414,17.188188552856445,-0.05962109565734863,39,582,0.0031958818435668945
SLIM*MIX_oms_pat5_fn-full_extended_const-small_ints_ls,dd1681e3-7f95-11f1-88f9-2c7ba0e6fa90,synthetic_prior,0,135,0.9974018931388855,0.14226365089416504,112884.0,0.9960672855377197,30.939849853515625,0.0002180933952331543,0.9976021647453308,2018.931884765625,0.0005187392234802246,0.9985774159431458,162.39630126953125,0.00015544891357421875,0.9975768327713013,0.021070748567581177,0.0029802322387695312,1.0725009441375732,10.566644668579102,-0.15375447273254395,1.028879165649414,17.188188552856445,-0.05962109565734863,39,582,0.0031958818435668945
SLIM*MIX_oms_pat5_fn-full_extended_const-small_ints_ls,dd1681e3-7f95-11f1-88f9-2c7ba0e6fa90,synthetic_prior,0,136,0.9974018931388855,0.15758109092712402,112528.0,0.9960672855377197,30.939849853515625,0.0002180933952331543,0.9976021647453308,2018.931884765625,0.0005187392234802246,0.9985774159431458,162.39630126953125,0.00015544891357421875,0.9975768327713013,0.021070748567581177,0.0029802322387695312,1.0725009441375732,10.566644668579102,-0.15375447273254395,1.028879165649414,17.188188552856445,-0.05962109565734863,39,582,0.0031958818435668945
SLIM*MIX_oms_pat5_fn-full_extended_const-small_ints_ls,dd1681e3-7f95-11f1-88f9-2c7ba0e6fa90,synthetic_prior,0,137,0.9974014759063721,1.229858636856079,113231.0,0.996043860912323,30.93912124633789,0.0002650618553161621,0.9976637363433838,2019.0565185546875,0.000395357608795166,0.9985966086387634,162.39942932128906,0.00011688470840454102,0.9975118637084961,0.021069375798106194,0.003110051155090332,1.0738415718078613,10.579853057861328,-0.1566406488418579,1.031914234161377,17.2388916015625,-0.06588160991668701,36,529,0.0031966567039489746
SLIM*MIX_oms_pat5_fn-full_extended_const-small_ints_ls,dd1681e3-7f95-11f1-88f9-2c7ba0e6fa90,synthetic_prior,0,138,0.9973762035369873,0.14250946044921875,112475.0,0.9960486888885498,30.939273834228516,0.00025540590286254883,0.9976181387901306,2018.964111328125,0.00048679113388061523,0.9986136555671692,162.40220642089844,8.273124694824219e-05,0.9975056052207947,0.021069245412945747,0.0031226277351379395,1.0813267230987549,10.65359878540039,-0.1728215217590332,1.031912922859192,17.23887062072754,-0.06587910652160645,40,586,0.003247201442718506
SLIM*MIX_oms_pat5_fn-full_extended_const-small_ints_ls,dd1681e3-7f95-11f1-88f9-2c7ba0e6fa90,synthetic_prior,0,139,0.9973422884941101,0.19027185440063477,113434.0,0.9961159825325012,30.941364288330078,0.00012028217315673828,0.9976795315742493,2019.0885009765625,0.0003636479377746582,0.9986181259155273,162.40293884277344,7.385015487670898e-05,0.9975677728652954,0.021070556715130806,0.00299835205078125,1.0700149536132812,10.54215145111084,-0.14841198921203613,1.0241583585739136,17.109325408935547,-0.04991960525512695,41,615,0.0033150315284729004
SLIM*MIX_oms_pat5_fn-full_extended_const-small_ints_ls,dd1681e3-7f95-11f1-88f9-2c7ba0e6fa90,synthetic_prior,0,140,0.9973422884941101,0.15974044799804688,113888.0,0.9961159825325012,30.941364288330078,0.00012028217315673828,0.9976795315742493,2019.0885009765625,0.0003636479377746582,0.9986181259155273,162.40293884277344,7.385015487670898e-05,0.9975677728652954,0.021070556715130806,0.00299835205078125,1.0700149536132812,10.54215145111084,-0.14841198921203613,1.0241583585739136,17.109325408935547,-0.04991960525512695,41,615,0.0033150315284729004
SLIM*MIX_oms_pat5_fn-full_extended_const-small_ints_ls,dd1681e3-7f95-11f1-88f9-2c7ba0e6fa90,synthetic_prior,0,141,0.9973422884941101,0.15883731842041016,114217.0,0.9961159825325012,30.941364288330078,0.00012028217315673828,0.9976795315742493,2019.0885009765625,0.0003636479377746582,0.9986181259155273,162.40293884277344,7.385015487670898e-05,0.9975677728652954,0.021070556715130806,0.00299835205078125,1.0700149536132812,10.54215145111084,-0.14841198921203613,1.0241583585739136,17.109325408935547,-0.04991960525512695,41,615,0.0033150315284729004
SLIM*MIX_oms_pat5_fn-full_extended_const-small_ints_ls,dd1681e3-7f95-11f1-88f9-2c7ba0e6fa90,synthetic_prior,0,142,0.9973422884941101,0.158843994140625,117680.0,0.9961159825325012,30.941364288330078,0.00012028217315673828,0.9976795315742493,2019.0885009765625,0.0003636479377746582,0.9986181259155273,162.40293884277344,7.385015487670898e-05,0.9975677728652954,0.021070556715130806,0.00299835205078125,1.0700149536132812,10.54215145111084,-0.14841198921203613,1.0241583585739136,17.109325408935547,-0.04991960525512695,41,615,0.0033150315284729004
SLIM*MIX_oms_pat5_fn-full_extended_const-small_ints_ls,dd1681e3-7f95-11f1-88f9-2c7ba0e6fa90,synthetic_prior,0,143,0.9973422884941101,0.15832066535949707,118871.0,0.9961159825325012,30.941364288330078,0.00012028217315673828,0.9976795315742493,2019.0885009765625,0.0003636479377746582,0.9986181259155273,162.40293884277344,7.385015487670898e-05,0.9975677728652954,0.021070556715130806,0.00299835205078125,1.0700149536132812,10.54215145111084,-0.14841198921203613,1.0241583585739136,17.109325408935547,-0.04991960525512695,41,615,0.0033150315284729004
SLIM*MIX_oms_pat5_fn-full_extended_const-small_ints_ls,dd1681e3-7f95-11f1-88f9-2c7ba0e6fa90,synthetic_prior,0,144,0.9973422884941101,0.19042539596557617,60518.0,0.9961159825325012,30.941364288330078,0.00012028217315673828,0.9976795315742493,2019.0885009765625,0.0003636479377746582,0.9986181259155273,162.40293884277344,7.385015487670898e-05,0.9975677728652954,0.021070556715130806,0.00299835205078125,1.0700149536132812,10.54215145111084,-0.14841198921203613,1.0241583585739136,17.109325408935547,-0.04991960525512695,41,615,0.0033150315284729004
SLIM*MIX_oms_pat5_fn-full_extended_const-small_ints_ls,dd1681e3-7f95-11f1-88f9-2c7ba0e6fa90,synthetic_prior,0,145,0.9973422884941101,0.15810775756835938,90757.0,0.9961159825325012,30.941364288330078,0.00012028217315673828,0.9976795315742493,2019.0885009765625,0.0003636479377746582,0.9986181259155273,162.40293884277344,7.385015487670898e-05,0.9975677728652954,0.021070556715130806,0.00299835205078125,1.0700149536132812,10.54215145111084,-0.14841198921203613,1.0241583585739136,17.109325408935547,-0.04991960525512695,41,615,0.0033150315284729004
SLIM*MIX_oms_pat5_fn-full_extended_const-small_ints_ls,dd1681e3-7f95-11f1-88f9-2c7ba0e6fa90,synthetic_prior,0,146,0.997334361076355,1.269575834274292,115149.0,0.9960930943489075,30.94065284729004,0.00016617774963378906,0.9976387619972229,2019.0059814453125,0.00044536590576171875,0.9985981583595276,162.39967346191406,0.0001138448715209961,0.9974668025970459,0.021068423986434937,0.0032001733779907227,1.0760012865066528,10.6011323928833,-0.16129803657531738,1.0238107442855835,17.103515625,-0.04920697212219238,42,637,0.0033307671546936035
SLIM*MIX_oms_pat5_fn-full_extended_const-small_ints_ls,dd1681e3-7f95-11f1-88f9-2c7ba0e6fa90,synthetic_prior,0,147,0.997334361076355,0.15039515495300293,122283.0,0.9960930943489075,30.94065284729004,0.00016617774963378906,0.9976387619972229,2019.0059814453125,0.00044536590576171875,0.9985981583595276,162.39967346191406,0.0001138448715209961,0.9974668025970459,0.021068423986434937,0.0032001733779907227,1.0760012865066528,10.6011323928833,-0.16129803657531738,1.0238107442855835,17.103515625,-0.04920697212219238,42,637,0.0033307671546936035
SLIM*MIX_oms_pat5_fn-full_extended_const-small_ints_ls,dd1681e3-7f95-11f1-88f9-2c7ba0e6fa90,synthetic_prior,0,148,0.997334361076355,0.15931129455566406,122561.0,0.9960930943489075,30.94065284729004,0.00016617774963378906,0.9976387619972229,2019.0059814453125,0.00044536590576171875,0.9985981583595276,162.39967346191406,0.0001138448715209961,0.9974668025970459,0.021068423986434937,0.0032001733779907227,1.0760012865066528,10.6011323928833,-0.16129803657531738,1.0238107442855835,17.103515625,-0.04920697212219238,42,637,0.0033307671546936035
SLIM*MIX_oms_pat5_fn-full_extended_const-small_ints_ls,dd1681e3-7f95-11f1-88f9-2c7ba0e6fa90,synthetic_prior,0,149,0.997334361076355,0.15826010704040527,123058.0,0.9960930943489075,30.94065284729004,0.00016617774963378906,0.9976387619972229,2019.0059814453125,0.00044536590576171875,0.9985981583595276,162.39967346191406,0.0001138448715209961,0.9974668025970459,0.021068423986434937,0.0032001733779907227,1.0760012865066528,10.6011323928833,-0.16129803657531738,1.0238107442855835,17.103515625,-0.04920697212219238,42,637,0.0033307671546936035
SLIM*MIX_oms_pat5_fn-full_extended_const-small_ints_ls,dd1681e3-7f95-11f1-88f9-2c7ba0e6fa90,synthetic_prior,0,150,0.997334361076355,0.15877079963684082,122867.0,0.9960930943489075,30.94065284729004,0.00016617774963378906,0.9976387619972229,2019.0059814453125,0.00044536590576171875,0.9985981583595276,162.39967346191406,0.0001138448715209961,0.9974668025970459,0.021068423986434937,0.0032001733779907227,1.0760012865066528,10.6011323928833,-0.16129803657531738,1.0238107442855835,17.103515625,-0.04920697212219238,42,637,0.0033307671546936035
SLIM*MIX_oms_pat5_fn-full_extended_const-small_ints_ls,dd1681e3-7f95-11f1-88f9-2c7ba0e6fa90,synthetic_prior,0,151,0.9973262548446655,1.2533721923828125,122526.0,0.9960198402404785,30.93837547302246,0.0003132820129394531,0.9976465702056885,2019.0218505859375,0.0004297494888305664,0.9986308813095093,162.40499877929688,4.8279762268066406e-05,0.9969337582588196,0.021057166159152985,0.004265248775482178,1.0766210556030273,10.607237815856934,-0.1626361608505249,1.02162504196167,17.067005157470703,-0.044732093811035156,44,671,0.0033470988273620605
SLIM*MIX_oms_pat5_fn-full_extended_const-small_ints_ls,dd1681e3-7f95-11f1-88f9-2c7ba0e6fa90,synthetic_prior,0,152,0.9973226189613342,0.2061300277709961,123323.0,0.9960523247718811,30.93938446044922,0.00024813413619995117,0.997660756111145,2019.0504150390625,0.00040137767791748047,0.998616635799408,162.40267944335938,7.683038711547852e-05,0.9970552921295166,0.021059732884168625,0.004022359848022461,1.0778164863586426,10.619014739990234,-0.16521942615509033,1.0203614234924316,17.045896530151367,-0.04214930534362793,43,658,0.003354310989379883
SLIM*MIX_oms_pat5_fn-full_extended_const-small_ints_ls,dd1681e3-7f95-11f1-88f9-2c7ba0e6fa90,synthetic_prior,0,153,0.9973226189613342,0.19041037559509277,123295.0,0.9960523247718811,30.93938446044922,0.00024813413619995117,0.997660756111145,2019.0504150390625,0.00040137767791748047,0.998616635799408,162.40267944335938,7.683038711547852e-05,0.9970552921295166,0.021059732884168625,0.004022359848022461,1.0778164863586426,10.619014739990234,-0.16521942615509033,1.0203614234924316,17.045896530151367,-0.04214930534362793,43,658,0.003354310989379883
SLIM*MIX_oms_pat5_fn-full_extended_const-small_ints_ls,dd1681e3-7f95-11f1-88f9-2c7ba0e6fa90,synthetic_prior,0,154,0.9973224997520447,0.17611384391784668,124132.0,0.9960702657699585,30.939945220947266,0.00021195411682128906,0.9975884556770325,2018.904052734375,0.0005462169647216797,0.99858558177948,162.3976287841797,0.00013899803161621094,0.9975119829177856,0.021069379523396492,0.0031098127365112305,1.0825581550598145,10.665731430053711,-0.17549431324005127,1.0259431600570679,17.13913917541504,-0.053582072257995605,45,678,0.0033545494079589844
SLIM*MIX_oms_pat5_fn-full_extended_const-small_ints_ls,dd1681e3-7f95-11f1-88f9-2c7ba0e6fa90,synthetic_prior,0,155,0.9973174929618835,1.2711880207061768,125555.0,0.9959890246391296,30.93741798400879,0.0003751516342163086,0.9976592063903809,2019.047119140625,0.00040453672409057617,0.9986313581466675,162.4050750732422,4.738569259643555e-05,0.99696284532547,0.02105778083205223,0.0042070746421813965,1.0763713121414185,10.604777336120605,-0.16209673881530762,1.0214791297912598,17.06456756591797,-0.04443371295928955,44,669,0.0033646225929260254
SLIM*MIX_oms_pat5_fn-full_extended_const-small_ints_ls,dd1681e3-7f95-11f1-88f9-2c7ba0e6fa90,synthetic_prior,0,156,0.997308611869812,0.18935608863830566,125602.0,0.9960554242134094,30.939481735229492,0.00024181604385375977,0.9977211952209473,2019.1727294921875,0.00028020143508911133,0.9986273050308228,162.4044189453125,5.543231964111328e-05,0.9972751140594482,0.02106437459588051,0.003583252429962158,1.0632234811782837,10.475239753723145,-0.1338801383972168,1.0201585292816162,17.042505264282227,-0.04173481464385986,45,681,0.003382265567779541
SLIM*MIX_oms_pat5_fn-full_extended_const-small_ints_ls,dd1681e3-7f95-11f1-88f9-2c7ba0e6fa90,synthetic_prior,0,157,0.997308611869812,0.18982911109924316,127848.0,0.9960554242134094,30.939481735229492,0.00024181604385375977,0.9977211952209473,2019.1727294921875,0.00028020143508911133,0.9986273050308228,162.4044189453125,5.543231964111328e-05,0.9972751140594482,0.02106437459588051,0.003583252429962158,1.0632234811782837,10.475239753723145,-0.1338801383972168,1.0201585292816162,17.042505264282227,-0.04173481464385986,45,681,0.003382265567779541
SLIM*MIX_oms_pat5_fn-full_extended_const-small_ints_ls,dd1681e3-7f95-11f1-88f9-2c7ba0e6fa90,synthetic_prior,0,158,0.997308611869812,0.1906585693359375,128566.0,0.9960554242134094,30.939481735229492,0.00024181604385375977,0.9977211952209473,2019.1727294921875,0.00028020143508911133,0.9986273050308228,162.4044189453125,5.543231964111328e-05,0.9972751140594482,0.02106437459588051,0.003583252429962158,1.0632234811782837,10.475239753723145,-0.1338801383972168,1.0201585292816162,17.042505264282227,-0.04173481464385986,45,681,0.003382265567779541
SLIM*MIX_oms_pat5_fn-full_extended_const-small_ints_ls,dd1681e3-7f95-11f1-88f9-2c7ba0e6fa90,synthetic_prior,0,159,0.997308611869812,1.2524783611297607,130139.0,0.9960554242134094,30.939481735229492,0.00024181604385375977,0.9977211952209473,2019.1727294921875,0.00028020143508911133,0.9986273050308228,162.4044189453125,5.543231964111328e-05,0.9972751140594482,0.02106437459588051,0.003583252429962158,1.0632234811782837,10.475239753723145,-0.1338801383972168,1.0201585292816162,17.042505264282227,-0.04173481464385986,45,681,0.003382265567779541
SLIM*MIX_oms_pat5_fn-full_extended_const-small_ints_ls,dd1681e3-7f95-11f1-88f9-2c7ba0e6fa90,synthetic_prior,0,160,0.997308611869812,0.1911306381225586,132399.0,0.9960554242134094,30.939481735229492,0.00024181604385375977,0.9977211952209473,2019.1727294921875,0.00028020143508911133,0.9986273050308228,162.4044189453125,5.543231964111328e-05,0.9972751140594482,0.02106437459588051,0.003583252429962158,1.0632234811782837,10.475239753723145,-0.1338801383972168,1.0201585292816162,17.042505264282227,-0.04173481464385986,45,681,0.003382265567779541
SLIM*MIX_oms_pat5_fn-full_extended_const-small_ints_ls,dd1681e3-7f95-11f1-88f9-2c7ba0e6fa90,synthetic_prior,0,161,0.997308611869812,0.22205781936645508,67932.0,0.9960554242134094,30.939481735229492,0.00024181604385375977,0.9977211952209473,2019.1727294921875,0.00028020143508911133,0.9986273050308228,162.4044189453125,5.543231964111328e-05,0.9972751140594482,0.02106437459588051,0.003583252429962158,1.0632234811782837,10.475239753723145,-0.1338801383972168,1.0201585292816162,17.042505264282227,-0.04173481464385986,45,681,0.003382265567779541
SLIM*MIX_oms_pat5_fn-full_extended_const-small_ints_ls,dd1681e3-7f95-11f1-88f9-2c7ba0e6fa90,synthetic_prior,0,162,0.9972987771034241,0.17312049865722656,102354.0,0.9960742592811584,30.9400691986084,0.0002040266990661621,0.9976748824119568,2019.078857421875,0.0003730654716491699,0.9986678957939148,162.4110107421875,-2.586841583251953e-05,0.9969141483306885,0.021056752651929855,0.004304409027099609,1.0772604942321777,10.613537788391113,-0.16401755809783936,1.0211926698684692,17.059782028198242,-0.04384791851043701,44,668,0.0034019947052001953
SLIM*MIX_oms_pat5_fn-full_extended_const-small_ints_ls,dd1681e3-7f95-11f1-88f9-2c7ba0e6fa90,synthetic_prior,0,163,0.9972980618476868,1.29412841796875,128222.0,0.9960178732872009,30.93831443786621,0.0003172755241394043,0.9976544380187988,2019.0377197265625,0.0004139542579650879,0.998649001121521,162.40794372558594,1.1980533599853516e-05,0.9969955086708069,0.021058470010757446,0.004141807556152344,1.0837165117263794,10.677144050598145,-0.17801117897033691,1.023707628250122,17.101795196533203,-0.0489957332611084,47,715,0.0034033656120300293
SLIM*MIX_oms_pat5_fn-full_extended_const-small_ints_ls,dd1681e3-7f95-11f1-88f9-2c7ba0e6fa90,synthetic_prior,0,164,0.9972951412200928,0.23172998428344727,136307.0,0.9960159063339233,30.938255310058594,0.0003211498260498047,0.9977073073387146,2019.1446533203125,0.00030797719955444336,0.9986252784729004,162.40408325195312,5.9545040130615234e-05,0.9972303509712219,0.0210634283721447,0.0036727190017700195,1.0696550607681274,10.538606643676758,-0.14763975143432617,1.0222820043563843,17.077978134155273,-0.046076059341430664,46,701,0.0034092068672180176
SLIM*MIX_oms_pat5_fn-full_extended_const-small_ints_ls,dd1681e3-7f95-11f1-88f9-2c7ba0e6fa90,synthetic_prior,0,165,0.9972882866859436,0.20590710639953613,135341.0,0.9960148930549622,30.938220977783203,0.00032323598861694336,0.9977086782455444,2019.1474609375,0.0003052353858947754,0.9986255168914795,162.4041290283203,5.906820297241211e-05,0.9972464442253113,0.02106376923620701,0.0036405324935913086,1.0705188512802124,10.54711627960205,-0.14949381351470947,1.0228447914123535,17.08738136291504,-0.047228217124938965,47,715,0.0034229159355163574
SLIM*MIX_oms_pat5_fn-full_extended_const-small_ints_ls,dd1681e3-7f95-11f1-88f9-2c7ba0e6fa90,synthetic_prior,0,166,0.9972822070121765,0.17348051071166992,135009.0,0.9959070682525635,30.934873580932617,0.0005396008491516113,0.9977110624313354,2019.1522216796875,0.00030052661895751953,0.9986444115638733,162.40719604492188,2.1219253540039062e-05,0.9972686767578125,0.021064238622784615,0.003596067428588867,1.0766342878341675,10.607368469238281,-0.16266465187072754,1.0260884761810303,17.141571044921875,-0.05388081073760986,46,695,0.0034351348876953125
SLIM*MIX_oms_pat5_fn-full_extended_const-small_ints_ls,dd1681e3-7f95-11f1-88f9-2c7ba0e6fa90,synthetic_prior,0,167,0.9972822070121765,1.3198070526123047,134443.0,0.9959070682525635,30.934873580932617,0.0005396008491516113,0.9977110624313354,2019.1522216796875,0.00030052661895751953,0.9986444115638733,162.40719604492188,2.1219253540039062e-05,0.9972686767578125,0.021064238622784615,0.003596067428588867,1.0766342878341675,10.607368469238281,-0.16266465187072754,1.0260884761810303,17.141571044921875,-0.05388081073760986,46,695,0.0034351348876953125
SLIM*MIX_oms_pat5_fn-full_extended_const-small_ints_ls,dd1681e3-7f95-11f1-88f9-2c7ba0e6fa90,synthetic_prior,0,168,0.997277557849884,0.20555591583251953,135004.0,0.9960188865661621,30.938344955444336,0.000315248966217041,0.9977027773857117,2019.135498046875,0.0003171563148498535,0.9986291527748108,162.4047088623047,5.179643630981445e-05,0.9972837567329407,0.021064558997750282,0.0035659074783325195,1.0708812475204468,10.55068588256836,-0.15027225017547607,1.0238209962844849,17.10369110107422,-0.04922819137573242,49,746,0.003444373607635498
SLIM*MIX_oms_pat5_fn-full_extended_const-small_ints_ls,dd1681e3-7f95-11f1-88f9-2c7ba0e6fa90,synthetic_prior,0,169,0.9972597360610962,0.174332857131958,136589.0,0.9958947896957397,30.934490203857422,0.0005643367767333984,0.9976567029953003,2019.0421142578125,0.0004094839096069336,0.99862140417099,162.4034423828125,6.73532485961914e-05,0.9971967935562134,0.02106272242963314,0.0037397146224975586,1.0722253322601318,10.563929557800293,-0.15316176414489746,1.0245537757873535,17.115930557250977,-0.05073058605194092,48,729,0.0034799575805664062
SLIM*MIX_oms_pat5_fn-full_extended_const-small_ints_ls,dd1681e3-7f95-11f1-88f9-2c7ba0e6fa90,synthetic_prior,0,170,0.9972597360610962,0.19106006622314453,136392.0,0.9958947896957397,30.934490203857422,0.0005643367767333984,0.9976567029953003,2019.0421142578125,0.0004094839096069336,0.99862140417099,162.4034423828125,6.73532485961914e-05,0.9971967935562134,0.02106272242963314,0.0037397146224975586,1.0722253322601318,10.563929557800293,-0.15316176414489746,1.0245537757873535,17.115930557250977,-0.05073058605194092,48,729,0.0034799575805664062
SLIM*MIX_oms_pat5_fn-full_extended_const-small_ints_ls,dd1681e3-7f95-11f1-88f9-2c7ba0e6fa90,synthetic_prior,0,171,0.9972590208053589,1.253650188446045,136927.0,0.9959043264389038,30.93478775024414,0.0005450844764709473,0.9977098107337952,2019.149658203125,0.00030303001403808594,0.9986323118209839,162.4052276611328,4.547834396362305e-05,0.9973298907279968,0.02106553316116333,0.0034737586975097656,1.0838706493377686,10.678662300109863,-0.17834627628326416,1.0250253677368164,17.123809814453125,-0.05169808864593506,46,698,0.0034813284873962402
SLIM*MIX_oms_pat5_fn-full_extended_const-small_ints_ls,dd1681e3-7f95-11f1-88f9-2c7ba0e6fa90,synthetic_prior,0,172,0.9972590208053589,0.15502119064331055,137542.0,0.9959043264389038,30.93478775024414,0.0005450844764709473,0.9977098107337952,2019.149658203125,0.00030303001403808594,0.9986323118209839,162.4052276611328,4.547834396362305e-05,0.9973298907279968,0.02106553316116333,0.0034737586975097656,1.0838706493377686,10.678662300109863,-0.17834627628326416,1.0250253677368164,17.123809814453125,-0.05169808864593506,46,698,0.0034813284873962402
SLIM*MIX_oms_pat5_fn-full_extended_const-small_ints_ls,dd1681e3-7f95-11f1-88f9-2c7ba0e6fa90,synthetic_prior,0,173,0.9972461462020874,0.16649127006530762,137821.0,0.9959622025489807,30.936586380004883,0.0004290342330932617,0.99773108959198,2019.1927490234375,0.00026047229766845703,0.9986206293106079,162.40333557128906,6.890296936035156e-05,0.9971941113471985,0.021062664687633514,0.0037450194358825684,1.0804944038391113,10.64539909362793,-0.17101669311523438,1.0233416557312012,17.09568214416504,-0.048245906829833984,43,645,0.003507077693939209
SLIM*MIX_oms_pat5_fn-full_extended_const-small_ints_ls,dd1681e3-7f95-11f1-88f9-2c7ba0e6fa90,synthetic_prior,0,174,0.9972461462020874,0.16476130485534668,139052.0,0.9959622025489807,30.936586380004883,0.0004290342330932617,0.99773108959198,2019.1927490234375,0.00026047229766845703,0.9986206293106079,162.40333557128906,6.890296936035156e-05,0.9971941113471985,0.021062664687633514,0.0037450194358825684,1.0804944038391113,10.64539909362793,-0.17101669311523438,1.0233416557312012,17.09568214416504,-0.048245906829833984,43,645,0.003507077693939209
SLIM*MIX_oms_pat5_fn-full_extended_const-small_ints_ls,dd1681e3-7f95-11f1-88f9-2c7ba0e6fa90,synthetic_prior,0,175,0.9972387552261353,1.299309253692627,140226.0,0.9959056377410889,30.93482780456543,0.0005425214767456055,0.9976521730422974,2019.032958984375,0.00041854381561279297,0.9986035227775574,162.4005584716797,0.00010305643081665039,0.9972066879272461,0.021062929183244705,0.003719925880432129,1.0801717042922974,10.642219543457031,-0.17031729221343994,1.026531457901001,17.148969650268555,-0.05479097366333008,48,729,0.0035219192504882812
SLIM*MIX_oms_pat5_fn-full_extended_const-small_ints_ls,dd1681e3-7f95-11f1-88f9-2c7ba0e6fa90,synthetic_prior,0,176,0.9972387552261353,0.2028803825378418,141480.0,0.9959056377410889,30.93482780456543,0.0005425214767456055,0.9976521730422974,2019.032958984375,0.00041854381561279297,0.9986035227775574,162.4005584716797,0.00010305643081665039,0.9972066879272461,0.021062929183244705,0.003719925880432129,1.0801717042922974,10.642219543457031,-0.17031729221343994,1.026531457901001,17.148969650268555,-0.05479097366333008,48,729,0.0035219192504882812
SLIM*MIX_oms_pat5_fn-full_extended_const-small_ints_ls,dd1681e3-7f95-11f1-88f9-2c7ba0e6fa90,synthetic_prior,0,177,0.9972329139709473,0.1587080955505371,141497.0,0.9959761500358582,30.9370174407959,0.00040096044540405273,0.9977411031723022,2019.213134765625,0.0002402663230895996,0.9986125826835632,162.4020233154297,8.499622344970703e-05,0.9971198439598083,0.021061096340417862,0.0038934946060180664,1.0800734758377075,10.641251564025879,-0.1701045036315918,1.0246450901031494,17.117456436157227,-0.050917863845825195,44,659,0.0035335421562194824
SLIM*MIX_oms_pat5_fn-full_extended_const-small_ints_ls,dd1681e3-7f95-11f1-88f9-2c7ba0e6fa90,synthetic_prior,0,178,0.9972329139709473,0.1594681739807129,140563.0,0.9959761500358582,30.9370174407959,0.00040096044540405273,0.9977411031723022,2019.213134765625,0.0002402663230895996,0.9986125826835632,162.4020233154297,8.499622344970703e-05,0.9971198439598083,0.021061096340417862,0.0038934946060180664,1.0800734758377075,10.641251564025879,-0.1701045036315918,1.0246450901031494,17.117456436157227,-0.050917863845825195,44,659,0.0035335421562194824
SLIM*MIX_oms_pat5_fn-full_extended_const-small_ints_ls,dd1681e3-7f95-11f1-88f9-2c7ba0e6fa90,synthetic_prior,0,179,0.9972329139709473,1.2547624111175537,139827.0,0.9959761500358582,30.9370174407959,0.00040096044540405273,0.9977411031723022,2019.213134765625,0.0002402663230895996,0.9986125826835632,162.4020233154297,8.499622344970703e-05,0.9971198439598083,0.021061096340417862,0.0038934946060180664,1.0800734758377075,10.641251564025879,-0.1701045036315918,1.0246450901031494,17.117456436157227,-0.050917863845825195,44,659,0.0035335421562194824
SLIM*MIX_oms_pat5_fn-full_extended_const-small_ints_ls,dd1681e3-7f95-11f1-88f9-2c7ba0e6fa90,synthetic_prior,0,180,0.9972329139709473,0.17436861991882324,139430.0,0.9959761500358582,30.9370174407959,0.00040096044540405273,0.9977411031723022,2019.213134765625,0.0002402663230895996,0.9986125826835632,162.4020233154297,8.499622344970703e-05,0.9971198439598083,0.021061096340417862,0.0038934946060180664,1.0800734758377075,10.641251564025879,-0.1701045036315918,1.0246450901031494,17.117456436157227,-0.050917863845825195,44,659,0.0035335421562194824
SLIM*MIX_oms_pat5_fn-full_extended_const-small_ints_ls,dd1681e3-7f95-11f1-88f9-2c7ba0e6fa90,synthetic_prior,0,181,0.9972320199012756,0.25368452072143555,138422.0,0.9958948493003845,30.934494018554688,0.0005642175674438477,0.9976188540458679,2018.9654541015625,0.00048536062240600586,0.9986106753349304,162.40171813964844,8.875131607055664e-05,0.9970825910568237,0.021060308441519737,0.003967940807342529,1.0708969831466675,10.550841331481934,-0.1503061056137085,1.0258537530899048,17.137649536132812,-0.053398728370666504,50,745,0.0035353899002075195
SLIM*MIX_oms_pat5_fn-full_extended_const-small_ints_ls,dd1681e3-7f95-11f1-88f9-2c7ba0e6fa90,synthetic_prior,0,182,0.9972320199012756,0.17777228355407715,138103.0,0.9958948493003845,30.934494018554688,0.0005642175674438477,0.9976188540458679,2018.9654541015625,0.00048536062240600586,0.9986106753349304,162.40171813964844,8.875131607055664e-05,0.9970825910568237,0.021060308441519737,0.003967940807342529,1.0708969831466675,10.550841331481934,-0.1503061056137085,1.0258537530899048,17.137649536132812,-0.053398728370666504,50,745,0.0035353899002075195
SLIM*MIX_oms_pat5_fn-full_extended_const-small_ints_ls,dd1681e3-7f95-11f1-88f9-2c7ba0e6fa90,synthetic_prior,0,183,0.9972320199012756,1.2551281452178955,138755.0,0.9958948493003845,30.934494018554688,0.0005642175674438477,0.9976188540458679,2018.9654541015625,0.00048536062240600586,0.9986106753349304,162.40171813964844,8.875131607055664e-05,0.9970825910568237,0.021060308441519737,0.003967940807342529,1.0708969831466675,10.550841331481934,-0.1503061056137085,1.0258537530899048,17.137649536132812,-0.053398728370666504,50,745,0.0035353899002075195
SLIM*MIX_oms_pat5_fn-full_extended_const-small_ints_ls,dd1681e3-7f95-11f1-88f9-2c7ba0e6fa90,synthetic_prior,0,184,0.9972200989723206,0.16002321243286133,138670.0,0.996025025844574,30.93853759765625,0.00030285120010375977,0.9977522492408752,2019.235595703125,0.0002180337905883789,0.9986143112182617,162.40231323242188,8.14199447631836e-05,0.9971299767494202,0.021061310544610023,0.003873169422149658,1.0742603540420532,10.583979606628418,-0.15754306316375732,1.0228644609451294,17.087709426879883,-0.04726839065551758,44,654,0.0035591721534729004
SLIM*MIX_oms_pat5_fn-full_extended_const-small_ints_ls,dd1681e3-7f95-11f1-88f9-2c7ba0e6fa90,synthetic_prior,0,185,0.9972200989723206,0.1575908660888672,138283.0,0.996025025844574,30.93853759765625,0.00030285120010375977,0.9977522492408752,2019.235595703125,0.0002180337905883789,0.9986143112182617,162.40231323242188,8.14199447631836e-05,0.9971299767494202,0.021061310544610023,0.003873169422149658,1.0742603540420532,10.583979606628418,-0.15754306316375732,1.0228644609451294,17.087709426879883,-0.04726839065551758,44,654,0.0035591721534729004
SLIM*MIX_oms_pat5_fn-full_extended_const-small_ints_ls,dd1681e3-7f95-11f1-88f9-2c7ba0e6fa90,synthetic_prior,0,186,0.9972195625305176,0.17543268203735352,137992.0,0.996005117893219,30.93791961669922,0.0003428459167480469,0.9977549910545349,2019.240966796875,0.00021249055862426758,0.9986099600791931,162.40159606933594,9.018182754516602e-05,0.9970461130142212,0.021059539169073105,0.004040777683258057,1.074763298034668,10.588933944702148,-0.15862715244293213,1.022628903388977,17.083772659301758,-0.04678606986999512,45,671,0.0035602450370788574
SLIM*MIX_oms_pat5_fn-full_extended_const-small_ints_ls,dd1681e3-7f95-11f1-88f9-2c7ba0e6fa90,synthetic_prior,0,187,0.9972079992294312,1.25714111328125,137519.0,0.9960108399391174,30.938095092773438,0.0003313422203063965,0.9977442026138306,2019.21923828125,0.00023412704467773438,0.9986541867256165,162.40878295898438,1.6689300537109375e-06,0.9972376227378845,0.021063582971692085,0.003658115863800049,1.0668373107910156,10.510844230651855,-0.1416013240814209,1.019432544708252,17.030376434326172,-0.04025256633758545,45,666,0.0035834312438964844
SLIM*MIX_oms_pat5_fn-full_extended_const-small_ints_ls,dd1681e3-7f95-11f1-88f9-2c7ba0e6fa90,synthetic_prior,0,188,0.9972079992294312,0.16097640991210938,138289.0,0.9960108399391174,30.938095092773438,0.0003313422203063965,0.9977442026138306,2019.21923828125,0.00023412704467773438,0.9986541867256165,162.40878295898438,1.6689300537109375e-06,0.9972376227378845,0.021063582971692085,0.003658115863800049,1.0668373107910156,10.510844230651855,-0.1416013240814209,1.019432544708252,17.030376434326172,-0.04025256633758545,45,666,0.0035834312438964844
SLIM*MIX_oms_pat5_fn-full_extended_const-small_ints_ls,dd1681e3-7f95-11f1-88f9-2c7ba0e6fa90,synthetic_prior,0,189,0.9972079992294312,0.15332698822021484,139316.0,0.9960108399391174,30.938095092773438,0.0003313422203063965,0.9977442026138306,2019.21923828125,0.00023412704467773438,0.9986541867256165,162.40878295898438,1.6689300537109375e-06,0.9972376227378845,0.021063582971692085,0.003658115863800049,1.0668373107910156,10.510844230651855,-0.1416013240814209,1.019432544708252,17.030376434326172,-0.04025256633758545,45,666,0.0035834312438964844
SLIM*MIX_oms_pat5_fn-full_extended_const-small_ints_ls,dd1681e3-7f95-11f1-88f9-2c7ba0e6fa90,synthetic_prior,0,190,0.9972079992294312,0.15919089317321777,139380.0,0.9960108399391174,30.938095092773438,0.0003313422203063965,0.9977442026138306,2019.21923828125,0.00023412704467773438,0.9986541867256165,162.40878295898438,1.6689300537109375e-06,0.9972376227378845,0.021063582971692085,0.003658115863800049,1.0668373107910156,10.510844230651855,-0.1416013240814209,1.019432544708252,17.030376434326172,-0.04025256633758545,45,666,0.0035834312438964844
SLIM*MIX_oms_pat5_fn-full_extended_const-small_ints_ls,dd1681e3-7f95-11f1-88f9-2c7ba0e6fa90,synthetic_prior,0,191,0.9972079992294312,0.192918062210083,138599.0,0.9960108399391174,30.938095092773438,0.0003313422203063965,0.9977442026138306,2019.21923828125,0.00023412704467773438,0.9986541867256165,162.40878295898438,1.6689300537109375e-06,0.9972376227378845,0.021063582971692085,0.003658115863800049,1.0668373107910156,10.510844230651855,-0.1416013240814209,1.019432544708252,17.030376434326172,-0.04025256633758545,45,666,0.0035834312438964844
SLIM*MIX_oms_pat5_fn-full_extended_const-small_ints_ls,dd1681e3-7f95-11f1-88f9-2c7ba0e6fa90,synthetic_prior,0,192,0.9972079992294312,1.2787542343139648,67244.0,0.9960108399391174,30.938095092773438,0.0003313422203063965,0.9977442026138306,2019.21923828125,0.00023412704467773438,0.9986541867256165,162.40878295898438,1.6689300537109375e-06,0.9972376227378845,0.021063582971692085,0.003658115863800049,1.0668373107910156,10.510844230651855,-0.1416013240814209,1.019432544708252,17.030376434326172,-0.04025256633758545,45,666,0.0035834312438964844
SLIM*MIX_oms_pat5_fn-full_extended_const-small_ints_ls,dd1681e3-7f95-11f1-88f9-2c7ba0e6fa90,synthetic_prior,0,193,0.9971786141395569,0.15859127044677734,103045.0,0.9960657954216003,30.939804077148438,0.00022101402282714844,0.9977610111236572,2019.2532958984375,0.00020045042037963867,0.9986076951026917,162.40122985839844,9.47713851928711e-05,0.9972090721130371,0.021062981337308884,0.0037151575088500977,1.065831184387207,10.500930786132812,-0.13944900035858154,1.0213665962219238,17.062686920166016,-0.04420340061187744,46,683,0.0036420822143554688
SLIM*MIX_oms_pat5_fn-full_extended_const-small_ints_ls,dd1681e3-7f95-11f1-88f9-2c7ba0e6fa90,synthetic_prior,0,194,0.9971786141395569,0.1748793125152588,125614.0,0.9960657954216003,30.939804077148438,0.00022101402282714844,0.9977610111236572,2019.2532958984375,0.00020045042037963867,0.9986076951026917,162.40122985839844,9.47713851928711e-05,0.9972090721130371,0.021062981337308884,0.0037151575088500977,1.065831184387207,10.500930786132812,-0.13944900035858154,1.0213665962219238,17.062686920166016,-0.04420340061187744,46,683,0.0036420822143554688
SLIM*MIX_oms_pat5_fn-full_extended_const-small_ints_ls,dd1681e3-7f95-11f1-88f9-2c7ba0e6fa90,synthetic_prior,0,195,0.9971781373023987,0.15814757347106934,133945.0,0.9960435628890991,30.93911361694336,0.0002655982971191406,0.9978079199790955,2019.34814453125,0.00010651350021362305,0.9986507296562195,162.40823364257812,8.58306884765625e-06,0.9974477291107178,0.021068021655082703,0.0032382607460021973,1.0647586584091187,10.490365028381348,-0.13715708255767822,1.0185534954071045,17.01569366455078,-0.03845953941345215,45,667,0.003643035888671875
SLIM*MIX_oms_pat5_fn-full_extended_const-small_ints_ls,dd1681e3-7f95-11f1-88f9-2c7ba0e6fa90,synthetic_prior,0,196,0.9971781373023987,1.2545602321624756,132966.0,0.9960435628890991,30.93911361694336,0.0002655982971191406,0.9978079199790955,2019.34814453125,0.00010651350021362305,0.9986507296562195,162.40823364257812,8.58306884765625e-06,0.9974477291107178,0.021068021655082703,0.0032382607460021973,1.0647586584091187,10.490365028381348,-0.13715708255767822,1.0185534954071045,17.01569366455078,-0.03845953941345215,45,667,0.003643035888671875
SLIM*MIX_oms_pat5_fn-full_extended_const-small_ints_ls,dd1681e3-7f95-11f1-88f9-2c7ba0e6fa90,synthetic_prior,0,197,0.9971781373023987,0.15885591506958008,132470.0,0.9960435628890991,30.93911361694336,0.0002655982971191406,0.9978079199790955,2019.34814453125,0.00010651350021362305,0.9986507296562195,162.40823364257812,8.58306884765625e-06,0.9974477291107178,0.021068021655082703,0.0032382607460021973,1.0647586584091187,10.490365028381348,-0.13715708255767822,1.0185534954071045,17.01569366455078,-0.03845953941345215,45,667,0.003643035888671875
SLIM*MIX_oms_pat5_fn-full_extended_const-small_ints_ls,dd1681e3-7f95-11f1-88f9-2c7ba0e6fa90,synthetic_prior,0,198,0.9971743226051331,0.17654204368591309,131933.0,0.9960457682609558,30.939180374145508,0.0002613067626953125,0.9977591633796692,2019.24951171875,0.0002041459083557129,0.998594343662262,162.39906311035156,0.0001214146614074707,0.9973625540733337,0.021066224202513695,0.003408491611480713,1.065564751625061,10.498307228088379,-0.1388794183731079,1.0211831331253052,17.059621810913086,-0.043828487396240234,48,717,0.0036507248878479004
SLIM*MIX_oms_pat5_fn-full_extended_const-small_ints_ls,dd1681e3-7f95-11f1-88f9-2c7ba0e6fa90,synthetic_prior,0,199,0.9971743226051331,0.14295744895935059,131979.0,0.9960457682609558,30.939180374145508,0.0002613067626953125,0.9977591633796692,2019.24951171875,0.0002041459083557129,0.998594343662262,162.39906311035156,0.0001214146614074707,0.9973625540733337,0.021066224202513695,0.003408491611480713,1.065564751625061,10.498307228088379,-0.1388794183731079,1.0211831331253052,17.059621810913086,-0.043828487396240234,48,717,0.0036507248878479004
SLIM*MIX_oms_pat5_fn-full_extended_const-small_ints_ls,dd1681e3-7f95-11f1-88f9-2c7ba0e6fa90,synthetic_prior,0,200,0.997173011302948,0.15828490257263184,131501.0,0.9960345029830933,30.93882942199707,0.00028383731842041016,0.9978128671646118,2019.358154296875,9.655952453613281e-05,0.9986414909362793,162.40672302246094,2.7120113372802734e-05,0.9973181486129761,0.021065283566713333,0.0034972429275512695,1.0676196813583374,10.518552780151367,-0.14327645301818848,1.0199345350265503,17.03876304626465,-0.041277289390563965,46,679,0.003653287887573242
SLIM*MIX_ms0.1_pat5_fn-full_extended_const-small_ints_raw,dd1681e3-7f95-11f1-88f9-2c7ba0e6fa90,synthetic_prior,0,0,1.0089174509048462,0.0475924015045166,889.0,1.0061218738555908,31.252166748046875,-0.02006816864013672,1.007790446281433,2039.5506591796875,-0.020000457763671875,1.008576512336731,164.0224609375,-0.019968509674072266,1.0089842081069946,0.021311694756150246,-0.019952058792114258,1.0084069967269897,9.935168266296387,-0.01997542381286621,1.009427547454834,16.863237380981445,-0.01993417739868164,1,2,-0.019954442977905273
SLIM*MIX_ms0.1_pat5_fn-full_extended_const-small_ints_raw,dd1681e3-7f95-11f1-88f9-2c7ba0e6fa90,synthetic_prior,0,1,1.0089174509048462,0.06417250633239746,2425.0,1.0061218738555908,31.252166748046875,-0.02006816864013672,1.007790446281433,2039.5506591796875,-0.020000457763671875,1.008576512336731,164.0224609375,-0.019968509674072266,1.0089842081069946,0.021311694756150246,-0.019952058792114258,1.0084069967269897,9.935168266296387,-0.01997542381286621,1.009427547454834,16.863237380981445,-0.01993417739868164,1,2,-0.019954442977905273
SLIM*MIX_ms0.1_pat5_fn-full_extended_const-small_ints_raw,dd1681e3-7f95-11f1-88f9-2c7ba0e6fa90,synthetic_prior,0,2,1.0089174509048462,0.06329345703125,2893.0,1.0061218738555908,31.252166748046875,-0.02006816864013672,1.007790446281433,2039.5506591796875,-0.020000457763671875,1.008576512336731,164.0224609375,-0.019968509674072266,1.0089842081069946,0.021311694756150246,-0.019952058792114258,1.0084069967269897,9.935168266296387,-0.01997542381286621,1.009427547454834,16.863237380981445,-0.01993417739868164,1,2,-0.019954442977905273
SLIM*MIX_ms0.1_pat5_fn-full_extended_const-small_ints_raw,dd1681e3-7f95-11f1-88f9-2c7ba0e6fa90,synthetic_prior,0,3,1.0078054666519165,0.06337666511535645,3474.0,1.0055534839630127,31.23451042175293,-0.018915772438049316,1.0069328546524048,2037.815185546875,-0.018265128135681152,1.0076043605804443,163.86431884765625,-0.018003106117248535,1.0075806379318237,0.021282050758600235,-0.017116665840148926,1.0066838264465332,9.918191909790039,-0.016492605209350586,1.0084564685821533,16.847013473510742,-0.017972707748413086,2,24,-0.017707467079162598
SLIM*MIX_ms0.1_pat5_fn-full_extended_const-small_ints_raw,dd1681e3-7f95-11f1-88f9-2c7ba0e6fa90,synthetic_prior,0,4,1.0078054666519165,0.07612466812133789,4150.0,1.0055534839630127,31.23451042175293,-0.018915772438049316,1.0069328546524048,2037.815185546875,-0.018265128135681152,1.0076043605804443,163.86431884765625,-0.018003106117248535,1.0075806379318237,0.021282050758600235,-0.017116665840148926,1.0066838264465332,9.918191909790039,-0.016492605209350586,1.0084564685821533,16.847013473510742,-0.017972707748413086,2,24,-0.017707467079162598
SLIM*MIX_ms0.1_pat5_fn-full_extended_const-small_ints_raw,dd1681e3-7f95-11f1-88f9-2c7ba0e6fa90,synthetic_prior,0,5,1.0073715448379517,0.09606456756591797,4732.0,1.0045380592346191,31.20296859741211,-0.016858935356140137,1.0061830282211304,2036.2977294921875,-0.016749262809753418,1.0069499015808105,163.75791931152344,-0.016681313514709473,1.0074392557144165,0.02127906121313572,-0.016831040382385254,1.0070260763168335,9.921565055847168,-0.017184138298034668,1.0078200101852417,16.836380004882812,-0.016688108444213867,2,19,-0.016831040382385254
SLIM*MIX_ms0.1_pat5_fn-full_extended_const-small_ints_raw,dd1681e3-7f95-11f1-88f9-2c7ba0e6fa90,synthetic_prior,0,6,1.006436824798584,0.07931280136108398,5150.0,1.0039466619491577,31.184598922729492,-0.015661954879760742,1.0053722858428955,2034.656982421875,-0.015111446380615234,1.005902647972107,163.5876007080078,-0.01456761360168457,1.0065909624099731,0.021261144429445267,-0.015119433403015137,1.006424069404602,9.915633201599121,-0.01596808433532715,1.0074703693389893,16.83053970336914,-0.015982985496520996,3,41,-0.014945030212402344
SLIM*MIX_ms0.1_pat5_fn-full_extended_const-small_ints_raw,dd1681e3-7f95-11f1-88f9-2c7ba0e6fa90,synthetic_prior,0,7,1.006436824798584,0.09801745414733887,5864.0,1.0039466619491577,31.184598922729492,-0.015661954879760742,1.0053722858428955,2034.656982421875,-0.015111446380615234,1.005902647972107,163.5876007080078,-0.01456761360168457,1.0065909624099731,0.021261144429445267,-0.015119433403015137,1.006424069404602,9.915633201599121,-0.01596808433532715,1.0074703693389893,16.83053970336914,-0.015982985496520996,3,41,-0.014945030212402344
SLIM*MIX_ms0.1_pat5_fn-full_extended_const-small_ints_raw,dd1681e3-7f95-11f1-88f9-2c7ba0e6fa90,synthetic_prior,0,8,1.0061836242675781,0.07894110679626465,7060.0,1.0035728216171265,31.17298698425293,-0.014905691146850586,1.0052354335784912,2034.3798828125,-0.014835000038146973,1.0054221153259277,163.50942993164062,-0.013598322868347168,1.0067195892333984,0.021263858303427696,-0.015378713607788086,1.0071158409118652,9.92244815826416,-0.017365097999572754,1.0083211660385132,16.84475326538086,-0.017699480056762695,5,69,-0.014434337615966797
SLIM*MIX_ms0.1_pat5_fn-full_extended_const-small_ints_raw,dd1681e3-7f95-11f1-88f9-2c7ba0e6fa90,synthetic_prior,0,9,1.0061836242675781,0.08321118354797363,8040.0,1.0035728216171265,31.17298698425293,-0.014905691146850586,1.0052354335784912,2034.3798828125,-0.014835000038146973,1.0054221153259277,163.50942993164062,-0.013598322868347168,1.0067195892333984,0.021263858303427696,-0.015378713607788086,1.0071158409118652,9.92244815826416,-0.017365097999572754,1.0083211660385132,16.84475326538086,-0.017699480056762695,5,69,-0.014434337615966797
SLIM*MIX_ms0.1_pat5_fn-full_extended_const-small_ints_raw,dd1681e3-7f95-11f1-88f9-2c7ba0e6fa90,synthetic_prior,0,10,1.0061836242675781,0.07902908325195312,9228.0,1.0035728216171265,31.17298698425293,-0.014905691146850586,1.0052354335784912,2034.3798828125,-0.014835000038146973,1.0054221153259277,163.50942993164062,-0.013598322868347168,1.0067195892333984,0.021263858303427696,-0.015378713607788086,1.0071158409118652,9.92244815826416,-0.017365097999572754,1.0083211660385132,16.84475326538086,-0.017699480056762695,5,69,-0.014434337615966797
SLIM*MIX_ms0.1_pat5_fn-full_extended_const-small_ints_raw,dd1681e3-7f95-11f1-88f9-2c7ba0e6fa90,synthetic_prior,0,11,1.0061836242675781,1.252209186553955,11101.0,1.0035728216171265,31.17298698425293,-0.014905691146850586,1.0052354335784912,2034.3798828125,-0.014835000038146973,1.0054221153259277,163.50942993164062,-0.013598322868347168,1.0067195892333984,0.021263858303427696,-0.015378713607788086,1.0071158409118652,9.92244815826416,-0.017365097999572754,1.0083211660385132,16.84475326538086,-0.017699480056762695,5,69,-0.014434337615966797
SLIM*MIX_ms0.1_pat5_fn-full_extended_const-small_ints_raw,dd1681e3-7f95-11f1-88f9-2c7ba0e6fa90,synthetic_prior,0,12,1.0056164264678955,0.11168813705444336,12538.0,1.0026403665542603,31.144023895263672,-0.013020634651184082,1.0052611827850342,2034.431884765625,-0.014887094497680664,1.0047328472137451,163.39732360839844,-0.012208938598632812,1.006402611732483,0.02125716581940651,-0.014739394187927246,1.004538893699646,9.897058486938477,-0.012165427207946777,1.0077611207962036,16.835399627685547,-0.01656949520111084,10,148,-0.013291120529174805
SLIM*MIX_ms0.1_pat5_fn-full_extended_const-small_ints_raw,dd1681e3-7f95-11f1-88f9-2c7ba0e6fa90,synthetic_prior,0,13,1.0056164264678955,0.11200642585754395,13932.0,1.0026403665542603,31.144023895263672,-0.013020634651184082,1.0052611827850342,2034.431884765625,-0.014887094497680664,1.0047328472137451,163.39732360839844,-0.012208938598632812,1.006402611732483,0.02125716581940651,-0.014739394187927246,1.004538893699646,9.897058486938477,-0.012165427207946777,1.0077611207962036,16.835399627685547,-0.01656949520111084,10,148,-0.013291120529174805
SLIM*MIX_ms0.1_pat5_fn-full_extended_const-small_ints_raw,dd1681e3-7f95-11f1-88f9-2c7ba0e6fa90,synthetic_prior,0,14,1.0051521062850952,0.09399557113647461,14726.0,1.0032703876495361,31.163593292236328,-0.014294147491455078,1.0040335655212402,2031.94775390625,-0.01240992546081543,1.0047444105148315,163.39923095703125,-0.012232422828674316,1.0052977800369263,0.021233830600976944,-0.012512922286987305,1.00528883934021,9.904448509216309,-0.013677477836608887,1.0063227415084839,16.811368942260742,-0.013669610023498535,6,88,-0.012355327606201172
SLIM*MIX_ms0.1_pat5_fn-full_extended_const-small_ints_raw,dd1681e3-7f95-11f1-88f9-2c7ba0e6fa90,synthetic_prior,0,15,1.0051343441009521,0.08348655700683594,16941.0,1.003240942955017,31.16267967224121,-0.014234662055969238,1.0040403604507446,2031.96142578125,-0.012423515319824219,1.0047317743301392,163.3971710205078,-0.01220691204071045,1.0052471160888672,0.021232761442661285,-0.012410759925842285,1.0053220987319946,9.904776573181152,-0.013744592666625977,1.0062501430511475,16.810155868530273,-0.013523340225219727,7,100,-0.012319684028625488
SLIM*MIX_ms0.1_pat5_fn-full_extended_const-small_ints_raw,dd1681e3-7f95-11f1-88f9-2c7ba0e6fa90,synthetic_prior,0,16,1.004978060722351,0.07658600807189941,19630.0,1.0017266273498535,31.115644454956055,-0.011175274848937988,1.0049233436584473,2033.748291015625,-0.014204978942871094,1.0037304162979126,163.2343292236328,-0.010190367698669434,1.004370927810669,0.021214254200458527,-0.010646700859069824,1.0032795667648315,9.884652137756348,-0.009629487991333008,1.0078667402267456,16.837162017822266,-0.016782641410827637,11,159,-0.012004852294921875
SLIM*MIX_ms0.1_pat5_fn-full_extended_const-small_ints_raw,dd1681e3-7f95-11f1-88f9-2c7ba0e6fa90,synthetic_prior,0,17,1.0044807195663452,0.10382199287414551,21116.0,1.0018036365509033,31.11803436279297,-0.011330723762512207,1.0029566287994385,2029.7681884765625,-0.010239124298095703,1.0035712718963623,163.20843505859375,-0.009869813919067383,1.0056095123291016,0.021240411326289177,-0.013140678405761719,1.0037899017333984,9.889680862426758,-0.01065683364868164,1.0061111450195312,16.807832717895508,-0.013243436813354492,8,117,-0.011003494262695312
SLIM*MIX_ms0.1_pat5_fn-full_extended_const-small_ints_raw,dd1681e3-7f95-11f1-88f9-2c7ba0e6fa90,synthetic_prior,0,18,1.0044807195663452,0.08115863800048828,23655.0,1.0018036365509033,31.11803436279297,-0.011330723762512207,1.0029566287994385,2029.7681884765625,-0.010239124298095703,1.0035712718963623,163.20843505859375,-0.009869813919067383,1.0056095123291016,0.021240411326289177,-0.013140678405761719,1.0037899017333984,9.889680862426758,-0.01065683364868164,1.0061111450195312,16.807832717895508,-0.013243436813354492,8,117,-0.011003494262695312
SLIM*MIX_ms0.1_pat5_fn-full_extended_const-small_ints_raw,dd1681e3-7f95-11f1-88f9-2c7ba0e6fa90,synthetic_prior,0,19,1.004286527633667,0.09293341636657715,25881.0,1.0017200708389282,31.11543846130371,-0.0111619234085083,1.0033528804779053,2030.56982421875,-0.011037468910217285,1.0034288167953491,163.18528747558594,-0.009583473205566406,1.0050255060195923,0.02122807875275612,-0.01196432113647461,1.0061900615692139,9.91332721710205,-0.015495657920837402,1.006417155265808,16.812946319580078,-0.013859748840332031,10,169,-0.0106126070022583
SLIM*MIX_ms0.1_pat5_fn-full_extended_const-small_ints_raw,dd1681e3-7f95-11f1-88f9-2c7ba0e6fa90,synthetic_prior,0,20,1.004286527633667,0.07887554168701172,28069.0,1.0017200708389282,31.11543846130371,-0.0111619234085083,1.0033528804779053,2030.56982421875,-0.011037468910217285,1.0034288167953491,163.18528747558594,-0.009583473205566406,1.0050255060195923,0.02122807875275612,-0.01196432113647461,1.0061900615692139,9.91332721710205,-0.015495657920837402,1.006417155265808,16.812946319580078,-0.013859748840332031,10,169,-0.0106126070022583
SLIM*MIX_ms0.1_pat5_fn-full_extended_const-small_ints_raw,dd1681e3-7f95-11f1-88f9-2c7ba0e6fa90,synthetic_prior,0,21,1.0042297840118408,1.2042858600616455,30501.0,1.0014089345932007,31.10576820373535,-0.010533690452575684,1.0034472942352295,2030.76123046875,-0.011227965354919434,1.0032858848571777,163.1620330810547,-0.00929570198059082,1.0044593811035156,0.021216120570898056,-0.01082468032836914,1.006937026977539,9.920687675476074,-0.01700413227081299,1.0075342655181885,16.831605911254883,-0.01611173152923584,12,198,-0.010498404502868652
SLIM*MIX_ms0.1_pat5_fn-full_extended_const-small_ints_raw,dd1681e3-7f95-11f1-88f9-2c7ba0e6fa90,synthetic_prior,0,22,1.0039904117584229,0.09958291053771973,32771.0,1.0012089014053345,31.099559783935547,-0.010130167007446289,1.0030561685562134,2029.9697265625,-0.010439753532409668,1.0029586553573608,163.1088104248047,-0.008637428283691406,1.0037147998809814,0.02120039239525795,-0.009326457977294922,1.0046632289886475,9.898284912109375,-0.012416243553161621,1.006406307220459,16.81276512145996,-0.013837933540344238,13,210,-0.010016679763793945
SLIM*MIX_ms0.1_pat5_fn-full_extended_const-small_ints_raw,dd1681e3-7f95-11f1-88f9-2c7ba0e6fa90,synthetic_prior,0,23,1.0039873123168945,0.09546923637390137,34880.0,1.0012108087539673,31.099618911743164,-0.010134100914001465,1.0030503273010254,2029.957763671875,-0.01042795181274414,1.0029520988464355,163.10775756835938,-0.00862419605255127,1.0037044286727905,0.02120017632842064,-0.009305715560913086,1.0046640634536743,9.898292541503906,-0.012417912483215332,1.0063942670822144,16.81256103515625,-0.013813495635986328,14,222,-0.010010600090026855
SLIM*MIX_ms0.1_pat5_fn-full_extended_const-small_ints_raw,dd1681e3-7f95-11f1-88f9-2c7ba0e6fa90,synthetic_prior,0,24,1.0038095712661743,0.07914066314697266,35924.0,1.0010570287704468,31.09484100341797,-0.009823799133300781,1.0028481483459473,2029.548583984375,-0.010020732879638672,1.0028175115585327,163.0858612060547,-0.008353590965270996,1.0033533573150635,0.0211927592754364,-0.00859975814819336,1.0036077499389648,9.887886047363281,-0.010290026664733887,1.006242275238037,16.810022354125977,-0.013507485389709473,13,213,-0.009652972221374512
SLIM*MIX_ms0.1_pat5_fn-full_extended_const-small_ints_raw,dd1681e3-7f95-11f1-88f9-2c7ba0e6fa90,synthetic_prior,0,25,1.003677248954773,0.08626794815063477,37891.0,1.0005226135253906,31.0782413482666,-0.008745908737182617,1.0027782917022705,2029.4071044921875,-0.009879827499389648,1.002544641494751,163.04148864746094,-0.007804989814758301,1.0032503604888916,0.0211905837059021,-0.008392691612243652,1.004408836364746,9.89577865600586,-0.011903524398803711,1.0060749053955078,16.807226181030273,-0.013170361518859863,15,236,-0.009386777877807617
SLIM*MIX_ms0.1_pat5_fn-full_extended_const-small_ints_raw,dd1681e3-7f95-11f1-88f9-2c7ba0e6fa90,synthetic_prior,0,26,1.0035053491592407,0.0959022045135498,39469.0,1.0003747940063477,31.073650360107422,-0.008447766304016113,1.0025737285614014,2028.9930419921875,-0.009467840194702148,1.0023781061172485,163.01438903808594,-0.0074700117111206055,1.0036591291427612,0.021199217066168785,-0.009214639663696289,1.0036221742630005,9.88802719116211,-0.010318994522094727,1.005619764328003,16.799625396728516,-0.012253761291503906,14,221,-0.009041190147399902
SLIM*MIX_ms0.1_pat5_fn-full_extended_const-small_ints_raw,dd1681e3-7f95-11f1-88f9-2c7ba0e6fa90,synthetic_prior,0,27,1.0035053491592407,0.08633112907409668,41239.0,1.0003747940063477,31.073650360107422,-0.008447766304016113,1.0025737285614014,2028.9930419921875,-0.009467840194702148,1.0023781061172485,163.01438903808594,-0.0074700117111206055,1.0036591291427612,0.021199217066168785,-0.009214639663696289,1.0036221742630005,9.88802719116211,-0.010318994522094727,1.005619764328003,16.799625396728516,-0.012253761291503906,14,221,-0.009041190147399902
SLIM*MIX_ms0.1_pat5_fn-full_extended_const-small_ints_raw,dd1681e3-7f95-11f1-88f9-2c7ba0e6fa90,synthetic_prior,0,28,1.003328561782837,0.09469199180603027,44144.0,1.001633644104004,31.112754821777344,-0.010987520217895508,1.0026371479034424,2029.12158203125,-0.009595632553100586,1.0023280382156372,163.00625610351562,-0.007369399070739746,1.003635048866272,0.021198708564043045,-0.009166121482849121,1.0030490159988403,9.882380485534668,-0.009165525436401367,1.0047118663787842,16.784456253051758,-0.010426878929138184,14,230,-0.008685588836669922
SLIM*MIX_ms0.1_pat5_fn-full_extended_const-small_ints_raw,dd1681e3-7f95-11f1-88f9-2c7ba0e6fa90,synthetic_prior,0,29,1.0031911134719849,0.0958564281463623,46103.0,0.9999597072601318,31.06075668334961,-0.00761103630065918,1.0024133920669556,2028.6685791015625,-0.009145021438598633,1.0022249221801758,162.989501953125,-0.007162332534790039,1.0029295682907104,0.021183809265494347,-0.007748007774353027,1.0035176277160645,9.886998176574707,-0.010108590126037598,1.0053603649139404,16.795291900634766,-0.011731743812561035,19,300,-0.00840914249420166
SLIM*MIX_ms0.1_pat5_fn-full_extended_const-small_ints_raw,dd1681e3-7f95-11f1-88f9-2c7ba0e6fa90,synthetic_prior,0,30,1.002983808517456,1.2077715396881104,47929.0,0.9991841912269592,31.03666877746582,-0.006048798561096191,1.002317190170288,2028.47412109375,-0.008951544761657715,1.0020257234573364,162.9570770263672,-0.006761789321899414,1.0024687051773071,0.021174073219299316,-0.006821990013122559,1.0042122602462769,9.893840789794922,-0.011507391929626465,1.0068156719207764,16.819604873657227,-0.014662861824035645,16,266,-0.00799250602722168
SLIM*MIX_ms0.1_pat5_fn-full_extended_const-small_ints_raw,dd1681e3-7f95-11f1-88f9-2c7ba0e6fa90,synthetic_prior,0,31,1.0029813051223755,0.0949392318725586,50292.0,0.9990741610527039,31.033246994018555,-0.005827188491821289,1.0024118423461914,2028.6656494140625,-0.009141921997070312,1.0021133422851562,162.9713592529297,-0.006937980651855469,1.0025219917297363,0.0211752001196146,-0.006929159164428711,1.0041474103927612,9.893202781677246,-0.01137685775756836,1.0063904523849487,16.8125,-0.013805985450744629,17,282,-0.007987380027770996
SLIM*MIX_ms0.1_pat5_fn-full_extended_const-small_ints_raw,dd1681e3-7f95-11f1-88f9-2c7ba0e6fa90,synthetic_prior,0,32,1.0029813051223755,0.09542727470397949,51992.0,0.9990741610527039,31.033246994018555,-0.005827188491821289,1.0024118423461914,2028.6656494140625,-0.009141921997070312,1.0021133422851562,162.9713592529297,-0.006937980651855469,1.0025219917297363,0.0211752001196146,-0.006929159164428711,1.0041474103927612,9.893202781677246,-0.01137685775756836,1.0063904523849487,16.8125,-0.013805985450744629,17,282,-0.007987380027770996
SLIM*MIX_ms0.1_pat5_fn-full_extended_const-small_ints_raw,dd1681e3-7f95-11f1-88f9-2c7ba0e6fa90,synthetic_prior,0,33,1.0026475191116333,0.09646081924438477,54533.0,0.9991057515144348,31.034231185913086,-0.005890846252441406,1.0013926029205322,2026.602783203125,-0.00709080696105957,1.0013834238052368,162.85263061523438,-0.005471587181091309,1.0017307996749878,0.0211584884673357,-0.005340456962585449,1.004395604133606,9.895648002624512,-0.011876940727233887,1.0069085359573364,16.82115364074707,-0.014850020408630371,20,308,-0.007316708564758301
SLIM*MIX_ms0.1_pat5_fn-full_extended_const-small_ints_raw,dd1681e3-7f95-11f1-88f9-2c7ba0e6fa90,synthetic_prior,0,34,1.0026475191116333,0.09894037246704102,57393.0,0.9991057515144348,31.034231185913086,-0.005890846252441406,1.0013926029205322,2026.602783203125,-0.00709080696105957,1.0013834238052368,162.85263061523438,-0.005471587181091309,1.0017307996749878,0.0211584884673357,-0.005340456962585449,1.004395604133606,9.895648002624512,-0.011876940727233887,1.0069085359573364,16.82115364074707,-0.014850020408630371,20,308,-0.007316708564758301
SLIM*MIX_ms0.1_pat5_fn-full_extended_const-small_ints_raw,dd1681e3-7f95-11f1-88f9-2c7ba0e6fa90,synthetic_prior,0,35,1.0025848150253296,0.09543490409851074,58877.0,0.9999552965164185,31.06062126159668,-0.007602334022521973,1.002472162246704,2028.7877197265625,-0.00926351547241211,1.0018571615219116,162.92967224121094,-0.006423234939575195,1.002573013305664,0.021176276728510857,-0.007031559944152832,1.0050204992294312,9.90180492401123,-0.013136506080627441,1.004911184310913,16.78778648376465,-0.010827779769897461,24,392,-0.007190704345703125
SLIM*MIX_ms0.1_pat5_fn-full_extended_const-small_ints_raw,dd1681e3-7f95-11f1-88f9-2c7ba0e6fa90,synthetic_prior,0,36,1.0025286674499512,0.08805608749389648,60295.0,1.000049352645874,31.063541412353516,-0.007791876792907715,1.0022302865982056,2028.2982177734375,-0.008776426315307617,1.0018463134765625,162.92791748046875,-0.006401419639587402,1.002137303352356,0.021167073398828506,-0.006156444549560547,1.0034915208816528,9.886740684509277,-0.010056138038635254,1.0040667057037354,16.773679733276367,-0.009129643440246582,25,408,-0.007077932357788086
SLIM*MIX_ms0.1_pat5_fn-full_extended_const-small_ints_raw,dd1681e3-7f95-11f1-88f9-2c7ba0e6fa90,synthetic_prior,0,37,1.0024323463439941,0.09600353240966797,63585.0,0.9989577531814575,31.029634475708008,-0.005592942237854004,1.0010799169540405,2025.969970703125,-0.006461977958679199,1.0012879371643066,162.8371124267578,-0.005279898643493652,1.001392126083374,0.021151335909962654,-0.0046607255935668945,1.0053021907806396,9.904579162597656,-0.013704299926757812,1.0066989660263062,16.81765365600586,-0.014427781105041504,23,359,-0.006884217262268066
SLIM*MIX_ms0.1_pat5_fn-full_extended_const-small_ints_raw,dd1681e3-7f95-11f1-88f9-2c7ba0e6fa90,synthetic_prior,0,38,1.0023916959762573,1.206329584121704,66151.0,0.9998586773872375,31.057619094848633,-0.007407546043395996,1.0021698474884033,2028.1756591796875,-0.00865471363067627,1.0017073154449463,162.9053192138672,-0.006122112274169922,1.0027928352355957,0.02118092030286789,-0.007473349571228027,1.0033788681030273,9.88563060760498,-0.009829282760620117,1.0042574405670166,16.776865005493164,-0.009513139724731445,24,394,-0.006802678108215332
SLIM*MIX_ms0.1_pat5_fn-full_extended_const-small_ints_raw,dd1681e3-7f95-11f1-88f9-2c7ba0e6fa90,synthetic_prior,0,39,1.0019170045852661,0.09366893768310547,68395.0,0.9985100030899048,31.01572608947754,-0.004691600799560547,1.0005981922149658,2024.9952392578125,-0.005493640899658203,1.0008549690246582,162.76670837402344,-0.0044106245040893555,1.0009461641311646,0.021141914650797844,-0.0037660598754882812,1.0044713020324707,9.896392822265625,-0.012029409408569336,1.0058869123458862,16.804086685180664,-0.012791633605957031,24,379,-0.005849361419677734
SLIM*MIX_ms0.1_pat5_fn-full_extended_const-small_ints_raw,dd1681e3-7f95-11f1-88f9-2c7ba0e6fa90,synthetic_prior,0,40,1.0019170045852661,0.1387162208557129,70729.0,0.9985100030899048,31.01572608947754,-0.004691600799560547,1.0005981922149658,2024.9952392578125,-0.005493640899658203,1.0008549690246582,162.76670837402344,-0.0044106245040893555,1.0009461641311646,0.021141914650797844,-0.0037660598754882812,1.0044713020324707,9.896392822265625,-0.012029409408569336,1.0058869123458862,16.804086685180664,-0.012791633605957031,24,379,-0.005849361419677734
SLIM*MIX_ms0.1_pat5_fn-full_extended_const-small_ints_raw,dd1681e3-7f95-11f1-88f9-2c7ba0e6fa90,synthetic_prior,0,41,1.001870036125183,0.09625506401062012,73226.0,0.9986581802368164,31.02033042907715,-0.0049898624420166016,1.0007083415985107,2025.2181396484375,-0.005715012550354004,1.0008865594863892,162.77182006835938,-0.004474043846130371,1.0010924339294434,0.021145004779100418,-0.004059433937072754,1.0039384365081787,9.891143798828125,-0.01095592975616455,1.005638837814331,16.799942016601562,-0.012292265892028809,25,398,-0.005755186080932617
SLIM*MIX_ms0.1_pat5_fn-full_extended_const-small_ints_raw,dd1681e3-7f95-11f1-88f9-2c7ba0e6fa90,synthetic_prior,0,42,1.001870036125183,0.10002684593200684,75707.0,0.9986581802368164,31.02033042907715,-0.0049898624420166016,1.0007083415985107,2025.2181396484375,-0.005715012550354004,1.0008865594863892,162.77182006835938,-0.004474043846130371,1.0010924339294434,0.021145004779100418,-0.004059433937072754,1.0039384365081787,9.891143798828125,-0.01095592975616455,1.005638837814331,16.799942016601562,-0.012292265892028809,25,398,-0.005755186080932617
SLIM*MIX_ms0.1_pat5_fn-full_extended_const-small_ints_raw,dd1681e3-7f95-11f1-88f9-2c7ba0e6fa90,synthetic_prior,0,43,1.0018360614776611,0.09500670433044434,78508.0,0.9985402822494507,31.016664505004883,-0.004752516746520996,1.0007405281066895,2025.283203125,-0.005779623985290527,1.0007591247558594,162.7510986328125,-0.004218339920043945,1.0012601613998413,0.021148547530174255,-0.004395961761474609,1.0035086870193481,9.886909484863281,-0.01009070873260498,1.0056904554367065,16.800806045532227,-0.012396097183227539,24,379,-0.0056868791580200195
SLIM*MIX_ms0.1_pat5_fn-full_extended_const-small_ints_raw,dd1681e3-7f95-11f1-88f9-2c7ba0e6fa90,synthetic_prior,0,44,1.0017343759536743,0.11084413528442383,80509.0,0.9984661936759949,31.01436424255371,-0.0046035051345825195,1.000618815422058,2025.036865234375,-0.005535125732421875,1.0006837844848633,162.73886108398438,-0.004066944122314453,1.0010064840316772,0.021143188700079918,-0.0038870573043823242,1.0026867389678955,9.87881088256836,-0.00843656063079834,1.0055514574050903,16.79848289489746,-0.012116432189941406,23,367,-0.005482673645019531
SLIM*MIX_ms0.1_pat5_fn-full_extended_const-small_ints_raw,dd1681e3-7f95-11f1-88f9-2c7ba0e6fa90,synthetic_prior,0,45,1.0017343759536743,0.09474062919616699,80997.0,0.9984661936759949,31.01436424255371,-0.0046035051345825195,1.000618815422058,2025.036865234375,-0.005535125732421875,1.0006837844848633,162.73886108398438,-0.004066944122314453,1.0010064840316772,0.021143188700079918,-0.0038870573043823242,1.0026867389678955,9.87881088256836,-0.00843656063079834,1.0055514574050903,16.79848289489746,-0.012116432189941406,23,367,-0.005482673645019531
SLIM*MIX_ms0.1_pat5_fn-full_extended_const-small_ints_raw,dd1681e3-7f95-11f1-88f9-2c7ba0e6fa90,synthetic_prior,0,46,1.0015497207641602,1.1954209804534912,80873.0,0.998511552810669,31.01577377319336,-0.004694819450378418,1.000180721282959,2024.1502685546875,-0.0046547651290893555,1.0009649991989136,162.7845916748047,-0.004631638526916504,1.000813364982605,0.02113911136984825,-0.003499746322631836,1.0047749280929565,9.899384498596191,-0.012641191482543945,1.0045915842056274,16.782445907592773,-0.010184884071350098,24,389,-0.005112171173095703
SLIM*MIX_ms0.1_pat5_fn-full_extended_const-small_ints_raw,dd1681e3-7f95-11f1-88f9-2c7ba0e6fa90,synthetic_prior,0,47,1.0014746189117432,0.09490180015563965,81219.0,0.9982752203941345,31.008432388305664,-0.004219174385070801,1.000211238861084,2024.2120361328125,-0.004716157913208008,1.0005847215652466,162.72274780273438,-0.0038683414459228516,1.0003584623336792,0.021129503846168518,-0.0025877952575683594,1.0037705898284912,9.88948917388916,-0.010617852210998535,1.0055551528930664,16.798545837402344,-0.012123703956604004,26,407,-0.004961371421813965
SLIM*MIX_ms0.1_pat5_fn-full_extended_const-small_ints_raw,dd1681e3-7f95-11f1-88f9-2c7ba0e6fa90,synthetic_prior,0,48,1.0014375448226929,0.09570622444152832,80447.0,0.9982403516769409,31.007347106933594,-0.004148960113525391,1.0002204179763794,2024.230712890625,-0.004734635353088379,1.0004942417144775,162.70803833007812,-0.0036869049072265625,1.0003505945205688,0.021129338070750237,-0.0025720596313476562,1.0038048028945923,9.889826774597168,-0.010686755180358887,1.0054672956466675,16.797077178955078,-0.011947035789489746,27,421,-0.0048868656158447266
SLIM*MIX_ms0.1_pat5_fn-full_extended_const-small_ints_raw,dd1681e3-7f95-11f1-88f9-2c7ba0e6fa90,synthetic_prior,0,49,1.0011928081512451,0.08021903038024902,81050.0,0.9979662895202637,30.998836517333984,-0.003597736358642578,0.9999486804008484,2023.6806640625,-0.004188656806945801,1.0002686977386475,162.67135620117188,-0.003234386444091797,1.0004425048828125,0.021131277084350586,-0.0027561187744140625,1.002602458000183,9.87798023223877,-0.008267045021057129,1.0049926042556763,16.789148330688477,-0.010991811752319336,28,433,-0.004395842552185059
SLIM*MIX_ms0.1_pat5_fn-full_extended_const-small_ints_raw,dd1681e3-7f95-11f1-88f9-2c7ba0e6fa90,synthetic_prior,0,50,1.0011928081512451,0.10474061965942383,81718.0,0.9979662895202637,30.998836517333984,-0.003597736358642578,0.9999486804008484,2023.6806640625,-0.004188656806945801,1.0002686977386475,162.67135620117188,-0.003234386444091797,1.0004425048828125,0.021131277084350586,-0.0027561187744140625,1.002602458000183,9.87798023223877,-0.008267045021057129,1.0049926042556763,16.789148330688477,-0.010991811752319336,28,433,-0.004395842552185059
SLIM*MIX_ms0.1_pat5_fn-full_extended_const-small_ints_raw,dd1681e3-7f95-11f1-88f9-2c7ba0e6fa90,synthetic_prior,0,51,1.0011141300201416,0.09751391410827637,83375.0,0.9979104399681091,30.997100830078125,-0.003485441207885742,0.999853253364563,2023.487548828125,-0.0039969682693481445,1.0002094507217407,162.66171264648438,-0.003115534782409668,1.0002398490905762,0.021126996725797653,-0.0023499727249145508,1.0018824338912964,9.87088680267334,-0.006819367408752441,1.0048761367797852,16.787200927734375,-0.010757207870483398,27,421,-0.004238009452819824
SLIM*MIX_ms0.1_pat5_fn-full_extended_const-small_ints_raw,dd1681e3-7f95-11f1-88f9-2c7ba0e6fa90,synthetic_prior,0,52,1.0010437965393066,0.07963037490844727,83533.0,0.9976115226745605,30.987815856933594,-0.002884387969970703,0.9996139407157898,2023.003173828125,-0.0035164356231689453,1.0001012086868286,162.6441192626953,-0.0028984546661376953,1.0001307725906372,0.021124692633748055,-0.0021314620971679688,1.0025224685668945,9.877192497253418,-0.008106231689453125,1.004724144935608,16.78466033935547,-0.010451555252075195,28,435,-0.004096865653991699
SLIM*MIX_ms0.1_pat5_fn-full_extended_const-small_ints_raw,dd1681e3-7f95-11f1-88f9-2c7ba0e6fa90,synthetic_prior,0,53,1.0010168552398682,0.09481930732727051,83328.0,0.9975973963737488,30.987377166748047,-0.002856016159057617,0.9996127486228943,2023.0008544921875,-0.0035140514373779297,1.0000908374786377,162.64242553710938,-0.0028775930404663086,1.0004534721374512,0.02113150991499424,-0.002778172492980957,1.0016443729400635,9.868541717529297,-0.006341099739074707,1.0039888620376587,16.77237892150879,-0.008973121643066406,29,447,-0.0040427446365356445
SLIM*MIX_ms0.1_pat5_fn-full_extended_const-small_ints_raw,dd1681e3-7f95-11f1-88f9-2c7ba0e6fa90,synthetic_prior,0,54,1.000950574874878,1.1907556056976318,84677.0,0.9976654648780823,30.989492416381836,-0.002992868423461914,0.9994686245918274,2022.7091064453125,-0.0032247304916381836,1.0001736879348755,162.65589904785156,-0.003043651580810547,1.0000919103622437,0.021123873069882393,-0.0020536184310913086,1.0013139247894287,9.865286827087402,-0.005677223205566406,1.0045241117477417,16.781320571899414,-0.010049223899841309,30,460,-0.0039098262786865234
SLIM*MIX_ms0.1_pat5_fn-full_extended_const-small_ints_raw,dd1681e3-7f95-11f1-88f9-2c7ba0e6fa90,synthetic_prior,0,55,1.000799298286438,0.08361339569091797,86698.0,0.9975721836090088,30.986595153808594,-0.0028052330017089844,0.9996029138565063,2022.98095703125,-0.0034943819046020508,0.9998686909675598,162.60629272460938,-0.002432107925415039,1.0000309944152832,0.021122585982084274,-0.0019315481185913086,1.0011860132217407,9.864025115966797,-0.005420088768005371,1.0042213201522827,16.776262283325195,-0.00944054126739502,27,415,-0.003606438636779785
SLIM*MIX_ms0.1_pat5_fn-full_extended_const-small_ints_raw,dd1681e3-7f95-11f1-88f9-2c7ba0e6fa90,synthetic_prior,0,56,1.000765323638916,0.13382530212402344,88815.0,0.997347354888916,30.979612350463867,-0.0023534297943115234,0.9991776347160339,2022.1202392578125,-0.0026406049728393555,0.9998227953910828,162.5988311767578,-0.002340078353881836,0.9998900890350342,0.021119607612490654,-0.0016491413116455078,1.0019714832305908,9.871764183044434,-0.006998419761657715,1.0042400360107422,16.776575088500977,-0.009478092193603516,31,488,-0.003538370132446289
SLIM*MIX_ms0.1_pat5_fn-full_extended_const-small_ints_raw,dd1681e3-7f95-11f1-88f9-2c7ba0e6fa90,synthetic_prior,0,57,1.000765323638916,0.12721824645996094,89857.0,0.997347354888916,30.979612350463867,-0.0023534297943115234,0.9991776347160339,2022.1202392578125,-0.0026406049728393555,0.9998227953910828,162.5988311767578,-0.002340078353881836,0.9998900890350342,0.021119607612490654,-0.0016491413116455078,1.0019714832305908,9.871764183044434,-0.006998419761657715,1.0042400360107422,16.776575088500977,-0.009478092193603516,31,488,-0.003538370132446289
SLIM*MIX_ms0.1_pat5_fn-full_extended_const-small_ints_raw,dd1681e3-7f95-11f1-88f9-2c7ba0e6fa90,synthetic_prior,0,58,1.000765323638916,0.11039209365844727,91819.0,0.997347354888916,30.979612350463867,-0.0023534297943115234,0.9991776347160339,2022.1202392578125,-0.0026406049728393555,0.9998227953910828,162.5988311767578,-0.002340078353881836,0.9998900890350342,0.021119607612490654,-0.0016491413116455078,1.0019714832305908,9.871764183044434,-0.006998419761657715,1.0042400360107422,16.776575088500977,-0.009478092193603516,31,488,-0.003538370132446289
SLIM*MIX_ms0.1_pat5_fn-full_extended_const-small_ints_raw,dd1681e3-7f95-11f1-88f9-2c7ba0e6fa90,synthetic_prior,0,59,1.000613808631897,0.09564018249511719,92732.0,0.9968900680541992,30.96540641784668,-0.001434326171875,0.9991009831428528,2021.965087890625,-0.0024868249893188477,0.9995606541633606,162.55621337890625,-0.0018146038055419922,1.0003734827041626,0.021129818633198738,-0.0026178359985351562,1.000908374786377,9.861289978027344,-0.004862546920776367,1.0028908252716064,16.7540340423584,-0.006767392158508301,32,504,-0.0032345056533813477
SLIM*MIX_ms0.1_pat5_fn-full_extended_const-small_ints_raw,dd1681e3-7f95-11f1-88f9-2c7ba0e6fa90,synthetic_prior,0,60,1.000613808631897,0.11694717407226562,94558.0,0.9968900680541992,30.96540641784668,-0.001434326171875,0.9991009831428528,2021.965087890625,-0.0024868249893188477,0.9995606541633606,162.55621337890625,-0.0018146038055419922,1.0003734827041626,0.021129818633198738,-0.0026178359985351562,1.000908374786377,9.861289978027344,-0.004862546920776367,1.0028908252716064,16.7540340423584,-0.006767392158508301,32,504,-0.0032345056533813477
SLIM*MIX_ms0.1_pat5_fn-full_extended_const-small_ints_raw,dd1681e3-7f95-11f1-88f9-2c7ba0e6fa90,synthetic_prior,0,61,1.000613808631897,1.2592651844024658,95257.0,0.9968900680541992,30.96540641784668,-0.001434326171875,0.9991009831428528,2021.965087890625,-0.0024868249893188477,0.9995606541633606,162.55621337890625,-0.0018146038055419922,1.0003734827041626,0.021129818633198738,-0.0026178359985351562,1.000908374786377,9.861289978027344,-0.004862546920776367,1.0028908252716064,16.7540340423584,-0.006767392158508301,32,504,-0.0032345056533813477
SLIM*MIX_ms0.1_pat5_fn-full_extended_const-small_ints_raw,dd1681e3-7f95-11f1-88f9-2c7ba0e6fa90,synthetic_prior,0,62,1.0005567073822021,0.0825505256652832,95926.0,0.9972825646400452,30.977598190307617,-0.0022231340408325195,0.9988095164299011,2021.375244140625,-0.0019019842147827148,0.9995747208595276,162.55848693847656,-0.0018427371978759766,1.000486135482788,0.021132199093699455,-0.002843618392944336,1.0009288787841797,9.861492156982422,-0.004903912544250488,1.0030922889709473,16.757402420043945,-0.0071718692779541016,33,517,-0.003119945526123047
SLIM*MIX_ms0.1_pat5_fn-full_extended_const-small_ints_raw,dd1681e3-7f95-11f1-88f9-2c7ba0e6fa90,synthetic_prior,0,63,1.000555157661438,0.09096717834472656,98852.0,0.9968882203102112,30.965351104736328,-0.0014306306838989258,0.9990445971488953,2021.85107421875,-0.0023736953735351562,0.9995495676994324,162.5543975830078,-0.0017924308776855469,1.0001659393310547,0.021125435829162598,-0.0022019147872924805,1.0008275508880615,9.860494613647461,-0.004700422286987305,1.002879023551941,16.75383758544922,-0.006743669509887695,33,516,-0.0031167268753051758
SLIM*MIX_ms0.1_pat5_fn-full_extended_const-small_ints_raw,dd1681e3-7f95-11f1-88f9-2c7ba0e6fa90,synthetic_prior,0,64,1.000451922416687,0.11098003387451172,101934.0,0.9974935054779053,30.98415184020996,-0.0026470422744750977,0.9990700483322144,2021.90234375,-0.0024247169494628906,0.9997128248214722,162.58094787597656,-0.0021196603775024414,0.9993729591369629,0.021108685061335564,-0.0006132125854492188,0.9999455809593201,9.851804733276367,-0.0029304027557373047,1.0036747455596924,16.767133712768555,-0.00834202766418457,37,568,-0.0029097795486450195
SLIM*MIX_ms0.1_pat5_fn-full_extended_const-small_ints_raw,dd1681e3-7f95-11f1-88f9-2c7ba0e6fa90,synthetic_prior,0,65,1.000451922416687,0.09549856185913086,103902.0,0.9974935054779053,30.98415184020996,-0.0026470422744750977,0.9990700483322144,2021.90234375,-0.0024247169494628906,0.9997128248214722,162.58094787597656,-0.0021196603775024414,0.9993729591369629,0.021108685061335564,-0.0006132125854492188,0.9999455809593201,9.851804733276367,-0.0029304027557373047,1.0036747455596924,16.767133712768555,-0.00834202766418457,37,568,-0.0029097795486450195
SLIM*MIX_ms0.1_pat5_fn-full_extended_const-small_ints_raw,dd1681e3-7f95-11f1-88f9-2c7ba0e6fa90,synthetic_prior,0,66,1.0003618001937866,0.09537553787231445,105905.0,0.9967978000640869,30.962539672851562,-0.0012489557266235352,0.9988230466842651,2021.402587890625,-0.0019290447235107422,0.999360203742981,162.5236053466797,-0.0014127492904663086,1.000101089477539,0.021124064922332764,-0.002071857452392578,1.0002820491790771,9.855119705200195,-0.003605484962463379,1.003073811531067,16.757091522216797,-0.007134795188903809,37,571,-0.0027292966842651367
SLIM*MIX_ms0.1_pat5_fn-full_extended_const-small_ints_raw,dd1681e3-7f95-11f1-88f9-2c7ba0e6fa90,synthetic_prior,0,67,1.0003618001937866,0.11109757423400879,109195.0,0.9967978000640869,30.962539672851562,-0.0012489557266235352,0.9988230466842651,2021.402587890625,-0.0019290447235107422,0.999360203742981,162.5236053466797,-0.0014127492904663086,1.000101089477539,0.021124064922332764,-0.002071857452392578,1.0002820491790771,9.855119705200195,-0.003605484962463379,1.003073811531067,16.757091522216797,-0.007134795188903809,37,571,-0.0027292966842651367
SLIM*MIX_ms0.1_pat5_fn-full_extended_const-small_ints_raw,dd1681e3-7f95-11f1-88f9-2c7ba0e6fa90,synthetic_prior,0,68,1.000356674194336,1.1901683807373047,110744.0,0.9968050122261047,30.962764739990234,-0.0012633800506591797,0.9988374710083008,2021.4317626953125,-0.001958012580871582,0.9993746280670166,162.52593994140625,-0.0014415979385375977,1.0001037120819092,0.02112412080168724,-0.0020771026611328125,1.000235915184021,9.85466480255127,-0.003512859344482422,1.0030759572982788,16.75712776184082,-0.007139325141906738,38,596,-0.0027190446853637695
SLIM*MIX_ms0.1_pat5_fn-full_extended_const-small_ints_raw,dd1681e3-7f95-11f1-88f9-2c7ba0e6fa90,synthetic_prior,0,69,1.0002532005310059,0.07902765274047852,110736.0,0.9969465136528015,30.967159271240234,-0.001547694206237793,0.998853862285614,2021.4649658203125,-0.0019909143447875977,0.9989438652992249,162.45590209960938,-0.0005786418914794922,0.9993885159492493,0.021109014749526978,-0.0006444454193115234,1.0000189542770386,9.85252857208252,-0.0030777454376220703,1.0033420324325562,16.761571884155273,-0.007673501968383789,39,619,-0.0025115013122558594
SLIM*MIX_ms0.1_pat5_fn-full_extended_const-small_ints_raw,dd1681e3-7f95-11f1-88f9-2c7ba0e6fa90,synthetic_prior,0,70,1.0002026557922363,0.09476590156555176,112410.0,0.9969417452812195,30.967010498046875,-0.0015380382537841797,0.998806893825531,2021.369873046875,-0.0018966197967529297,0.9987608194351196,162.42613220214844,-0.00021195411682128906,0.9987064599990845,0.021094607189297676,0.0007209181785583496,0.999693751335144,9.849323272705078,-0.0024253129959106445,1.0035004615783691,16.76422119140625,-0.007991909980773926,40,633,-0.002410292625427246
SLIM*MIX_ms0.1_pat5_fn-full_extended_const-small_ints_raw,dd1681e3-7f95-11f1-88f9-2c7ba0e6fa90,synthetic_prior,0,71,1.00010347366333,0.09614849090576172,114386.0,0.9967104196548462,30.959827423095703,-0.0010733604431152344,0.9986634850502014,2021.0797119140625,-0.0016089677810668945,0.9990314841270447,162.47015380859375,-0.0007541179656982422,0.9993927478790283,0.02110910415649414,-0.0006529092788696289,0.999035656452179,9.842839241027832,-0.0011059045791625977,1.0020618438720703,16.74018669128418,-0.005103707313537598,39,607,-0.002211332321166992
SLIM*MIX_ms0.1_pat5_fn-full_extended_const-small_ints_raw,dd1681e3-7f95-11f1-88f9-2c7ba0e6fa90,synthetic_prior,0,72,1.00010347366333,0.09528136253356934,117066.0,0.9967104196548462,30.959827423095703,-0.0010733604431152344,0.9986634850502014,2021.0797119140625,-0.0016089677810668945,0.9990314841270447,162.47015380859375,-0.0007541179656982422,0.9993927478790283,0.02110910415649414,-0.0006529092788696289,0.999035656452179,9.842839241027832,-0.0011059045791625977,1.0020618438720703,16.74018669128418,-0.005103707313537598,39,607,-0.002211332321166992
SLIM*MIX_ms0.1_pat5_fn-full_extended_const-small_ints_raw,dd1681e3-7f95-11f1-88f9-2c7ba0e6fa90,synthetic_prior,0,73,1.0000622272491455,0.0787355899810791,118473.0,0.9966224431991577,30.957094192504883,-0.0008966922760009766,0.9987424612045288,2021.239501953125,-0.0017675161361694336,0.9989952445030212,162.46426391601562,-0.0006815195083618164,0.9994083642959595,0.021109433844685555,-0.0006841421127319336,0.999380350112915,9.846235275268555,-0.0017969608306884766,1.0023560523986816,16.745101928710938,-0.005694150924682617,40,623,-0.0021287202835083008
SLIM*MIX_ms0.1_pat5_fn-full_extended_const-small_ints_raw,dd1681e3-7f95-11f1-88f9-2c7ba0e6fa90,synthetic_prior,0,74,1.0000498294830322,0.09557604789733887,119425.0,0.9966898560523987,30.959186553955078,-0.001032114028930664,0.9986275434494019,2021.0068359375,-0.0015368461608886719,0.9990460872650146,162.4725341796875,-0.0007834434509277344,0.9992921948432922,0.021106980741024017,-0.0004515647888183594,0.9988223910331726,9.840738296508789,-0.0006785392761230469,1.001918077468872,16.73778533935547,-0.004815459251403809,38,593,-0.002104043960571289
SLIM*MIX_ms0.1_pat5_fn-full_extended_const-small_ints_raw,dd1681e3-7f95-11f1-88f9-2c7ba0e6fa90,synthetic_prior,0,75,1.0000250339508057,1.2281336784362793,121347.0,0.9966209530830383,30.957046508789062,-0.000893712043762207,0.9986546635627747,2021.0618896484375,-0.001591324806213379,0.9990589618682861,162.474609375,-0.0008090734481811523,0.9989362955093384,0.021099461242556572,0.00026100873947143555,0.9992441534996033,9.844894409179688,-0.0015238523483276367,1.001708984375,16.734291076660156,-0.004395961761474609,39,605,-0.0020542144775390625
SLIM*MIX_ms0.1_pat5_fn-full_extended_const-small_ints_raw,dd1681e3-7f95-11f1-88f9-2c7ba0e6fa90,synthetic_prior,0,76,0.9999978542327881,0.07952117919921875,123446.0,0.9967230558395386,30.96021842956543,-0.0010988712310791016,0.9988656640052795,2021.4888916015625,-0.002014636993408203,0.99879390001297,162.43150329589844,-0.00027823448181152344,0.998827338218689,0.02109716087579727,0.00047904253005981445,1.0000948905944824,9.853275299072266,-0.003229856491088867,1.0030813217163086,16.757217407226562,-0.007149815559387207,39,624,-0.0019997358322143555
SLIM*MIX_ms0.1_pat5_fn-full_extended_const-small_ints_raw,dd1681e3-7f95-11f1-88f9-2c7ba0e6fa90,synthetic_prior,0,77,0.9999978542327881,0.09580016136169434,125100.0,0.9967230558395386,30.96021842956543,-0.0010988712310791016,0.9988656640052795,2021.4888916015625,-0.002014636993408203,0.99879390001297,162.43150329589844,-0.00027823448181152344,0.998827338218689,0.02109716087579727,0.00047904253005981445,1.0000948905944824,9.853275299072266,-0.003229856491088867,1.0030813217163086,16.757217407226562,-0.007149815559387207,39,624,-0.0019997358322143555
SLIM*MIX_ms0.1_pat5_fn-full_extended_const-small_ints_raw,dd1681e3-7f95-11f1-88f9-2c7ba0e6fa90,synthetic_prior,0,78,0.9999613165855408,0.0947408676147461,127155.0,0.9965795874595642,30.95576286315918,-0.0008107423782348633,0.9986016154289246,2020.954345703125,-0.0014848709106445312,0.9990194439888,162.46820068359375,-0.0007300376892089844,0.9989036917686462,0.021098773926496506,0.0003261566162109375,0.9991718530654907,9.844182014465332,-0.0013788938522338867,1.0015909671783447,16.73232078552246,-0.004159450531005859,40,617,-0.001926422119140625
SLIM*MIX_ms0.1_pat5_fn-full_extended_const-small_ints_raw,dd1681e3-7f95-11f1-88f9-2c7ba0e6fa90,synthetic_prior,0,79,0.9999375343322754,0.09459781646728516,128443.0,0.9965701103210449,30.955469131469727,-0.0007915496826171875,0.9985319972038269,2020.8135986328125,-0.0013452768325805664,0.9989778995513916,162.46142578125,-0.0006467103958129883,0.9989606738090515,0.021099979057908058,0.00021207332611083984,0.9993022680282593,9.845466613769531,-0.00164031982421875,1.0015451908111572,16.731557846069336,-0.004067659378051758,41,629,-0.0018788576126098633
SLIM*MIX_ms0.1_pat5_fn-full_extended_const-small_ints_raw,dd1681e3-7f95-11f1-88f9-2c7ba0e6fa90,synthetic_prior,0,80,0.9999174475669861,0.10119032859802246,128436.0,0.9965084791183472,30.953556060791016,-0.0006678104400634766,0.9987309575080872,2021.2161865234375,-0.001744389533996582,0.9989784359931946,162.46153259277344,-0.0006479024887084961,0.9988160133361816,0.02109692059457302,0.0005017518997192383,1.0000855922698975,9.853184700012207,-0.003211379051208496,1.0041687488555908,16.77538299560547,-0.009334802627563477,44,694,-0.0018385648727416992
SLIM*MIX_ms0.1_pat5_fn-full_extended_const-small_ints_raw,dd1681e3-7f95-11f1-88f9-2c7ba0e6fa90,synthetic_prior,0,81,0.9998399019241333,0.07884764671325684,129251.0,0.9966039657592773,30.95652198791504,-0.0008596181869506836,0.9984167218208313,2020.580322265625,-0.0011141300201416016,0.9989107251167297,162.4505157470703,-0.000512242317199707,0.9992620348930359,0.02110634371638298,-0.00039124488830566406,0.9984309077262878,9.836880683898926,0.00010573863983154297,1.0009191036224365,16.721097946166992,-0.0028127431869506836,43,664,-0.0016832351684570312
SLIM*MIX_ms0.1_pat5_fn-full_extended_const-small_ints_raw,dd1681e3-7f95-11f1-88f9-2c7ba0e6fa90,synthetic_prior,0,82,0.9998399019241333,1.1884751319885254,129529.0,0.9966039657592773,30.95652198791504,-0.0008596181869506836,0.9984167218208313,2020.580322265625,-0.0011141300201416016,0.9989107251167297,162.4505157470703,-0.000512242317199707,0.9992620348930359,0.02110634371638298,-0.00039124488830566406,0.9984309077262878,9.836880683898926,0.00010573863983154297,1.0009191036224365,16.721097946166992,-0.0028127431869506836,43,664,-0.0016832351684570312
SLIM*MIX_ms0.1_pat5_fn-full_extended_const-small_ints_raw,dd1681e3-7f95-11f1-88f9-2c7ba0e6fa90,synthetic_prior,0,83,0.9998399019241333,0.08002209663391113,129339.0,0.9966039657592773,30.95652198791504,-0.0008596181869506836,0.9984167218208313,2020.580322265625,-0.0011141300201416016,0.9989107251167297,162.4505157470703,-0.000512242317199707,0.9992620348930359,0.02110634371638298,-0.00039124488830566406,0.9984309077262878,9.836880683898926,0.00010573863983154297,1.0009191036224365,16.721097946166992,-0.0028127431869506836,43,664,-0.0016832351684570312
SLIM*MIX_ms0.1_pat5_fn-full_extended_const-small_ints_raw,dd1681e3-7f95-11f1-88f9-2c7ba0e6fa90,synthetic_prior,0,84,0.9997724294662476,0.09211945533752441,130413.0,0.9965317845344543,30.95427894592285,-0.0007145404815673828,0.9985650181770325,2020.88037109375,-0.00141143798828125,0.9986600875854492,162.4097442626953,-1.0251998901367188e-05,0.9983637928962708,0.021087368950247765,0.001406550407409668,0.9994847774505615,9.847264289855957,-0.0020061731338500977,1.0026309490203857,16.74969482421875,-0.006245851516723633,43,707,-0.0015479326248168945
SLIM*MIX_ms0.1_pat5_fn-full_extended_const-small_ints_raw,dd1681e3-7f95-11f1-88f9-2c7ba0e6fa90,synthetic_prior,0,85,0.999754786491394,0.10167717933654785,132096.0,0.996457576751709,30.951974868774414,-0.000565648078918457,0.9984811544418335,2020.7105712890625,-0.0012433528900146484,0.9987548589706421,162.4251708984375,-0.00020003318786621094,0.9982964396476746,0.0210859477519989,0.0015412569046020508,0.9993049502372742,9.845492362976074,-0.0016456842422485352,1.0025979280471802,16.749143600463867,-0.0061795711517333984,44,721,-0.001512765884399414
SLIM*MIX_ms0.1_pat5_fn-full_extended_const-small_ints_raw,dd1681e3-7f95-11f1-88f9-2c7ba0e6fa90,synthetic_prior,0,86,0.9997394680976868,0.09990668296813965,133731.0,0.9964948296546936,30.9531307220459,-0.0006403923034667969,0.9985862374305725,2020.92333984375,-0.0014541149139404297,0.9986171126365662,162.40277099609375,7.581710815429688e-05,0.9984067678451538,0.02108827792108059,0.0013205409049987793,0.9990789890289307,9.843267440795898,-0.0011928081512451172,1.0024069547653198,16.745952606201172,-0.005796194076538086,44,721,-0.0014820098876953125
SLIM*MIX_ms0.1_pat5_fn-full_extended_const-small_ints_raw,dd1681e3-7f95-11f1-88f9-2c7ba0e6fa90,synthetic_prior,0,87,0.9997394680976868,0.08726692199707031,135103.0,0.9964948296546936,30.9531307220459,-0.0006403923034667969,0.9985862374305725,2020.92333984375,-0.0014541149139404297,0.9986171126365662,162.40277099609375,7.581710815429688e-05,0.9984067678451538,0.02108827792108059,0.0013205409049987793,0.9990789890289307,9.843267440795898,-0.0011928081512451172,1.0024069547653198,16.745952606201172,-0.005796194076538086,44,721,-0.0014820098876953125
SLIM*MIX_ms0.1_pat5_fn-full_extended_const-small_ints_raw,dd1681e3-7f95-11f1-88f9-2c7ba0e6fa90,synthetic_prior,0,88,0.999735951423645,0.09507060050964355,137216.0,0.9965229034423828,30.954002380371094,-0.0006967782974243164,0.9985418915748596,2020.8336181640625,-0.0013651847839355469,0.9986867308616638,162.41407775878906,-6.35385513305664e-05,0.9983154535293579,0.021086348220705986,0.001503288745880127,0.9992894530296326,9.84533977508545,-0.001614689826965332,1.0024992227554321,16.747493743896484,-0.0059814453125,42,693,-0.0014748573303222656
SLIM*MIX_ms0.1_pat5_fn-full_extended_const-small_ints_raw,dd1681e3-7f95-11f1-88f9-2c7ba0e6fa90,synthetic_prior,0,89,0.9997082352638245,1.1886439323425293,138282.0,0.9963407516479492,30.948345184326172,-0.00033104419708251953,0.9981545805931091,2020.0498046875,-0.000588536262512207,0.9987005591392517,162.4163360595703,-9.119510650634766e-05,0.9985080361366272,0.021090418100357056,0.0011178851127624512,0.9984841346740723,9.837406158447266,-9.5367431640625e-07,1.0009483098983765,16.72158432006836,-0.0028710365295410156,48,761,-0.0014194250106811523
SLIM*MIX_ms0.1_pat5_fn-full_extended_const-small_ints_raw,dd1681e3-7f95-11f1-88f9-2c7ba0e6fa90,synthetic_prior,0,90,0.9996913075447083,0.10131311416625977,140230.0,0.9963935017585754,30.949983596801758,-0.00043702125549316406,0.9980979561805725,2019.9351806640625,-0.0004749298095703125,0.9986998438835144,162.41619873046875,-8.976459503173828e-05,0.9985175728797913,0.021090619266033173,0.0010988712310791016,0.9987213015556335,9.839742660522461,-0.00047600269317626953,1.000773310661316,16.71866226196289,-0.0025206804275512695,47,749,-0.0013854503631591797
SLIM*MIX_ms0.1_pat5_fn-full_extended_const-small_ints_raw,dd1681e3-7f95-11f1-88f9-2c7ba0e6fa90,synthetic_prior,0,91,0.9996703267097473,0.09466314315795898,143064.0,0.9963034391403198,30.947187423706055,-0.0002560615539550781,0.9981112480163574,2019.962158203125,-0.0005016326904296875,0.9986657500267029,162.41067504882812,-2.1457672119140625e-05,0.9976736307144165,0.021072793751955032,0.0027867555618286133,0.9984996914863586,9.837559700012207,-3.2067298889160156e-05,1.0023902654647827,16.74567222595215,-0.005762577056884766,44,699,-0.001343369483947754
SLIM*MIX_ms0.1_pat5_fn-full_extended_const-small_ints_raw,dd1681e3-7f95-11f1-88f9-2c7ba0e6fa90,synthetic_prior,0,92,0.9996308088302612,0.12525582313537598,145310.0,0.9964179396629333,30.950740814208984,-0.00048601627349853516,0.9984840154647827,2020.7164306640625,-0.001249074935913086,0.998577892780304,162.39639282226562,0.0001544952392578125,0.9993965029716492,0.021109184250235558,-0.0006604194641113281,0.9978950619697571,9.831602096557617,0.0011786818504333496,1.001584768295288,16.73221778869629,-0.004147052764892578,45,732,-0.001264333724975586
SLIM*MIX_ms0.1_pat5_fn-full_extended_const-small_ints_raw,dd1681e3-7f95-11f1-88f9-2c7ba0e6fa90,synthetic_prior,0,93,0.9996308088302612,0.09527921676635742,147559.0,0.9964179396629333,30.950740814208984,-0.00048601627349853516,0.9984840154647827,2020.7164306640625,-0.001249074935913086,0.998577892780304,162.39639282226562,0.0001544952392578125,0.9993965029716492,0.021109184250235558,-0.0006604194641113281,0.9978950619697571,9.831602096557617,0.0011786818504333496,1.001584768295288,16.73221778869629,-0.004147052764892578,45,732,-0.001264333724975586
SLIM*MIX_ms0.1_pat5_fn-full_extended_const-small_ints_raw,dd1681e3-7f95-11f1-88f9-2c7ba0e6fa90,synthetic_prior,0,94,0.9995981454849243,0.10289525985717773,147330.0,0.9963980317115784,30.950124740600586,-0.00044608116149902344,0.998453676700592,2020.655029296875,-0.0011882781982421875,0.9985666275024414,162.39454650878906,0.00017690658569335938,0.9993664622306824,0.02110854908823967,-0.0006002187728881836,0.9978845715522766,9.831498146057129,0.0011996626853942871,1.0015051364898682,16.730884552001953,-0.003987312316894531,46,746,-0.001198887825012207
SLIM*MIX_ms0.1_pat5_fn-full_extended_const-small_ints_raw,dd1681e3-7f95-11f1-88f9-2c7ba0e6fa90,synthetic_prior,0,95,0.999579668045044,0.0940701961517334,147113.0,0.9963991045951843,30.950157165527344,-0.0004481077194213867,0.998470664024353,2020.689453125,-0.001222372055053711,0.9985385537147522,162.38998413085938,0.00023317337036132812,0.9993055462837219,0.0211072638630867,-0.00047838687896728516,0.997862696647644,9.831283569335938,0.0012435317039489746,1.0015312433242798,16.7313232421875,-0.004039645195007324,47,758,-0.001161813735961914
SLIM*MIX_ms0.1_pat5_fn-full_extended_const-small_ints_raw,dd1681e3-7f95-11f1-88f9-2c7ba0e6fa90,synthetic_prior,0,96,0.9995084404945374,0.11020326614379883,147475.0,0.9963874220848083,30.949790954589844,-0.0004246234893798828,0.9984486103057861,2020.644775390625,-0.0011780261993408203,0.9985101819038391,162.38536071777344,0.0002900362014770508,0.9993131160736084,0.021107422187924385,-0.0004934072494506836,0.9976469278335571,9.829157829284668,0.001675426959991455,1.0014475584030151,16.72992515563965,-0.0038717985153198242,48,770,-0.001019120216369629
SLIM*MIX_ms0.1_pat5_fn-full_extended_const-small_ints_raw,dd1681e3-7f95-11f1-88f9-2c7ba0e6fa90,synthetic_prior,0,97,0.9994841814041138,0.13079619407653809,148742.0,0.9963868260383606,30.94977569580078,-0.0004235506057739258,0.9984349608421326,2020.6173095703125,-0.0011507272720336914,0.998540461063385,162.39028930664062,0.00022941827774047852,0.9992585778236389,0.02110627107322216,-0.00038421154022216797,0.9975200891494751,9.82790756225586,0.001929163932800293,1.0013560056686401,16.728395462036133,-0.003688335418701172,47,756,-0.0009706020355224609
SLIM*MIX_ms0.1_pat5_fn-full_extended_const-small_ints_raw,dd1681e3-7f95-11f1-88f9-2c7ba0e6fa90,synthetic_prior,0,98,0.9994841814041138,0.10567212104797363,149605.0,0.9963868260383606,30.94977569580078,-0.0004235506057739258,0.9984349608421326,2020.6173095703125,-0.0011507272720336914,0.998540461063385,162.39028930664062,0.00022941827774047852,0.9992585778236389,0.02110627107322216,-0.00038421154022216797,0.9975200891494751,9.82790756225586,0.001929163932800293,1.0013560056686401,16.728395462036133,-0.003688335418701172,47,756,-0.0009706020355224609
SLIM*MIX_ms0.1_pat5_fn-full_extended_const-small_ints_raw,dd1681e3-7f95-11f1-88f9-2c7ba0e6fa90,synthetic_prior,0,99,0.9994841814041138,0.11021900177001953,150518.0,0.9963868260383606,30.94977569580078,-0.0004235506057739258,0.9984349608421326,2020.6173095703125,-0.0011507272720336914,0.998540461063385,162.39028930664062,0.00022941827774047852,0.9992585778236389,0.02110627107322216,-0.00038421154022216797,0.9975200891494751,9.82790756225586,0.001929163932800293,1.0013560056686401,16.728395462036133,-0.003688335418701172,47,756,-0.0009706020355224609
SLIM*MIX_ms0.1_pat5_fn-full_extended_const-small_ints_raw,dd1681e3-7f95-11f1-88f9-2c7ba0e6fa90,synthetic_prior,0,100,0.999473512172699,0.09521245956420898,151814.0,0.9964061975479126,30.95037841796875,-0.00046241283416748047,0.9984253644943237,2020.59765625,-0.0011314153671264648,0.9985516667366028,162.39212036132812,0.00020694732666015625,0.9992411732673645,0.021105902269482613,-0.00034928321838378906,0.9975497722625732,9.828200340270996,0.0018698573112487793,1.0012891292572021,16.727277755737305,-0.003554105758666992,48,770,-0.0009491443634033203
SLIM*MIX_ms0.1_pat5_fn-full_extended_const-small_ints_raw,dd1681e3-7f95-11f1-88f9-2c7ba0e6fa90,synthetic_prior,0,101,0.9994544982910156,0.0950155258178711,153237.0,0.9963110089302063,30.947418212890625,-0.00027120113372802734,0.9983799457550049,2020.5059814453125,-0.0010404586791992188,0.998476505279541,162.37989807128906,0.00035750865936279297,0.9996957778930664,0.021115506067872047,-0.0012598037719726562,0.9976400136947632,9.829089164733887,0.0016892552375793457,1.0013023614883423,16.72749900817871,-0.0035806894302368164,47,759,-0.0009111166000366211
SLIM*MIX_ms0.1_pat5_fn-full_extended_const-small_ints_raw,dd1681e3-7f95-11f1-88f9-2c7ba0e6fa90,synthetic_prior,0,102,0.9994544982910156,1.1903033256530762,154620.0,0.9963110089302063,30.947418212890625,-0.00027120113372802734,0.9983799457550049,2020.5059814453125,-0.0010404586791992188,0.998476505279541,162.37989807128906,0.00035750865936279297,0.9996957778930664,0.021115506067872047,-0.0012598037719726562,0.9976400136947632,9.829089164733887,0.0016892552375793457,1.0013023614883423,16.72749900817871,-0.0035806894302368164,47,759,-0.0009111166000366211
SLIM*MIX_ms0.1_pat5_fn-full_extended_const-small_ints_raw,dd1681e3-7f95-11f1-88f9-2c7ba0e6fa90,synthetic_prior,0,103,0.9994500875473022,0.09562134742736816,154275.0,0.9962918758392334,30.946826934814453,-0.00023281574249267578,0.9983112812042236,2020.3668212890625,-0.0009026527404785156,0.9984986186027527,162.3834991455078,0.00031322240829467773,0.9994163513183594,0.021109603345394135,-0.0007001161575317383,0.9980000257492065,9.832635879516602,0.0009685754776000977,1.0016292333602905,16.732959747314453,-0.004235982894897461,49,792,-0.0009024143218994141
SLIM*MIX_ms0.1_pat5_fn-full_extended_const-small_ints_raw,dd1681e3-7f95-11f1-88f9-2c7ba0e6fa90,synthetic_prior,0,104,0.9993941783905029,0.11632347106933594,154649.0,0.9963405132293701,30.948335647583008,-0.0003305673599243164,0.9983956217765808,2020.5377197265625,-0.0010718107223510742,0.9985160827636719,162.38633728027344,0.00027817487716674805,0.9993445873260498,0.02110808715224266,-0.0005564689636230469,0.9971857070922852,9.824613571166992,0.0025981664657592773,1.000686764717102,16.717212677001953,-0.0023469924926757812,49,797,-0.0007903575897216797
SLIM*MIX_ms0.1_pat5_fn-full_extended_const-small_ints_raw,dd1681e3-7f95-11f1-88f9-2c7ba0e6fa90,synthetic_prior,0,105,0.9993829727172852,0.12822461128234863,155652.0,0.9963214993476868,30.94774627685547,-0.0002924203872680664,0.9983122944831848,2020.369140625,-0.0009046792984008789,0.9984967708587646,162.3831787109375,0.00031691789627075195,0.9990842342376709,0.02110258862376213,-3.528594970703125e-05,0.9972646236419678,9.825390815734863,0.0024403929710388184,1.0006884336471558,16.717243194580078,-0.002350449562072754,50,829,-0.0007679462432861328
SLIM*MIX_ms0.1_pat5_fn-full_extended_const-small_ints_raw,dd1681e3-7f95-11f1-88f9-2c7ba0e6fa90,synthetic_prior,0,106,0.9993829727172852,0.09522032737731934,157933.0,0.9963214993476868,30.94774627685547,-0.0002924203872680664,0.9983122944831848,2020.369140625,-0.0009046792984008789,0.9984967708587646,162.3831787109375,0.00031691789627075195,0.9990842342376709,0.02110258862376213,-3.528594970703125e-05,0.9972646236419678,9.825390815734863,0.0024403929710388184,1.0006884336471558,16.717243194580078,-0.002350449562072754,50,829,-0.0007679462432861328
SLIM*MIX_ms0.1_pat5_fn-full_extended_const-small_ints_raw,dd1681e3-7f95-11f1-88f9-2c7ba0e6fa90,synthetic_prior,0,107,0.9993826746940613,0.09983086585998535,158466.0,0.9962600469589233,30.945837020874023,-0.00016891956329345703,0.9985004663467407,2020.749755859375,-0.0012820959091186523,0.9985525012016296,162.3922576904297,0.0002053380012512207,0.9989795088768005,0.021100375801324844,0.00017446279525756836,0.9978932738304138,9.831584930419922,0.0011823177337646484,1.001612901687622,16.73268699645996,-0.004203319549560547,53,854,-0.0007672309875488281
SLIM*MIX_ms0.1_pat5_fn-full_extended_const-small_ints_raw,dd1681e3-7f95-11f1-88f9-2c7ba0e6fa90,synthetic_prior,0,108,0.9993705153465271,1.2413227558135986,159534.0,0.996063768863678,30.93973731994629,0.0002251267433166504,0.9983888864517212,2020.52392578125,-0.001058340072631836,0.9984840750694275,162.38111877441406,0.00034236907958984375,0.9986487030982971,0.02109338901937008,0.0008366107940673828,0.9980614185333252,9.833242416381836,0.0008456110954284668,1.0017266273498535,16.734586715698242,-0.004431486129760742,53,852,-0.0007429122924804688
SLIM*MIX_ms0.1_pat5_fn-full_extended_const-small_ints_raw,dd1681e3-7f95-11f1-88f9-2c7ba0e6fa90,synthetic_prior,0,109,0.9993543028831482,0.09529638290405273,161020.0,0.9962718486785889,30.946205139160156,-0.00019276142120361328,0.9984910488128662,2020.730712890625,-0.001263260841369629,0.9985717535018921,162.3953857421875,0.0001666545867919922,0.9990655779838562,0.021102195605635643,2.1457672119140625e-06,0.9978020787239075,9.830686569213867,0.0013647675514221191,1.0015182495117188,16.73110580444336,-0.004013657569885254,53,854,-0.0007103681564331055
SLIM*MIX_ms0.1_pat5_fn-full_extended_const-small_ints_raw,dd1681e3-7f95-11f1-88f9-2c7ba0e6fa90,synthetic_prior,0,110,0.9993405342102051,0.11552238464355469,164330.0,0.9963513016700745,30.948673248291016,-0.0003522634506225586,0.998404324054718,2020.55517578125,-0.0010892152786254883,0.998469889163971,162.37881469726562,0.0003706812858581543,0.9989556670188904,0.021099871024489403,0.00022214651107788086,0.9978538751602173,9.831195831298828,0.0012611746788024902,1.0013784170150757,16.72876739501953,-0.003733038902282715,54,870,-0.0006829500198364258
SLIM*MIX_ms0.1_pat5_fn-full_extended_const-small_ints_raw,dd1681e3-7f95-11f1-88f9-2c7ba0e6fa90,synthetic_prior,0,111,0.99932861328125,0.11052298545837402,166433.0,0.9963169097900391,30.947601318359375,-0.00028312206268310547,0.9984269142150879,2020.6009521484375,-0.001134634017944336,0.9984666109085083,162.3782958984375,0.00037723779678344727,0.9992049336433411,0.02110513672232628,-0.00027680397033691406,0.9983189702033997,9.83577823638916,0.0003298521041870117,1.0014346837997437,16.729707717895508,-0.0038459300994873047,55,884,-0.0006589889526367188
SLIM*MIX_ms0.1_pat5_fn-full_extended_const-small_ints_raw,dd1681e3-7f95-11f1-88f9-2c7ba0e6fa90,synthetic_prior,0,112,0.9993232488632202,0.09669041633605957,169613.0,0.9962185621261597,30.944549560546875,-8.571147918701172e-05,0.9984279870986938,2020.6031494140625,-0.00113677978515625,0.9985687136650085,162.3948974609375,0.00017279386520385742,0.9992537498474121,0.021106166765093803,-0.0003745555877685547,0.9974907636642456,9.827619552612305,0.0019878149032592773,1.0013915300369263,16.72899055480957,-0.003759622573852539,56,893,-0.0006482601165771484
SLIM*MIX_ms0.1_pat5_fn-full_extended_const-small_ints_raw,dd1681e3-7f95-11f1-88f9-2c7ba0e6fa90,synthetic_prior,0,113,0.9993132948875427,0.08995342254638672,172478.0,0.9962166547775269,30.944488525390625,-8.177757263183594e-05,0.9984396696090698,2020.626708984375,-0.0011601448059082031,0.9985880851745605,162.39804077148438,0.00013405084609985352,0.9995773434638977,0.021113000810146332,-0.0010225772857666016,0.9975364804267883,9.828068733215332,0.0018964409828186035,1.0011509656906128,16.7249698638916,-0.003277301788330078,57,906,-0.000628352165222168
SLIM*MIX_ms0.1_pat5_fn-full_extended_const-small_ints_raw,dd1681e3-7f95-11f1-88f9-2c7ba0e6fa90,synthetic_prior,0,114,0.9993066787719727,1.2221832275390625,174080.0,0.9962663054466248,30.946029663085938,-0.00018143653869628906,0.9984524846076965,2020.6527099609375,-0.001185774803161621,0.9985930323600769,162.3988494873047,0.0001240372657775879,0.9987805485725403,0.02109617367386818,0.0005726814270019531,0.9978574514389038,9.831231117248535,0.0012539029121398926,1.0016531944274902,16.73335838317871,-0.0042841434478759766,57,912,-0.0006150007247924805
SLIM*MIX_ms0.1_pat5_fn-full_extended_const-small_ints_raw,dd1681e3-7f95-11f1-88f9-2c7ba0e6fa90,synthetic_prior,0,115,0.9992978572845459,0.09516572952270508,176265.0,0.996150553226471,30.942434310913086,5.0961971282958984e-05,0.9984560608863831,2020.659912109375,-0.001192927360534668,0.9986000657081604,162.39999389648438,0.00011008977890014648,0.9991351962089539,0.021103663370013237,-0.00013720989227294922,0.9973805546760559,9.826533317565918,0.002208411693572998,1.0009324550628662,16.72132110595703,-0.0028395652770996094,58,925,-0.0005974769592285156
SLIM*MIX_ms0.1_pat5_fn-full_extended_const-small_ints_raw,dd1681e3-7f95-11f1-88f9-2c7ba0e6fa90,synthetic_prior,0,116,0.9992942214012146,0.10957098007202148,178187.0,0.9961144924163818,30.941314697265625,0.0001232624053955078,0.9983590841293335,2020.4637451171875,-0.0009984970092773438,0.9984971880912781,162.3832550048828,0.0003160238265991211,1.0002859830856323,0.0211279708892107,-0.002442479133605957,0.9972434043884277,9.82518196105957,0.002482771873474121,1.0010842084884644,16.723854064941406,-0.0031434297561645508,59,942,-0.0005900859832763672
SLIM*MIX_ms0.1_pat5_fn-full_extended_const-small_ints_raw,dd1681e3-7f95-11f1-88f9-2c7ba0e6fa90,synthetic_prior,0,117,0.9992854595184326,0.11101627349853516,180336.0,0.9961133599281311,30.941282272338867,0.00012558698654174805,0.9983683824539185,2020.482421875,-0.0010170936584472656,0.9984908699989319,162.38223266601562,0.0003286004066467285,1.0002695322036743,0.021127620711922646,-0.00240933895111084,0.9973453879356384,9.826187133789062,0.0022786855697631836,1.001059889793396,16.723447799682617,-0.0030946731567382812,60,956,-0.0005725622177124023
SLIM*MIX_ms0.1_pat5_fn-full_extended_const-small_ints_raw,dd1681e3-7f95-11f1-88f9-2c7ba0e6fa90,synthetic_prior,0,118,0.9992466568946838,0.1001577377319336,183047.0,0.9961644411087036,30.942867279052734,2.300739288330078e-05,0.9983147382736206,2020.3740234375,-0.0009095668792724609,0.9984982013702393,162.38340759277344,0.0003140568733215332,1.0002665519714355,0.02112756110727787,-0.0024034976959228516,0.9969061017036438,9.821858406066895,0.003157496452331543,1.0007078647613525,16.717567443847656,-0.0023894309997558594,61,989,-0.000494837760925293
SLIM*MIX_ms0.1_pat5_fn-full_extended_const-small_ints_raw,dd1681e3-7f95-11f1-88f9-2c7ba0e6fa90,synthetic_prior,0,119,0.9992466568946838,0.09492111206054688,184414.0,0.9961644411087036,30.942867279052734,2.300739288330078e-05,0.9983147382736206,2020.3740234375,-0.0009095668792724609,0.9984982013702393,162.38340759277344,0.0003140568733215332,1.0002665519714355,0.02112756110727787,-0.0024034976959228516,0.9969061017036438,9.821858406066895,0.003157496452331543,1.0007078647613525,16.717567443847656,-0.0023894309997558594,61,989,-0.000494837760925293
SLIM*MIX_ms0.1_pat5_fn-full_extended_const-small_ints_raw,dd1681e3-7f95-11f1-88f9-2c7ba0e6fa90,synthetic_prior,0,120,0.9992395043373108,1.2476232051849365,185603.0,0.9962186217308044,30.944551467895508,-8.58306884765625e-05,0.9982836842536926,2020.31103515625,-0.0008473396301269531,0.9984814524650574,162.3806915283203,0.0003476142883300781,1.000413179397583,0.021130656823515892,-0.002697467803955078,0.9970347285270691,9.823125839233398,0.0029001832008361816,1.0003520250320435,16.711624145507812,-0.0016766786575317383,63,1019,-0.0004805326461791992
SLIM*MIX_ms0.1_pat5_fn-full_extended_const-small_ints_raw,dd1681e3-7f95-11f1-88f9-2c7ba0e6fa90,synthetic_prior,0,121,0.9992223381996155,0.11135220527648926,187988.0,0.9961713552474976,30.94308090209961,9.179115295410156e-06,0.9982704520225525,2020.2843017578125,-0.0008207559585571289,0.9985200762748718,162.38699340820312,0.0002701878547668457,1.000067114830017,0.02112334780395031,-0.002003788948059082,0.9969172477722168,9.821969032287598,0.0031351447105407715,1.000070571899414,16.706924438476562,-0.0011131763458251953,64,1033,-0.0004462003707885742
SLIM*MIX_ms0.1_pat5_fn-full_extended_const-small_ints_raw,dd1681e3-7f95-11f1-88f9-2c7ba0e6fa90,synthetic_prior,0,122,0.9992205500602722,0.09460735321044922,191419.0,0.9962136149406433,30.944395065307617,-7.56978988647461e-05,0.9982454180717468,2020.233642578125,-0.00077056884765625,0.9984925985336304,162.38250732421875,0.00032514333724975586,1.000309705734253,0.021128471940755844,-0.002489924430847168,0.9971086978912354,9.823854446411133,0.002752244472503662,1.0003482103347778,16.711559295654297,-0.001669168472290039,65,1049,-0.0004426240921020508
SLIM*MIX_ms0.1_pat5_fn-full_extended_const-small_ints_raw,dd1681e3-7f95-11f1-88f9-2c7ba0e6fa90,synthetic_prior,0,123,0.999215304851532,0.0999143123626709,195638.0,0.9961283206939697,30.94174575805664,9.554624557495117e-05,0.9982523918151855,2020.247802734375,-0.0007846355438232422,0.9985244870185852,162.3876953125,0.0002614259719848633,1.0000336170196533,0.02112264186143875,-0.001936793327331543,0.9970242381095886,9.823022842407227,0.002921164035797119,1.0001424551010132,16.70812225341797,-0.0012570619583129883,65,1058,-0.00043213367462158203
SLIM*MIX_ms0.1_pat5_fn-full_extended_const-small_ints_raw,dd1681e3-7f95-11f1-88f9-2c7ba0e6fa90,synthetic_prior,0,124,0.999213457107544,0.11051535606384277,200418.0,0.996109664440155,30.941165924072266,0.00013297796249389648,0.9982608556747437,2020.264892578125,-0.0008015632629394531,0.9985224008560181,162.38734436035156,0.00026553869247436523,1.0000126361846924,0.021122198551893234,-0.0018947124481201172,0.9970518946647644,9.823294639587402,0.0028658509254455566,1.0002353191375732,16.709672927856445,-0.0014429092407226562,66,1071,-0.0004284381866455078
SLIM*MIX_ms0.1_pat5_fn-full_extended_const-small_ints_raw,dd1681e3-7f95-11f1-88f9-2c7ba0e6fa90,synthetic_prior,0,125,0.9992094039916992,1.2162964344024658,203811.0,0.9962181448936462,30.944534301757812,-8.475780487060547e-05,0.9982925057411194,2020.3289794921875,-0.0008649826049804688,0.9985182881355286,162.38668823242188,0.00027376413345336914,1.0001845359802246,0.021125826984643936,-0.0022389888763427734,0.9975613355636597,9.828313827514648,0.001846611499786377,1.0002466440200806,16.709861755371094,-0.0014655590057373047,65,1047,-0.0004203319549560547
SLIM*MIX_ms0.1_pat5_fn-full_extended_const-small_ints_raw,dd1681e3-7f95-11f1-88f9-2c7ba0e6fa90,synthetic_prior,0,126,0.999186635017395,0.14259552955627441,206046.0,0.9961210489273071,30.94152069091797,0.00011008977890014648,0.9982126951217651,2020.1673583984375,-0.0007050037384033203,0.9985230565071106,162.38746643066406,0.00026428699493408203,0.9999476671218872,0.02112082578241825,-0.0017644166946411133,0.997107744216919,9.823844909667969,0.00275421142578125,1.000077247619629,16.707033157348633,-0.0011265277862548828,65,1064,-0.00037479400634765625
SLIM*MIX_ms0.1_pat5_fn-full_extended_const-small_ints_raw,dd1681e3-7f95-11f1-88f9-2c7ba0e6fa90,synthetic_prior,0,127,0.999186635017395,0.1445627212524414,207627.0,0.9961210489273071,30.94152069091797,0.00011008977890014648,0.9982126951217651,2020.1673583984375,-0.0007050037384033203,0.9985230565071106,162.38746643066406,0.00026428699493408203,0.9999476671218872,0.02112082578241825,-0.0017644166946411133,0.997107744216919,9.823844909667969,0.00275421142578125,1.000077247619629,16.707033157348633,-0.0011265277862548828,65,1064,-0.00037479400634765625
SLIM*MIX_ms0.1_pat5_fn-full_extended_const-small_ints_raw,dd1681e3-7f95-11f1-88f9-2c7ba0e6fa90,synthetic_prior,0,128,0.9991859793663025,0.1105501651763916,210008.0,0.9961444139480591,30.94224739074707,6.312131881713867e-05,0.9981936812400818,2020.1287841796875,-0.0006668567657470703,0.9984943866729736,162.38279724121094,0.0003216266632080078,0.9995123744010925,0.021111631765961647,-0.0008925199508666992,0.9972479343414307,9.825226783752441,0.0024737119674682617,0.9997677803039551,16.701862335205078,-0.0005068778991699219,64,1051,-0.0003733634948730469
SLIM*MIX_ms0.1_pat5_fn-full_extended_const-small_ints_raw,dd1681e3-7f95-11f1-88f9-2c7ba0e6fa90,synthetic_prior,0,129,0.9991817474365234,0.10878944396972656,211846.0,0.9961072206497192,30.941091537475586,0.00013780593872070312,0.9982121586799622,2020.1663818359375,-0.0007039308547973633,0.9985477328300476,162.3914794921875,0.00021475553512573242,0.999902606010437,0.021119873970746994,-0.0016741752624511719,0.9973562955856323,9.8262939453125,0.002256929874420166,1.0003433227539062,16.711477279663086,-0.0016592741012573242,67,1091,-0.0003648996353149414
SLIM*MIX_ms0.1_pat5_fn-full_extended_const-small_ints_raw,dd1681e3-7f95-11f1-88f9-2c7ba0e6fa90,synthetic_prior,0,130,0.9991705417633057,1.2380468845367432,213941.0,0.9961488842964172,30.942384719848633,5.424022674560547e-05,0.9981865286827087,2020.1143798828125,-0.0006525516510009766,0.9985087513923645,162.38514709472656,0.00029283761978149414,0.9994744062423706,0.02111082896590233,-0.00081634521484375,0.9972589015960693,9.825334548950195,0.002451777458190918,0.9995473623275757,16.69818115234375,-6.580352783203125e-05,66,1078,-0.00034248828887939453
SLIM*MIX_ms0.1_pat5_fn-full_extended_const-small_ints_raw,dd1681e3-7f95-11f1-88f9-2c7ba0e6fa90,synthetic_prior,0,131,0.999164342880249,0.10032820701599121,214920.0,0.9959935545921326,30.937559127807617,0.0003660917282104492,0.9981333613395691,2020.0069580078125,-0.0005459785461425781,0.9985126852989197,162.3857879638672,0.0002849698066711426,1.0001795291900635,0.02112572267651558,-0.0022290945053100586,0.997431755065918,9.827037811279297,0.002106010913848877,0.9999613165855408,16.705095291137695,-0.0008943080902099609,71,1178,-0.0003300905227661133
SLIM*MIX_ms0.1_pat5_fn-full_extended_const-small_ints_raw,dd1681e3-7f95-11f1-88f9-2c7ba0e6fa90,synthetic_prior,0,132,0.999164342880249,0.10696959495544434,215776.0,0.9959935545921326,30.937559127807617,0.0003660917282104492,0.9981333613395691,2020.0069580078125,-0.0005459785461425781,0.9985126852989197,162.3857879638672,0.0002849698066711426,1.0001795291900635,0.02112572267651558,-0.0022290945053100586,0.997431755065918,9.827037811279297,0.002106010913848877,0.9999613165855408,16.705095291137695,-0.0008943080902099609,71,1178,-0.0003300905227661133
SLIM*MIX_ms0.1_pat5_fn-full_extended_const-small_ints_raw,dd1681e3-7f95-11f1-88f9-2c7ba0e6fa90,synthetic_prior,0,133,0.9991630911827087,0.11458635330200195,217854.0,0.9962111115455627,30.944318771362305,-7.069110870361328e-05,0.9981831908226013,2020.107666015625,-0.0006458759307861328,0.9984992742538452,162.3835906982422,0.00031185150146484375,0.9996237754821777,0.021113984286785126,-0.0011156797409057617,0.997636079788208,9.82905101776123,0.0016970038414001465,0.9995251297950745,16.69780921936035,-2.1338462829589844e-05,68,1118,-0.0003275871276855469
SLIM*MIX_ms0.1_pat5_fn-full_extended_const-small_ints_raw,dd1681e3-7f95-11f1-88f9-2c7ba0e6fa90,synthetic_prior,0,134,0.999157190322876,0.1273794174194336,220816.0,0.9962190985679626,30.94456672668457,-8.678436279296875e-05,0.9981734752655029,2020.087890625,-0.0006262063980102539,0.9985058903694153,162.38465881347656,0.00029861927032470703,0.99958336353302,0.021113131195306778,-0.0010346174240112305,0.9976472854614258,9.829160690307617,0.001674652099609375,0.999610424041748,16.699234008789062,-0.0001920461654663086,69,1140,-0.00031578540802001953
SLIM*MIX_ms0.1_pat5_fn-full_extended_const-small_ints_raw,dd1681e3-7f95-11f1-88f9-2c7ba0e6fa90,synthetic_prior,0,135,0.9991401433944702,0.11078000068664551,222315.0,0.9962007403373718,30.943994522094727,-4.982948303222656e-05,0.9981281757354736,2019.996337890625,-0.0005354881286621094,0.9984920620918274,162.38243103027344,0.0003262162208557129,0.9994590282440186,0.021110503003001213,-0.0007855892181396484,0.9978719353675842,9.831374168395996,0.0012249946594238281,0.9996302127838135,16.69956398010254,-0.00023174285888671875,70,1153,-0.0002815723419189453
SLIM*MIX_ms0.1_pat5_fn-full_extended_const-small_ints_raw,dd1681e3-7f95-11f1-88f9-2c7ba0e6fa90,synthetic_prior,0,136,0.9991377592086792,0.12653899192810059,223797.0,0.9962092041969299,30.944255828857422,-6.687641143798828e-05,0.9981054663658142,2019.9503173828125,-0.0004900693893432617,0.99845951795578,162.3771209716797,0.000391542911529541,0.99920254945755,0.02110508643090725,-0.0002720355987548828,0.9978233575820923,9.83089542388916,0.0013222694396972656,0.9998592138290405,16.70339012145996,-0.0006899833679199219,71,1169,-0.00027680397033691406
SLIM*MIX_ms0.1_pat5_fn-full_extended_const-small_ints_raw,dd1681e3-7f95-11f1-88f9-2c7ba0e6fa90,synthetic_prior,0,137,0.9991366863250732,0.11062955856323242,225182.0,0.9961851239204407,30.943510055541992,-1.8596649169921875e-05,0.9980931878089905,2019.925537109375,-0.00046539306640625,0.9984615445137024,162.37745666503906,0.00038743019104003906,0.9992069602012634,0.02110518142580986,-0.0002808570861816406,0.99781334400177,9.83079719543457,0.0013422369956970215,0.9997930526733398,16.702285766601562,-0.0005575418472290039,72,1183,-0.000274658203125
SLIM*MIX_ms0.1_pat5_fn-full_extended_const-small_ints_raw,dd1681e3-7f95-11f1-88f9-2c7ba0e6fa90,synthetic_prior,0,138,0.9991343021392822,0.0953824520111084,226991.0,0.9961901903152466,30.943668365478516,-2.86102294921875e-05,0.9980871677398682,2019.9134521484375,-0.0004533529281616211,0.9984617829322815,162.37750244140625,0.00038695335388183594,0.9991501569747925,0.021103980019688606,-0.0001671314239501953,0.9978561997413635,9.831218719482422,0.0012565255165100098,0.9997838735580444,16.702131271362305,-0.0005391836166381836,73,1196,-0.00026988983154296875
SLIM*MIX_ms0.1_pat5_fn-full_extended_const-small_ints_raw,dd1681e3-7f95-11f1-88f9-2c7ba0e6fa90,synthetic_prior,0,139,0.9991276860237122,0.11068463325500488,227418.0,0.9962856769561768,30.94663429260254,-0.00022041797637939453,0.9980588555335999,2019.85595703125,-0.00039649009704589844,0.998445451259613,162.3748321533203,0.0004196763038635254,0.9989197850227356,0.021099114790558815,0.00029397010803222656,0.997917652130127,9.83182430267334,0.0011335015296936035,1.0000780820846558,16.707046508789062,-0.0011283159255981445,73,1195,-0.00025653839111328125
SLIM*MIX_ms0.1_pat5_fn-full_extended_const-small_ints_raw,dd1681e3-7f95-11f1-88f9-2c7ba0e6fa90,synthetic_prior,0,140,0.9991145730018616,0.10635495185852051,228320.0,0.9961842894554138,30.943483352661133,-1.6927719116210938e-05,0.9980704188346863,2019.87939453125,-0.0004197359085083008,0.9985108375549316,162.38548278808594,0.0002887248992919922,0.9992722868919373,0.02110655978322029,-0.00041162967681884766,0.9978340864181519,9.831001281738281,0.0013007521629333496,1.0000865459442139,16.707189559936523,-0.0011451244354248047,70,1143,-0.00023043155670166016
SLIM*MIX_ms0.1_pat5_fn-full_extended_const-small_ints_raw,dd1681e3-7f95-11f1-88f9-2c7ba0e6fa90,synthetic_prior,0,141,0.9991090893745422,0.10758781433105469,229429.0,0.9962264895439148,30.944793701171875,-0.00010156631469726562,0.9980792999267578,2019.8973388671875,-0.0004374980926513672,0.9985095858573914,162.38528442382812,0.0002911686897277832,0.9993978142738342,0.021109212189912796,-0.0006630420684814453,0.9976069331169128,9.828763008117676,0.001755356788635254,0.9999846816062927,16.705486297607422,-0.000941157341003418,71,1157,-0.0002193450927734375
SLIM*MIX_ms0.1_pat5_fn-full_extended_const-small_ints_raw,dd1681e3-7f95-11f1-88f9-2c7ba0e6fa90,synthetic_prior,0,142,0.9991090893745422,0.09777545928955078,231642.0,0.9962264895439148,30.944793701171875,-0.00010156631469726562,0.9980792999267578,2019.8973388671875,-0.0004374980926513672,0.9985095858573914,162.38528442382812,0.0002911686897277832,0.9993978142738342,0.021109212189912796,-0.0006630420684814453,0.9976069331169128,9.828763008117676,0.001755356788635254,0.9999846816062927,16.705486297607422,-0.000941157341003418,71,1157,-0.0002193450927734375
SLIM*MIX_ms0.1_pat5_fn-full_extended_const-small_ints_raw,dd1681e3-7f95-11f1-88f9-2c7ba0e6fa90,synthetic_prior,0,143,0.9991090893745422,0.12229371070861816,234100.0,0.9962264895439148,30.944793701171875,-0.00010156631469726562,0.9980792999267578,2019.8973388671875,-0.0004374980926513672,0.9985095858573914,162.38528442382812,0.0002911686897277832,0.9993978142738342,0.021109212189912796,-0.0006630420684814453,0.9976069331169128,9.828763008117676,0.001755356788635254,0.9999846816062927,16.705486297607422,-0.000941157341003418,71,1157,-0.0002193450927734375
SLIM*MIX_ms0.1_pat5_fn-full_extended_const-small_ints_raw,dd1681e3-7f95-11f1-88f9-2c7ba0e6fa90,synthetic_prior,0,144,0.9991058111190796,0.1110384464263916,235980.0,0.9961452484130859,30.942270278930664,6.151199340820312e-05,0.9980712532997131,2019.881103515625,-0.0004214048385620117,0.998530387878418,162.38865661621094,0.00024956464767456055,0.9991892576217651,0.021104807034134865,-0.0002454519271850586,0.997783899307251,9.830507278442383,0.0014011859893798828,1.000080943107605,16.707094192504883,-0.0011339187622070312,71,1168,-0.0002129077911376953
SLIM*MIX_ms0.1_pat5_fn-full_extended_const-small_ints_raw,dd1681e3-7f95-11f1-88f9-2c7ba0e6fa90,synthetic_prior,0,145,0.9990994930267334,0.11101508140563965,236473.0,0.9962615966796875,30.945884704589844,-0.00017201900482177734,0.9980367422103882,2019.811279296875,-0.0003521442413330078,0.998520016670227,162.386962890625,0.0002703070640563965,0.9991440773010254,0.02110385335981846,-0.0001550912857055664,0.9981393218040466,9.83400821685791,0.0006896853446960449,0.9997138381004333,16.700960159301758,-0.00039899349212646484,79,1307,-0.0002002716064453125
SLIM*MIX_ms0.1_pat5_fn-full_extended_const-small_ints_raw,dd1681e3-7f95-11f1-88f9-2c7ba0e6fa90,synthetic_prior,0,146,0.9990980625152588,1.232191562652588,238003.0,0.9961103200912476,30.941184997558594,0.0001316666603088379,0.9980527758598328,2019.8436279296875,-0.00038433074951171875,0.9985129237174988,162.3858184814453,0.00028455257415771484,0.9988884329795837,0.02109845168888569,0.0003567337989807129,0.997955322265625,9.832196235656738,0.0010579824447631836,1.0004299879074097,16.71292495727539,-0.001832723617553711,72,1183,-0.00019729137420654297
SLIM*MIX_ms0.1_pat5_fn-full_extended_const-small_ints_raw,dd1681e3-7f95-11f1-88f9-2c7ba0e6fa90,synthetic_prior,0,147,0.9990934729576111,0.09557580947875977,238695.0,0.9960737228393555,30.940048217773438,0.00020515918731689453,0.9980560541152954,2019.850341796875,-0.0003908872604370117,0.9985193610191345,162.38687133789062,0.0002716183662414551,0.9989191293716431,0.02109909988939762,0.00029534101486206055,0.99797523021698,9.832391738891602,0.001018226146697998,1.0003788471221924,16.712072372436523,-0.0017304420471191406,73,1204,-0.0001882314682006836
SLIM*MIX_ms0.1_pat5_fn-full_extended_const-small_ints_raw,dd1681e3-7f95-11f1-88f9-2c7ba0e6fa90,synthetic_prior,0,148,0.9990929365158081,0.1094200611114502,239731.0,0.9962154030799866,30.9444522857666,-7.939338684082031e-05,0.9980395436286926,2019.8170166015625,-0.0003578662872314453,0.9985455870628357,162.39112854003906,0.00021910667419433594,0.9992367029190063,0.021105807274580002,-0.00034046173095703125,0.9980968832969666,9.833590507507324,0.0007746219635009766,0.9996646642684937,16.70013999938965,-0.0003006458282470703,79,1300,-0.00018703937530517578
SLIM*MIX_ms0.1_pat5_fn-full_extended_const-small_ints_raw,dd1681e3-7f95-11f1-88f9-2c7ba0e6fa90,synthetic_prior,0,149,0.9990840554237366,0.09509038925170898,240547.0,0.99611896276474,30.941455841064453,0.00011432170867919922,0.9980512857437134,2019.8408203125,-0.0003813505172729492,0.9985151290893555,162.38616943359375,0.00028014183044433594,0.9990381002426147,0.021101612597703934,5.716085433959961e-05,0.99796062707901,9.832247734069824,0.0010474324226379395,1.0003677606582642,16.711885452270508,-0.0017082691192626953,75,1221,-0.00016939640045166016
SLIM*MIX_ms0.1_pat5_fn-full_extended_const-small_ints_raw,dd1681e3-7f95-11f1-88f9-2c7ba0e6fa90,synthetic_prior,0,150,0.9990830421447754,0.10315990447998047,239746.0,0.9961511492729187,30.942455291748047,4.965066909790039e-05,0.9980475902557373,2019.833251953125,-0.0003739595413208008,0.9985126852989197,162.38577270507812,0.0002849698066711426,0.9991178512573242,0.021103298291563988,-0.00010251998901367188,0.998144805431366,9.834062576293945,0.000678718090057373,1.0003442764282227,16.71149253845215,-0.001661062240600586,76,1238,-0.00016736984252929688
SLIM*MIX_ms0.1_pat5_fn-full_extended_const-small_ints_raw,dd1681e3-7f95-11f1-88f9-2c7ba0e6fa90,synthetic_prior,0,151,0.9990828633308411,0.0959775447845459,241895.0,0.9960395693778992,30.938989639282227,0.00027358531951904297,0.9980284571647644,2019.7945556640625,-0.0003355741500854492,0.9984915852546692,162.38235473632812,0.00032722949981689453,0.9989290237426758,0.021099308505654335,0.00027549266815185547,0.9980822801589966,9.833446502685547,0.000803828239440918,1.0001834630966187,16.70880699157715,-0.0013391971588134766,76,1219,-0.00016701221466064453
SLIM*MIX_ms0.1_pat5_fn-full_extended_const-small_ints_raw,dd1681e3-7f95-11f1-88f9-2c7ba0e6fa90,synthetic_prior,0,152,0.9990811347961426,0.11104512214660645,243263.0,0.9962027072906494,30.944055557250977,-5.3763389587402344e-05,0.9980015754699707,2019.740234375,-0.0002818107604980469,0.998498260974884,162.38343811035156,0.00031387805938720703,0.9990499019622803,0.02110186219215393,3.355741500854492e-05,0.9964805841445923,9.817666053771973,0.004008293151855469,0.9995430111885071,16.69810676574707,-5.7220458984375e-05,79,1276,-0.0001634359359741211
SLIM*MIX_ms0.1_pat5_fn-full_extended_const-small_ints_raw,dd1681e3-7f95-11f1-88f9-2c7ba0e6fa90,synthetic_prior,0,153,0.9990692138671875,0.1112525463104248,245819.0,0.9961687326431274,30.943002700805664,1.430511474609375e-05,0.9979281425476074,2019.591552734375,-0.00013458728790283203,0.9985357522964478,162.3895263671875,0.00023877620697021484,0.9987117648124695,0.02109472081065178,0.0007103085517883301,0.9972158074378967,9.824909210205078,0.002537965774536133,1.0001269578933716,16.707862854003906,-0.0012259483337402344,80,1272,-0.00013947486877441406
SLIM*MIX_ms0.1_pat5_fn-full_extended_const-small_ints_raw,dd1681e3-7f95-11f1-88f9-2c7ba0e6fa90,synthetic_prior,0,154,0.9990692138671875,0.11024308204650879,247284.0,0.9961687326431274,30.943002700805664,1.430511474609375e-05,0.9979281425476074,2019.591552734375,-0.00013458728790283203,0.9985357522964478,162.3895263671875,0.00023877620697021484,0.9987117648124695,0.02109472081065178,0.0007103085517883301,0.9972158074378967,9.824909210205078,0.002537965774536133,1.0001269578933716,16.707862854003906,-0.0012259483337402344,80,1272,-0.00013947486877441406
SLIM*MIX_ms0.1_pat5_fn-full_extended_const-small_ints_raw,dd1681e3-7f95-11f1-88f9-2c7ba0e6fa90,synthetic_prior,0,155,0.9990692138671875,0.11068582534790039,249169.0,0.9961687326431274,30.943002700805664,1.430511474609375e-05,0.9979281425476074,2019.591552734375,-0.00013458728790283203,0.9985357522964478,162.3895263671875,0.00023877620697021484,0.9987117648124695,0.02109472081065178,0.0007103085517883301,0.9972158074378967,9.824909210205078,0.002537965774536133,1.0001269578933716,16.707862854003906,-0.0012259483337402344,80,1272,-0.00013947486877441406
SLIM*MIX_ms0.1_pat5_fn-full_extended_const-small_ints_raw,dd1681e3-7f95-11f1-88f9-2c7ba0e6fa90,synthetic_prior,0,156,0.9990628957748413,1.2089347839355469,250854.0,0.9960669279098511,30.93984031677246,0.00021880865097045898,0.9979951977729797,2019.727294921875,-0.0002689361572265625,0.9985703825950623,162.39517211914062,0.00016945600509643555,0.9985978007316589,0.021092314273118973,0.0009383559226989746,0.998136579990387,9.833982467651367,0.0006951093673706055,1.0005275011062622,16.714553833007812,-0.0020281076431274414,77,1254,-0.00012683868408203125
SLIM*MIX_ms0.1_pat5_fn-full_extended_const-small_ints_raw,dd1681e3-7f95-11f1-88f9-2c7ba0e6fa90,synthetic_prior,0,157,0.9990592002868652,0.11037468910217285,252305.0,0.9962024688720703,30.944046020507812,-5.328655242919922e-05,0.9978644847869873,2019.4627685546875,-7.033348083496094e-06,0.9985442161560059,162.39088439941406,0.0002219080924987793,0.9987511038780212,0.021095551550388336,0.0006315708160400391,0.9970400333404541,9.823177337646484,0.0028896331787109375,1.0001320838928223,16.707948684692383,-0.0012363195419311523,82,1314,-0.0001195669174194336
SLIM*MIX_ms0.1_pat5_fn-full_extended_const-small_ints_raw,dd1681e3-7f95-11f1-88f9-2c7ba0e6fa90,synthetic_prior,0,158,0.999055802822113,0.11127662658691406,253698.0,0.9961895942687988,30.943647384643555,-2.7418136596679688e-05,0.9979485273361206,2019.6328125,-0.00017547607421875,0.9985435605049133,162.3907928466797,0.0002232193946838379,0.9987577795982361,0.021095693111419678,0.0006182193756103516,0.9969286918640137,9.822081565856934,0.0031122565269470215,1.0001434087753296,16.70813751220703,-0.00125885009765625,82,1301,-0.00011277198791503906
SLIM*MIX_ms0.1_pat5_fn-full_extended_const-small_ints_raw,dd1681e3-7f95-11f1-88f9-2c7ba0e6fa90,synthetic_prior,0,159,0.999055802822113,0.095458984375,255005.0,0.9961895942687988,30.943647384643555,-2.7418136596679688e-05,0.9979485273361206,2019.6328125,-0.00017547607421875,0.9985435605049133,162.3907928466797,0.0002232193946838379,0.9987577795982361,0.021095693111419678,0.0006182193756103516,0.9969286918640137,9.822081565856934,0.0031122565269470215,1.0001434087753296,16.70813751220703,-0.00125885009765625,82,1301,-0.00011277198791503906
SLIM*MIX_ms0.1_pat5_fn-full_extended_const-small_ints_raw,dd1681e3-7f95-11f1-88f9-2c7ba0e6fa90,synthetic_prior,0,160,0.9990548491477966,0.11058735847473145,256507.0,0.9962149262428284,30.944435119628906,-7.843971252441406e-05,0.9978712201118469,2019.476318359375,-2.0384788513183594e-05,0.9985394477844238,162.39012145996094,0.0002314448356628418,0.9987531304359436,0.02109559439122677,0.0006275773048400879,0.9970800280570984,9.823572158813477,0.002809584140777588,1.0001482963562012,16.708219528198242,-0.0012687444686889648,84,1344,-0.00011074542999267578
SLIM*MIX_ms0.1_pat5_fn-full_extended_const-small_ints_raw,dd1681e3-7f95-11f1-88f9-2c7ba0e6fa90,synthetic_prior,0,161,0.9990509152412415,1.2405269145965576,258569.0,0.9961532354354858,30.942522048950195,4.5418739318847656e-05,0.9979166984558105,2019.568359375,-0.00011157989501953125,0.9985489249229431,162.3916778564453,0.0002123713493347168,0.9987205862998962,0.021094905212521553,0.0006927251815795898,0.99733966588974,9.826129913330078,0.002290189266204834,0.999993085861206,16.705625534057617,-0.0009579658508300781,82,1308,-0.000102996826171875
SLIM*MIX_ms0.1_pat5_fn-full_extended_const-small_ints_raw,dd1681e3-7f95-11f1-88f9-2c7ba0e6fa90,synthetic_prior,0,162,0.9990493655204773,0.1266484260559082,259680.0,0.9960708618164062,30.939960479736328,0.00021082162857055664,0.997927188873291,2019.589599609375,-0.00013256072998046875,0.9985469579696655,162.391357421875,0.00021636486053466797,0.9987865090370178,0.021096300333738327,0.0005607008934020996,0.9975101947784424,9.827810287475586,0.0019489526748657227,1.0000009536743164,16.70575714111328,-0.0009737014770507812,84,1335,-9.989738464355469e-05
SLIM*MIX_ms0.1_pat5_fn-full_extended_const-small_ints_raw,dd1681e3-7f95-11f1-88f9-2c7ba0e6fa90,synthetic_prior,0,163,0.9990463852882385,0.12623214721679688,261692.0,0.9960423707962036,30.939075469970703,0.00026810169219970703,0.9978986382484436,2019.53173828125,-7.534027099609375e-05,0.9985319972038269,162.388916015625,0.00024628639221191406,0.9987682700157166,0.021095914766192436,0.0005972385406494141,0.9974789619445801,9.827503204345703,0.0020114779472351074,1.0002611875534058,16.710105895996094,-0.0014948844909667969,83,1324,-9.393692016601562e-05
SLIM*MIX_ms0.1_pat5_fn-full_extended_const-small_ints_raw,dd1681e3-7f95-11f1-88f9-2c7ba0e6fa90,synthetic_prior,0,164,0.9990448355674744,0.12590265274047852,263361.0,0.9960476756095886,30.939239501953125,0.0002574324607849121,0.9978930354118347,2019.5205078125,-6.413459777832031e-05,0.9985290169715881,162.38844299316406,0.0002523064613342285,0.9987804889678955,0.02109616994857788,0.0005728006362915039,0.9974992275238037,9.827702522277832,0.001970946788787842,1.0002506971359253,16.709928512573242,-0.0014736652374267578,84,1342,-9.083747863769531e-05
SLIM*MIX_ms0.1_pat5_fn-full_extended_const-small_ints_raw,dd1681e3-7f95-11f1-88f9-2c7ba0e6fa90,synthetic_prior,0,165,0.9990445971488953,0.11342620849609375,264967.0,0.9960487484931946,30.939271926879883,0.00025528669357299805,0.9978926181793213,2019.5196533203125,-6.341934204101562e-05,0.9985292553901672,162.3884735107422,0.0002518892288208008,0.9987793564796448,0.02109614759683609,0.0005751252174377441,0.9974920153617859,9.827630996704102,0.0019854307174682617,1.0002472400665283,16.70987319946289,-0.0014668703079223633,85,1356,-9.036064147949219e-05
SLIM*MIX_ms0.1_pat5_fn-full_extended_const-small_ints_raw,dd1681e3-7f95-11f1-88f9-2c7ba0e6fa90,synthetic_prior,0,166,0.9990385174751282,0.11125802993774414,267470.0,0.9961969256401062,30.943876266479492,-4.220008850097656e-05,0.9979028105735779,2019.540283203125,-8.380413055419922e-05,0.9984821677207947,162.3808135986328,0.00034612417221069336,0.9988709688186646,0.02109808474779129,0.0003916621208190918,0.9977847933769226,9.83051586151123,0.0013993382453918457,1.000210165977478,16.709251403808594,-0.0013924837112426758,88,1405,-7.808208465576172e-05
SLIM*MIX_ms0.1_pat5_fn-full_extended_const-small_ints_raw,dd1681e3-7f95-11f1-88f9-2c7ba0e6fa90,synthetic_prior,0,167,0.9990385174751282,0.12776780128479004,269213.0,0.9961969256401062,30.943876266479492,-4.220008850097656e-05,0.9979028105735779,2019.540283203125,-8.380413055419922e-05,0.9984821677207947,162.3808135986328,0.00034612417221069336,0.9988709688186646,0.02109808474779129,0.0003916621208190918,0.9977847933769226,9.83051586151123,0.0013993382453918457,1.000210165977478,16.709251403808594,-0.0013924837112426758,88,1405,-7.808208465576172e-05
SLIM*MIX_ms0.1_pat5_fn-full_extended_const-small_ints_raw,dd1681e3-7f95-11f1-88f9-2c7ba0e6fa90,synthetic_prior,0,168,0.9990324974060059,0.10016036033630371,270273.0,0.996189296245575,30.94363784790039,-2.682209014892578e-05,0.9978710412979126,2019.4759521484375,-2.014636993408203e-05,0.9985008835792542,162.38385009765625,0.00030863285064697266,0.9991369247436523,0.02110370248556137,-0.00014066696166992188,0.9978258013725281,9.830920219421387,0.0013173818588256836,1.0001533031463623,16.708301544189453,-0.0012787580490112305,89,1431,-6.604194641113281e-05
SLIM*MIX_ms0.1_pat5_fn-full_extended_const-small_ints_raw,dd1681e3-7f95-11f1-88f9-2c7ba0e6fa90,synthetic_prior,0,169,0.9990304708480835,0.11073613166809082,270958.0,0.9959689974784851,30.936796188354492,0.00041538476943969727,0.9978439807891846,2019.42138671875,3.409385681152344e-05,0.9985155463218689,162.38624572753906,0.00027936697006225586,0.9979817271232605,0.021079301834106445,0.0021706819534301758,0.9980445504188538,9.833074569702148,0.0008794665336608887,1.000321865081787,16.711118698120117,-0.0016162395477294922,87,1374,-6.198883056640625e-05
SLIM*MIX_ms0.1_pat5_fn-full_extended_const-small_ints_raw,dd1681e3-7f95-11f1-88f9-2c7ba0e6fa90,synthetic_prior,0,170,0.9990256428718567,1.256225824356079,272716.0,0.9959689378738403,30.936792373657227,0.00041550397872924805,0.9978347420692444,2019.402587890625,5.263090133666992e-05,0.9985155463218689,162.38624572753906,0.00027936697006225586,0.9980433583259583,0.02108060196042061,0.0020474791526794434,0.9979836940765381,9.832474708557129,0.0010012388229370117,1.0002257823944092,16.70951271057129,-0.0014238357543945312,88,1391,-5.233287811279297e-05
SLIM*MIX_ms0.1_pat5_fn-full_extended_const-small_ints_raw,dd1681e3-7f95-11f1-88f9-2c7ba0e6fa90,synthetic_prior,0,171,0.9990256428718567,0.09500527381896973,274087.0,0.9959689378738403,30.936792373657227,0.00041550397872924805,0.9978347420692444,2019.402587890625,5.263090133666992e-05,0.9985155463218689,162.38624572753906,0.00027936697006225586,0.9980433583259583,0.02108060196042061,0.0020474791526794434,0.9979836940765381,9.832474708557129,0.0010012388229370117,1.0002257823944092,16.70951271057129,-0.0014238357543945312,88,1391,-5.233287811279297e-05
SLIM*MIX_ms0.1_pat5_fn-full_extended_const-small_ints_raw,dd1681e3-7f95-11f1-88f9-2c7ba0e6fa90,synthetic_prior,0,172,0.9990230202674866,0.09515070915222168,274958.0,0.9959819316864014,30.937198638916016,0.00038945674896240234,0.9978417754173279,2019.416748046875,3.8564205169677734e-05,0.9985230565071106,162.38746643066406,0.00026422739028930664,0.9980583786964417,0.021080918610095978,0.002017378807067871,0.9980695247650146,9.833320617675781,0.0008294582366943359,1.000247597694397,16.70987892150879,-0.001467585563659668,88,1386,-4.7206878662109375e-05
SLIM*MIX_ms0.1_pat5_fn-full_extended_const-small_ints_raw,dd1681e3-7f95-11f1-88f9-2c7ba0e6fa90,synthetic_prior,0,173,0.9990224242210388,0.09477877616882324,276099.0,0.9961549043655396,30.94257164001465,4.214048385620117e-05,0.9978759288787842,2019.4859619140625,-2.9921531677246094e-05,0.9984602928161621,162.37725830078125,0.0003898739814758301,0.9991214275360107,0.021103372797369957,-0.00010967254638671875,0.9975111484527588,9.82781982421875,0.0019471049308776855,1.000245213508606,16.709836959838867,-0.001462697982788086,89,1451,-4.601478576660156e-05
SLIM*MIX_ms0.1_pat5_fn-full_extended_const-small_ints_raw,dd1681e3-7f95-11f1-88f9-2c7ba0e6fa90,synthetic_prior,0,174,0.9990193247795105,0.10616874694824219,276442.0,0.9959630966186523,30.936614990234375,0.0004271268844604492,0.9979001879692078,2019.5347900390625,-7.843971252441406e-05,0.9985510110855103,162.39199829101562,0.00020825862884521484,0.9978498220443726,0.021076515316963196,0.0024344325065612793,0.9982820153236389,9.83541488647461,0.0004038810729980469,1.0007812976837158,16.718795776367188,-0.0025366544723510742,84,1335,-3.9696693420410156e-05
SLIM*MIX_ms0.1_pat5_fn-full_extended_const-small_ints_raw,dd1681e3-7f95-11f1-88f9-2c7ba0e6fa90,synthetic_prior,0,175,0.999018669128418,1.2409064769744873,278700.0,0.9959836006164551,30.9372501373291,0.0003860592842102051,0.9978264570236206,2019.3857421875,6.920099258422852e-05,0.998519778251648,162.38693237304688,0.0002707839012145996,0.998421847820282,0.021088596433401108,0.0012903809547424316,0.9983750581741333,9.83633041381836,0.00021761655807495117,1.0001648664474487,16.70849609375,-0.001301884651184082,91,1430,-3.8504600524902344e-05
SLIM*MIX_ms0.1_pat5_fn-full_extended_const-small_ints_raw,dd1681e3-7f95-11f1-88f9-2c7ba0e6fa90,synthetic_prior,0,176,0.9990168809890747,0.11098313331604004,280018.0,0.9960125684738159,30.938148498535156,0.0003279447555541992,0.9978590607643127,2019.45166015625,3.993511199951172e-06,0.9985265731811523,162.38803100585938,0.00025719404220581055,0.9982837438583374,0.021085679531097412,0.0015667080879211426,0.9982059001922607,9.834664344787598,0.0005562901496887207,1.0002281665802002,16.709552764892578,-0.0014284849166870117,89,1400,-3.4809112548828125e-05
SLIM*MIX_ms0.1_pat5_fn-full_extended_const-small_ints_raw,dd1681e3-7f95-11f1-88f9-2c7ba0e6fa90,synthetic_prior,0,177,0.9990135431289673,0.10544013977050781,279132.0,0.996130108833313,30.941801071166992,9.191036224365234e-05,0.9977267384529114,2019.1839599609375,0.00026911497116088867,0.9985386729240417,162.38999938964844,0.00023305416107177734,0.9995513558387756,0.021112455055117607,-0.0009704828262329102,0.9974000453948975,9.826725006103516,0.002169370651245117,1.0000940561294556,16.707313537597656,-0.0011601448059082031,95,1539,-2.8133392333984375e-05
SLIM*MIX_ms0.1_pat5_fn-full_extended_const-small_ints_raw,dd1681e3-7f95-11f1-88f9-2c7ba0e6fa90,synthetic_prior,0,178,0.9990124702453613,0.11173272132873535,279842.0,0.9959699511528015,30.936826705932617,0.0004134178161621094,0.997901976108551,2019.53857421875,-8.20159912109375e-05,0.9985731244087219,162.3955841064453,0.000164031982421875,0.9981000423431396,0.021081799641251564,0.001934051513671875,0.99856036901474,9.838156700134277,-0.00015366077423095703,1.0007449388504028,16.71818733215332,-0.002463698387145996,86,1354,-2.5987625122070312e-05
SLIM*MIX_ms0.1_pat5_fn-full_extended_const-small_ints_raw,dd1681e3-7f95-11f1-88f9-2c7ba0e6fa90,synthetic_prior,0,179,0.9990102052688599,0.11026453971862793,283552.0,0.9961405396461487,30.94212532043457,7.098913192749023e-05,0.9977096319198608,2019.1492919921875,0.0003033876419067383,0.998533308506012,162.38912963867188,0.00024366378784179688,0.9995282888412476,0.02111196704208851,-0.0009243488311767578,0.9974573850631714,9.827289581298828,0.0020546317100524902,1.0000685453414917,16.70688819885254,-0.0011092424392700195,95,1537,-2.1457672119140625e-05
SLIM*MIX_ms0.1_pat5_fn-full_extended_const-small_ints_raw,dd1681e3-7f95-11f1-88f9-2c7ba0e6fa90,synthetic_prior,0,180,0.9990086555480957,0.12728190422058105,286990.0,0.9961435198783875,30.942218780517578,6.502866744995117e-05,0.9977186322212219,2019.1676025390625,0.0002853274345397949,0.9985502362251282,162.39187622070312,0.0002098679542541504,0.9995343685150146,0.021112093701958656,-0.0009365081787109375,0.9974881410598755,9.827592849731445,0.001993119716644287,1.0000543594360352,16.706649780273438,-0.0010807514190673828,96,1552,-1.8358230590820312e-05
SLIM*MIX_ms0.1_pat5_fn-full_extended_const-small_ints_raw,dd1681e3-7f95-11f1-88f9-2c7ba0e6fa90,synthetic_prior,0,181,0.9990078806877136,0.11929178237915039,290667.0,0.9961426854133606,30.94219207763672,6.669759750366211e-05,0.9977188110351562,2019.1678466796875,0.00028502941131591797,0.9985496997833252,162.3917999267578,0.00021088123321533203,0.9995789527893066,0.021113036200404167,-0.0010256767272949219,0.9975003004074097,9.827712059020996,0.0019688010215759277,1.0001187324523926,16.707727432250977,-0.0012096166610717773,97,1567,-1.6808509826660156e-05
SLIM*MIX_ms0.1_pat5_fn-full_extended_const-small_ints_raw,dd1681e3-7f95-11f1-88f9-2c7ba0e6fa90,synthetic_prior,0,182,0.9990055561065674,0.1268174648284912,294458.0,0.9959245324134827,30.935415267944336,0.000504612922668457,0.9978406429290771,2019.4144287109375,4.076957702636719e-05,0.9984896779060364,162.3820343017578,0.0003311038017272949,0.9968690276145935,0.0210557971149683,0.00439453125,0.9976580739021301,9.829267501831055,0.0016529560089111328,1.0002634525299072,16.710142135620117,-0.0014992952346801758,91,1436,-1.2159347534179688e-05
SLIM*MIX_ms0.1_pat5_fn-full_extended_const-small_ints_raw,dd1681e3-7f95-11f1-88f9-2c7ba0e6fa90,synthetic_prior,0,183,0.9989976286888123,0.1268310546875,298387.0,0.9959213733673096,30.935317993164062,0.0005109310150146484,0.9978046417236328,2019.341552734375,0.00011295080184936523,0.998490571975708,162.38218688964844,0.0003292560577392578,0.997032880783081,0.02105925977230072,0.00406724214553833,0.9977605938911438,9.830277442932129,0.0014478564262390137,1.0004721879959106,16.71363067626953,-0.0019172430038452148,92,1451,3.7550926208496094e-06
SLIM*MIX_ms0.1_pat5_fn-full_extended_const-small_ints_raw,dd1681e3-7f95-11f1-88f9-2c7ba0e6fa90,synthetic_prior,0,184,0.9989976286888123,0.12732267379760742,302401.0,0.9959213733673096,30.935317993164062,0.0005109310150146484,0.9978046417236328,2019.341552734375,0.00011295080184936523,0.998490571975708,162.38218688964844,0.0003292560577392578,0.997032880783081,0.02105925977230072,0.00406724214553833,0.9977605938911438,9.830277442932129,0.0014478564262390137,1.0004721879959106,16.71363067626953,-0.0019172430038452148,92,1451,3.7550926208496094e-06
SLIM*MIX_ms0.1_pat5_fn-full_extended_const-small_ints_raw,dd1681e3-7f95-11f1-88f9-2c7ba0e6fa90,synthetic_prior,0,185,0.998995304107666,0.1345207691192627,305002.0,0.9961423873901367,30.942182540893555,6.723403930664062e-05,0.9977149963378906,2019.16015625,0.00029265880584716797,0.9985277652740479,162.3882293701172,0.0002548098564147949,0.9993526935577393,0.02110825851559639,-0.0005726814270019531,0.9974989891052246,9.827699661254883,0.0019714832305908203,1.0001566410064697,16.708358764648438,-0.0012854337692260742,100,1612,8.404254913330078e-06
SLIM*MIX_ms0.1_pat5_fn-full_extended_const-small_ints_raw,dd1681e3-7f95-11f1-88f9-2c7ba0e6fa90,synthetic_prior,0,186,0.9989937543869019,0.11126995086669922,309565.0,0.9959067702293396,30.93486785888672,0.0005401372909545898,0.9977936148643494,2019.3192138671875,0.00013512372970581055,0.9984875321388245,162.38168334960938,0.00033533573150634766,0.9968392848968506,0.02105516940355301,0.0044539570808410645,0.9975669980049133,9.828370094299316,0.0018353462219238281,1.0003005266189575,16.71076202392578,-0.0015735626220703125,94,1498,1.150369644165039e-05
SLIM*MIX_ms0.1_pat5_fn-full_extended_const-small_ints_raw,dd1681e3-7f95-11f1-88f9-2c7ba0e6fa90,synthetic_prior,0,187,0.9989937543869019,0.15889430046081543,311438.0,0.9959067702293396,30.93486785888672,0.0005401372909545898,0.9977936148643494,2019.3192138671875,0.00013512372970581055,0.9984875321388245,162.38168334960938,0.00033533573150634766,0.9968392848968506,0.02105516940355301,0.0044539570808410645,0.9975669980049133,9.828370094299316,0.0018353462219238281,1.0003005266189575,16.71076202392578,-0.0015735626220703125,94,1498,1.150369644165039e-05
SLIM*MIX_ms0.1_pat5_fn-full_extended_const-small_ints_raw,dd1681e3-7f95-11f1-88f9-2c7ba0e6fa90,synthetic_prior,0,188,0.9989854693412781,1.2277021408081055,313588.0,0.9963088631629944,30.94735336303711,-0.0002669095993041992,0.9977030754089355,2019.135986328125,0.0003165006637573242,0.9985072016716003,162.3848876953125,0.00029593706130981445,0.9992470145225525,0.021106025204062462,-0.0003610849380493164,0.9976183176040649,9.828876495361328,0.0017325282096862793,1.00055992603302,16.71509552001953,-0.0020929574966430664,102,1645,2.8073787689208984e-05
SLIM*MIX_ms0.1_pat5_fn-full_extended_const-small_ints_raw,dd1681e3-7f95-11f1-88f9-2c7ba0e6fa90,synthetic_prior,0,189,0.9989854693412781,0.11130571365356445,312785.0,0.9963088631629944,30.94735336303711,-0.0002669095993041992,0.9977030754089355,2019.135986328125,0.0003165006637573242,0.9985072016716003,162.3848876953125,0.00029593706130981445,0.9992470145225525,0.021106025204062462,-0.0003610849380493164,0.9976183176040649,9.828876495361328,0.0017325282096862793,1.00055992603302,16.71509552001953,-0.0020929574966430664,102,1645,2.8073787689208984e-05
SLIM*MIX_ms0.1_pat5_fn-full_extended_const-small_ints_raw,dd1681e3-7f95-11f1-88f9-2c7ba0e6fa90,synthetic_prior,0,190,0.9989854693412781,0.10287833213806152,312479.0,0.9963088631629944,30.94735336303711,-0.0002669095993041992,0.9977030754089355,2019.135986328125,0.0003165006637573242,0.9985072016716003,162.3848876953125,0.00029593706130981445,0.9992470145225525,0.021106025204062462,-0.0003610849380493164,0.9976183176040649,9.828876495361328,0.0017325282096862793,1.00055992603302,16.71509552001953,-0.0020929574966430664,102,1645,2.8073787689208984e-05
SLIM*MIX_ms0.1_pat5_fn-full_extended_const-small_ints_raw,dd1681e3-7f95-11f1-88f9-2c7ba0e6fa90,synthetic_prior,0,191,0.9989849925041199,0.12723827362060547,311441.0,0.9963142275810242,30.947521209716797,-0.0002777576446533203,0.9977037310600281,2019.1373291015625,0.000315248966217041,0.9985089302062988,162.38516235351562,0.0002924799919128418,0.9992135167121887,0.021105317398905754,-0.00029397010803222656,0.9976486563682556,9.829174041748047,0.001671910285949707,1.0006320476531982,16.716299057006836,-0.0022374391555786133,104,1673,2.8967857360839844e-05
SLIM*MIX_ms0.1_pat5_fn-full_extended_const-small_ints_raw,dd1681e3-7f95-11f1-88f9-2c7ba0e6fa90,synthetic_prior,0,192,0.998979926109314,1.2717771530151367,314061.0,0.9963465929031372,30.948524475097656,-0.0003427267074584961,0.997721254825592,2019.1729736328125,0.00028002262115478516,0.9985132217407227,162.38587951660156,0.00028389692306518555,0.9991214275360107,0.021103374660015106,-0.00010967254638671875,0.9977661967277527,9.830331802368164,0.0014366507530212402,1.000709891319275,16.717599868774414,-0.002393484115600586,103,1659,3.921985626220703e-05
SLIM*MIX_ms0.1_pat5_fn-full_extended_const-small_ints_raw,dd1681e3-7f95-11f1-88f9-2c7ba0e6fa90,synthetic_prior,0,193,0.998979926109314,0.11119389533996582,319693.0,0.9963465929031372,30.948524475097656,-0.0003427267074584961,0.997721254825592,2019.1729736328125,0.00028002262115478516,0.9985132217407227,162.38587951660156,0.00028389692306518555,0.9991214275360107,0.021103374660015106,-0.00010967254638671875,0.9977661967277527,9.830331802368164,0.0014366507530212402,1.000709891319275,16.717599868774414,-0.002393484115600586,103,1659,3.921985626220703e-05
SLIM*MIX_ms0.1_pat5_fn-full_extended_const-small_ints_raw,dd1681e3-7f95-11f1-88f9-2c7ba0e6fa90,synthetic_prior,0,194,0.9989758133888245,0.10492897033691406,322355.0,0.9963473677635193,30.94854736328125,-0.00034427642822265625,0.9977314472198486,2019.1934814453125,0.00025963783264160156,0.9984877109527588,162.3817138671875,0.0003350377082824707,0.9996768236160278,0.021115105599164963,-0.0012218952178955078,0.998267412185669,9.835270881652832,0.0004330873489379883,1.000882863998413,16.720491409301758,-0.002740144729614258,101,1619,4.744529724121094e-05
SLIM*MIX_ms0.1_pat5_fn-full_extended_const-small_ints_raw,dd1681e3-7f95-11f1-88f9-2c7ba0e6fa90,synthetic_prior,0,195,0.9989758133888245,0.13418340682983398,327262.0,0.9963473677635193,30.94854736328125,-0.00034427642822265625,0.9977314472198486,2019.1934814453125,0.00025963783264160156,0.9984877109527588,162.3817138671875,0.0003350377082824707,0.9996768236160278,0.021115105599164963,-0.0012218952178955078,0.998267412185669,9.835270881652832,0.0004330873489379883,1.000882863998413,16.720491409301758,-0.002740144729614258,101,1619,4.744529724121094e-05
SLIM*MIX_ms0.1_pat5_fn-full_extended_const-small_ints_raw,dd1681e3-7f95-11f1-88f9-2c7ba0e6fa90,synthetic_prior,0,196,0.9989671111106873,1.2344324588775635,329584.0,0.9963918328285217,30.94993019104004,-0.0004335641860961914,0.9976902604103088,2019.110107421875,0.0003421902656555176,0.9984691143035889,162.37867736816406,0.00037229061126708984,0.9993023872375488,0.02110719494521618,-0.00047194957733154297,0.9980835914611816,9.83345890045166,0.0008012652397155762,1.0005805492401123,16.71544075012207,-0.0021343231201171875,102,1633,6.479024887084961e-05
SLIM*MIX_ms0.1_pat5_fn-full_extended_const-small_ints_raw,dd1681e3-7f95-11f1-88f9-2c7ba0e6fa90,synthetic_prior,0,197,0.9989615082740784,0.11095190048217773,332289.0,0.9964281916618347,30.95106315612793,-0.0005066394805908203,0.9977136850357056,2019.157470703125,0.00029528141021728516,0.9985257983207703,162.38790893554688,0.0002586841583251953,0.9989104270935059,0.021098915487527847,0.0003126859664916992,0.9982842803001404,9.835436820983887,0.0003994107246398926,1.000715970993042,16.717702865600586,-0.0024056434631347656,107,1719,7.605552673339844e-05
SLIM*MIX_ms0.1_pat5_fn-full_extended_const-small_ints_raw,dd1681e3-7f95-11f1-88f9-2c7ba0e6fa90,synthetic_prior,0,198,0.9989615082740784,0.11152434349060059,333139.0,0.9964281916618347,30.95106315612793,-0.0005066394805908203,0.9977136850357056,2019.157470703125,0.00029528141021728516,0.9985257983207703,162.38790893554688,0.0002586841583251953,0.9989104270935059,0.021098915487527847,0.0003126859664916992,0.9982842803001404,9.835436820983887,0.0003994107246398926,1.000715970993042,16.717702865600586,-0.0024056434631347656,107,1719,7.605552673339844e-05
SLIM*MIX_ms0.1_pat5_fn-full_extended_const-small_ints_raw,dd1681e3-7f95-11f1-88f9-2c7ba0e6fa90,synthetic_prior,0,199,0.9989615082740784,0.13782858848571777,333992.0,0.9964281916618347,30.95106315612793,-0.0005066394805908203,0.9977136850357056,2019.157470703125,0.00029528141021728516,0.9985257983207703,162.38790893554688,0.0002586841583251953,0.9989104270935059,0.021098915487527847,0.0003126859664916992,0.9982842803001404,9.835436820983887,0.0003994107246398926,1.000715970993042,16.717702865600586,-0.0024056434631347656,107,1719,7.605552673339844e-05
SLIM*MIX_ms0.1_pat5_fn-full_extended_const-small_ints_raw,dd1681e3-7f95-11f1-88f9-2c7ba0e6fa90,synthetic_prior,0,200,0.9989588856697083,1.2703022956848145,333240.0,0.996417760848999,30.95073890686035,-0.0004856586456298828,0.9977139234542847,2019.157958984375,0.00029474496841430664,0.9985180497169495,162.3866424560547,0.00027430057525634766,0.9988979697227478,0.021098652854561806,0.0003376603126525879,0.9982556104660034,9.835155487060547,0.00045675039291381836,1.0006717443466187,16.716962814331055,-0.0023169517517089844,107,1726,8.130073547363281e-05
SLIM*MIX_ms0.1_pat5_fn-full_extended_const-small_ints_ls,dd1681e3-7f95-11f1-88f9-2c7ba0e6fa90,synthetic_prior,0,0,0.9986851215362549,0.12620329856872559,889.0,0.996112048625946,30.941240310668945,0.00012814998626708984,0.9978750944137573,2019.484130859375,-2.8133392333984375e-05,0.9985600709915161,162.3934783935547,0.00019019842147827148,1.0130341053009033,0.021397234871983528,-0.028156399726867676,1.004136323928833,9.89309310913086,-0.011354446411132812,1.0078970193862915,16.83766746520996,-0.016843557357788086,1,3,0.0006291866302490234
SLIM*MIX_ms0.1_pat5_fn-full_extended_const-small_ints_ls,dd1681e3-7f95-11f1-88f9-2c7ba0e6fa90,synthetic_prior,0,1,0.9986851215362549,0.11355996131896973,2559.0,0.996112048625946,30.941240310668945,0.00012814998626708984,0.9978750944137573,2019.484130859375,-2.8133392333984375e-05,0.9985600709915161,162.3934783935547,0.00019019842147827148,1.0130341053009033,0.021397234871983528,-0.028156399726867676,1.004136323928833,9.89309310913086,-0.011354446411132812,1.0078970193862915,16.83766746520996,-0.016843557357788086,1,3,0.0006291866302490234
SLIM*MIX_ms0.1_pat5_fn-full_extended_const-small_ints_ls,dd1681e3-7f95-11f1-88f9-2c7ba0e6fa90,synthetic_prior,0,2,0.9986834526062012,0.11033987998962402,3246.0,0.9961144328117371,30.941314697265625,0.0001233816146850586,0.9978775978088379,2019.4892578125,-3.325939178466797e-05,0.9985588788986206,162.39328002929688,0.0001925826072692871,1.0129034519195557,0.021394478157162666,-0.02789127826690674,1.0041512250900269,9.893239974975586,-0.01138448715209961,1.0078545808792114,16.836957931518555,-0.016757965087890625,2,16,0.0006326436996459961
SLIM*MIX_ms0.1_pat5_fn-full_extended_const-small_ints_ls,dd1681e3-7f95-11f1-88f9-2c7ba0e6fa90,synthetic_prior,0,3,0.9986799359321594,0.10992765426635742,3791.0,0.9960899353027344,30.940553665161133,0.00017255544662475586,0.9978795051574707,2019.4930419921875,-3.695487976074219e-05,0.9985625147819519,162.3938751220703,0.00018525123596191406,1.0124969482421875,0.02138589136302471,-0.027066469192504883,1.0036462545394897,9.888264656066895,-0.010367393493652344,1.0080492496490479,16.840211868286133,-0.01715087890625,2,17,0.0006396174430847168
SLIM*MIX_ms0.1_pat5_fn-full_extended_const-small_ints_ls,dd1681e3-7f95-11f1-88f9-2c7ba0e6fa90,synthetic_prior,0,4,0.9986774325370789,0.09542202949523926,4144.0,0.9961201548576355,30.941492080688477,0.0001118779182434082,0.9978866577148438,2019.507568359375,-5.137920379638672e-05,0.9985441565513611,162.39088439941406,0.00022202730178833008,1.0129413604736328,0.021395277231931686,-0.027968168258666992,1.0041100978851318,9.892834663391113,-0.011301755905151367,1.008054256439209,16.840293884277344,-0.017160892486572266,3,30,0.000644683837890625
SLIM*MIX_ms0.1_pat5_fn-full_extended_const-small_ints_ls,dd1681e3-7f95-11f1-88f9-2c7ba0e6fa90,synthetic_prior,0,5,0.9986734390258789,1.3375482559204102,4100.0,0.9960804581642151,30.940258026123047,0.00019156932830810547,0.9978747367858887,2019.4833984375,-2.7418136596679688e-05,0.9985440373420715,162.39088439941406,0.00022220611572265625,1.0120028257369995,0.021375451236963272,-0.026064038276672363,1.0041459798812866,9.8931884765625,-0.01137387752532959,1.008925199508667,16.854843139648438,-0.01891922950744629,2,18,0.0006526708602905273
SLIM*MIX_ms0.1_pat5_fn-full_extended_const-small_ints_ls,dd1681e3-7f95-11f1-88f9-2c7ba0e6fa90,synthetic_prior,0,6,0.9986646175384521,0.12759089469909668,4704.0,0.9960793256759644,30.940223693847656,0.0001938939094543457,0.9978786110877991,2019.4913330078125,-3.528594970703125e-05,0.9985741376876831,162.39578247070312,0.00016188621520996094,1.012866497039795,0.02139369584619999,-0.027816176414489746,1.003751516342163,9.889302253723145,-0.010579586029052734,1.0085984468460083,16.849384307861328,-0.018259406089782715,3,39,0.000670313835144043
SLIM*MIX_ms0.1_pat5_fn-full_extended_const-small_ints_ls,dd1681e3-7f95-11f1-88f9-2c7ba0e6fa90,synthetic_prior,0,7,0.9986586570739746,0.11182641983032227,5444.0,0.9960659146308899,30.939809799194336,0.00022077560424804688,0.997877299785614,2019.488525390625,-3.266334533691406e-05,0.9985741376876831,162.39576721191406,0.00016188621520996094,1.0127042531967163,0.021390268579125404,-0.02748692035675049,1.0034841299057007,9.886666297912598,-0.010040998458862305,1.0090266466140747,16.856538772583008,-0.019124269485473633,4,56,0.0006821751594543457
SLIM*MIX_ms0.1_pat5_fn-full_extended_const-small_ints_ls,dd1681e3-7f95-11f1-88f9-2c7ba0e6fa90,synthetic_prior,0,8,0.9986585974693298,0.11122012138366699,6871.0,0.9960654973983765,30.939794540405273,0.00022161006927490234,0.9978764057159424,2019.48681640625,-3.075599670410156e-05,0.998574435710907,162.39581298828125,0.00016129016876220703,1.012714147567749,0.021390479058027267,-0.02750718593597412,1.0034734010696411,9.88656234741211,-0.010019540786743164,1.0090323686599731,16.85663414001465,-0.019135713577270508,5,70,0.0006822943687438965
SLIM*MIX_ms0.1_pat5_fn-full_extended_const-small_ints_ls,dd1681e3-7f95-11f1-88f9-2c7ba0e6fa90,synthetic_prior,0,9,0.9986585974693298,0.12785649299621582,8386.0,0.9960654973983765,30.939794540405273,0.00022161006927490234,0.9978764057159424,2019.48681640625,-3.075599670410156e-05,0.998574435710907,162.39581298828125,0.00016129016876220703,1.012714147567749,0.021390479058027267,-0.02750718593597412,1.0034734010696411,9.88656234741211,-0.010019540786743164,1.0090323686599731,16.85663414001465,-0.019135713577270508,5,70,0.0006822943687438965
SLIM*MIX_ms0.1_pat5_fn-full_extended_const-small_ints_ls,dd1681e3-7f95-11f1-88f9-2c7ba0e6fa90,synthetic_prior,0,10,0.9986584186553955,0.1266491413116455,9790.0,0.9960620403289795,30.93968963623047,0.00022852420806884766,0.9978737831115723,2019.4814453125,-2.562999725341797e-05,0.9985747933387756,162.3958740234375,0.00016063451766967773,1.012790322303772,0.021392086520791054,-0.027661681175231934,1.0034884214401245,9.886710166931152,-0.010049819946289062,1.009089469909668,16.857587814331055,-0.019250988960266113,7,96,0.0006826519966125488
SLIM*MIX_ms0.1_pat5_fn-full_extended_const-small_ints_ls,dd1681e3-7f95-11f1-88f9-2c7ba0e6fa90,synthetic_prior,0,11,0.9986519813537598,0.12546086311340332,11200.0,0.9960685968399048,30.939891815185547,0.00021541118621826172,0.9978662133216858,2019.4661865234375,-1.0371208190917969e-05,0.9985827803611755,162.39718627929688,0.00014460086822509766,1.0135087966918945,0.021407263353466988,-0.029120326042175293,1.0037035942077637,9.888830184936523,-0.010483145713806152,1.0089826583862305,16.855804443359375,-0.01903533935546875,5,68,0.000695645809173584
SLIM*MIX_ms0.1_pat5_fn-full_extended_const-small_ints_ls,dd1681e3-7f95-11f1-88f9-2c7ba0e6fa90,synthetic_prior,0,12,0.9986420273780823,0.1275501251220703,12997.0,0.9960730671882629,30.94002914428711,0.00020647048950195312,0.9978675246238708,2019.4688720703125,-1.3113021850585938e-05,0.998580813407898,162.3968505859375,0.00014865398406982422,1.0130293369293213,0.02139713615179062,-0.028146743774414062,1.0037989616394043,9.889769554138184,-0.01067507266998291,1.0091086626052856,16.857906341552734,-0.019289731979370117,6,84,0.0007155537605285645
SLIM*MIX_ms0.1_pat5_fn-full_extended_const-small_ints_ls,dd1681e3-7f95-11f1-88f9-2c7ba0e6fa90,synthetic_prior,0,13,0.9986420273780823,1.332650899887085,14368.0,0.9960730671882629,30.94002914428711,0.00020647048950195312,0.9978675246238708,2019.4688720703125,-1.3113021850585938e-05,0.998580813407898,162.3968505859375,0.00014865398406982422,1.0130293369293213,0.02139713615179062,-0.028146743774414062,1.0037989616394043,9.889769554138184,-0.01067507266998291,1.0091086626052856,16.857906341552734,-0.019289731979370117,6,84,0.0007155537605285645
SLIM*MIX_ms0.1_pat5_fn-full_extended_const-small_ints_ls,dd1681e3-7f95-11f1-88f9-2c7ba0e6fa90,synthetic_prior,0,14,0.9986420273780823,0.1347517967224121,16294.0,0.9960730671882629,30.94002914428711,0.00020647048950195312,0.9978675246238708,2019.4688720703125,-1.3113021850585938e-05,0.998580813407898,162.3968505859375,0.00014865398406982422,1.0130293369293213,0.02139713615179062,-0.028146743774414062,1.0037989616394043,9.889769554138184,-0.01067507266998291,1.0091086626052856,16.857906341552734,-0.019289731979370117,6,84,0.0007155537605285645
SLIM*MIX_ms0.1_pat5_fn-full_extended_const-small_ints_ls,dd1681e3-7f95-11f1-88f9-2c7ba0e6fa90,synthetic_prior,0,15,0.9986386895179749,0.126875638961792,18866.0,0.9960654973983765,30.939794540405273,0.00022161006927490234,0.9978811144828796,2019.4964599609375,-4.029273986816406e-05,0.9985802173614502,162.39675903320312,0.00014978647232055664,1.012699007987976,0.02139015682041645,-0.027476191520690918,1.0037493705749512,9.889280319213867,-0.010575175285339355,1.009163737297058,16.858829498291016,-0.019401192665100098,7,102,0.0007221698760986328
SLIM*MIX_ms0.1_pat5_fn-full_extended_const-small_ints_ls,dd1681e3-7f95-11f1-88f9-2c7ba0e6fa90,synthetic_prior,0,16,0.9986273646354675,0.14201092720031738,20318.0,0.9961435198783875,30.942218780517578,6.502866744995117e-05,0.9978303909301758,2019.3936767578125,6.133317947387695e-05,0.9985837936401367,162.39735412597656,0.00014263391494750977,1.0146759748458862,0.02143191732466221,-0.031491994857788086,1.0045952796936035,9.897615432739258,-0.012279391288757324,1.007841944694519,16.836746215820312,-0.01673257350921631,11,157,0.0007448792457580566
SLIM*MIX_ms0.1_pat5_fn-full_extended_const-small_ints_ls,dd1681e3-7f95-11f1-88f9-2c7ba0e6fa90,synthetic_prior,0,17,0.9986273646354675,0.12786364555358887,21517.0,0.9961435198783875,30.942218780517578,6.502866744995117e-05,0.9978303909301758,2019.3936767578125,6.133317947387695e-05,0.9985837936401367,162.39735412597656,0.00014263391494750977,1.0146759748458862,0.02143191732466221,-0.031491994857788086,1.0045952796936035,9.897615432739258,-0.012279391288757324,1.007841944694519,16.836746215820312,-0.01673257350921631,11,157,0.0007448792457580566
SLIM*MIX_ms0.1_pat5_fn-full_extended_const-small_ints_ls,dd1681e3-7f95-11f1-88f9-2c7ba0e6fa90,synthetic_prior,0,18,0.9986273646354675,0.11145615577697754,23343.0,0.9961435198783875,30.942218780517578,6.502866744995117e-05,0.9978303909301758,2019.3936767578125,6.133317947387695e-05,0.9985837936401367,162.39735412597656,0.00014263391494750977,1.0146759748458862,0.02143191732466221,-0.031491994857788086,1.0045952796936035,9.897615432739258,-0.012279391288757324,1.007841944694519,16.836746215820312,-0.01673257350921631,11,157,0.0007448792457580566
SLIM*MIX_ms0.1_pat5_fn-full_extended_const-small_ints_ls,dd1681e3-7f95-11f1-88f9-2c7ba0e6fa90,synthetic_prior,0,19,0.9986254572868347,0.128828763961792,25140.0,0.9961730241775513,30.94313621520996,5.7220458984375e-06,0.9978312253952026,2019.3953857421875,5.97834587097168e-05,0.9986182451248169,162.40293884277344,7.355213165283203e-05,1.01393723487854,0.02141631208360195,-0.029990553855895996,1.004286766052246,9.894576072692871,-0.01165771484375,1.007981538772583,16.839080810546875,-0.017014265060424805,12,162,0.000748753547668457
SLIM*MIX_ms0.1_pat5_fn-full_extended_const-small_ints_ls,dd1681e3-7f95-11f1-88f9-2c7ba0e6fa90,synthetic_prior,0,20,0.9986236691474915,1.3359167575836182,26895.0,0.9961269497871399,30.94170379638672,9.822845458984375e-05,0.9978621006011963,2019.457763671875,-2.1457672119140625e-06,0.9985974431037903,162.39956665039062,0.00011521577835083008,1.0150851011276245,0.021440556272864342,-0.03232383728027344,1.0056264400482178,9.907773971557617,-0.014358282089233398,1.0081758499145508,16.84232521057129,-0.017406344413757324,10,136,0.0007523298263549805
SLIM*MIX_ms0.1_pat5_fn-full_extended_const-small_ints_ls,dd1681e3-7f95-11f1-88f9-2c7ba0e6fa90,synthetic_prior,0,21,0.9986196756362915,0.13364839553833008,28686.0,0.9961798787117004,30.943347930908203,-7.987022399902344e-06,0.997897744178772,2019.530029296875,-7.367134094238281e-05,0.9986291527748108,162.40472412109375,5.173683166503906e-05,1.0137568712234497,0.021412502974271774,-0.029624223709106445,1.0045382976531982,9.897053718566895,-0.01216435432434082,1.0079632997512817,16.838775634765625,-0.016977429389953613,12,169,0.0007603168487548828
SLIM*MIX_ms0.1_pat5_fn-full_extended_const-small_ints_ls,dd1681e3-7f95-11f1-88f9-2c7ba0e6fa90,synthetic_prior,0,22,0.9986169934272766,0.12812519073486328,30237.0,0.9960939884185791,30.940677642822266,0.00016444921493530273,0.9978621602058411,2019.4580078125,-2.2649765014648438e-06,0.9985739588737488,162.39573669433594,0.00016230344772338867,1.014894723892212,0.021436534821987152,-0.0319366455078125,1.0045969486236572,9.897631645202637,-0.012282609939575195,1.0082083940505981,16.84286880493164,-0.017472028732299805,13,185,0.0007656216621398926
SLIM*MIX_ms0.1_pat5_fn-full_extended_const-small_ints_ls,dd1681e3-7f95-11f1-88f9-2c7ba0e6fa90,synthetic_prior,0,23,0.9986107349395752,0.12601518630981445,32232.0,0.9961790442466736,30.943321228027344,-6.318092346191406e-06,0.9979053139686584,2019.5452880859375,-8.869171142578125e-05,0.998630940914154,162.40501403808594,4.8220157623291016e-05,1.0138157606124878,0.02141374535858631,-0.029743671417236328,1.0040961503982544,9.89269733428955,-0.011273503303527832,1.0082584619522095,16.843708038330078,-0.017573118209838867,12,167,0.0007781982421875
SLIM*MIX_ms0.1_pat5_fn-full_extended_const-small_ints_ls,dd1681e3-7f95-11f1-88f9-2c7ba0e6fa90,synthetic_prior,0,24,0.9986075162887573,0.1267387866973877,34304.0,0.9961411952972412,30.9421443939209,6.973743438720703e-05,0.9978828430175781,2019.4998779296875,-4.374980926513672e-05,0.9986328482627869,162.40530395507812,4.4405460357666016e-05,1.0138494968414307,0.021414456889033318,-0.029812216758728027,1.0040979385375977,9.892714500427246,-0.011277079582214355,1.00874662399292,16.85186004638672,-0.018558621406555176,19,280,0.0007845759391784668
SLIM*MIX_ms0.1_pat5_fn-full_extended_const-small_ints_ls,dd1681e3-7f95-11f1-88f9-2c7ba0e6fa90,synthetic_prior,0,25,0.9985899329185486,0.11226415634155273,36598.0,0.9962651133537292,30.945995330810547,-0.00017917156219482422,0.9978241920471191,2019.381103515625,7.37905502319336e-05,0.9985900521278381,162.3983612060547,0.00013011693954467773,1.01321280002594,0.02140100859105587,-0.028519153594970703,1.0036534070968628,9.888335227966309,-0.01038205623626709,1.0084123611450195,16.846277236938477,-0.017883658409118652,16,230,0.0008198022842407227
SLIM*MIX_ms0.1_pat5_fn-full_extended_const-small_ints_ls,dd1681e3-7f95-11f1-88f9-2c7ba0e6fa90,synthetic_prior,0,26,0.9985899329185486,0.15845203399658203,36797.0,0.9962651133537292,30.945995330810547,-0.00017917156219482422,0.9978241920471191,2019.381103515625,7.37905502319336e-05,0.9985900521278381,162.3983612060547,0.00013011693954467773,1.01321280002594,0.02140100859105587,-0.028519153594970703,1.0036534070968628,9.888335227966309,-0.01038205623626709,1.0084123611450195,16.846277236938477,-0.017883658409118652,16,230,0.0008198022842407227
SLIM*MIX_ms0.1_pat5_fn-full_extended_const-small_ints_ls,dd1681e3-7f95-11f1-88f9-2c7ba0e6fa90,synthetic_prior,0,27,0.9985890984535217,1.3499014377593994,40886.0,0.9962655901908875,30.94601058959961,-0.0001800060272216797,0.9978132843971252,2019.359130859375,9.560585021972656e-05,0.9985596537590027,162.39340209960938,0.00019097328186035156,1.0111685991287231,0.021357832476496696,-0.024373173713684082,1.0031088590621948,9.882970809936523,-0.009285926818847656,1.0088956356048584,16.854351043701172,-0.018859505653381348,16,230,0.0008214116096496582
SLIM*MIX_ms0.1_pat5_fn-full_extended_const-small_ints_ls,dd1681e3-7f95-11f1-88f9-2c7ba0e6fa90,synthetic_prior,0,28,0.9985890984535217,0.14308714866638184,43433.0,0.9962655901908875,30.94601058959961,-0.0001800060272216797,0.9978132843971252,2019.359130859375,9.560585021972656e-05,0.9985596537590027,162.39340209960938,0.00019097328186035156,1.0111685991287231,0.021357832476496696,-0.024373173713684082,1.0031088590621948,9.882970809936523,-0.009285926818847656,1.0088956356048584,16.854351043701172,-0.018859505653381348,16,230,0.0008214116096496582
SLIM*MIX_ms0.1_pat5_fn-full_extended_const-small_ints_ls,dd1681e3-7f95-11f1-88f9-2c7ba0e6fa90,synthetic_prior,0,29,0.9985820651054382,0.12734603881835938,45127.0,0.9962533116340637,30.945627212524414,-0.00015544891357421875,0.9978220462799072,2019.3768310546875,7.814168930053711e-05,0.9985900521278381,162.3983612060547,0.00013011693954467773,1.0131921768188477,0.02140057273209095,-0.028477191925048828,1.003567099571228,9.887484550476074,-0.0102081298828125,1.0085316896438599,16.848270416259766,-0.01812458038330078,17,259,0.0008355379104614258
SLIM*MIX_ms0.1_pat5_fn-full_extended_const-small_ints_ls,dd1681e3-7f95-11f1-88f9-2c7ba0e6fa90,synthetic_prior,0,30,0.9985780119895935,0.14323782920837402,46123.0,0.9961094260215759,30.941160202026367,0.0001334547996520996,0.9979157447814941,2019.56640625,-0.00010967254638671875,0.9985665082931519,162.39453125,0.00017720460891723633,1.015550971031189,0.02145039662718773,-0.03327155113220215,1.0053389072418213,9.90494155883789,-0.01377856731414795,1.009485125541687,16.864198684692383,-0.020050644874572754,18,280,0.0008437037467956543
SLIM*MIX_ms0.1_pat5_fn-full_extended_const-small_ints_ls,dd1681e3-7f95-11f1-88f9-2c7ba0e6fa90,synthetic_prior,0,31,0.9985747337341309,0.12468576431274414,47213.0,0.9962440133094788,30.94533920288086,-0.0001367330551147461,0.997829794883728,2019.392578125,6.258487701416016e-05,0.9985336661338806,162.38919067382812,0.00024300813674926758,1.0114753246307373,0.021364310756325722,-0.024994611740112305,1.0032402276992798,9.884264945983887,-0.009550213813781738,1.0087461471557617,16.851852416992188,-0.01855766773223877,18,257,0.0008502006530761719
SLIM*MIX_ms0.1_pat5_fn-full_extended_const-small_ints_ls,dd1681e3-7f95-11f1-88f9-2c7ba0e6fa90,synthetic_prior,0,32,0.998572051525116,0.11872220039367676,49520.0,0.9962506294250488,30.94554328918457,-0.0001499652862548828,0.9979008436203003,2019.5362548828125,-7.987022399902344e-05,0.9985933303833008,162.3988800048828,0.00012356042861938477,1.0129492282867432,0.021395443007349968,-0.027984142303466797,1.003928303718567,9.891043663024902,-0.010935544967651367,1.0086297988891602,16.849910736083984,-0.01832270622253418,15,223,0.000855565071105957
SLIM*MIX_ms0.1_pat5_fn-full_extended_const-small_ints_ls,dd1681e3-7f95-11f1-88f9-2c7ba0e6fa90,synthetic_prior,0,33,0.9985692501068115,0.15896153450012207,51534.0,0.996237576007843,30.945140838623047,-0.00012385845184326172,0.9978362917900085,2019.4056396484375,4.9591064453125e-05,0.9985328912734985,162.38906860351562,0.00024449825286865234,1.0114957094192505,0.021364742890000343,-0.025036215782165527,1.0032681226730347,9.884539604187012,-0.009606361389160156,1.0089201927185059,16.854761123657227,-0.018909096717834473,16,224,0.0008611679077148438
SLIM*MIX_ms0.1_pat5_fn-full_extended_const-small_ints_ls,dd1681e3-7f95-11f1-88f9-2c7ba0e6fa90,synthetic_prior,0,34,0.9985653162002563,0.1279585361480713,53464.0,0.9962471127510071,30.945438385009766,-0.00014293193817138672,0.9978362321853638,2019.4053955078125,4.971027374267578e-05,0.9985923767089844,162.39874267578125,0.00012546777725219727,1.013657808303833,0.021410411223769188,-0.029422998428344727,1.0035752058029175,9.887565612792969,-0.010224580764770508,1.008904218673706,16.8544921875,-0.01887691020965576,18,271,0.0008690357208251953
SLIM*MIX_ms0.1_pat5_fn-full_extended_const-small_ints_ls,dd1681e3-7f95-11f1-88f9-2c7ba0e6fa90,synthetic_prior,0,35,0.9985606074333191,0.14281868934631348,52718.0,0.9962613582611084,30.945878982543945,-0.000171661376953125,0.9978329539299011,2019.39892578125,5.632638931274414e-05,0.9986039400100708,162.40061950683594,0.0001023411750793457,1.0141795873641968,0.02142142876982689,-0.030482769012451172,1.0033652782440186,9.885497093200684,-0.009801983833312988,1.0079351663589478,16.838306427001953,-0.01692056655883789,19,261,0.000878453254699707
SLIM*MIX_ms0.1_pat5_fn-full_extended_const-small_ints_ls,dd1681e3-7f95-11f1-88f9-2c7ba0e6fa90,synthetic_prior,0,36,0.9985587000846863,0.15834641456604004,53133.0,0.9962445497512817,30.945354461669922,-0.00013780593872070312,0.9978612661361694,2019.4561767578125,-4.76837158203125e-07,0.9984956979751587,162.3830108642578,0.000319063663482666,1.0129448175430298,0.021395349875092506,-0.02797520160675049,1.0033910274505615,9.885749816894531,-0.009853720664978027,1.0083415508270264,16.8450927734375,-0.017740607261657715,19,274,0.0008823275566101074
SLIM*MIX_ms0.1_pat5_fn-full_extended_const-small_ints_ls,dd1681e3-7f95-11f1-88f9-2c7ba0e6fa90,synthetic_prior,0,37,0.9985567927360535,0.14276885986328125,53704.0,0.9962156414985657,30.9444580078125,-7.987022399902344e-05,0.9978384971618652,2019.4100341796875,4.5180320739746094e-05,0.9985354542732239,162.3894805908203,0.00023943185806274414,1.013730764389038,0.021411951631307602,-0.029571175575256348,1.0033115148544312,9.884966850280762,-0.009693741798400879,1.0093806982040405,16.86245346069336,-0.01983952522277832,19,279,0.0008861422538757324
SLIM*MIX_ms0.1_pat5_fn-full_extended_const-small_ints_ls,dd1681e3-7f95-11f1-88f9-2c7ba0e6fa90,synthetic_prior,0,38,0.9985511898994446,0.13342666625976562,54530.0,0.9962153434753418,30.944448471069336,-7.927417755126953e-05,0.9978405237197876,2019.4141845703125,4.106760025024414e-05,0.9985384345054626,162.3899688720703,0.00023347139358520508,1.0141903162002563,0.021421657875180244,-0.030504703521728516,1.0029828548431396,9.881728172302246,-0.009032130241394043,1.0094034671783447,16.862831115722656,-0.01988542079925537,20,293,0.0008972883224487305
SLIM*MIX_ms0.1_pat5_fn-full_extended_const-small_ints_ls,dd1681e3-7f95-11f1-88f9-2c7ba0e6fa90,synthetic_prior,0,39,0.9985511898994446,0.14304375648498535,55962.0,0.9962153434753418,30.944448471069336,-7.927417755126953e-05,0.9978405237197876,2019.4141845703125,4.106760025024414e-05,0.9985384345054626,162.3899688720703,0.00023347139358520508,1.0141903162002563,0.021421657875180244,-0.030504703521728516,1.0029828548431396,9.881728172302246,-0.009032130241394043,1.0094034671783447,16.862831115722656,-0.01988542079925537,20,293,0.0008972883224487305
SLIM*MIX_ms0.1_pat5_fn-full_extended_const-small_ints_ls,dd1681e3-7f95-11f1-88f9-2c7ba0e6fa90,synthetic_prior,0,40,0.998550534248352,1.3185107707977295,56332.0,0.9962208867073059,30.944622039794922,-9.036064147949219e-05,0.997908890247345,2019.5526123046875,-9.59634780883789e-05,0.9985366463661194,162.38967895507812,0.00023704767227172852,1.0132696628570557,0.021402211859822273,-0.02863466739654541,1.0036360025405884,9.888163566589355,-0.010346770286560059,1.009453535079956,16.863670349121094,-0.019986748695373535,18,265,0.0008985996246337891
SLIM*MIX_ms0.1_pat5_fn-full_extended_const-small_ints_ls,dd1681e3-7f95-11f1-88f9-2c7ba0e6fa90,synthetic_prior,0,41,0.9985432028770447,0.14303112030029297,56911.0,0.9962646961212158,30.945981979370117,-0.00017833709716796875,0.9978230595588684,2019.37890625,7.611513137817383e-05,0.9986361265182495,162.40585327148438,3.7729740142822266e-05,1.0152273178100586,0.0214435625821352,-0.032613277435302734,1.0036709308624268,9.888509750366211,-0.010417342185974121,1.0084059238433838,16.84617042541504,-0.017870783805847168,22,330,0.0009132623672485352
SLIM*MIX_ms0.1_pat5_fn-full_extended_const-small_ints_ls,dd1681e3-7f95-11f1-88f9-2c7ba0e6fa90,synthetic_prior,0,42,0.9985389709472656,0.12164926528930664,57425.0,0.996236264705658,30.945098876953125,-0.00012123584747314453,0.9978159070014954,2019.364501953125,9.036064147949219e-05,0.9986493587493896,162.4080047607422,1.1324882507324219e-05,1.0155452489852905,0.02145027555525303,-0.03326010704040527,1.0034278631210327,9.886113166809082,-0.009927988052368164,1.008565902709961,16.84884262084961,-0.018193721771240234,23,355,0.000921785831451416
SLIM*MIX_ms0.1_pat5_fn-full_extended_const-small_ints_ls,dd1681e3-7f95-11f1-88f9-2c7ba0e6fa90,synthetic_prior,0,43,0.9985347390174866,0.12636184692382812,59997.0,0.9961968064308167,30.943872451782227,-4.1961669921875e-05,0.9978252053260803,2019.38330078125,7.170438766479492e-05,0.9986129999160767,162.40208435058594,8.416175842285156e-05,1.0164321660995483,0.021469010040163994,-0.035065650939941406,1.0037553310394287,9.889339447021484,-0.010587334632873535,1.0085608959197998,16.848758697509766,-0.018183588981628418,22,341,0.0009302496910095215
SLIM*MIX_ms0.1_pat5_fn-full_extended_const-small_ints_ls,dd1681e3-7f95-11f1-88f9-2c7ba0e6fa90,synthetic_prior,0,44,0.9985333681106567,0.11148643493652344,63455.0,0.9961462020874023,30.94230079650879,5.9604644775390625e-05,0.997826337814331,2019.385498046875,6.949901580810547e-05,0.9985724091529846,162.39549255371094,0.00016540288925170898,1.0133870840072632,0.0214046910405159,-0.028873085975646973,1.0037072896957397,9.888866424560547,-0.01049041748046875,1.0090104341506958,16.85626792907715,-0.019091486930847168,20,291,0.0009329319000244141
SLIM*MIX_ms0.1_pat5_fn-full_extended_const-small_ints_ls,dd1681e3-7f95-11f1-88f9-2c7ba0e6fa90,synthetic_prior,0,45,0.9985301494598389,0.12564516067504883,64429.0,0.9962340593338013,30.945030212402344,-0.00011682510375976562,0.9978710412979126,2019.47607421875,-2.014636993408203e-05,0.9985744953155518,162.3958282470703,0.00016123056411743164,1.0144877433776855,0.02142793871462345,-0.031109213829040527,1.0041059255599976,9.892793655395508,-0.011293411254882812,1.0086499452590942,16.850244522094727,-0.018363475799560547,21,326,0.0009393692016601562
SLIM*MIX_ms0.1_pat5_fn-full_extended_const-small_ints_ls,dd1681e3-7f95-11f1-88f9-2c7ba0e6fa90,synthetic_prior,0,46,0.9985259771347046,1.3504366874694824,64877.0,0.9961929321289062,30.943756103515625,-3.4332275390625e-05,0.997840940952301,2019.4149169921875,4.029273986816406e-05,0.9986352324485779,162.40570068359375,3.9577484130859375e-05,1.015342354774475,0.021445991471409798,-0.03284716606140137,1.0028374195098877,9.880295753479004,-0.008739709854125977,1.008305311203003,16.8444881439209,-0.017667531967163086,23,361,0.0009477138519287109
SLIM*MIX_ms0.1_pat5_fn-full_extended_const-small_ints_ls,dd1681e3-7f95-11f1-88f9-2c7ba0e6fa90,synthetic_prior,0,47,0.9985234141349792,0.1910109519958496,65982.0,0.9961624145507812,30.94280433654785,2.7000904083251953e-05,0.9979661107063293,2019.6683349609375,-0.00021064281463623047,0.9985547065734863,162.39260864257812,0.00020080804824829102,1.0118998289108276,0.02137327753007412,-0.025855302810668945,1.0037143230438232,9.888935089111328,-0.010504603385925293,1.008679747581482,16.85074234008789,-0.01842343807220459,21,312,0.0009528398513793945
SLIM*MIX_ms0.1_pat5_fn-full_extended_const-small_ints_ls,dd1681e3-7f95-11f1-88f9-2c7ba0e6fa90,synthetic_prior,0,48,0.9985213875770569,0.12671470642089844,67124.0,0.9962320327758789,30.944965362548828,-0.00011265277862548828,0.9978726506233215,2019.479248046875,-2.3245811462402344e-05,0.9985811710357666,162.39691162109375,0.00014787912368774414,1.014061450958252,0.02141893468797207,-0.030242919921875,1.0039337873458862,9.891097068786621,-0.010946393013000488,1.0089354515075684,16.855012893676758,-0.018939852714538574,23,361,0.0009568929672241211
SLIM*MIX_ms0.1_pat5_fn-full_extended_const-small_ints_ls,dd1681e3-7f95-11f1-88f9-2c7ba0e6fa90,synthetic_prior,0,49,0.9985160231590271,0.1275770664215088,68600.0,0.9962855577468872,30.94662857055664,-0.00022017955780029297,0.997940182685852,2019.615966796875,-0.00015878677368164062,0.9986935257911682,162.41519165039062,-7.712841033935547e-05,1.0149204730987549,0.021437078714370728,-0.031989097595214844,1.0039631128311157,9.891386032104492,-0.011005520820617676,1.008908987045288,16.854572296142578,-0.018886446952819824,24,372,0.0009676814079284668
SLIM*MIX_ms0.1_pat5_fn-full_extended_const-small_ints_ls,dd1681e3-7f95-11f1-88f9-2c7ba0e6fa90,synthetic_prior,0,50,0.9985131025314331,0.14311814308166504,70958.0,0.9961971044540405,30.943883895874023,-4.2557716369628906e-05,0.9977886080741882,2019.3092041015625,0.00014507770538330078,0.9986693263053894,162.4112548828125,-2.86102294921875e-05,1.0161818265914917,0.021463721990585327,-0.034555792808532715,1.003233551979065,9.884198188781738,-0.0095367431640625,1.0079765319824219,16.8389949798584,-0.017004013061523438,24,373,0.0009735226631164551
SLIM*MIX_ms0.1_pat5_fn-full_extended_const-small_ints_ls,dd1681e3-7f95-11f1-88f9-2c7ba0e6fa90,synthetic_prior,0,51,0.9985067248344421,0.13456296920776367,71727.0,0.9962308406829834,30.944931030273438,-0.00011038780212402344,0.9978559017181396,2019.4453125,1.0251998901367188e-05,0.9986417889595032,162.40676879882812,2.6464462280273438e-05,1.016509771347046,0.021470647305250168,-0.03522360324859619,1.0033409595489502,9.88525676727295,-0.009752869606018066,1.008080244064331,16.840726852416992,-0.01721322536468506,24,374,0.0009862780570983887
SLIM*MIX_ms0.1_pat5_fn-full_extended_const-small_ints_ls,dd1681e3-7f95-11f1-88f9-2c7ba0e6fa90,synthetic_prior,0,52,0.9984921216964722,1.3758563995361328,72949.0,0.9960755705833435,30.940107345581055,0.00020140409469604492,0.9977874159812927,2019.306640625,0.0001475214958190918,0.9984986186027527,162.38348388671875,0.00031322240829467773,1.0117356777191162,0.02136980928480625,-0.025522470474243164,1.0037132501602173,9.888924598693848,-0.010502338409423828,1.0088599920272827,16.853755950927734,-0.018787622451782227,24,364,0.00101548433303833
SLIM*MIX_ms0.1_pat5_fn-full_extended_const-small_ints_ls,dd1681e3-7f95-11f1-88f9-2c7ba0e6fa90,synthetic_prior,0,53,0.9984914064407349,0.12766075134277344,74906.0,0.9960768222808838,30.940147399902344,0.00019884109497070312,0.9977898597717285,2019.3115234375,0.00014269351959228516,0.9984966516494751,162.3831787109375,0.0003170967102050781,1.011841058731079,0.021372037008404732,-0.025736212730407715,1.0037373304367065,9.889162063598633,-0.010550975799560547,1.008787989616394,16.852550506591797,-0.018642067909240723,25,376,0.0010169148445129395
SLIM*MIX_ms0.1_pat5_fn-full_extended_const-small_ints_ls,dd1681e3-7f95-11f1-88f9-2c7ba0e6fa90,synthetic_prior,0,54,0.9984914064407349,0.15823721885681152,76007.0,0.9960768222808838,30.940147399902344,0.00019884109497070312,0.9977898597717285,2019.3115234375,0.00014269351959228516,0.9984966516494751,162.3831787109375,0.0003170967102050781,1.011841058731079,0.021372037008404732,-0.025736212730407715,1.0037373304367065,9.889162063598633,-0.010550975799560547,1.008787989616394,16.852550506591797,-0.018642067909240723,25,376,0.0010169148445129395
SLIM*MIX_ms0.1_pat5_fn-full_extended_const-small_ints_ls,dd1681e3-7f95-11f1-88f9-2c7ba0e6fa90,synthetic_prior,0,55,0.9984891414642334,0.12802338600158691,76557.0,0.9960718154907227,30.93998908996582,0.00020891427993774414,0.9977863430976868,2019.3045654296875,0.00014966726303100586,0.9984975457191467,162.38331604003906,0.0003153681755065918,1.0116387605667114,0.021367762237787247,-0.025326013565063477,1.0036455392837524,9.88825798034668,-0.010366201400756836,1.0087825059890747,16.852460861206055,-0.0186312198638916,27,413,0.0010215044021606445
SLIM*MIX_ms0.1_pat5_fn-full_extended_const-small_ints_ls,dd1681e3-7f95-11f1-88f9-2c7ba0e6fa90,synthetic_prior,0,56,0.9984850287437439,0.12813234329223633,77059.0,0.9961106777191162,30.94119644165039,0.0001310110092163086,0.9977865219116211,2019.304931640625,0.00014925003051757812,0.998482346534729,162.38084411621094,0.0003458261489868164,1.0123753547668457,0.021383322775363922,-0.026819705963134766,1.0034680366516113,9.886507987976074,-0.010008692741394043,1.0088175535202026,16.853046417236328,-0.018701910972595215,24,365,0.001029670238494873
SLIM*MIX_ms0.1_pat5_fn-full_extended_const-small_ints_ls,dd1681e3-7f95-11f1-88f9-2c7ba0e6fa90,synthetic_prior,0,57,0.9984734058380127,0.15813446044921875,76538.0,0.9962315559387207,30.944950103759766,-0.00011169910430908203,0.9978384971618652,2019.4100341796875,4.5180320739746094e-05,0.9986720085144043,162.41168212890625,-3.409385681152344e-05,1.0163503885269165,0.021467281505465508,-0.034898996353149414,1.0037070512771606,9.888863563537598,-0.010489940643310547,1.0073204040527344,16.828035354614258,-0.015680551528930664,28,429,0.0010529756546020508
SLIM*MIX_ms0.1_pat5_fn-full_extended_const-small_ints_ls,dd1681e3-7f95-11f1-88f9-2c7ba0e6fa90,synthetic_prior,0,58,0.9984681606292725,1.3355069160461426,76569.0,0.9962345361709595,30.945043563842773,-0.00011777877807617188,0.9978541731834412,2019.44189453125,1.3709068298339844e-05,0.9986897110939026,162.41456604003906,-6.949901580810547e-05,1.0160386562347412,0.021460697054862976,-0.034264206886291504,1.0038570165634155,9.890340805053711,-0.010791778564453125,1.0073107481002808,16.82787322998047,-0.015661120414733887,29,442,0.001063525676727295
SLIM*MIX_ms0.1_pat5_fn-full_extended_const-small_ints_ls,dd1681e3-7f95-11f1-88f9-2c7ba0e6fa90,synthetic_prior,0,59,0.9984648823738098,0.1573350429534912,78809.0,0.9962334036827087,30.945009231567383,-0.00011551380157470703,0.9978541731834412,2019.4417724609375,1.3709068298339844e-05,0.9986928701400757,162.4150848388672,-7.581710815429688e-05,1.0158342123031616,0.02145637944340706,-0.03384804725646973,1.003900170326233,9.890767097473145,-0.010878920555114746,1.00736403465271,16.82876205444336,-0.01576828956604004,30,463,0.0010700225830078125
SLIM*MIX_ms0.1_pat5_fn-full_extended_const-small_ints_ls,dd1681e3-7f95-11f1-88f9-2c7ba0e6fa90,synthetic_prior,0,60,0.998454749584198,0.15896868705749512,80461.0,0.9962177276611328,30.944522857666016,-8.404254913330078e-05,0.997847318649292,2019.427978515625,2.7418136596679688e-05,0.9986329674720764,162.40533447265625,4.416704177856445e-05,1.0175492763519287,0.021492604166269302,-0.037341952323913574,1.00322425365448,9.884106636047363,-0.009518027305603027,1.0069365501403809,16.821622848510742,-0.014906525611877441,28,431,0.0010902881622314453
SLIM*MIX_ms0.1_pat5_fn-full_extended_const-small_ints_ls,dd1681e3-7f95-11f1-88f9-2c7ba0e6fa90,synthetic_prior,0,61,0.998454749584198,0.12030816078186035,82669.0,0.9962177276611328,30.944522857666016,-8.404254913330078e-05,0.997847318649292,2019.427978515625,2.7418136596679688e-05,0.9986329674720764,162.40533447265625,4.416704177856445e-05,1.0175492763519287,0.021492604166269302,-0.037341952323913574,1.00322425365448,9.884106636047363,-0.009518027305603027,1.0069365501403809,16.821622848510742,-0.014906525611877441,28,431,0.0010902881622314453
SLIM*MIX_ms0.1_pat5_fn-full_extended_const-small_ints_ls,dd1681e3-7f95-11f1-88f9-2c7ba0e6fa90,synthetic_prior,0,62,0.9984463453292847,0.14492535591125488,85216.0,0.996222198009491,30.944660186767578,-9.298324584960938e-05,0.9978102445602417,2019.3529052734375,0.0001016855239868164,0.9986381530761719,162.40618896484375,3.3736228942871094e-05,1.0169644355773926,0.021480252966284752,-0.03615009784698486,1.0031625032424927,9.883498191833496,-0.009393692016601562,1.0070029497146606,16.822729110717773,-0.015040397644042969,29,447,0.0011070966720581055
SLIM*MIX_ms0.1_pat5_fn-full_extended_const-small_ints_ls,dd1681e3-7f95-11f1-88f9-2c7ba0e6fa90,synthetic_prior,0,63,0.9984424710273743,1.3470025062561035,88201.0,0.9962190389633179,30.944564819335938,-8.666515350341797e-05,0.9978113174438477,2019.3551025390625,9.959936141967773e-05,0.9986364245414734,162.40591430664062,3.719329833984375e-05,1.0172654390335083,0.021486608311533928,-0.03676319122314453,1.0031354427337646,9.883233070373535,-0.009339451789855957,1.0072462558746338,16.82679557800293,-0.015530943870544434,30,459,0.0011148452758789062
SLIM*MIX_ms0.1_pat5_fn-full_extended_const-small_ints_ls,dd1681e3-7f95-11f1-88f9-2c7ba0e6fa90,synthetic_prior,0,64,0.9984424710273743,0.12717628479003906,90824.0,0.9962190389633179,30.944564819335938,-8.666515350341797e-05,0.9978113174438477,2019.3551025390625,9.959936141967773e-05,0.9986364245414734,162.40591430664062,3.719329833984375e-05,1.0172654390335083,0.021486608311533928,-0.03676319122314453,1.0031354427337646,9.883233070373535,-0.009339451789855957,1.0072462558746338,16.82679557800293,-0.015530943870544434,30,459,0.0011148452758789062
SLIM*MIX_ms0.1_pat5_fn-full_extended_const-small_ints_ls,dd1681e3-7f95-11f1-88f9-2c7ba0e6fa90,synthetic_prior,0,65,0.9984316229820251,0.14281892776489258,94021.0,0.9962178468704224,30.94452667236328,-8.416175842285156e-05,0.9978489279747009,2019.43115234375,2.4318695068359375e-05,0.9986563324928284,162.4091339111328,-2.6226043701171875e-06,1.0154451131820679,0.0214481633156538,-0.03305625915527344,1.0035922527313232,9.887733459472656,-0.010258913040161133,1.0064778327941895,16.8139591217041,-0.013982176780700684,35,534,0.0011366009712219238
SLIM*MIX_ms0.1_pat5_fn-full_extended_const-small_ints_ls,dd1681e3-7f95-11f1-88f9-2c7ba0e6fa90,synthetic_prior,0,66,0.9984316229820251,0.12869811058044434,95611.0,0.9962178468704224,30.94452667236328,-8.416175842285156e-05,0.9978489279747009,2019.43115234375,2.4318695068359375e-05,0.9986563324928284,162.4091339111328,-2.6226043701171875e-06,1.0154451131820679,0.0214481633156538,-0.03305625915527344,1.0035922527313232,9.887733459472656,-0.010258913040161133,1.0064778327941895,16.8139591217041,-0.013982176780700684,35,534,0.0011366009712219238
SLIM*MIX_ms0.1_pat5_fn-full_extended_const-small_ints_ls,dd1681e3-7f95-11f1-88f9-2c7ba0e6fa90,synthetic_prior,0,67,0.9984200596809387,0.14661121368408203,97670.0,0.9962473511695862,30.945444107055664,-0.00014340877532958984,0.9978591799736023,2019.4520263671875,3.6954879760742188e-06,0.9986334443092346,162.40541076660156,4.32133674621582e-05,1.0158191919326782,0.02145606465637684,-0.03381752967834473,1.0034871101379395,9.886696815490723,-0.010047197341918945,1.0064107179641724,16.812837600708008,-0.013846874237060547,36,554,0.00115966796875
SLIM*MIX_ms0.1_pat5_fn-full_extended_const-small_ints_ls,dd1681e3-7f95-11f1-88f9-2c7ba0e6fa90,synthetic_prior,0,68,0.9984195828437805,0.15913891792297363,99131.0,0.9962522387504578,30.945594787597656,-0.0001533031463623047,0.9978605508804321,2019.454833984375,9.5367431640625e-07,0.9986340403556824,162.40553283691406,4.1961669921875e-05,1.0158742666244507,0.02145722322165966,-0.03392946720123291,1.0035032033920288,9.88685417175293,-0.010079503059387207,1.0064241886138916,16.81306266784668,-0.013873934745788574,35,540,0.0011606812477111816
SLIM*MIX_ms0.1_pat5_fn-full_extended_const-small_ints_ls,dd1681e3-7f95-11f1-88f9-2c7ba0e6fa90,synthetic_prior,0,69,0.9984112977981567,1.302842617034912,100470.0,0.9962102770805359,30.944292068481445,-6.902217864990234e-05,0.9978721141815186,2019.4781494140625,-2.2172927856445312e-05,0.9985981583595276,162.399658203125,0.00011390447616577148,1.0168064832687378,0.02147691510617733,-0.0358281135559082,1.003826379776001,9.89003849029541,-0.010730147361755371,1.0065062046051025,16.81443214416504,-0.014039278030395508,35,540,0.0011771917343139648
SLIM*MIX_ms0.1_pat5_fn-full_extended_const-small_ints_ls,dd1681e3-7f95-11f1-88f9-2c7ba0e6fa90,synthetic_prior,0,70,0.9984112977981567,0.13150334358215332,100278.0,0.9962102770805359,30.944292068481445,-6.902217864990234e-05,0.9978721141815186,2019.4781494140625,-2.2172927856445312e-05,0.9985981583595276,162.399658203125,0.00011390447616577148,1.0168064832687378,0.02147691510617733,-0.0358281135559082,1.003826379776001,9.89003849029541,-0.010730147361755371,1.0065062046051025,16.81443214416504,-0.014039278030395508,34,528,0.0011771917343139648
SLIM*MIX_ms0.1_pat5_fn-full_extended_const-small_ints_ls,dd1681e3-7f95-11f1-88f9-2c7ba0e6fa90,synthetic_prior,0,71,0.9984101057052612,0.1609647274017334,101708.0,0.9962145686149597,30.944425582885742,-7.772445678710938e-05,0.9978695511817932,2019.472900390625,-1.704692840576172e-05,0.9985918998718262,162.39866638183594,0.00012636184692382812,1.0169154405593872,0.02147921919822693,-0.03605020046234131,1.003882646560669,9.890593528747559,-0.010843515396118164,1.0065736770629883,16.81555938720703,-0.014175057411193848,36,553,0.0011796355247497559
SLIM*MIX_ms0.1_pat5_fn-full_extended_const-small_ints_ls,dd1681e3-7f95-11f1-88f9-2c7ba0e6fa90,synthetic_prior,0,72,0.9984024167060852,0.1480414867401123,104273.0,0.9962250590324402,30.944751739501953,-9.870529174804688e-05,0.9978959560394287,2019.5264892578125,-7.009506225585938e-05,0.9985939860343933,162.3990020751953,0.0001221299171447754,1.0165939331054688,0.021472424268722534,-0.035394906997680664,1.0037636756896973,9.889421463012695,-0.010603904724121094,1.0069881677627563,16.82248306274414,-0.015010476112365723,38,580,0.0011950135231018066
SLIM*MIX_ms0.1_pat5_fn-full_extended_const-small_ints_ls,dd1681e3-7f95-11f1-88f9-2c7ba0e6fa90,synthetic_prior,0,73,0.9984024167060852,0.15377044677734375,106664.0,0.9962250590324402,30.944751739501953,-9.870529174804688e-05,0.9978959560394287,2019.5264892578125,-7.009506225585938e-05,0.9985939860343933,162.3990020751953,0.0001221299171447754,1.0165939331054688,0.021472424268722534,-0.035394906997680664,1.0037636756896973,9.889421463012695,-0.010603904724121094,1.0069881677627563,16.82248306274414,-0.015010476112365723,38,580,0.0011950135231018066
SLIM*MIX_ms0.1_pat5_fn-full_extended_const-small_ints_ls,dd1681e3-7f95-11f1-88f9-2c7ba0e6fa90,synthetic_prior,0,74,0.9983927011489868,1.3340494632720947,108075.0,0.9962633848190308,30.94594383239746,-0.00017571449279785156,0.9979066252708435,2019.5479736328125,-9.131431579589844e-05,0.9985791444778442,162.39659118652344,0.0001519322395324707,1.0171992778778076,0.021485211327672005,-0.03662848472595215,1.0038633346557617,9.890403747558594,-0.01080465316772461,1.0069588422775269,16.82199478149414,-0.014951467514038086,39,595,0.001214444637298584
SLIM*MIX_ms0.1_pat5_fn-full_extended_const-small_ints_ls,dd1681e3-7f95-11f1-88f9-2c7ba0e6fa90,synthetic_prior,0,75,0.9983927011489868,0.12490272521972656,110631.0,0.9962633848190308,30.94594383239746,-0.00017571449279785156,0.9979066252708435,2019.5479736328125,-9.131431579589844e-05,0.9985791444778442,162.39659118652344,0.0001519322395324707,1.0171992778778076,0.021485211327672005,-0.03662848472595215,1.0038633346557617,9.890403747558594,-0.01080465316772461,1.0069588422775269,16.82199478149414,-0.014951467514038086,39,595,0.001214444637298584
SLIM*MIX_ms0.1_pat5_fn-full_extended_const-small_ints_ls,dd1681e3-7f95-11f1-88f9-2c7ba0e6fa90,synthetic_prior,0,76,0.9983752369880676,0.14474701881408691,113001.0,0.9962819814682007,30.946517944335938,-0.0002129077911376953,0.9978827834129333,2019.499755859375,-4.363059997558594e-05,0.9985616207122803,162.39373779296875,0.00018703937530517578,1.0171902179718018,0.021485021337866783,-0.03661000728607178,1.003778338432312,9.889565467834473,-0.010633468627929688,1.0070058107376099,16.822778701782227,-0.015046119689941406,40,607,0.0012493133544921875
SLIM*MIX_ms0.1_pat5_fn-full_extended_const-small_ints_ls,dd1681e3-7f95-11f1-88f9-2c7ba0e6fa90,synthetic_prior,0,77,0.9983752369880676,0.12630414962768555,114835.0,0.9962819814682007,30.946517944335938,-0.0002129077911376953,0.9978827834129333,2019.499755859375,-4.363059997558594e-05,0.9985616207122803,162.39373779296875,0.00018703937530517578,1.0171902179718018,0.021485021337866783,-0.03661000728607178,1.003778338432312,9.889565467834473,-0.010633468627929688,1.0070058107376099,16.822778701782227,-0.015046119689941406,40,607,0.0012493133544921875
SLIM*MIX_ms0.1_pat5_fn-full_extended_const-small_ints_ls,dd1681e3-7f95-11f1-88f9-2c7ba0e6fa90,synthetic_prior,0,78,0.998374879360199,0.14311814308166504,116346.0,0.9962671995162964,30.946060180664062,-0.00018334388732910156,0.9979099035263062,2019.5546875,-9.799003601074219e-05,0.9985909461975098,162.39849853515625,0.00012832880020141602,1.0171493291854858,0.02148415893316269,-0.03652691841125488,1.003636121749878,9.888165473937988,-0.010347127914428711,1.0077561140060425,16.835311889648438,-0.016559243202209473,39,595,0.001250147819519043
SLIM*MIX_ms0.1_pat5_fn-full_extended_const-small_ints_ls,dd1681e3-7f95-11f1-88f9-2c7ba0e6fa90,synthetic_prior,0,79,0.998374879360199,1.3219332695007324,118847.0,0.9962671995162964,30.946060180664062,-0.00018334388732910156,0.9979099035263062,2019.5546875,-9.799003601074219e-05,0.9985909461975098,162.39849853515625,0.00012832880020141602,1.0171493291854858,0.02148415893316269,-0.03652691841125488,1.003636121749878,9.888165473937988,-0.010347127914428711,1.0077561140060425,16.835311889648438,-0.016559243202209473,39,595,0.001250147819519043
SLIM*MIX_ms0.1_pat5_fn-full_extended_const-small_ints_ls,dd1681e3-7f95-11f1-88f9-2c7ba0e6fa90,synthetic_prior,0,80,0.9983724355697632,0.14406967163085938,120950.0,0.9963028430938721,30.947168350219727,-0.0002549886703491211,0.9977353811264038,2019.201416015625,0.0002517104148864746,0.9985625147819519,162.39389038085938,0.00018525123596191406,1.0165724754333496,0.02147197164595127,-0.03535127639770508,1.0039314031600952,9.891074180603027,-0.010941863059997559,1.0075079202651978,16.83116912841797,-0.016058683395385742,41,644,0.001255035400390625
SLIM*MIX_ms0.1_pat5_fn-full_extended_const-small_ints_ls,dd1681e3-7f95-11f1-88f9-2c7ba0e6fa90,synthetic_prior,0,81,0.9983702301979065,0.14233183860778809,122677.0,0.9963058233261108,30.9472599029541,-0.0002608299255371094,0.9977369904518127,2019.2047119140625,0.0002486109733581543,0.9985644817352295,162.39419555664062,0.00018131732940673828,1.0168989896774292,0.021478869020938873,-0.03601658344268799,1.0039453506469727,9.891210556030273,-0.010969758033752441,1.0074766874313354,16.830644607543945,-0.01599574089050293,42,657,0.0012593865394592285
SLIM*MIX_ms0.1_pat5_fn-full_extended_const-small_ints_ls,dd1681e3-7f95-11f1-88f9-2c7ba0e6fa90,synthetic_prior,0,82,0.9983641505241394,0.15093755722045898,123349.0,0.9963024854660034,30.94715690612793,-0.0002541542053222656,0.9978828430175781,2019.4998779296875,-4.374980926513672e-05,0.9985504150390625,162.3919219970703,0.00020945072174072266,1.016475796699524,0.021469932049512863,-0.03515446186065674,1.0035690069198608,9.887503623962402,-0.010211944580078125,1.0071368217468262,16.824968338012695,-0.015310406684875488,40,609,0.0012716054916381836
SLIM*MIX_ms0.1_pat5_fn-full_extended_const-small_ints_ls,dd1681e3-7f95-11f1-88f9-2c7ba0e6fa90,synthetic_prior,0,83,0.9983618855476379,0.1427316665649414,124722.0,0.996309757232666,30.947383880615234,-0.0002688169479370117,0.9978855848312378,2019.5054931640625,-4.935264587402344e-05,0.9985588192939758,162.39328002929688,0.0001926422119140625,1.0164592266082764,0.02146958000957966,-0.03512072563171387,1.0035666227340698,9.887478828430176,-0.010207176208496094,1.0071123838424683,16.824560165405273,-0.015261054039001465,41,625,0.0012760758399963379
SLIM*MIX_ms0.1_pat5_fn-full_extended_const-small_ints_ls,dd1681e3-7f95-11f1-88f9-2c7ba0e6fa90,synthetic_prior,0,84,0.9983618855476379,0.12883257865905762,126135.0,0.996309757232666,30.947383880615234,-0.0002688169479370117,0.9978855848312378,2019.5054931640625,-4.935264587402344e-05,0.9985588192939758,162.39328002929688,0.0001926422119140625,1.0164592266082764,0.02146958000957966,-0.03512072563171387,1.0035666227340698,9.887478828430176,-0.010207176208496094,1.0071123838424683,16.824560165405273,-0.015261054039001465,41,625,0.0012760758399963379
SLIM*MIX_ms0.1_pat5_fn-full_extended_const-small_ints_ls,dd1681e3-7f95-11f1-88f9-2c7ba0e6fa90,synthetic_prior,0,85,0.9983534216880798,0.13896536827087402,128673.0,0.9963123202323914,30.947460174560547,-0.0002739429473876953,0.9977470636367798,2019.22509765625,0.00022834539413452148,0.9985426068305969,162.39064025878906,0.0002251267433166504,1.0167503356933594,0.02147573232650757,-0.035713791847229004,1.0036587715148926,9.888387680053711,-0.010392904281616211,1.0075730085372925,16.83225440979004,-0.016189932823181152,43,669,0.0012930631637573242
SLIM*MIX_ms0.1_pat5_fn-full_extended_const-small_ints_ls,dd1681e3-7f95-11f1-88f9-2c7ba0e6fa90,synthetic_prior,0,86,0.998345673084259,0.14281916618347168,131002.0,0.9962591528892517,30.945810317993164,-0.0001671314239501953,0.9978619813919067,2019.4576416015625,-1.9073486328125e-06,0.9985798597335815,162.39669799804688,0.00015050172805786133,1.0166186094284058,0.02147294580936432,-0.035445213317871094,1.003982424736023,9.891576766967773,-0.011044621467590332,1.0069822072982788,16.822385787963867,-0.014998674392700195,47,710,0.0013085603713989258
SLIM*MIX_ms0.1_pat5_fn-full_extended_const-small_ints_ls,dd1681e3-7f95-11f1-88f9-2c7ba0e6fa90,synthetic_prior,0,87,0.998345673084259,0.1432180404663086,131732.0,0.9962591528892517,30.945810317993164,-0.0001671314239501953,0.9978619813919067,2019.4576416015625,-1.9073486328125e-06,0.9985798597335815,162.39669799804688,0.00015050172805786133,1.0166186094284058,0.02147294580936432,-0.035445213317871094,1.003982424736023,9.891576766967773,-0.011044621467590332,1.0069822072982788,16.822385787963867,-0.014998674392700195,47,710,0.0013085603713989258
SLIM*MIX_ms0.1_pat5_fn-full_extended_const-small_ints_ls,dd1681e3-7f95-11f1-88f9-2c7ba0e6fa90,synthetic_prior,0,88,0.9983407258987427,0.14509272575378418,132737.0,0.9962546825408936,30.9456729888916,-0.00015819072723388672,0.9978492856025696,2019.431884765625,2.3484230041503906e-05,0.9985775947570801,162.39633178710938,0.00015503168106079102,1.0169754028320312,0.021480483934283257,-0.03617227077484131,1.004027009010315,9.892016410827637,-0.01113438606262207,1.006925106048584,16.82143211364746,-0.01488351821899414,48,724,0.0013184547424316406
SLIM*MIX_ms0.1_pat5_fn-full_extended_const-small_ints_ls,dd1681e3-7f95-11f1-88f9-2c7ba0e6fa90,synthetic_prior,0,89,0.9983305931091309,1.3344135284423828,133739.0,0.9962984323501587,30.947031021118164,-0.0002460479736328125,0.997887372970581,2019.5091552734375,-5.2809715270996094e-05,0.9985600709915161,162.39349365234375,0.0001900792121887207,1.0151290893554688,0.021441487595438957,-0.032413482666015625,1.003158688545227,9.883460998535156,-0.009386062622070312,1.0073199272155762,16.828027725219727,-0.015679597854614258,46,695,0.001338660717010498
SLIM*MIX_ms0.1_pat5_fn-full_extended_const-small_ints_ls,dd1681e3-7f95-11f1-88f9-2c7ba0e6fa90,synthetic_prior,0,90,0.9983189105987549,0.13693499565124512,135528.0,0.9962765574455261,30.94635009765625,-0.000202178955078125,0.9978318810462952,2019.3966064453125,5.841255187988281e-05,0.998570442199707,162.39517211914062,0.00016927719116210938,1.0193657875061035,0.02153097279369831,-0.04104900360107422,1.0045907497406006,9.89756965637207,-0.012269973754882812,1.0059304237365723,16.8048152923584,-0.012879490852355957,45,669,0.0013620853424072266
SLIM*MIX_ms0.1_pat5_fn-full_extended_const-small_ints_ls,dd1681e3-7f95-11f1-88f9-2c7ba0e6fa90,synthetic_prior,0,91,0.9983189105987549,0.12727713584899902,138014.0,0.9962765574455261,30.94635009765625,-0.000202178955078125,0.9978318810462952,2019.3966064453125,5.841255187988281e-05,0.998570442199707,162.39517211914062,0.00016927719116210938,1.0193657875061035,0.02153097279369831,-0.04104900360107422,1.0045907497406006,9.89756965637207,-0.012269973754882812,1.0059304237365723,16.8048152923584,-0.012879490852355957,45,669,0.0013620853424072266
SLIM*MIX_ms0.1_pat5_fn-full_extended_const-small_ints_ls,dd1681e3-7f95-11f1-88f9-2c7ba0e6fa90,synthetic_prior,0,92,0.9983113408088684,0.14259648323059082,138368.0,0.9962643384933472,30.94597053527832,-0.00017762184143066406,0.9978504180908203,2019.4342041015625,2.1219253540039062e-05,0.9985611438751221,162.39366149902344,0.00018805265426635742,1.0178024768829346,0.021497951820492744,-0.03785824775695801,1.0043584108352661,9.895281791687012,-0.011802077293395996,1.0075623989105225,16.832077026367188,-0.016168594360351562,49,734,0.0013772249221801758
SLIM*MIX_ms0.1_pat5_fn-full_extended_const-small_ints_ls,dd1681e3-7f95-11f1-88f9-2c7ba0e6fa90,synthetic_prior,0,93,0.9983113408088684,0.12680411338806152,139216.0,0.9962643384933472,30.94597053527832,-0.00017762184143066406,0.9978504180908203,2019.4342041015625,2.1219253540039062e-05,0.9985611438751221,162.39366149902344,0.00018805265426635742,1.0178024768829346,0.021497951820492744,-0.03785824775695801,1.0043584108352661,9.895281791687012,-0.011802077293395996,1.0075623989105225,16.832077026367188,-0.016168594360351562,49,734,0.0013772249221801758
SLIM*MIX_ms0.1_pat5_fn-full_extended_const-small_ints_ls,dd1681e3-7f95-11f1-88f9-2c7ba0e6fa90,synthetic_prior,0,94,0.998299241065979,0.13727521896362305,141393.0,0.9963782429695129,30.949508666992188,-0.0004063844680786133,0.9978786706924438,2019.491455078125,-3.540515899658203e-05,0.99852055311203,162.38705444335938,0.00026929378509521484,1.0138050317764282,0.021413518115878105,-0.029721856117248535,1.0036543607711792,9.888344764709473,-0.010383963584899902,1.0074920654296875,16.830902099609375,-0.016026735305786133,48,710,0.0014014244079589844
SLIM*MIX_ms0.1_pat5_fn-full_extended_const-small_ints_ls,dd1681e3-7f95-11f1-88f9-2c7ba0e6fa90,synthetic_prior,0,95,0.998299241065979,1.2904338836669922,143855.0,0.9963782429695129,30.949508666992188,-0.0004063844680786133,0.9978786706924438,2019.491455078125,-3.540515899658203e-05,0.99852055311203,162.38705444335938,0.00026929378509521484,1.0138050317764282,0.021413518115878105,-0.029721856117248535,1.0036543607711792,9.888344764709473,-0.010383963584899902,1.0074920654296875,16.830902099609375,-0.016026735305786133,48,710,0.0014014244079589844
SLIM*MIX_ms0.1_pat5_fn-full_extended_const-small_ints_ls,dd1681e3-7f95-11f1-88f9-2c7ba0e6fa90,synthetic_prior,0,96,0.9982970952987671,0.1588442325592041,143857.0,0.9963847994804382,30.9497127532959,-0.0004194974899291992,0.9978794455528259,2019.492919921875,-3.695487976074219e-05,0.998491108417511,162.38226318359375,0.0003281831741333008,1.0140373706817627,0.02141842618584633,-0.030193805694580078,1.0037509202957153,9.889296531677246,-0.010578393936157227,1.0078136920928955,16.83627700805664,-0.016675591468811035,47,695,0.0014057755470275879
SLIM*MIX_ms0.1_pat5_fn-full_extended_const-small_ints_ls,dd1681e3-7f95-11f1-88f9-2c7ba0e6fa90,synthetic_prior,0,97,0.9982970952987671,0.12755417823791504,144926.0,0.9963847994804382,30.9497127532959,-0.0004194974899291992,0.9978794455528259,2019.492919921875,-3.695487976074219e-05,0.998491108417511,162.38226318359375,0.0003281831741333008,1.0140373706817627,0.02141842618584633,-0.030193805694580078,1.0037509202957153,9.889296531677246,-0.010578393936157227,1.0078136920928955,16.83627700805664,-0.016675591468811035,47,695,0.0014057755470275879
SLIM*MIX_ms0.1_pat5_fn-full_extended_const-small_ints_ls,dd1681e3-7f95-11f1-88f9-2c7ba0e6fa90,synthetic_prior,0,98,0.9982635974884033,0.16108465194702148,146131.0,0.9963200688362122,30.947702407836914,-0.0002894401550292969,0.9978435039520264,2019.4202880859375,3.504753112792969e-05,0.9985625147819519,162.3938751220703,0.00018525123596191406,1.019467830657959,0.02153312787413597,-0.041257381439208984,1.00473153591156,9.898957252502441,-0.012553811073303223,1.006750464439392,16.818513870239258,-0.014531493186950684,49,734,0.0014727115631103516
SLIM*MIX_ms0.1_pat5_fn-full_extended_const-small_ints_ls,dd1681e3-7f95-11f1-88f9-2c7ba0e6fa90,synthetic_prior,0,99,0.9982635974884033,0.12913966178894043,146683.0,0.9963200688362122,30.947702407836914,-0.0002894401550292969,0.9978435039520264,2019.4202880859375,3.504753112792969e-05,0.9985625147819519,162.3938751220703,0.00018525123596191406,1.019467830657959,0.02153312787413597,-0.041257381439208984,1.00473153591156,9.898957252502441,-0.012553811073303223,1.006750464439392,16.818513870239258,-0.014531493186950684,49,734,0.0014727115631103516
SLIM*MIX_ms0.1_pat5_fn-full_extended_const-small_ints_ls,dd1681e3-7f95-11f1-88f9-2c7ba0e6fa90,synthetic_prior,0,100,0.9982618093490601,1.3129656314849854,147712.0,0.9963247179985046,30.947847366333008,-0.0002988576889038086,0.9978377819061279,2019.40869140625,4.655122756958008e-05,0.9985311031341553,162.38877868652344,0.00024819374084472656,1.019577980041504,0.02153545618057251,-0.04148256778717041,1.0048426389694214,9.90005111694336,-0.01277768611907959,1.006851315498352,16.82019805908203,-0.014734745025634766,50,757,0.0014763474464416504
SLIM*MIX_ms0.1_pat5_fn-full_extended_const-small_ints_ls,dd1681e3-7f95-11f1-88f9-2c7ba0e6fa90,synthetic_prior,0,101,0.9982562065124512,0.15877223014831543,150613.0,0.9963243007659912,30.947834014892578,-0.0002980232238769531,0.9978379011154175,2019.408935546875,4.6312808990478516e-05,0.9985411763191223,162.39041137695312,0.00022804737091064453,1.0196588039398193,0.021537160500884056,-0.04164743423461914,1.004832148551941,9.899948120117188,-0.012756586074829102,1.006781816482544,16.81903648376465,-0.014594554901123047,51,772,0.0014875531196594238
SLIM*MIX_ms0.1_pat5_fn-full_extended_const-small_ints_ls,dd1681e3-7f95-11f1-88f9-2c7ba0e6fa90,synthetic_prior,0,102,0.9982562065124512,0.15925025939941406,151895.0,0.9963243007659912,30.947834014892578,-0.0002980232238769531,0.9978379011154175,2019.408935546875,4.6312808990478516e-05,0.9985411763191223,162.39041137695312,0.00022804737091064453,1.0196588039398193,0.021537160500884056,-0.04164743423461914,1.004832148551941,9.899948120117188,-0.012756586074829102,1.006781816482544,16.81903648376465,-0.014594554901123047,51,772,0.0014875531196594238
SLIM*MIX_ms0.1_pat5_fn-full_extended_const-small_ints_ls,dd1681e3-7f95-11f1-88f9-2c7ba0e6fa90,synthetic_prior,0,103,0.9982503056526184,0.14144158363342285,153437.0,0.9963206648826599,30.947721481323242,-0.00029075145721435547,0.9978317022323608,2019.3963623046875,5.8770179748535156e-05,0.9985407590866089,162.3903350830078,0.00022876262664794922,1.0196905136108398,0.02153783105313778,-0.041712284088134766,1.0043119192123413,9.89482307434082,-0.01170814037322998,1.0069292783737183,16.821500778198242,-0.014891862869262695,51,760,0.0014993548393249512
SLIM*MIX_ms0.1_pat5_fn-full_extended_const-small_ints_ls,dd1681e3-7f95-11f1-88f9-2c7ba0e6fa90,synthetic_prior,0,104,0.9982460141181946,0.12674784660339355,154186.0,0.9963075518608093,30.94731330871582,-0.00026428699493408203,0.9978448152542114,2019.4228515625,3.248453140258789e-05,0.9985319375991821,162.38890075683594,0.00024646520614624023,1.0201653242111206,0.021547863259911537,-0.04268288612365723,1.0052711963653564,9.904273986816406,-0.013641834259033203,1.006954312324524,16.82192039489746,-0.014942407608032227,52,791,0.001507878303527832
SLIM*MIX_ms0.1_pat5_fn-full_extended_const-small_ints_ls,dd1681e3-7f95-11f1-88f9-2c7ba0e6fa90,synthetic_prior,0,105,0.9982393980026245,1.350356101989746,154572.0,0.9963183999061584,30.947649002075195,-0.000286102294921875,0.9978043437004089,2019.3409423828125,0.00011360645294189453,0.9985469579696655,162.391357421875,0.00021636486053466797,1.0187792778015137,0.021518584340810776,-0.03985142707824707,1.0046426057815552,9.898080825805664,-0.012374401092529297,1.0070093870162964,16.822839736938477,-0.015053391456604004,54,807,0.0015211701393127441
SLIM*MIX_ms0.1_pat5_fn-full_extended_const-small_ints_ls,dd1681e3-7f95-11f1-88f9-2c7ba0e6fa90,synthetic_prior,0,106,0.9982393980026245,0.36521172523498535,155515.0,0.9963183999061584,30.947649002075195,-0.000286102294921875,0.9978043437004089,2019.3409423828125,0.00011360645294189453,0.9985469579696655,162.391357421875,0.00021636486053466797,1.0187792778015137,0.021518584340810776,-0.03985142707824707,1.0046426057815552,9.898080825805664,-0.012374401092529297,1.0070093870162964,16.822839736938477,-0.015053391456604004,54,807,0.0015211701393127441
SLIM*MIX_ms0.1_pat5_fn-full_extended_const-small_ints_ls,dd1681e3-7f95-11f1-88f9-2c7ba0e6fa90,synthetic_prior,0,107,0.9982390403747559,0.2607755661010742,155300.0,0.9963047504425049,30.947227478027344,-0.0002586841583251953,0.9978204965591431,2019.373779296875,8.130073547363281e-05,0.9985535144805908,162.3924102783203,0.00020325183868408203,1.0191092491149902,0.021525556221604347,-0.040525197982788086,1.0042577981948853,9.89428997039795,-0.011599183082580566,1.0068533420562744,16.820232391357422,-0.014738798141479492,56,842,0.001521766185760498
SLIM*MIX_ms0.1_pat5_fn-full_extended_const-small_ints_ls,dd1681e3-7f95-11f1-88f9-2c7ba0e6fa90,synthetic_prior,0,108,0.9982357025146484,1.321019172668457,157124.0,0.9963146448135376,30.947532653808594,-0.000278472900390625,0.9978129863739014,2019.3583984375,9.626150131225586e-05,0.9985408782958984,162.39036560058594,0.00022858381271362305,1.0189958810806274,0.021523160859942436,-0.04029357433319092,1.004428744316101,9.895973205566406,-0.011943578720092773,1.0070087909698486,16.822830200195312,-0.015052199363708496,56,834,0.0015285015106201172
SLIM*MIX_ms0.1_pat5_fn-full_extended_const-small_ints_ls,dd1681e3-7f95-11f1-88f9-2c7ba0e6fa90,synthetic_prior,0,109,0.9982355237007141,0.14361023902893066,158637.0,0.996311366558075,30.947431564331055,-0.00027191638946533203,0.9978175163269043,2019.3675537109375,8.71419906616211e-05,0.998526930809021,162.38809204101562,0.00025647878646850586,1.019486665725708,0.021533524617552757,-0.041295766830444336,1.0043643712997437,9.895339965820312,-0.011813879013061523,1.0071624517440796,16.825395584106445,-0.015362024307250977,54,814,0.0015288591384887695
SLIM*MIX_ms0.1_pat5_fn-full_extended_const-small_ints_ls,dd1681e3-7f95-11f1-88f9-2c7ba0e6fa90,synthetic_prior,0,110,0.9982263445854187,0.12636184692382812,161763.0,0.9963253140449524,30.947864532470703,-0.0003000497817993164,0.9978148341178894,2019.3623046875,9.250640869140625e-05,0.998557448387146,162.39306640625,0.00019538402557373047,1.0191843509674072,0.021527139469981194,-0.04067838191986084,1.0043792724609375,9.895486831665039,-0.01184391975402832,1.0071604251861572,16.825361251831055,-0.0153578519821167,56,841,0.0015472173690795898
SLIM*MIX_ms0.1_pat5_fn-full_extended_const-small_ints_ls,dd1681e3-7f95-11f1-88f9-2c7ba0e6fa90,synthetic_prior,0,111,0.9982261061668396,0.13292717933654785,163549.0,0.9963216185569763,30.947750091552734,-0.00029265880584716797,0.9978035688400269,2019.33935546875,0.00011521577835083008,0.9985325932502747,162.38902282714844,0.00024515390396118164,1.0200505256652832,0.02154543623328209,-0.04244804382324219,1.0038026571273804,9.889805793762207,-0.010682463645935059,1.006973147392273,16.822233200073242,-0.014980196952819824,56,855,0.001547694206237793
SLIM*MIX_ms0.1_pat5_fn-full_extended_const-small_ints_ls,dd1681e3-7f95-11f1-88f9-2c7ba0e6fa90,synthetic_prior,0,112,0.9982229471206665,0.16238641738891602,165366.0,0.9963295459747314,30.947998046875,-0.00030863285064697266,0.9978349208831787,2019.40283203125,5.233287811279297e-05,0.9985297322273254,162.3885498046875,0.00025087594985961914,1.0197548866271973,0.021539190784096718,-0.04184377193450928,1.0045522451400757,9.897191047668457,-0.012192606925964355,1.0064400434494019,16.81332778930664,-0.013905763626098633,57,858,0.0015541315078735352
SLIM*MIX_ms0.1_pat5_fn-full_extended_const-small_ints_ls,dd1681e3-7f95-11f1-88f9-2c7ba0e6fa90,synthetic_prior,0,113,0.9982185363769531,1.3049604892730713,167865.0,0.9963111877441406,30.947425842285156,-0.0002715587615966797,0.9978387355804443,2019.4105224609375,4.458427429199219e-05,0.9985296130180359,162.38851928710938,0.0002511143684387207,1.0192173719406128,0.021527836099267006,-0.04074585437774658,1.0042988061904907,9.894693374633789,-0.011681795120239258,1.0073026418685913,16.82773780822754,-0.01564466953277588,57,858,0.0015628933906555176
SLIM*MIX_ms0.1_pat5_fn-full_extended_const-small_ints_ls,dd1681e3-7f95-11f1-88f9-2c7ba0e6fa90,synthetic_prior,0,114,0.9982160329818726,0.1434345245361328,169007.0,0.9963170289993286,30.947607040405273,-0.00028336048126220703,0.9978375434875488,2019.4083251953125,4.70280647277832e-05,0.9985012412071228,162.3839111328125,0.00030797719955444336,1.019492745399475,0.021533653140068054,-0.04130828380584717,1.0043978691101074,9.895669937133789,-0.011881351470947266,1.007613182067871,16.83292579650879,-0.016271114349365234,56,843,0.0015679001808166504
SLIM*MIX_ms0.1_pat5_fn-full_extended_const-small_ints_ls,dd1681e3-7f95-11f1-88f9-2c7ba0e6fa90,synthetic_prior,0,115,0.9982134699821472,0.1667008399963379,170434.0,0.9963329434394836,30.948102951049805,-0.0003153085708618164,0.9978378415107727,2019.40869140625,4.64320182800293e-05,0.9985218644142151,162.38726806640625,0.00026667118072509766,1.0206098556518555,0.02155725285410881,-0.04359173774719238,1.0047014951705933,9.898661613464355,-0.012493252754211426,1.0070269107818604,16.82313346862793,-0.015088796615600586,57,858,0.001573026180267334
SLIM*MIX_ms0.1_pat5_fn-full_extended_const-small_ints_ls,dd1681e3-7f95-11f1-88f9-2c7ba0e6fa90,synthetic_prior,0,116,0.9982091784477234,0.12769699096679688,172176.0,0.9963250756263733,30.94785499572754,-0.0002995729446411133,0.9978428483009338,2019.4189453125,3.635883331298828e-05,0.9985297322273254,162.38853454589844,0.00025087594985961914,1.0205562114715576,0.02155611664056778,-0.04348194599151611,1.0045181512832642,9.896855354309082,-0.012123942375183105,1.006949782371521,16.821842193603516,-0.014933109283447266,58,872,0.0015816092491149902
SLIM*MIX_ms0.1_pat5_fn-full_extended_const-small_ints_ls,dd1681e3-7f95-11f1-88f9-2c7ba0e6fa90,synthetic_prior,0,117,0.998188853263855,1.3485932350158691,173066.0,0.9962955713272095,30.94693946838379,-0.000240325927734375,0.9978739619255066,2019.4818115234375,-2.586841583251953e-05,0.9984838366508484,162.38107299804688,0.0003427863121032715,1.021619200706482,0.02157856896519661,-0.045656681060791016,1.0034427642822266,9.886260032653809,-0.00995779037475586,1.0077189207077026,16.834692001342773,-0.01648426055908203,57,857,0.0016222000122070312
SLIM*MIX_ms0.1_pat5_fn-full_extended_const-small_ints_ls,dd1681e3-7f95-11f1-88f9-2c7ba0e6fa90,synthetic_prior,0,118,0.998188853263855,0.17431116104125977,173168.0,0.9962955713272095,30.94693946838379,-0.000240325927734375,0.9978739619255066,2019.4818115234375,-2.586841583251953e-05,0.9984838366508484,162.38107299804688,0.0003427863121032715,1.021619200706482,0.02157856896519661,-0.045656681060791016,1.0034427642822266,9.886260032653809,-0.00995779037475586,1.0077189207077026,16.834692001342773,-0.01648426055908203,57,857,0.0016222000122070312
SLIM*MIX_ms0.1_pat5_fn-full_extended_const-small_ints_ls,dd1681e3-7f95-11f1-88f9-2c7ba0e6fa90,synthetic_prior,0,119,0.9981757402420044,0.1579582691192627,173766.0,0.9963459968566895,30.94850730895996,-0.0003415346145629883,0.9977957606315613,2019.3236083984375,0.00013077259063720703,0.9985673427581787,162.39466857910156,0.0001755356788635254,1.0191694498062134,0.021526826545596123,-0.04064810276031494,1.0039777755737305,9.891530990600586,-0.01103508472442627,1.0079318284988403,16.838247299194336,-0.016913771629333496,61,922,0.001648545265197754
SLIM*MIX_ms0.1_pat5_fn-full_extended_const-small_ints_ls,dd1681e3-7f95-11f1-88f9-2c7ba0e6fa90,synthetic_prior,0,120,0.9981757402420044,0.1293964385986328,176423.0,0.9963459968566895,30.94850730895996,-0.0003415346145629883,0.9977957606315613,2019.3236083984375,0.00013077259063720703,0.9985673427581787,162.39466857910156,0.0001755356788635254,1.0191694498062134,0.021526826545596123,-0.04064810276031494,1.0039777755737305,9.891530990600586,-0.01103508472442627,1.0079318284988403,16.838247299194336,-0.016913771629333496,61,922,0.001648545265197754
SLIM*MIX_ms0.1_pat5_fn-full_extended_const-small_ints_ls,dd1681e3-7f95-11f1-88f9-2c7ba0e6fa90,synthetic_prior,0,121,0.9981695413589478,0.1435074806213379,176899.0,0.9963409900665283,30.948352813720703,-0.00033152103424072266,0.9978159666061401,2019.364501953125,9.03010368347168e-05,0.9985736012458801,162.39569091796875,0.00016295909881591797,1.0195915699005127,0.02153574302792549,-0.04151022434234619,1.0044572353363037,9.89625358581543,-0.0120009183883667,1.008126974105835,16.841508865356445,-0.017307639122009277,63,952,0.0016608238220214844
SLIM*MIX_ms0.1_pat5_fn-full_extended_const-small_ints_ls,dd1681e3-7f95-11f1-88f9-2c7ba0e6fa90,synthetic_prior,0,122,0.9981644749641418,1.3054282665252686,177833.0,0.9963098764419556,30.9473876953125,-0.0002690553665161133,0.9978713989257812,2019.476806640625,-2.086162567138672e-05,0.99849534034729,162.38294982910156,0.0003198385238647461,1.0237782001495361,0.02162417396903038,-0.05008113384246826,1.0034323930740356,9.886157035827637,-0.009936809539794922,1.008216142654419,16.843000411987305,-0.017487764358520508,60,897,0.0016709566116333008
SLIM*MIX_ms0.1_pat5_fn-full_extended_const-small_ints_ls,dd1681e3-7f95-11f1-88f9-2c7ba0e6fa90,synthetic_prior,0,123,0.9981644749641418,0.14427900314331055,178966.0,0.9963098764419556,30.9473876953125,-0.0002690553665161133,0.9978713989257812,2019.476806640625,-2.086162567138672e-05,0.99849534034729,162.38294982910156,0.0003198385238647461,1.0237782001495361,0.02162417396903038,-0.05008113384246826,1.0034323930740356,9.886157035827637,-0.009936809539794922,1.008216142654419,16.843000411987305,-0.017487764358520508,60,897,0.0016709566116333008
SLIM*MIX_ms0.1_pat5_fn-full_extended_const-small_ints_ls,dd1681e3-7f95-11f1-88f9-2c7ba0e6fa90,synthetic_prior,0,124,0.9981635808944702,0.19093751907348633,180517.0,0.9963445663452148,30.948461532592773,-0.00033867359161376953,0.9978111386299133,2019.354736328125,9.995698928833008e-05,0.9985976219177246,162.3995819091797,0.00011497735977172852,1.0182231664657593,0.021506838500499725,-0.03871631622314453,1.0039362907409668,9.891121864318848,-0.010951519012451172,1.00811767578125,16.841352462768555,-0.017288804054260254,65,976,0.0016728639602661133
SLIM*MIX_ms0.1_pat5_fn-full_extended_const-small_ints_ls,dd1681e3-7f95-11f1-88f9-2c7ba0e6fa90,synthetic_prior,0,125,0.998147189617157,0.14362335205078125,183506.0,0.9963906407356262,30.94989776611328,-0.0004311800003051758,0.9977797865867615,2019.2911376953125,0.0001628398895263672,0.9985957741737366,162.3992919921875,0.00011861324310302734,1.0187263488769531,0.021517466753721237,-0.03974330425262451,1.0038007497787476,9.889787673950195,-0.010678768157958984,1.0084916353225708,16.84760093688965,-0.0180436372756958,64,965,0.0017056465148925781
SLIM*MIX_ms0.1_pat5_fn-full_extended_const-small_ints_ls,dd1681e3-7f95-11f1-88f9-2c7ba0e6fa90,synthetic_prior,0,126,0.9981452822685242,0.15871500968933105,186574.0,0.9963856935501099,30.949739456176758,-0.00042128562927246094,0.9977495670318604,2019.22998046875,0.00022339820861816406,0.9985809326171875,162.39686584472656,0.00014841556549072266,1.0186998844146729,0.021516909822821617,-0.03968942165374756,1.0038889646530151,9.890655517578125,-0.010856151580810547,1.0083922147750854,16.845937728881836,-0.017842888832092285,65,981,0.0017094016075134277
SLIM*MIX_ms0.1_pat5_fn-full_extended_const-small_ints_ls,dd1681e3-7f95-11f1-88f9-2c7ba0e6fa90,synthetic_prior,0,127,0.9981452822685242,0.13570618629455566,188735.0,0.9963856935501099,30.949739456176758,-0.00042128562927246094,0.9977495670318604,2019.22998046875,0.00022339820861816406,0.9985809326171875,162.39686584472656,0.00014841556549072266,1.0186998844146729,0.021516909822821617,-0.03968942165374756,1.0038889646530151,9.890655517578125,-0.010856151580810547,1.0083922147750854,16.845937728881836,-0.017842888832092285,65,981,0.0017094016075134277
SLIM*MIX_ms0.1_pat5_fn-full_extended_const-small_ints_ls,dd1681e3-7f95-11f1-88f9-2c7ba0e6fa90,synthetic_prior,0,128,0.9981443285942078,0.13447976112365723,191890.0,0.9963287711143494,30.94797134399414,-0.0003069639205932617,0.9977889657020569,2019.309814453125,0.00014442205429077148,0.9985653758049011,162.39434814453125,0.00017946958541870117,1.0201867818832397,0.02154831402003765,-0.04272663593292236,1.004008173942566,9.891830444335938,-0.01109623908996582,1.0082974433898926,16.844356536865234,-0.017651677131652832,64,965,0.0017113685607910156
SLIM*MIX_ms0.1_pat5_fn-full_extended_const-small_ints_ls,dd1681e3-7f95-11f1-88f9-2c7ba0e6fa90,synthetic_prior,0,129,0.9981382489204407,0.18538236618041992,193618.0,0.9964114427566528,30.950538635253906,-0.0004730224609375,0.997789740562439,2019.311279296875,0.00014287233352661133,0.9985846877098083,162.39749145507812,0.00014084577560424805,1.0186187028884888,0.021515194326639175,-0.03952360153198242,1.003830909729004,9.890084266662598,-0.010739445686340332,1.0083750486373901,16.845653533935547,-0.01780855655670166,66,988,0.00172346830368042
SLIM*MIX_ms0.1_pat5_fn-full_extended_const-small_ints_ls,dd1681e3-7f95-11f1-88f9-2c7ba0e6fa90,synthetic_prior,0,130,0.9981359243392944,0.15841269493103027,195229.0,0.9964110851287842,30.950531005859375,-0.0004723072052001953,0.9977467656135559,2019.2244873046875,0.0002289414405822754,0.9985925555229187,162.39877319335938,0.00012505054473876953,1.0183446407318115,0.021509403362870216,-0.038964152336120605,1.0037516355514526,9.889302253723145,-0.010579705238342285,1.008607029914856,16.849531173706055,-0.01827681064605713,67,1014,0.0017281174659729004
SLIM*MIX_ms0.1_pat5_fn-full_extended_const-small_ints_ls,dd1681e3-7f95-11f1-88f9-2c7ba0e6fa90,synthetic_prior,0,131,0.9981167316436768,1.3093886375427246,197322.0,0.996385395526886,30.949731826782227,-0.00042068958282470703,0.9978333711624146,2019.399658203125,5.549192428588867e-05,0.998474657535553,162.37960815429688,0.0003610849380493164,1.0194510221481323,0.021532773971557617,-0.04122316837310791,1.0052798986434937,9.904359817504883,-0.013659477233886719,1.0092051029205322,16.85951805114746,-0.019484758377075195,64,982,0.0017664432525634766
SLIM*MIX_ms0.1_pat5_fn-full_extended_const-small_ints_ls,dd1681e3-7f95-11f1-88f9-2c7ba0e6fa90,synthetic_prior,0,132,0.9981151223182678,0.13178396224975586,199326.0,0.9962927103042603,30.946849822998047,-0.00023448467254638672,0.997918426990509,2019.5718994140625,-0.0001150369644165039,0.9985109567642212,162.38551330566406,0.00028836727142333984,1.0195363759994507,0.021534575149416924,-0.04139745235443115,1.0021134614944458,9.873164176940918,-0.007283926010131836,1.0092312097549438,16.859954833984375,-0.01953732967376709,64,967,0.0017697811126708984
SLIM*MIX_ms0.1_pat5_fn-full_extended_const-small_ints_ls,dd1681e3-7f95-11f1-88f9-2c7ba0e6fa90,synthetic_prior,0,133,0.9981139302253723,0.1446366310119629,199601.0,0.9962961077690125,30.94695472717285,-0.00024127960205078125,0.9979189038276672,2019.57275390625,-0.00011599063873291016,0.9985089898109436,162.3851776123047,0.000292360782623291,1.0193383693695068,0.02153039537370205,-0.04099321365356445,1.0021415948867798,9.873440742492676,-0.0073403120040893555,1.0095397233963013,16.865108489990234,-0.020160794258117676,65,979,0.0017721056938171387
SLIM*MIX_ms0.1_pat5_fn-full_extended_const-small_ints_ls,dd1681e3-7f95-11f1-88f9-2c7ba0e6fa90,synthetic_prior,0,134,0.9981091022491455,0.14637255668640137,199448.0,0.9963822364807129,30.949634552001953,-0.0004143714904785156,0.9978079795837402,2019.348388671875,0.00010627508163452148,0.9984616041183472,162.37747192382812,0.0003872513771057129,1.0193631649017334,0.021530920639634132,-0.041043758392333984,1.0050548315048218,9.902143478393555,-0.013205647468566895,1.0092886686325073,16.860916137695312,-0.01965343952178955,64,982,0.0017818212509155273
SLIM*MIX_ms0.1_pat5_fn-full_extended_const-small_ints_ls,dd1681e3-7f95-11f1-88f9-2c7ba0e6fa90,synthetic_prior,0,135,0.9981082081794739,0.14451384544372559,199846.0,0.9963063597679138,30.947275161743164,-0.0002620220184326172,0.9979037642478943,2019.542236328125,-8.571147918701172e-05,0.9985126256942749,162.38577270507812,0.00028508901596069336,1.0191670656204224,0.021526776254177094,-0.04064309597015381,1.0020345449447632,9.87238597869873,-0.007125139236450195,1.0094614028930664,16.863800048828125,-0.02000248432159424,67,1005,0.0017835497856140137
SLIM*MIX_ms0.1_pat5_fn-full_extended_const-small_ints_ls,dd1681e3-7f95-11f1-88f9-2c7ba0e6fa90,synthetic_prior,0,136,0.9981037378311157,0.1744828224182129,200373.0,0.9963986277580261,30.95014190673828,-0.00044715404510498047,0.9978451728820801,2019.423583984375,3.17692756652832e-05,0.9984871745109558,162.3816375732422,0.00033611059188842773,1.0182130336761475,0.021506624296307564,-0.038695693016052246,1.0053764581680298,9.905311584472656,-0.013854265213012695,1.0092443227767944,16.86017417907715,-0.019564032554626465,66,1011,0.0017925500869750977
SLIM*MIX_ms0.1_pat5_fn-full_extended_const-small_ints_ls,dd1681e3-7f95-11f1-88f9-2c7ba0e6fa90,synthetic_prior,0,137,0.9981034398078918,0.1651625633239746,200363.0,0.9963074922561646,30.947309494018555,-0.00026416778564453125,0.9978324770927429,2019.3978271484375,5.716085433959961e-05,0.9984725117683411,162.3792266845703,0.0003654956817626953,1.01995849609375,0.02154349349439144,-0.042260050773620605,1.0043097734451294,9.89480209350586,-0.011703968048095703,1.0086867809295654,16.850860595703125,-0.018437623977661133,65,999,0.0017930865287780762
SLIM*MIX_ms0.1_pat5_fn-full_extended_const-small_ints_ls,dd1681e3-7f95-11f1-88f9-2c7ba0e6fa90,synthetic_prior,0,138,0.9980959296226501,0.1748793125152588,200043.0,0.9963936805725098,30.949987411499023,-0.0004373788833618164,0.9978775978088379,2019.4892578125,-3.325939178466797e-05,0.9984802603721619,162.38050842285156,0.00034999847412109375,1.018109917640686,0.021504445001482964,-0.03848540782928467,1.0051634311676025,9.90321159362793,-0.013424515724182129,1.0092520713806152,16.860305786132812,-0.019579648971557617,67,1023,0.0018081068992614746
SLIM*MIX_ms0.1_pat5_fn-full_extended_const-small_ints_ls,dd1681e3-7f95-11f1-88f9-2c7ba0e6fa90,synthetic_prior,0,139,0.9980902671813965,0.14267277717590332,200264.0,0.9963825941085815,30.949644088745117,-0.0004150867462158203,0.9979178309440613,2019.57080078125,-0.0001138448715209961,0.9984786510467529,162.38023376464844,0.00035321712493896484,1.0177156925201416,0.02149612084031105,-0.03768134117126465,1.0058623552322388,9.9100980758667,-0.014834284782409668,1.010364055633545,16.878881454467773,-0.02182769775390625,68,1036,0.0018194317817687988
SLIM*MIX_ms0.1_pat5_fn-full_extended_const-small_ints_ls,dd1681e3-7f95-11f1-88f9-2c7ba0e6fa90,synthetic_prior,0,140,0.998082160949707,1.3238422870635986,201410.0,0.9962869882583618,30.946672439575195,-0.00022304058074951172,0.9979190826416016,2019.5732421875,-0.0001163482666015625,0.998512864112854,162.38580322265625,0.00028461217880249023,1.0211365222930908,0.02156837284564972,-0.04466879367828369,1.0019761323928833,9.871809005737305,-0.007007718086242676,1.0099979639053345,16.872766494750977,-0.021087288856506348,67,992,0.0018357634544372559
SLIM*MIX_ms0.1_pat5_fn-full_extended_const-small_ints_ls,dd1681e3-7f95-11f1-88f9-2c7ba0e6fa90,synthetic_prior,0,141,0.998082160949707,0.17519617080688477,202957.0,0.9962869882583618,30.946672439575195,-0.00022304058074951172,0.9979190826416016,2019.5732421875,-0.0001163482666015625,0.998512864112854,162.38580322265625,0.00028461217880249023,1.0211365222930908,0.02156837284564972,-0.04466879367828369,1.0019761323928833,9.871809005737305,-0.007007718086242676,1.0099979639053345,16.872766494750977,-0.021087288856506348,67,992,0.0018357634544372559
SLIM*MIX_ms0.1_pat5_fn-full_extended_const-small_ints_ls,dd1681e3-7f95-11f1-88f9-2c7ba0e6fa90,synthetic_prior,0,142,0.998079240322113,0.14399337768554688,203377.0,0.9962809681892395,30.946487426757812,-0.0002110004425048828,0.9979066848754883,2019.548095703125,-9.143352508544922e-05,0.9985219836235046,162.3872833251953,0.0002663731575012207,1.0210609436035156,0.021566778421401978,-0.04451429843902588,1.0019444227218628,9.87149715423584,-0.006943941116333008,1.0100737810134888,16.87403106689453,-0.0212404727935791,68,1015,0.0018415451049804688
SLIM*MIX_ms0.1_pat5_fn-full_extended_const-small_ints_ls,dd1681e3-7f95-11f1-88f9-2c7ba0e6fa90,synthetic_prior,0,143,0.998079240322113,0.14318537712097168,203926.0,0.9962809681892395,30.946487426757812,-0.0002110004425048828,0.9979066848754883,2019.548095703125,-9.143352508544922e-05,0.9985219836235046,162.3872833251953,0.0002663731575012207,1.0210609436035156,0.021566778421401978,-0.04451429843902588,1.0019444227218628,9.87149715423584,-0.006943941116333008,1.0100737810134888,16.87403106689453,-0.0212404727935791,68,1015,0.0018415451049804688
SLIM*MIX_ms0.1_pat5_fn-full_extended_const-small_ints_ls,dd1681e3-7f95-11f1-88f9-2c7ba0e6fa90,synthetic_prior,0,144,0.9980688691139221,1.4359955787658691,204592.0,0.9963208436965942,30.94772720336914,-0.0002911090850830078,0.9979375600814819,2019.610595703125,-0.00015342235565185547,0.9984962344169617,162.3831024169922,0.000317990779876709,1.0212373733520508,0.02157050184905529,-0.044875264167785645,1.0019932985305786,9.871979713439941,-0.007042288780212402,1.0103378295898438,16.87844467163086,-0.0217745304107666,69,1031,0.0018622279167175293
SLIM*MIX_ms0.1_pat5_fn-full_extended_const-small_ints_ls,dd1681e3-7f95-11f1-88f9-2c7ba0e6fa90,synthetic_prior,0,145,0.9980688691139221,0.14373564720153809,205186.0,0.9963208436965942,30.94772720336914,-0.0002911090850830078,0.9979375600814819,2019.610595703125,-0.00015342235565185547,0.9984962344169617,162.3831024169922,0.000317990779876709,1.0212373733520508,0.02157050184905529,-0.044875264167785645,1.0019932985305786,9.871979713439941,-0.007042288780212402,1.0103378295898438,16.87844467163086,-0.0217745304107666,69,1031,0.0018622279167175293
SLIM*MIX_ms0.1_pat5_fn-full_extended_const-small_ints_ls,dd1681e3-7f95-11f1-88f9-2c7ba0e6fa90,synthetic_prior,0,146,0.9980599284172058,0.12710142135620117,206135.0,0.9963026642799377,30.947160720825195,-0.00025463104248046875,0.9978979229927063,2019.5302734375,-7.390975952148438e-05,0.99853515625,162.38943481445312,0.00024002790451049805,1.020104169845581,0.02154657058417797,-0.042557716369628906,1.0009394884109497,9.86159610748291,-0.0049250125885009766,1.0092273950576782,16.859891891479492,-0.01952970027923584,70,1047,0.0018801093101501465
SLIM*MIX_ms0.1_pat5_fn-full_extended_const-small_ints_ls,dd1681e3-7f95-11f1-88f9-2c7ba0e6fa90,synthetic_prior,0,147,0.9980582594871521,0.14368605613708496,207846.0,0.9963058233261108,30.9472599029541,-0.0002608299255371094,0.9978980422019958,2019.5306396484375,-7.426738739013672e-05,0.9985532760620117,162.3923797607422,0.00020372867584228516,1.0201209783554077,0.021546926349401474,-0.04259216785430908,1.000954031944275,9.861741065979004,-0.0049544572830200195,1.0092889070510864,16.860918045043945,-0.019653916358947754,71,1065,0.0018835067749023438
SLIM*MIX_ms0.1_pat5_fn-full_extended_const-small_ints_ls,dd1681e3-7f95-11f1-88f9-2c7ba0e6fa90,synthetic_prior,0,148,0.9980512261390686,1.3514673709869385,208270.0,0.9962812066078186,30.946495056152344,-0.00021147727966308594,0.9979153275489807,2019.5654296875,-0.0001087188720703125,0.9984965324401855,162.38314819335938,0.00031745433807373047,1.021055817604065,0.021566668525338173,-0.04450380802154541,1.0019713640213013,9.871763229370117,-0.0069980621337890625,1.0102370977401733,16.876760482788086,-0.021570682525634766,70,1032,0.0018976330757141113
SLIM*MIX_ms0.1_pat5_fn-full_extended_const-small_ints_ls,dd1681e3-7f95-11f1-88f9-2c7ba0e6fa90,synthetic_prior,0,149,0.9980512261390686,0.1424417495727539,207714.0,0.9962812066078186,30.946495056152344,-0.00021147727966308594,0.9979153275489807,2019.5654296875,-0.0001087188720703125,0.9984965324401855,162.38314819335938,0.00031745433807373047,1.021055817604065,0.021566668525338173,-0.04450380802154541,1.0019713640213013,9.871763229370117,-0.0069980621337890625,1.0102370977401733,16.876760482788086,-0.021570682525634766,70,1032,0.0018976330757141113
SLIM*MIX_ms0.1_pat5_fn-full_extended_const-small_ints_ls,dd1681e3-7f95-11f1-88f9-2c7ba0e6fa90,synthetic_prior,0,150,0.9980432987213135,0.15913963317871094,209072.0,0.996292233467102,30.94683837890625,-0.00023353099822998047,0.9978792667388916,2019.49267578125,-3.6597251892089844e-05,0.9985322952270508,162.38897705078125,0.00024569034576416016,1.020825982093811,0.021561816334724426,-0.04403376579284668,1.0016764402389526,9.868858337402344,-0.00640559196472168,1.0093611478805542,16.86212730407715,-0.01980006694793701,72,1082,0.001913309097290039
SLIM*MIX_ms0.1_pat5_fn-full_extended_const-small_ints_ls,dd1681e3-7f95-11f1-88f9-2c7ba0e6fa90,synthetic_prior,0,151,0.998042643070221,0.17441201210021973,210760.0,0.9963781833648682,30.949506759643555,-0.0004062652587890625,0.997923731803894,2019.58251953125,-0.00012564659118652344,0.9985028505325317,162.38418579101562,0.0003046989440917969,1.0224583148956299,0.02159629575908184,-0.04737532138824463,1.0019365549087524,9.871419906616211,-0.006928205490112305,1.0097055435180664,16.867881774902344,-0.020496129989624023,71,1075,0.001914680004119873
SLIM*MIX_ms0.1_pat5_fn-full_extended_const-small_ints_ls,dd1681e3-7f95-11f1-88f9-2c7ba0e6fa90,synthetic_prior,0,152,0.998037576675415,1.369957447052002,212521.0,0.9963049292564392,30.94723129272461,-0.00025904178619384766,0.9979574680328369,2019.6507568359375,-0.0001932382583618164,0.9985592365264893,162.39334106445312,0.00019180774688720703,1.026145577430725,0.021674178540706635,-0.054943203926086426,1.0006155967712402,9.858406066894531,-0.004274964332580566,1.0113804340362549,16.89586067199707,-0.02388441562652588,72,1076,0.0019248723983764648
SLIM*MIX_ms0.1_pat5_fn-full_extended_const-small_ints_ls,dd1681e3-7f95-11f1-88f9-2c7ba0e6fa90,synthetic_prior,0,153,0.9980215430259705,0.1757643222808838,213870.0,0.9963697195053101,30.94924545288086,-0.0003892183303833008,0.9979308247566223,2019.596923828125,-0.0001399517059326172,0.9984911680221558,162.3822784423828,0.0003281235694885254,1.0236974954605103,0.021622467786073685,-0.049915432929992676,1.0022847652435303,9.874850273132324,-0.007628083229064941,1.0100538730621338,16.87369728088379,-0.021200180053710938,71,1073,0.001956939697265625
SLIM*MIX_ms0.1_pat5_fn-full_extended_const-small_ints_ls,dd1681e3-7f95-11f1-88f9-2c7ba0e6fa90,synthetic_prior,0,154,0.9980215430259705,0.19077444076538086,215836.0,0.9963697195053101,30.94924545288086,-0.0003892183303833008,0.9979308247566223,2019.596923828125,-0.0001399517059326172,0.9984911680221558,162.3822784423828,0.0003281235694885254,1.0236974954605103,0.021622467786073685,-0.049915432929992676,1.0022847652435303,9.874850273132324,-0.007628083229064941,1.0100538730621338,16.87369728088379,-0.021200180053710938,71,1073,0.001956939697265625
SLIM*MIX_ms0.1_pat5_fn-full_extended_const-small_ints_ls,dd1681e3-7f95-11f1-88f9-2c7ba0e6fa90,synthetic_prior,0,155,0.9980215430259705,0.1459660530090332,216308.0,0.9963697195053101,30.94924545288086,-0.0003892183303833008,0.9979308247566223,2019.596923828125,-0.0001399517059326172,0.9984911680221558,162.3822784423828,0.0003281235694885254,1.0236974954605103,0.021622467786073685,-0.049915432929992676,1.0022847652435303,9.874850273132324,-0.007628083229064941,1.0100538730621338,16.87369728088379,-0.021200180053710938,71,1073,0.001956939697265625
SLIM*MIX_ms0.1_pat5_fn-full_extended_const-small_ints_ls,dd1681e3-7f95-11f1-88f9-2c7ba0e6fa90,synthetic_prior,0,156,0.9980108141899109,1.3116602897644043,217508.0,0.9963968992233276,30.95008659362793,-0.0004436969757080078,0.9979444146156311,2019.6243896484375,-0.0001672506332397461,0.998482882976532,162.38092041015625,0.0003446340560913086,1.0244221687316895,0.021637773141264915,-0.05140244960784912,1.0026898384094238,9.8788423538208,-0.00844275951385498,1.0102940797805786,16.87771224975586,-0.021686077117919922,72,1085,0.0019783973693847656
SLIM*MIX_ms0.1_pat5_fn-full_extended_const-small_ints_ls,dd1681e3-7f95-11f1-88f9-2c7ba0e6fa90,synthetic_prior,0,157,0.9979810118675232,0.14503073692321777,217757.0,0.9963391423225403,30.948293685913086,-0.00032770633697509766,0.9979144930839539,2019.56396484375,-0.00010716915130615234,0.9985275268554688,162.38818359375,0.00025522708892822266,1.0277600288391113,0.021708276122808456,-0.05826520919799805,1.0023568868637085,9.875561714172363,-0.007773160934448242,1.009940266609192,16.871801376342773,-0.020970463752746582,72,1092,0.002037942409515381
SLIM*MIX_ms0.1_pat5_fn-full_extended_const-small_ints_ls,dd1681e3-7f95-11f1-88f9-2c7ba0e6fa90,synthetic_prior,0,158,0.9979810118675232,0.13618016242980957,218111.0,0.9963391423225403,30.948293685913086,-0.00032770633697509766,0.9979144930839539,2019.56396484375,-0.00010716915130615234,0.9985275268554688,162.38818359375,0.00025522708892822266,1.0277600288391113,0.021708276122808456,-0.05826520919799805,1.0023568868637085,9.875561714172363,-0.007773160934448242,1.009940266609192,16.871801376342773,-0.020970463752746582,72,1092,0.002037942409515381
SLIM*MIX_ms0.1_pat5_fn-full_extended_const-small_ints_ls,dd1681e3-7f95-11f1-88f9-2c7ba0e6fa90,synthetic_prior,0,159,0.9979810118675232,0.15061426162719727,218591.0,0.9963391423225403,30.948293685913086,-0.00032770633697509766,0.9979144930839539,2019.56396484375,-0.00010716915130615234,0.9985275268554688,162.38818359375,0.00025522708892822266,1.0277600288391113,0.021708276122808456,-0.05826520919799805,1.0023568868637085,9.875561714172363,-0.007773160934448242,1.009940266609192,16.871801376342773,-0.020970463752746582,72,1092,0.002037942409515381
SLIM*MIX_ms0.1_pat5_fn-full_extended_const-small_ints_ls,dd1681e3-7f95-11f1-88f9-2c7ba0e6fa90,synthetic_prior,0,160,0.9979783296585083,1.359013319015503,219733.0,0.996338427066803,30.948270797729492,-0.0003262758255004883,0.9979129433631897,2019.5606689453125,-0.00010406970977783203,0.9985251426696777,162.38778686523438,0.0002601146697998047,1.026882529258728,0.02168974280357361,-0.05645895004272461,1.002098798751831,9.873018264770508,-0.007254242897033691,1.0099189281463623,16.87144660949707,-0.0209275484085083,73,1104,0.0020433664321899414
SLIM*MIX_ms0.1_pat5_fn-full_extended_const-small_ints_ls,dd1681e3-7f95-11f1-88f9-2c7ba0e6fa90,synthetic_prior,0,161,0.9979783296585083,0.1750931739807129,221286.0,0.996338427066803,30.948270797729492,-0.0003262758255004883,0.9979129433631897,2019.5606689453125,-0.00010406970977783203,0.9985251426696777,162.38778686523438,0.0002601146697998047,1.026882529258728,0.02168974280357361,-0.05645895004272461,1.002098798751831,9.873018264770508,-0.007254242897033691,1.0099189281463623,16.87144660949707,-0.0209275484085083,73,1104,0.0020433664321899414
SLIM*MIX_ms0.1_pat5_fn-full_extended_const-small_ints_ls,dd1681e3-7f95-11f1-88f9-2c7ba0e6fa90,synthetic_prior,0,162,0.9979758262634277,0.14062833786010742,222009.0,0.9963406324386597,30.948341369628906,-0.00033080577850341797,0.9979093074798584,2019.553466796875,-9.679794311523438e-05,0.9985194802284241,162.3868865966797,0.0002713799476623535,1.0266422033309937,0.021684665232896805,-0.05596446990966797,1.0020380020141602,9.872419357299805,-0.007132053375244141,1.0101196765899658,16.874799728393555,-0.02133345603942871,75,1134,0.0020484328269958496
SLIM*MIX_ms0.1_pat5_fn-full_extended_const-small_ints_ls,dd1681e3-7f95-11f1-88f9-2c7ba0e6fa90,synthetic_prior,0,163,0.9979667663574219,0.1436598300933838,222564.0,0.9963474273681641,30.948549270629883,-0.00034439563751220703,0.9979313015937805,2019.5980224609375,-0.00014090538024902344,0.9985405206680298,162.3903045654297,0.00022923946380615234,1.0270016193389893,0.02169225551187992,-0.056703925132751465,1.0025566816329956,9.877530097961426,-0.008175015449523926,1.0099183320999146,16.871435165405273,-0.020926356315612793,75,1138,0.002066493034362793
SLIM*MIX_ms0.1_pat5_fn-full_extended_const-small_ints_ls,dd1681e3-7f95-11f1-88f9-2c7ba0e6fa90,synthetic_prior,0,164,0.9979662299156189,0.14177989959716797,222444.0,0.9963399767875671,30.948320388793945,-0.0003294944763183594,0.9978995323181152,2019.53369140625,-7.724761962890625e-05,0.998543918132782,162.39085388183594,0.0002225041389465332,1.026741623878479,0.021686764433979988,-0.05616891384124756,1.0021657943725586,9.873679161071777,-0.007389068603515625,1.0102711915969849,16.877328872680664,-0.02163982391357422,74,1116,0.0020675063133239746
SLIM*MIX_ms0.1_pat5_fn-full_extended_const-small_ints_ls,dd1681e3-7f95-11f1-88f9-2c7ba0e6fa90,synthetic_prior,0,165,0.9979636669158936,0.1423201560974121,222699.0,0.9964368343353271,30.95132827758789,-0.0005239248275756836,0.9978677034378052,2019.46923828125,-1.3470649719238281e-05,0.9984669089317322,162.37832641601562,0.00037664175033569336,1.0223101377487183,0.021593162789940834,-0.04707157611846924,1.0013420581817627,9.865562438964844,-0.005733609199523926,1.009729027748108,16.868274688720703,-0.020543694496154785,79,1194,0.002072632312774658
SLIM*MIX_ms0.1_pat5_fn-full_extended_const-small_ints_ls,dd1681e3-7f95-11f1-88f9-2c7ba0e6fa90,synthetic_prior,0,166,0.9979596734046936,0.1292130947113037,224468.0,0.9964273571968079,30.951034545898438,-0.0005049705505371094,0.9978699684143066,2019.473876953125,-1.800060272216797e-05,0.998479962348938,162.38046264648438,0.0003504753112792969,1.0226634740829468,0.021600626409053802,-0.04779553413391113,1.0010334253311157,9.862521171569824,-0.0051136016845703125,1.0097860097885132,16.869226455688477,-0.02065885066986084,79,1192,0.002080678939819336
SLIM*MIX_ms0.1_pat5_fn-full_extended_const-small_ints_ls,dd1681e3-7f95-11f1-88f9-2c7ba0e6fa90,synthetic_prior,0,167,0.9979592561721802,0.14336109161376953,226137.0,0.9964601993560791,30.952054977416992,-0.0005708932876586914,0.9978713989257812,2019.4766845703125,-2.086162567138672e-05,0.9984625577926636,162.37762451171875,0.0003854036331176758,1.0217989683151245,0.02158236689865589,-0.04602491855621338,1.0011072158813477,9.863249778747559,-0.005262017250061035,1.0101770162582397,16.875755310058594,-0.02144920825958252,79,1189,0.0020815134048461914
SLIM*MIX_ms0.1_pat5_fn-full_extended_const-small_ints_ls,dd1681e3-7f95-11f1-88f9-2c7ba0e6fa90,synthetic_prior,0,168,0.9979577660560608,0.14014124870300293,228088.0,0.9964362382888794,30.951311111450195,-0.0005227327346801758,0.9978792667388916,2019.49267578125,-3.6597251892089844e-05,0.9984816312789917,162.38072204589844,0.0003471970558166504,1.0231529474258423,0.021610964089632034,-0.04879868030548096,1.001267910003662,9.864832878112793,-0.005584716796875,1.0099858045578003,16.872560501098633,-0.021062493324279785,79,1189,0.0020845532417297363
SLIM*MIX_ms0.1_pat5_fn-full_extended_const-small_ints_ls,dd1681e3-7f95-11f1-88f9-2c7ba0e6fa90,synthetic_prior,0,169,0.997942328453064,1.328291893005371,230213.0,0.9964656829833984,30.952224731445312,-0.0005818605422973633,0.9979119896888733,2019.558837890625,-0.00010228157043457031,0.9984790682792664,162.38031005859375,0.0003523826599121094,1.0240586996078491,0.021630095317959785,-0.05065643787384033,1.0013588666915894,9.865728378295898,-0.005767345428466797,1.009917140007019,16.871416091918945,-0.020923972129821777,80,1203,0.0021153688430786133
SLIM*MIX_ms0.1_pat5_fn-full_extended_const-small_ints_ls,dd1681e3-7f95-11f1-88f9-2c7ba0e6fa90,synthetic_prior,0,170,0.9979379177093506,0.17402410507202148,232408.0,0.9964684844017029,30.952314376831055,-0.0005875825881958008,0.99786376953125,2019.4613037109375,-5.602836608886719e-06,0.998458981513977,162.37704467773438,0.00039255619049072266,1.0232157707214355,0.021612292155623436,-0.0489276647567749,1.0012898445129395,9.8650484085083,-0.005628824234008789,1.01105535030365,16.890430450439453,-0.023226499557495117,80,1204,0.0021241307258605957
SLIM*MIX_ms0.1_pat5_fn-full_extended_const-small_ints_ls,dd1681e3-7f95-11f1-88f9-2c7ba0e6fa90,synthetic_prior,0,171,0.9979327917098999,0.16897964477539062,234353.0,0.9965075850486755,30.95352554321289,-0.0006660223007202148,0.9979429841041565,2019.62158203125,-0.00016427040100097656,0.9984341859817505,162.37301635742188,0.00044220685958862305,1.0232661962509155,0.021613355726003647,-0.04903090000152588,1.0016858577728271,9.868949890136719,-0.006424307823181152,1.0097336769104004,16.868349075317383,-0.020552873611450195,81,1224,0.002134382724761963
SLIM*MIX_ms0.1_pat5_fn-full_extended_const-small_ints_ls,dd1681e3-7f95-11f1-88f9-2c7ba0e6fa90,synthetic_prior,0,172,0.9979316592216492,0.1734757423400879,236241.0,0.9964667558670044,30.95225715637207,-0.0005840063095092773,0.9978607892990112,2019.4552001953125,4.76837158203125e-07,0.9984703063964844,162.37887573242188,0.0003699064254760742,1.0230745077133179,0.021609308198094368,-0.048638105392456055,1.0012003183364868,9.864166259765625,-0.005449056625366211,1.0111298561096191,16.89167594909668,-0.023377180099487305,81,1218,0.002136707305908203
SLIM*MIX_ms0.1_pat5_fn-full_extended_const-small_ints_ls,dd1681e3-7f95-11f1-88f9-2c7ba0e6fa90,synthetic_prior,0,173,0.9979298114776611,0.14238929748535156,237686.0,0.9964655041694641,30.95221710205078,-0.0005815029144287109,0.9978597164154053,2019.4530029296875,2.682209014892578e-06,0.9984515309333801,162.37582397460938,0.0004075169563293457,1.0226613283157349,0.02160058170557022,-0.047791242599487305,1.0011152029037476,9.86332893371582,-0.005278110504150391,1.0108016729354858,16.886192321777344,-0.02271294593811035,82,1231,0.002140343189239502
SLIM*MIX_ms0.1_pat5_fn-full_extended_const-small_ints_ls,dd1681e3-7f95-11f1-88f9-2c7ba0e6fa90,synthetic_prior,0,174,0.9979290962219238,0.1360623836517334,238526.0,0.996513307094574,30.953702926635742,-0.0006774663925170898,0.9978440999984741,2019.42138671875,3.3974647521972656e-05,0.99839186668396,162.3661346435547,0.0005268454551696777,1.022857427597046,0.02160472236573696,-0.04819297790527344,1.001889944076538,9.870960235595703,-0.006834506988525391,1.0112876892089844,16.894311904907227,-0.0236966609954834,82,1230,0.0021417737007141113
SLIM*MIX_ms0.1_pat5_fn-full_extended_const-small_ints_ls,dd1681e3-7f95-11f1-88f9-2c7ba0e6fa90,synthetic_prior,0,175,0.9979202151298523,0.14220046997070312,237215.0,0.9965066313743591,30.953495025634766,-0.0006641149520874023,0.9978514313697815,2019.436279296875,1.9252300262451172e-05,0.9985107779502869,162.38546752929688,0.0002887845039367676,1.0204017162322998,0.021552853286266327,-0.04316604137420654,1.0004037618637085,9.856319427490234,-0.0038497447967529297,1.0115095376968384,16.89801788330078,-0.024145960807800293,80,1206,0.002159595489501953
SLIM*MIX_ms0.1_pat5_fn-full_extended_const-small_ints_ls,dd1681e3-7f95-11f1-88f9-2c7ba0e6fa90,synthetic_prior,0,176,0.9979180097579956,0.17341399192810059,238223.0,0.9964057803153992,30.950363159179688,-0.000461578369140625,0.9978656768798828,2019.4652099609375,-9.298324584960938e-06,0.9984235167503357,162.37127685546875,0.0004635453224182129,1.0208029747009277,0.021561328321695328,-0.04398655891418457,1.0007078647613525,9.85931396484375,-0.004459977149963379,1.0104355812072754,16.880075454711914,-0.021972179412841797,81,1218,0.0021639466285705566
SLIM*MIX_ms0.1_pat5_fn-full_extended_const-small_ints_ls,dd1681e3-7f95-11f1-88f9-2c7ba0e6fa90,synthetic_prior,0,177,0.9979063868522644,0.19150519371032715,240247.0,0.9964123368263245,30.95056915283203,-0.0004748106002807617,0.9978698492050171,2019.4735107421875,-1.7762184143066406e-05,0.9984148740768433,162.369873046875,0.00048089027404785156,1.019972562789917,0.02154378965497017,-0.04228866100311279,1.0005987882614136,9.858240127563477,-0.004241228103637695,1.010580062866211,16.882488250732422,-0.02226436138153076,82,1233,0.0021872520446777344
SLIM*MIX_ms0.1_pat5_fn-full_extended_const-small_ints_ls,dd1681e3-7f95-11f1-88f9-2c7ba0e6fa90,synthetic_prior,0,178,0.9979063868522644,0.15751314163208008,241351.0,0.9964123368263245,30.95056915283203,-0.0004748106002807617,0.9978698492050171,2019.4735107421875,-1.7762184143066406e-05,0.9984148740768433,162.369873046875,0.00048089027404785156,1.019972562789917,0.02154378965497017,-0.04228866100311279,1.0005987882614136,9.858240127563477,-0.004241228103637695,1.010580062866211,16.882488250732422,-0.02226436138153076,82,1233,0.0021872520446777344
SLIM*MIX_ms0.1_pat5_fn-full_extended_const-small_ints_ls,dd1681e3-7f95-11f1-88f9-2c7ba0e6fa90,synthetic_prior,0,179,0.9979063868522644,0.159775972366333,243315.0,0.9964123368263245,30.95056915283203,-0.0004748106002807617,0.9978698492050171,2019.4735107421875,-1.7762184143066406e-05,0.9984148740768433,162.369873046875,0.00048089027404785156,1.019972562789917,0.02154378965497017,-0.04228866100311279,1.0005987882614136,9.858240127563477,-0.004241228103637695,1.010580062866211,16.882488250732422,-0.02226436138153076,82,1233,0.0021872520446777344
SLIM*MIX_ms0.1_pat5_fn-full_extended_const-small_ints_ls,dd1681e3-7f95-11f1-88f9-2c7ba0e6fa90,synthetic_prior,0,180,0.9979000091552734,1.352358102798462,245117.0,0.9963936805725098,30.949989318847656,-0.0004373788833618164,0.9978413581848145,2019.4158935546875,3.933906555175781e-05,0.9984157085418701,162.37001037597656,0.00047916173934936523,1.019968032836914,0.02154369279742241,-0.04227936267852783,1.0005805492401123,9.858059883117676,-0.004204392433166504,1.0105464458465576,16.881929397583008,-0.022196531295776367,84,1269,0.0021999478340148926
SLIM*MIX_ms0.1_pat5_fn-full_extended_const-small_ints_ls,dd1681e3-7f95-11f1-88f9-2c7ba0e6fa90,synthetic_prior,0,181,0.9979000091552734,0.12851333618164062,247332.0,0.9963936805725098,30.949989318847656,-0.0004373788833618164,0.9978413581848145,2019.4158935546875,3.933906555175781e-05,0.9984157085418701,162.37001037597656,0.00047916173934936523,1.019968032836914,0.02154369279742241,-0.04227936267852783,1.0005805492401123,9.858059883117676,-0.004204392433166504,1.0105464458465576,16.881929397583008,-0.022196531295776367,84,1269,0.0021999478340148926
SLIM*MIX_ms0.1_pat5_fn-full_extended_const-small_ints_ls,dd1681e3-7f95-11f1-88f9-2c7ba0e6fa90,synthetic_prior,0,182,0.997894287109375,0.17107772827148438,249249.0,0.9964642524719238,30.95218276977539,-0.0005789995193481445,0.9978268146514893,2019.386474609375,6.854534149169922e-05,0.9983826279640198,162.3646240234375,0.0005454421043395996,1.0205790996551514,0.02155660092830658,-0.04352879524230957,1.000914454460144,9.861350059509277,-0.004874825477600098,1.010302186012268,16.87784767150879,-0.02170240879058838,84,1257,0.002211451530456543
SLIM*MIX_ms0.1_pat5_fn-full_extended_const-small_ints_ls,dd1681e3-7f95-11f1-88f9-2c7ba0e6fa90,synthetic_prior,0,183,0.9978919625282288,0.18094611167907715,251325.0,0.9964569211006165,30.95195198059082,-0.0005642175674438477,0.9977849721908569,2019.3017578125,0.00015240907669067383,0.9984239339828491,162.371337890625,0.0004627108573913574,1.0203027725219727,0.02155076339840889,-0.042963624000549316,1.0009337663650513,9.861539840698242,-0.0049135684967041016,1.0110101699829102,16.889673233032227,-0.023134708404541016,82,1235,0.002216041088104248
SLIM*MIX_ms0.1_pat5_fn-full_extended_const-small_ints_ls,dd1681e3-7f95-11f1-88f9-2c7ba0e6fa90,synthetic_prior,0,184,0.997886061668396,0.143876314163208,252837.0,0.9964810609817505,30.952701568603516,-0.0006127357482910156,0.9978024363517761,2019.337158203125,0.00011742115020751953,0.9984033107757568,162.3679962158203,0.0005040168762207031,1.019115686416626,0.021525690332055092,-0.04053819179534912,1.0004668235778809,9.856940269470215,-0.003976225852966309,1.0117359161376953,16.901798248291016,-0.024604320526123047,83,1253,0.0022278428077697754
SLIM*MIX_ms0.1_pat5_fn-full_extended_const-small_ints_ls,dd1681e3-7f95-11f1-88f9-2c7ba0e6fa90,synthetic_prior,0,185,0.9978783130645752,0.14926481246948242,254490.0,0.9963879585266113,30.949810028076172,-0.00042569637298583984,0.9979031682014465,2019.541015625,-8.45193862915039e-05,0.9984811544418335,162.3806610107422,0.00034809112548828125,1.0206170082092285,0.02155740186572075,-0.04360628128051758,1.0000741481781006,9.853071212768555,-0.0031882524490356445,1.010403037071228,16.879533767700195,-0.021906495094299316,87,1311,0.002243340015411377
SLIM*MIX_ms0.1_pat5_fn-full_extended_const-small_ints_ls,dd1681e3-7f95-11f1-88f9-2c7ba0e6fa90,synthetic_prior,0,186,0.9978771209716797,0.1592235565185547,255580.0,0.9963870048522949,30.949783325195312,-0.0004239082336425781,0.9978983998298645,2019.531494140625,-7.49826431274414e-05,0.998485267162323,162.38131713867188,0.00033986568450927734,1.020581841468811,0.021556658670306206,-0.043534278869628906,1.0001847743988037,9.854162216186523,-0.00341033935546875,1.010313630104065,16.878040313720703,-0.02172565460205078,86,1298,0.0022457242012023926
SLIM*MIX_ms0.1_pat5_fn-full_extended_const-small_ints_ls,dd1681e3-7f95-11f1-88f9-2c7ba0e6fa90,synthetic_prior,0,187,0.9978755712509155,0.145538330078125,256824.0,0.9964181184768677,30.950746536254883,-0.0004863739013671875,0.9978361129760742,2019.4053955078125,4.988908767700195e-05,0.9983694553375244,162.36248779296875,0.0005718469619750977,1.0204588174819946,0.02155406028032303,-0.04328274726867676,1.0011076927185059,9.863253593444824,-0.005262851715087891,1.0100295543670654,16.873291015625,-0.021151065826416016,83,1270,0.0022488832473754883
SLIM*MIX_ms0.1_pat5_fn-full_extended_const-small_ints_ls,dd1681e3-7f95-11f1-88f9-2c7ba0e6fa90,synthetic_prior,0,188,0.9978563189506531,0.1426529884338379,258611.0,0.9963395595550537,30.94830894470215,-0.0003286600112915039,0.9979118704795837,2019.55859375,-0.00010192394256591797,0.9984846115112305,162.38121032714844,0.00034117698669433594,1.0172803401947021,0.021486924961209297,-0.03679370880126953,0.9996042847633362,9.848441123962402,-0.0022459030151367188,1.0103095769882202,16.877971649169922,-0.021717429161071777,88,1320,0.0022873282432556152
SLIM*MIX_ms0.1_pat5_fn-full_extended_const-small_ints_ls,dd1681e3-7f95-11f1-88f9-2c7ba0e6fa90,synthetic_prior,0,189,0.9978563189506531,0.1602766513824463,259504.0,0.9963395595550537,30.94830894470215,-0.0003286600112915039,0.9979118704795837,2019.55859375,-0.00010192394256591797,0.9984846115112305,162.38121032714844,0.00034117698669433594,1.0172803401947021,0.021486924961209297,-0.03679370880126953,0.9996042847633362,9.848441123962402,-0.0022459030151367188,1.0103095769882202,16.877971649169922,-0.021717429161071777,87,1305,0.0022873282432556152
SLIM*MIX_ms0.1_pat5_fn-full_extended_const-small_ints_ls,dd1681e3-7f95-11f1-88f9-2c7ba0e6fa90,synthetic_prior,0,190,0.9978476166725159,0.17448902130126953,259955.0,0.9963639974594116,30.949066162109375,-0.000377655029296875,0.9979031682014465,2019.541015625,-8.440017700195312e-05,0.9985146522521973,162.38609313964844,0.0002810955047607422,1.0169470310211182,0.021479884162545204,-0.03611445426940918,0.9991646409034729,9.844110488891602,-0.0013643503189086914,1.0100141763687134,16.873035430908203,-0.02111995220184326,89,1332,0.0023047924041748047
SLIM*MIX_ms0.1_pat5_fn-full_extended_const-small_ints_ls,dd1681e3-7f95-11f1-88f9-2c7ba0e6fa90,synthetic_prior,0,191,0.9978476166725159,0.14247488975524902,260445.0,0.9963639974594116,30.949066162109375,-0.000377655029296875,0.9979031682014465,2019.541015625,-8.440017700195312e-05,0.9985146522521973,162.38609313964844,0.0002810955047607422,1.0169470310211182,0.021479884162545204,-0.03611445426940918,0.9991646409034729,9.844110488891602,-0.0013643503189086914,1.0100141763687134,16.873035430908203,-0.02111995220184326,89,1332,0.0023047924041748047
SLIM*MIX_ms0.1_pat5_fn-full_extended_const-small_ints_ls,dd1681e3-7f95-11f1-88f9-2c7ba0e6fa90,synthetic_prior,0,192,0.9978463649749756,1.3193390369415283,262253.0,0.9963626265525818,30.94902229309082,-0.00037491321563720703,0.9979035258293152,2019.541748046875,-8.52346420288086e-05,0.9985145926475525,162.38609313964844,0.0002811551094055176,1.0169153213500977,0.02147921733558178,-0.03604996204376221,0.9991483092308044,9.843949317932129,-0.0013316869735717773,1.0100376605987549,16.873428344726562,-0.021167635917663574,90,1349,0.002307295799255371
SLIM*MIX_ms0.1_pat5_fn-full_extended_const-small_ints_ls,dd1681e3-7f95-11f1-88f9-2c7ba0e6fa90,synthetic_prior,0,193,0.9978443384170532,0.15306591987609863,264895.0,0.996385395526886,30.949731826782227,-0.00042068958282470703,0.9979148507118225,2019.564697265625,-0.00010788440704345703,0.9985213279724121,162.38719177246094,0.0002677440643310547,1.0179176330566406,0.02150038816034794,-0.03809332847595215,0.9990821480751038,9.843297958374023,-0.0011991262435913086,1.0098284482955933,16.86993408203125,-0.0207444429397583,90,1344,0.0023113489151000977
SLIM*MIX_ms0.1_pat5_fn-full_extended_const-small_ints_ls,dd1681e3-7f95-11f1-88f9-2c7ba0e6fa90,synthetic_prior,0,194,0.9978433847427368,0.15183043479919434,266020.0,0.9963654279708862,30.949108123779297,-0.00038051605224609375,0.9978960156440735,2019.526611328125,-7.009506225585938e-05,0.9984098672866821,162.36904907226562,0.0004909038543701172,1.0167698860168457,0.0214761421084404,-0.035753488540649414,0.9983582496643066,9.836166381835938,0.0002511739730834961,1.0123581886291504,16.912195205688477,-0.02586519718170166,89,1332,0.0023131370544433594
SLIM*MIX_ms0.1_pat5_fn-full_extended_const-small_ints_ls,dd1681e3-7f95-11f1-88f9-2c7ba0e6fa90,synthetic_prior,0,195,0.99784255027771,0.16330862045288086,267197.0,0.9963831901550293,30.949663162231445,-0.00041615962982177734,0.9979180693626404,2019.5711669921875,-0.00011432170867919922,0.9985195398330688,162.3868865966797,0.00027126073837280273,1.01785409450531,0.021499043330550194,-0.03796374797821045,0.9991045594215393,9.843518257141113,-0.0012439489364624023,1.0098602771759033,16.870466232299805,-0.020808935165405273,89,1330,0.0023148059844970703
SLIM*MIX_ms0.1_pat5_fn-full_extended_const-small_ints_ls,dd1681e3-7f95-11f1-88f9-2c7ba0e6fa90,synthetic_prior,0,196,0.9978376626968384,1.3171117305755615,268253.0,0.9964349865913391,30.951271057128906,-0.0005202293395996094,0.9978591799736023,2019.4520263671875,3.6954879760742188e-06,0.9984400868415833,162.3739776611328,0.0004303455352783203,1.0199832916259766,0.021544015035033226,-0.04231059551239014,0.9999037981033325,9.851393699645996,-0.0028465986251831055,1.010189414024353,16.87596321105957,-0.021474242210388184,89,1339,0.0023246407508850098
SLIM*MIX_ms0.1_pat5_fn-full_extended_const-small_ints_ls,dd1681e3-7f95-11f1-88f9-2c7ba0e6fa90,synthetic_prior,0,197,0.9978306293487549,0.1433403491973877,269655.0,0.996525764465332,30.954090118408203,-0.0007025003433227539,0.9977666139602661,2019.2646484375,0.00018918514251708984,0.9984855651855469,162.38136291503906,0.00033932924270629883,1.0188875198364258,0.02152087166905403,-0.04007232189178467,1.0001466274261475,9.853784561157227,-0.0033336877822875977,1.0106174945831299,16.883113861083984,-0.02234017848968506,88,1305,0.0023387670516967773
SLIM*MIX_ms0.1_pat5_fn-full_extended_const-small_ints_ls,dd1681e3-7f95-11f1-88f9-2c7ba0e6fa90,synthetic_prior,0,198,0.9978259205818176,0.14408278465270996,269691.0,0.9964055418968201,30.950355529785156,-0.0004611015319824219,0.9979108572006226,2019.556640625,-9.989738464355469e-05,0.9984987378120422,162.38351440429688,0.0003129243850708008,1.018943428993225,0.021522052586078644,-0.040186405181884766,0.9990478157997131,9.8429594039917,-0.0011303424835205078,1.009454607963562,16.86368751525879,-0.0199887752532959,91,1364,0.0023480653762817383
SLIM*MIX_ms0.1_pat5_fn-full_extended_const-small_ints_ls,dd1681e3-7f95-11f1-88f9-2c7ba0e6fa90,synthetic_prior,0,199,0.9978175759315491,0.13631701469421387,269213.0,0.9963939785957336,30.94999885559082,-0.0004379749298095703,0.9979245066642761,2019.584228515625,-0.0001271963119506836,0.9984889030456543,162.38189697265625,0.0003326535224914551,1.018823504447937,0.02151951752603054,-0.03994178771972656,0.9989727735519409,9.842220306396484,-0.0009799003601074219,1.0088350772857666,16.85333824157715,-0.018737196922302246,92,1381,0.002364814281463623
SLIM*MIX_ms0.1_pat5_fn-full_extended_const-small_ints_ls,dd1681e3-7f95-11f1-88f9-2c7ba0e6fa90,synthetic_prior,0,200,0.9978134036064148,1.3139097690582275,271473.0,0.9964258670806885,30.950986862182617,-0.0005018711090087891,0.9979252815246582,2019.5858154296875,-0.00012886524200439453,0.9984766840934753,162.37991333007812,0.0003571510314941406,1.0189234018325806,0.02152162790298462,-0.04014551639556885,0.9988939762115479,9.84144401550293,-0.0008220672607421875,1.0084519386291504,16.84693717956543,-0.017963647842407227,93,1395,0.0023730993270874023
SLIM*MIX_ms0.01_pat5_fn-full_extended_const-small_ints_raw,dd1681e3-7f95-11f1-88f9-2c7ba0e6fa90,synthetic_prior,0,0,1.0089174509048462,0.0592799186706543,889.0,1.0061218738555908,31.252166748046875,-0.02006816864013672,1.007790446281433,2039.5506591796875,-0.020000457763671875,1.008576512336731,164.0224609375,-0.019968509674072266,1.0089842081069946,0.021311694756150246,-0.019952058792114258,1.0084069967269897,9.935168266296387,-0.01997542381286621,1.009427547454834,16.863237380981445,-0.01993417739868164,1,2,-0.019954442977905273
SLIM*MIX_ms0.01_pat5_fn-full_extended_const-small_ints_raw,dd1681e3-7f95-11f1-88f9-2c7ba0e6fa90,synthetic_prior,0,1,1.0089174509048462,0.08243536949157715,2425.0,1.0061218738555908,31.252166748046875,-0.02006816864013672,1.007790446281433,2039.5506591796875,-0.020000457763671875,1.008576512336731,164.0224609375,-0.019968509674072266,1.0089842081069946,0.021311694756150246,-0.019952058792114258,1.0084069967269897,9.935168266296387,-0.01997542381286621,1.009427547454834,16.863237380981445,-0.01993417739868164,1,2,-0.019954442977905273
SLIM*MIX_ms0.01_pat5_fn-full_extended_const-small_ints_raw,dd1681e3-7f95-11f1-88f9-2c7ba0e6fa90,synthetic_prior,0,2,1.0089174509048462,0.08062314987182617,2888.0,1.0061218738555908,31.252166748046875,-0.02006816864013672,1.007790446281433,2039.5506591796875,-0.020000457763671875,1.008576512336731,164.0224609375,-0.019968509674072266,1.0089842081069946,0.021311694756150246,-0.019952058792114258,1.0084069967269897,9.935168266296387,-0.01997542381286621,1.009427547454834,16.863237380981445,-0.01993417739868164,1,2,-0.019954442977905273
SLIM*MIX_ms0.01_pat5_fn-full_extended_const-small_ints_raw,dd1681e3-7f95-11f1-88f9-2c7ba0e6fa90,synthetic_prior,0,3,1.0089174509048462,0.0786139965057373,3446.0,1.0061218738555908,31.252166748046875,-0.02006816864013672,1.007790446281433,2039.5506591796875,-0.020000457763671875,1.008576512336731,164.0224609375,-0.019968509674072266,1.0089842081069946,0.021311694756150246,-0.019952058792114258,1.0084069967269897,9.935168266296387,-0.01997542381286621,1.009427547454834,16.863237380981445,-0.01993417739868164,1,2,-0.019954442977905273
SLIM*MIX_ms0.01_pat5_fn-full_extended_const-small_ints_raw,dd1681e3-7f95-11f1-88f9-2c7ba0e6fa90,synthetic_prior,0,4,1.0089174509048462,0.07814598083496094,4016.0,1.0061218738555908,31.252166748046875,-0.02006816864013672,1.007790446281433,2039.5506591796875,-0.020000457763671875,1.008576512336731,164.0224609375,-0.019968509674072266,1.0089842081069946,0.021311694756150246,-0.019952058792114258,1.0084069967269897,9.935168266296387,-0.01997542381286621,1.009427547454834,16.863237380981445,-0.01993417739868164,1,2,-0.019954442977905273
SLIM*MIX_ms0.01_pat5_fn-full_extended_const-small_ints_raw,dd1681e3-7f95-11f1-88f9-2c7ba0e6fa90,synthetic_prior,0,5,1.0088871717453003,0.09523296356201172,4664.0,1.0060988664627075,31.25145149230957,-0.02002131938934326,1.0077742338180542,2039.5179443359375,-0.01996755599975586,1.0085394382476807,164.01638793945312,-0.019893288612365723,1.0089017152786255,0.021309953182935715,-0.019785404205322266,1.0083298683166504,9.934409141540527,-0.01981949806213379,1.0093427896499634,16.8618221282959,-0.01976299285888672,4,52,-0.01989305019378662
SLIM*MIX_ms0.01_pat5_fn-full_extended_const-small_ints_raw,dd1681e3-7f95-11f1-88f9-2c7ba0e6fa90,synthetic_prior,0,6,1.0088584423065186,0.07892251014709473,5489.0,1.0061086416244507,31.251752853393555,-0.02004110813140869,1.0077160596847534,2039.400146484375,-0.01984989643096924,1.0084881782531738,164.00807189941406,-0.019789814949035645,1.0090233087539673,0.021312521770596504,-0.020031452178955078,1.0082600116729736,9.933721542358398,-0.019678235054016113,1.0092883110046387,16.86090850830078,-0.019652724266052246,5,65,-0.01983499526977539
SLIM*MIX_ms0.01_pat5_fn-full_extended_const-small_ints_raw,dd1681e3-7f95-11f1-88f9-2c7ba0e6fa90,synthetic_prior,0,7,1.0088489055633545,0.11154007911682129,6142.0,1.0060163736343384,31.248889923095703,-0.019854187965393066,1.007745385169983,2039.4595947265625,-0.019909262657165527,1.0084761381149292,164.00611877441406,-0.019765496253967285,1.008938193321228,0.021310724318027496,-0.0198591947555542,1.0083503723144531,9.934611320495605,-0.01986086368560791,1.009341835975647,16.861804962158203,-0.019760966300964355,2,19,-0.019815683364868164
SLIM*MIX_ms0.01_pat5_fn-full_extended_const-small_ints_raw,dd1681e3-7f95-11f1-88f9-2c7ba0e6fa90,synthetic_prior,0,8,1.0088087320327759,1.2702648639678955,6336.0,1.0059809684753418,31.24778938293457,-0.019782304763793945,1.0077757835388184,2039.52099609375,-0.01997077465057373,1.0084624290466309,164.00387573242188,-0.019737720489501953,1.0088999271392822,0.02130991593003273,-0.019781827926635742,1.0082334280014038,9.93345832824707,-0.01962435245513916,1.0091997385025024,16.85942840576172,-0.019473671913146973,3,34,-0.019734501838684082
SLIM*MIX_ms0.01_pat5_fn-full_extended_const-small_ints_raw,dd1681e3-7f95-11f1-88f9-2c7ba0e6fa90,synthetic_prior,0,9,1.008797526359558,0.11169862747192383,6662.0,1.0060867071151733,31.251073837280273,-0.0199967622756958,1.0076104402542114,2039.1864013671875,-0.019635915756225586,1.0084834098815918,164.0072784423828,-0.01978003978729248,1.0088489055633545,0.021308835595846176,-0.019678592681884766,1.0081766843795776,9.932899475097656,-0.019509553909301758,1.00935959815979,16.86210060119629,-0.01979672908782959,7,91,-0.019711852073669434
SLIM*MIX_ms0.01_pat5_fn-full_extended_const-small_ints_raw,dd1681e3-7f95-11f1-88f9-2c7ba0e6fa90,synthetic_prior,0,10,1.0087953805923462,0.1113579273223877,7180.0,1.0060399770736694,31.249622344970703,-0.01990199089050293,1.0076625347137451,2039.291748046875,-0.019741535186767578,1.0084211826324463,163.99716186523438,-0.019654154777526855,1.008944034576416,0.021310845389962196,-0.019871115684509277,1.0085711479187012,9.936785697937012,-0.02030766010284424,1.0094085931777954,16.862918853759766,-0.01989591121673584,3,35,-0.019707441329956055
SLIM*MIX_ms0.01_pat5_fn-full_extended_const-small_ints_raw,dd1681e3-7f95-11f1-88f9-2c7ba0e6fa90,synthetic_prior,0,11,1.0086760520935059,0.1002798080444336,8725.0,1.0059601068496704,31.247140884399414,-0.019739985466003418,1.0074838399887085,2038.93017578125,-0.019379854202270508,1.0083599090576172,163.98721313476562,-0.019530415534973145,1.0087246894836426,0.02130621112883091,-0.01942753791809082,1.008084774017334,9.931995391845703,-0.01932394504547119,1.0092414617538452,16.86012840270996,-0.019558191299438477,8,108,-0.019466280937194824
SLIM*MIX_ms0.01_pat5_fn-full_extended_const-small_ints_raw,dd1681e3-7f95-11f1-88f9-2c7ba0e6fa90,synthetic_prior,0,12,1.0086679458618164,0.11101078987121582,9737.0,1.005944013595581,31.246639251708984,-0.019707322120666504,1.0074825286865234,2038.927490234375,-0.01937723159790039,1.0083447694778442,163.98475646972656,-0.019499778747558594,1.0086965560913086,0.021305618807673454,-0.01937079429626465,1.008025050163269,9.93140697479248,-0.0192030668258667,1.009214997291565,16.85968589782715,-0.019504666328430176,8,107,-0.019449949264526367
SLIM*MIX_ms0.01_pat5_fn-full_extended_const-small_ints_raw,dd1681e3-7f95-11f1-88f9-2c7ba0e6fa90,synthetic_prior,0,13,1.0086679458618164,0.09569644927978516,11743.0,1.005944013595581,31.246639251708984,-0.019707322120666504,1.0074825286865234,2038.927490234375,-0.01937723159790039,1.0083447694778442,163.98475646972656,-0.019499778747558594,1.0086965560913086,0.021305618807673454,-0.01937079429626465,1.008025050163269,9.93140697479248,-0.0192030668258667,1.009214997291565,16.85968589782715,-0.019504666328430176,8,107,-0.019449949264526367
SLIM*MIX_ms0.01_pat5_fn-full_extended_const-small_ints_raw,dd1681e3-7f95-11f1-88f9-2c7ba0e6fa90,synthetic_prior,0,14,1.0086630582809448,0.07311892509460449,13056.0,1.0059505701065063,31.24684715270996,-0.019720792770385742,1.0074752569198608,2038.9127197265625,-0.019362449645996094,1.0083478689193726,163.98526000976562,-0.019506096839904785,1.0087125301361084,0.021305955946445465,-0.01940286159515381,1.0080723762512207,9.931872367858887,-0.019298672676086426,1.0092227458953857,16.859817504882812,-0.01952040195465088,9,129,-0.0194399356842041
SLIM*MIX_ms0.01_pat5_fn-full_extended_const-small_ints_raw,dd1681e3-7f95-11f1-88f9-2c7ba0e6fa90,synthetic_prior,0,15,1.008594274520874,0.10030031204223633,15682.0,1.0058263540267944,31.24298667907715,-0.01946890354156494,1.0074152946472168,2038.79150390625,-0.01924121379852295,1.0082510709762573,163.96949768066406,-0.019310355186462402,1.0086263418197632,0.021304138004779816,-0.01922893524169922,1.0080797672271729,9.931944847106934,-0.019313693046569824,1.0092272758483887,16.859891891479492,-0.01952958106994629,8,110,-0.01930105686187744
SLIM*MIX_ms0.01_pat5_fn-full_extended_const-small_ints_raw,dd1681e3-7f95-11f1-88f9-2c7ba0e6fa90,synthetic_prior,0,16,1.0085488557815552,0.09638810157775879,17715.0,1.0057862997055054,31.241741180419922,-0.01938760280609131,1.0073927640914917,2038.745849609375,-0.01919567584991455,1.0082474946975708,163.96893310546875,-0.019303083419799805,1.008430004119873,0.02129998803138733,-0.018832087516784668,1.007946252822876,9.930630683898926,-0.019043684005737305,1.0091214179992676,16.858121871948242,-0.019315600395202637,8,107,-0.01920914649963379
SLIM*MIX_ms0.01_pat5_fn-full_extended_const-small_ints_raw,dd1681e3-7f95-11f1-88f9-2c7ba0e6fa90,synthetic_prior,0,17,1.0085488557815552,0.09501385688781738,20621.0,1.0057862997055054,31.241741180419922,-0.01938760280609131,1.0073927640914917,2038.745849609375,-0.01919567584991455,1.0082474946975708,163.96893310546875,-0.019303083419799805,1.008430004119873,0.02129998803138733,-0.018832087516784668,1.007946252822876,9.930630683898926,-0.019043684005737305,1.0091214179992676,16.858121871948242,-0.019315600395202637,8,107,-0.01920914649963379
SLIM*MIX_ms0.01_pat5_fn-full_extended_const-small_ints_raw,dd1681e3-7f95-11f1-88f9-2c7ba0e6fa90,synthetic_prior,0,18,1.0085488557815552,0.12114644050598145,22119.0,1.0057862997055054,31.241741180419922,-0.01938760280609131,1.0073927640914917,2038.745849609375,-0.01919567584991455,1.0082474946975708,163.96893310546875,-0.019303083419799805,1.008430004119873,0.02129998803138733,-0.018832087516784668,1.007946252822876,9.930630683898926,-0.019043684005737305,1.0091214179992676,16.858121871948242,-0.019315600395202637,8,107,-0.01920914649963379
SLIM*MIX_ms0.01_pat5_fn-full_extended_const-small_ints_raw,dd1681e3-7f95-11f1-88f9-2c7ba0e6fa90,synthetic_prior,0,19,1.0084941387176514,0.12665963172912598,23237.0,1.0057486295700073,31.240570068359375,-0.01931130886077881,1.0073381662368774,2038.63525390625,-0.019085049629211426,1.008164882659912,163.95550537109375,-0.01913607120513916,1.0083755254745483,0.021298838779330254,-0.018722057342529297,1.0078587532043457,9.929768562316895,-0.018866896629333496,1.0090763568878174,16.857370376586914,-0.01922476291656494,11,150,-0.019098639488220215
SLIM*MIX_ms0.01_pat5_fn-full_extended_const-small_ints_raw,dd1681e3-7f95-11f1-88f9-2c7ba0e6fa90,synthetic_prior,0,20,1.0084941387176514,0.09446930885314941,24481.0,1.0057486295700073,31.240570068359375,-0.01931130886077881,1.0073381662368774,2038.63525390625,-0.019085049629211426,1.008164882659912,163.95550537109375,-0.01913607120513916,1.0083755254745483,0.021298838779330254,-0.018722057342529297,1.0078587532043457,9.929768562316895,-0.018866896629333496,1.0090763568878174,16.857370376586914,-0.01922476291656494,11,150,-0.019098639488220215
SLIM*MIX_ms0.01_pat5_fn-full_extended_const-small_ints_raw,dd1681e3-7f95-11f1-88f9-2c7ba0e6fa90,synthetic_prior,0,21,1.0084830522537231,0.10890674591064453,26470.0,1.0057402849197388,31.240312576293945,-0.019294381141662598,1.0073490142822266,2038.6573486328125,-0.01910722255706787,1.0081597566604614,163.95465087890625,-0.019125699996948242,1.0083675384521484,0.021298669278621674,-0.01870584487915039,1.0078521966934204,9.929704666137695,-0.01885366439819336,1.0090945959091187,16.85767364501953,-0.019261479377746582,12,167,-0.019076228141784668
SLIM*MIX_ms0.01_pat5_fn-full_extended_const-small_ints_raw,dd1681e3-7f95-11f1-88f9-2c7ba0e6fa90,synthetic_prior,0,22,1.0084205865859985,0.14374399185180664,29594.0,1.0056250095367432,31.236732482910156,-0.019060850143432617,1.007219672203064,2038.395751953125,-0.018845558166503906,1.0080925226211548,163.9437255859375,-0.0189896821975708,1.0082015991210938,0.02129516378045082,-0.018370509147644043,1.0076245069503784,9.927460670471191,-0.018393278121948242,1.0089128017425537,16.854637145996094,-0.018894314765930176,16,235,-0.01894998550415039
SLIM*MIX_ms0.01_pat5_fn-full_extended_const-small_ints_raw,dd1681e3-7f95-11f1-88f9-2c7ba0e6fa90,synthetic_prior,0,23,1.0083369016647339,0.07965373992919922,31626.0,1.0055238008499146,31.23358726501465,-0.018855690956115723,1.0071381330490112,2038.23046875,-0.018680334091186523,1.0079879760742188,163.92672729492188,-0.018778443336486816,1.0084006786346436,0.021299367770552635,-0.01877272129058838,1.0080256462097168,9.931412696838379,-0.019204258918762207,1.0090082883834839,16.856231689453125,-0.01908695697784424,11,151,-0.018780827522277832
SLIM*MIX_ms0.01_pat5_fn-full_extended_const-small_ints_raw,dd1681e3-7f95-11f1-88f9-2c7ba0e6fa90,synthetic_prior,0,24,1.0083369016647339,0.11062812805175781,34034.0,1.0055238008499146,31.23358726501465,-0.018855690956115723,1.0071381330490112,2038.23046875,-0.018680334091186523,1.0079879760742188,163.92672729492188,-0.018778443336486816,1.0084006786346436,0.021299367770552635,-0.01877272129058838,1.0080256462097168,9.931412696838379,-0.019204258918762207,1.0090082883834839,16.856231689453125,-0.01908695697784424,11,151,-0.018780827522277832
SLIM*MIX_ms0.01_pat5_fn-full_extended_const-small_ints_raw,dd1681e3-7f95-11f1-88f9-2c7ba0e6fa90,synthetic_prior,0,25,1.0083208084106445,1.2725958824157715,35975.0,1.0055121183395386,31.233226776123047,-0.018831968307495117,1.0071736574172974,2038.3023681640625,-0.018752217292785645,1.0080339908599854,163.93421936035156,-0.018871545791625977,1.0082283020019531,0.021295728161931038,-0.018424510955810547,1.0072187185287476,9.9234619140625,-0.017573237419128418,1.008697509765625,16.85103988647461,-0.018459439277648926,19,287,-0.01874840259552002
SLIM*MIX_ms0.01_pat5_fn-full_extended_const-small_ints_raw,dd1681e3-7f95-11f1-88f9-2c7ba0e6fa90,synthetic_prior,0,26,1.0082911252975464,0.09568381309509277,39702.0,1.0054800510406494,31.232227325439453,-0.01876688003540039,1.0071417093276978,2038.2376708984375,-0.018687725067138672,1.0080082416534424,163.92999267578125,-0.018819212913513184,1.0081989765167236,0.021295107901096344,-0.018365144729614258,1.0072126388549805,9.923401832580566,-0.017560839653015137,1.0086679458618164,16.85054588317871,-0.018399715423583984,20,305,-0.018688321113586426
SLIM*MIX_ms0.01_pat5_fn-full_extended_const-small_ints_raw,dd1681e3-7f95-11f1-88f9-2c7ba0e6fa90,synthetic_prior,0,27,1.0082857608795166,0.09568619728088379,42806.0,1.0054116249084473,31.230104446411133,-0.018628358840942383,1.0071436166763306,2038.24169921875,-0.018691539764404297,1.0080348253250122,163.934326171875,-0.018872976303100586,1.0080097913742065,0.021291112527251244,-0.017983198165893555,1.007220983505249,9.923483848571777,-0.017577648162841797,1.0086994171142578,16.851072311401367,-0.0184633731842041,19,288,-0.018677473068237305
SLIM*MIX_ms0.01_pat5_fn-full_extended_const-small_ints_raw,dd1681e3-7f95-11f1-88f9-2c7ba0e6fa90,synthetic_prior,0,28,1.0082341432571411,0.12788891792297363,46242.0,1.0054281949996948,31.23061752319336,-0.018661856651306152,1.0071005821228027,2038.154541015625,-0.018604397773742676,1.0079188346862793,163.9154815673828,-0.0186387300491333,1.0081372261047363,0.021293804049491882,-0.01824045181274414,1.0071007013320923,9.922298431396484,-0.017334580421447754,1.0085524320602417,16.848617553710938,-0.018166542053222656,20,298,-0.018573284149169922
SLIM*MIX_ms0.01_pat5_fn-full_extended_const-small_ints_raw,dd1681e3-7f95-11f1-88f9-2c7ba0e6fa90,synthetic_prior,0,29,1.0082341432571411,0.12656188011169434,48621.0,1.0054281949996948,31.23061752319336,-0.018661856651306152,1.0071005821228027,2038.154541015625,-0.018604397773742676,1.0079188346862793,163.9154815673828,-0.0186387300491333,1.0081372261047363,0.021293804049491882,-0.01824045181274414,1.0071007013320923,9.922298431396484,-0.017334580421447754,1.0085524320602417,16.848617553710938,-0.018166542053222656,20,298,-0.018573284149169922
SLIM*MIX_ms0.01_pat5_fn-full_extended_const-small_ints_raw,dd1681e3-7f95-11f1-88f9-2c7ba0e6fa90,synthetic_prior,0,30,1.0081957578659058,0.09583568572998047,50055.0,1.0053783655166626,31.229068756103516,-0.01856076717376709,1.0070377588272095,2038.0274658203125,-0.018477439880371094,1.007886290550232,163.91017150878906,-0.01857280731201172,1.0079542398452759,0.021289940923452377,-0.01787102222442627,1.0070691108703613,9.921987533569336,-0.017270922660827637,1.0084733963012695,16.8472957611084,-0.01800680160522461,22,335,-0.018495798110961914
SLIM*MIX_ms0.01_pat5_fn-full_extended_const-small_ints_raw,dd1681e3-7f95-11f1-88f9-2c7ba0e6fa90,synthetic_prior,0,31,1.008178949356079,0.0945587158203125,52100.0,1.00536048412323,31.228515625,-0.018524646759033203,1.0070210695266724,2037.99365234375,-0.018443584442138672,1.0078699588775635,163.90753173828125,-0.018539905548095703,1.0079370737075806,0.021289575845003128,-0.01783621311187744,1.0070486068725586,9.921786308288574,-0.017229437828063965,1.008456826210022,16.847017288208008,-0.01797342300415039,21,318,-0.01846170425415039
SLIM*MIX_ms0.01_pat5_fn-full_extended_const-small_ints_raw,dd1681e3-7f95-11f1-88f9-2c7ba0e6fa90,synthetic_prior,0,32,1.0081685781478882,0.12296414375305176,54559.0,1.0053433179855347,31.227985382080078,-0.018489956855773926,1.0069849491119385,2037.9205322265625,-0.018370628356933594,1.00788152217865,163.90940856933594,-0.018563270568847656,1.0079517364501953,0.0212898887693882,-0.017866015434265137,1.0070185661315918,9.921489715576172,-0.017168641090393066,1.0084576606750488,16.847034454345703,-0.017975330352783203,23,349,-0.018440723419189453
SLIM*MIX_ms0.01_pat5_fn-full_extended_const-small_ints_raw,dd1681e3-7f95-11f1-88f9-2c7ba0e6fa90,synthetic_prior,0,33,1.0080857276916504,0.12145590782165527,58515.0,1.0052435398101807,31.224882125854492,-0.01828765869140625,1.006892442703247,2037.7332763671875,-0.018183469772338867,1.0077992677688599,163.8960418701172,-0.018397092819213867,1.0078744888305664,0.021288255229592323,-0.017709851264953613,1.0069905519485474,9.92121410369873,-0.017112135887145996,1.0083754062652588,16.845659255981445,-0.017809152603149414,24,364,-0.018273472785949707
SLIM*MIX_ms0.01_pat5_fn-full_extended_const-small_ints_raw,dd1681e3-7f95-11f1-88f9-2c7ba0e6fa90,synthetic_prior,0,34,1.0080857276916504,0.09540176391601562,61397.0,1.0052435398101807,31.224882125854492,-0.01828765869140625,1.006892442703247,2037.7332763671875,-0.018183469772338867,1.0077992677688599,163.8960418701172,-0.018397092819213867,1.0078744888305664,0.021288255229592323,-0.017709851264953613,1.0069905519485474,9.92121410369873,-0.017112135887145996,1.0083754062652588,16.845659255981445,-0.017809152603149414,24,364,-0.018273472785949707
SLIM*MIX_ms0.01_pat5_fn-full_extended_const-small_ints_raw,dd1681e3-7f95-11f1-88f9-2c7ba0e6fa90,synthetic_prior,0,35,1.0080811977386475,0.09574294090270996,65428.0,1.0052591562271118,31.22536849975586,-0.01831948757171631,1.0068552494049072,2037.6580810546875,-0.018108248710632324,1.0078073740005493,163.8973388671875,-0.018413305282592773,1.0077422857284546,0.021285463124513626,-0.017442941665649414,1.0070829391479492,9.922123908996582,-0.01729869842529297,1.0084248781204224,16.846485137939453,-0.017908811569213867,24,366,-0.018264293670654297
SLIM*MIX_ms0.01_pat5_fn-full_extended_const-small_ints_raw,dd1681e3-7f95-11f1-88f9-2c7ba0e6fa90,synthetic_prior,0,36,1.0080159902572632,0.0974128246307373,70617.0,1.0051215887069702,31.22109603881836,-0.018040776252746582,1.0068292617797852,2037.60546875,-0.01805567741394043,1.007620096206665,163.86691284179688,-0.018034934997558594,1.0079832077026367,0.021290551871061325,-0.017929553985595703,1.0076144933700562,9.927361488342285,-0.01837289333343506,1.0087835788726807,16.85247802734375,-0.018633246421813965,18,269,-0.018132686614990234
SLIM*MIX_ms0.01_pat5_fn-full_extended_const-small_ints_raw,dd1681e3-7f95-11f1-88f9-2c7ba0e6fa90,synthetic_prior,0,37,1.008014440536499,0.11726212501525879,73823.0,1.0051922798156738,31.223289489746094,-0.01818394660949707,1.006788730621338,2037.5233154296875,-0.017973780632019043,1.0077403783798218,163.88645935058594,-0.018277883529663086,1.0076768398284912,0.021284081041812897,-0.017310738563537598,1.0070172548294067,9.921477317810059,-0.0171661376953125,1.008358359336853,16.845375061035156,-0.01777470111846924,25,377,-0.01812922954559326
SLIM*MIX_ms0.01_pat5_fn-full_extended_const-small_ints_raw,dd1681e3-7f95-11f1-88f9-2c7ba0e6fa90,synthetic_prior,0,38,1.0079548358917236,0.08584833145141602,76627.0,1.0051087141036987,31.220693588256836,-0.01801466941833496,1.0067692995071411,2037.4842529296875,-0.017934560775756836,1.007676124572754,163.87600708007812,-0.018148183822631836,1.0079421997070312,0.021289685741066933,-0.01784658432006836,1.0065627098083496,9.916998863220215,-0.016248106956481934,1.008346438407898,16.845176696777344,-0.01775074005126953,27,406,-0.018008947372436523
SLIM*MIX_ms0.01_pat5_fn-full_extended_const-small_ints_raw,dd1681e3-7f95-11f1-88f9-2c7ba0e6fa90,synthetic_prior,0,39,1.0079548358917236,0.14339303970336914,77744.0,1.0051087141036987,31.220693588256836,-0.01801466941833496,1.0067692995071411,2037.4842529296875,-0.017934560775756836,1.007676124572754,163.87600708007812,-0.018148183822631836,1.0079421997070312,0.021289685741066933,-0.01784658432006836,1.0065627098083496,9.916998863220215,-0.016248106956481934,1.008346438407898,16.845176696777344,-0.01775074005126953,27,406,-0.018008947372436523
SLIM*MIX_ms0.01_pat5_fn-full_extended_const-small_ints_raw,dd1681e3-7f95-11f1-88f9-2c7ba0e6fa90,synthetic_prior,0,40,1.0078988075256348,0.09554553031921387,78857.0,1.0050145387649536,31.2177677154541,-0.01782381534576416,1.0066909790039062,2037.3255615234375,-0.017776012420654297,1.00760817527771,163.86495971679688,-0.018010854721069336,1.0078651905059814,0.021288057789206505,-0.01769089698791504,1.0065498352050781,9.916871070861816,-0.016222000122070312,1.0083075761795044,16.844526290893555,-0.017672061920166016,28,418,-0.017895817756652832
SLIM*MIX_ms0.01_pat5_fn-full_extended_const-small_ints_raw,dd1681e3-7f95-11f1-88f9-2c7ba0e6fa90,synthetic_prior,0,41,1.0078988075256348,0.08668756484985352,80835.0,1.0050145387649536,31.2177677154541,-0.01782381534576416,1.0066909790039062,2037.3255615234375,-0.017776012420654297,1.00760817527771,163.86495971679688,-0.018010854721069336,1.0078651905059814,0.021288057789206505,-0.01769089698791504,1.0065498352050781,9.916871070861816,-0.016222000122070312,1.0083075761795044,16.844526290893555,-0.017672061920166016,28,418,-0.017895817756652832
SLIM*MIX_ms0.01_pat5_fn-full_extended_const-small_ints_raw,dd1681e3-7f95-11f1-88f9-2c7ba0e6fa90,synthetic_prior,0,42,1.0078893899917603,0.09436583518981934,80692.0,1.0047640800476074,31.209989547729492,-0.017316699028015137,1.0065891742706299,2037.1195068359375,-0.01757025718688965,1.007413625717163,163.8333282470703,-0.01761782169342041,1.0078177452087402,0.02128705568611622,-0.01759517192840576,1.0071181058883667,9.92247200012207,-0.017369985580444336,1.0084465742111206,16.84684944152832,-0.017952799797058105,29,452,-0.01787698268890381
SLIM*MIX_ms0.01_pat5_fn-full_extended_const-small_ints_raw,dd1681e3-7f95-11f1-88f9-2c7ba0e6fa90,synthetic_prior,0,43,1.0078790187835693,0.12557625770568848,81369.0,1.004766821861267,31.21007537841797,-0.017322301864624023,1.0066087245941162,2037.1590576171875,-0.017609715461730957,1.0075576305389404,163.85675048828125,-0.017908692359924316,1.0079289674758911,0.0212894044816494,-0.017819881439208984,1.006925106048584,9.92056941986084,-0.01698005199432373,1.008218765258789,16.843042373657227,-0.01749289035797119,30,455,-0.01785576343536377
SLIM*MIX_ms0.01_pat5_fn-full_extended_const-small_ints_raw,dd1681e3-7f95-11f1-88f9-2c7ba0e6fa90,synthetic_prior,0,44,1.007798433303833,0.12356948852539062,83008.0,1.0047049522399902,31.208152770996094,-0.0171968936920166,1.006508708000183,2036.956787109375,-0.017407536506652832,1.007500171661377,163.84739685058594,-0.017792701721191406,1.0078227519989014,0.021287161856889725,-0.017605304718017578,1.0067708492279053,9.919049263000488,-0.016668319702148438,1.0081793069839478,16.842384338378906,-0.01741337776184082,31,468,-0.017693042755126953
SLIM*MIX_ms0.01_pat5_fn-full_extended_const-small_ints_raw,dd1681e3-7f95-11f1-88f9-2c7ba0e6fa90,synthetic_prior,0,45,1.007798433303833,0.11342954635620117,84291.0,1.0047049522399902,31.208152770996094,-0.0171968936920166,1.006508708000183,2036.956787109375,-0.017407536506652832,1.007500171661377,163.84739685058594,-0.017792701721191406,1.0078227519989014,0.021287161856889725,-0.017605304718017578,1.0067708492279053,9.919049263000488,-0.016668319702148438,1.0081793069839478,16.842384338378906,-0.01741337776184082,31,468,-0.017693042755126953
SLIM*MIX_ms0.01_pat5_fn-full_extended_const-small_ints_raw,dd1681e3-7f95-11f1-88f9-2c7ba0e6fa90,synthetic_prior,0,46,1.007798433303833,0.09251642227172852,87694.0,1.0047049522399902,31.208152770996094,-0.0171968936920166,1.006508708000183,2036.956787109375,-0.017407536506652832,1.007500171661377,163.84739685058594,-0.017792701721191406,1.0078227519989014,0.021287161856889725,-0.017605304718017578,1.0067708492279053,9.919049263000488,-0.016668319702148438,1.0081793069839478,16.842384338378906,-0.01741337776184082,31,468,-0.017693042755126953
SLIM*MIX_ms0.01_pat5_fn-full_extended_const-small_ints_raw,dd1681e3-7f95-11f1-88f9-2c7ba0e6fa90,synthetic_prior,0,47,1.0077708959579468,1.2948217391967773,90025.0,1.0045963525772095,31.20478057861328,-0.01697695255279541,1.0064029693603516,2036.7427978515625,-0.01719379425048828,1.0074577331542969,163.8404998779297,-0.017706990242004395,1.0074217319488525,0.02127869240939617,-0.016795754432678223,1.006485939025879,9.916242599487305,-0.016093015670776367,1.0081679821014404,16.842193603515625,-0.01739037036895752,34,515,-0.01763749122619629
SLIM*MIX_ms0.01_pat5_fn-full_extended_const-small_ints_raw,dd1681e3-7f95-11f1-88f9-2c7ba0e6fa90,synthetic_prior,0,48,1.007739543914795,0.09563398361206055,92356.0,1.0045804977416992,31.204288482666016,-0.0169450044631958,1.006445288658142,2036.8282470703125,-0.01727926731109619,1.0074964761734009,163.84678649902344,-0.017785191535949707,1.0079731941223145,0.021290341392159462,-0.01790928840637207,1.0068824291229248,9.920148849487305,-0.016893863677978516,1.0081971883773804,16.842681884765625,-0.017449259757995605,32,491,-0.017574071884155273
SLIM*MIX_ms0.01_pat5_fn-full_extended_const-small_ints_raw,dd1681e3-7f95-11f1-88f9-2c7ba0e6fa90,synthetic_prior,0,49,1.007731556892395,0.1279606819152832,94333.0,1.0046091079711914,31.205177307128906,-0.01700294017791748,1.006461262702942,2036.8607177734375,-0.017311692237854004,1.0073716640472412,163.8264923095703,-0.017532944679260254,1.0076768398284912,0.021284082904458046,-0.01731085777282715,1.0067392587661743,9.918737411499023,-0.01660442352294922,1.0080311298370361,16.839906692504883,-0.01711428165435791,35,524,-0.017557978630065918
SLIM*MIX_ms0.01_pat5_fn-full_extended_const-small_ints_raw,dd1681e3-7f95-11f1-88f9-2c7ba0e6fa90,synthetic_prior,0,50,1.0076682567596436,0.09519696235656738,97640.0,1.004510521888733,31.202112197875977,-0.016803264617919922,1.006374716758728,2036.6854248046875,-0.017136573791503906,1.00742506980896,163.83517456054688,-0.01764082908630371,1.0079008340835571,0.021288810297846794,-0.01776301860809326,1.0068122148513794,9.91945743560791,-0.016752004623413086,1.0081260204315186,16.841493606567383,-0.017305731773376465,33,505,-0.01743030548095703
SLIM*MIX_ms0.01_pat5_fn-full_extended_const-small_ints_raw,dd1681e3-7f95-11f1-88f9-2c7ba0e6fa90,synthetic_prior,0,51,1.0076570510864258,0.11125779151916504,99709.0,1.0045117139816284,31.202152252197266,-0.016805648803710938,1.006389856338501,2036.71630859375,-0.017167329788208008,1.0073965787887573,163.83053588867188,-0.017583250999450684,1.007968783378601,0.021290244534611702,-0.01790022850036621,1.0068097114562988,9.919432640075684,-0.016746997833251953,1.0081063508987427,16.841163635253906,-0.017266154289245605,32,492,-0.01740741729736328
SLIM*MIX_ms0.01_pat5_fn-full_extended_const-small_ints_raw,dd1681e3-7f95-11f1-88f9-2c7ba0e6fa90,synthetic_prior,0,52,1.0076570510864258,0.11787056922912598,101446.0,1.0045117139816284,31.202152252197266,-0.016805648803710938,1.006389856338501,2036.71630859375,-0.017167329788208008,1.0073965787887573,163.83053588867188,-0.017583250999450684,1.007968783378601,0.021290244534611702,-0.01790022850036621,1.0068097114562988,9.919432640075684,-0.016746997833251953,1.0081063508987427,16.841163635253906,-0.017266154289245605,32,492,-0.01740741729736328
SLIM*MIX_ms0.01_pat5_fn-full_extended_const-small_ints_raw,dd1681e3-7f95-11f1-88f9-2c7ba0e6fa90,synthetic_prior,0,53,1.0076524019241333,1.3186299800872803,102780.0,1.00446617603302,31.200735092163086,-0.016713380813598633,1.0063022375106812,2036.5389404296875,-0.016990184783935547,1.0073963403701782,163.83050537109375,-0.01758289337158203,1.0077283382415771,0.0212851669639349,-0.01741480827331543,1.0064469575881958,9.915857315063477,-0.0160142183303833,1.0077767372131348,16.835657119750977,-0.016600847244262695,35,539,-0.01739811897277832
SLIM*MIX_ms0.01_pat5_fn-full_extended_const-small_ints_raw,dd1681e3-7f95-11f1-88f9-2c7ba0e6fa90,synthetic_prior,0,54,1.0075905323028564,0.12589693069458008,102680.0,1.0045300722122192,31.202722549438477,-0.01684284210205078,1.0063380002975464,2036.611083984375,-0.01706230640411377,1.0073455572128296,163.82225036621094,-0.01748025417327881,1.0079147815704346,0.021289102733135223,-0.017791152000427246,1.0069026947021484,9.920348167419434,-0.016934633255004883,1.0083664655685425,16.84551239013672,-0.017791152000427246,32,490,-0.0172731876373291
SLIM*MIX_ms0.01_pat5_fn-full_extended_const-small_ints_raw,dd1681e3-7f95-11f1-88f9-2c7ba0e6fa90,synthetic_prior,0,55,1.007563591003418,0.09571528434753418,103749.0,1.004286766052246,31.19516372680664,-0.016350388526916504,1.0063129663467407,2036.5606689453125,-0.01701200008392334,1.007244348526001,163.8057861328125,-0.017275691032409668,1.0077719688415527,0.021286088973283768,-0.017502665519714355,1.0066674947738647,9.918030738830566,-0.01645958423614502,1.0081301927566528,16.841562271118164,-0.01731407642364502,37,564,-0.017218828201293945
SLIM*MIX_ms0.01_pat5_fn-full_extended_const-small_ints_raw,dd1681e3-7f95-11f1-88f9-2c7ba0e6fa90,synthetic_prior,0,56,1.007538080215454,0.09732532501220703,103722.0,1.0044684410095215,31.200807571411133,-0.016718149185180664,1.0062757730484009,2036.4853515625,-0.016936659812927246,1.0072962045669556,163.81422424316406,-0.017380595207214355,1.0078306198120117,0.021287329494953156,-0.017621397972106934,1.0068702697753906,9.920027732849121,-0.016869068145751953,1.0083674192428589,16.84552764892578,-0.01779305934906006,32,492,-0.017167210578918457
SLIM*MIX_ms0.01_pat5_fn-full_extended_const-small_ints_raw,dd1681e3-7f95-11f1-88f9-2c7ba0e6fa90,synthetic_prior,0,57,1.0075246095657349,0.10632777214050293,104803.0,1.0044569969177246,31.200450897216797,-0.01669478416442871,1.0062681436538696,2036.4697265625,-0.016921162605285645,1.007285237312317,163.8124542236328,-0.01735854148864746,1.0078067779541016,0.021286826580762863,-0.017573237419128418,1.0068656206130981,9.91998291015625,-0.016859769821166992,1.0083458423614502,16.845165252685547,-0.017749547958374023,33,506,-0.01714015007019043
SLIM*MIX_ms0.01_pat5_fn-full_extended_const-small_ints_raw,dd1681e3-7f95-11f1-88f9-2c7ba0e6fa90,synthetic_prior,0,58,1.0075232982635498,0.1251063346862793,107190.0,1.0044556856155396,31.200408935546875,-0.016692161560058594,1.0062668323516846,2036.467041015625,-0.016918540000915527,1.0072839260101318,163.81224060058594,-0.017355918884277344,1.0078054666519165,0.021286796778440475,-0.01757049560546875,1.006864309310913,9.919970512390137,-0.016857147216796875,1.0083445310592651,16.845142364501953,-0.017746806144714355,32,490,-0.017137527465820312
SLIM*MIX_ms0.01_pat5_fn-full_extended_const-small_ints_raw,dd1681e3-7f95-11f1-88f9-2c7ba0e6fa90,synthetic_prior,0,59,1.007453203201294,1.2880728244781494,107077.0,1.00442373752594,31.199417114257812,-0.01662766933441162,1.0062133073806763,2036.3587646484375,-0.01681041717529297,1.0072122812271118,163.8005828857422,-0.017211079597473145,1.0077505111694336,0.021285636350512505,-0.017459511756896973,1.0066930055618286,9.918282508850098,-0.016511082649230957,1.00826895236969,16.843881607055664,-0.017594218254089355,33,511,-0.016995906829833984
SLIM*MIX_ms0.01_pat5_fn-full_extended_const-small_ints_raw,dd1681e3-7f95-11f1-88f9-2c7ba0e6fa90,synthetic_prior,0,60,1.0074483156204224,0.12465977668762207,107298.0,1.004356861114502,31.19734001159668,-0.016492128372192383,1.0061861276626587,2036.303955078125,-0.01675570011138916,1.007263422012329,163.80889892578125,-0.017314434051513672,1.0076286792755127,0.021283062174916267,-0.01721346378326416,1.0070134401321411,9.921440124511719,-0.01715850830078125,1.0085262060165405,16.84817886352539,-0.01811349391937256,35,541,-0.01698613166809082
SLIM*MIX_ms0.01_pat5_fn-full_extended_const-small_ints_raw,dd1681e3-7f95-11f1-88f9-2c7ba0e6fa90,synthetic_prior,0,61,1.0074430704116821,0.09534358978271484,106371.0,1.0043549537658691,31.19727897644043,-0.016488313674926758,1.0061389207839966,2036.2083740234375,-0.016660213470458984,1.0072611570358276,163.80853271484375,-0.017309904098510742,1.0078028440475464,0.021286740899086,-0.017565131187438965,1.0070137977600098,9.921442031860352,-0.017158985137939453,1.0084407329559326,16.84674835205078,-0.017940878868103027,34,522,-0.01697540283203125
SLIM*MIX_ms0.01_pat5_fn-full_extended_const-small_ints_raw,dd1681e3-7f95-11f1-88f9-2c7ba0e6fa90,synthetic_prior,0,62,1.0073999166488647,0.10907793045043945,106764.0,1.0043936967849731,31.198482513427734,-0.01656663417816162,1.006171703338623,2036.27490234375,-0.01672649383544922,1.007178544998169,163.79507446289062,-0.017142772674560547,1.0076905488967896,0.021284369751811028,-0.01733839511871338,1.0066776275634766,9.918130874633789,-0.016480088233947754,1.008193016052246,16.842613220214844,-0.0174410343170166,34,524,-0.01688849925994873
SLIM*MIX_ms0.01_pat5_fn-full_extended_const-small_ints_raw,dd1681e3-7f95-11f1-88f9-2c7ba0e6fa90,synthetic_prior,0,63,1.0073548555374146,0.12558722496032715,107863.0,1.0042767524719238,31.194852828979492,-0.01633000373840332,1.006063461303711,2036.0557861328125,-0.016507744789123535,1.0070044994354248,163.76678466796875,-0.016791224479675293,1.0075972080230713,0.021282397210597992,-0.017149925231933594,1.0072346925735474,9.923619270324707,-0.01760542392730713,1.0083653926849365,16.84549331665039,-0.01778888702392578,38,594,-0.016797423362731934
SLIM*MIX_ms0.01_pat5_fn-full_extended_const-small_ints_raw,dd1681e3-7f95-11f1-88f9-2c7ba0e6fa90,synthetic_prior,0,64,1.0073206424713135,0.1100454330444336,109381.0,1.0042253732681274,31.193254470825195,-0.01622593402862549,1.0060421228408813,2036.012451171875,-0.016464591026306152,1.0069551467895508,163.75875854492188,-0.01669168472290039,1.0075596570968628,0.02128160558640957,-0.017074227333068848,1.0072553157806396,9.923822402954102,-0.01764702796936035,1.0083521604537964,16.84527015686035,-0.017762064933776855,39,608,-0.01672828197479248
SLIM*MIX_ms0.01_pat5_fn-full_extended_const-small_ints_raw,dd1681e3-7f95-11f1-88f9-2c7ba0e6fa90,synthetic_prior,0,65,1.007301688194275,1.2843728065490723,111432.0,1.004230260848999,31.193408966064453,-0.016236066818237305,1.0059977769851685,2035.922607421875,-0.016374826431274414,1.0069825649261475,163.76321411132812,-0.016747117042541504,1.0077624320983887,0.02128588780760765,-0.01748347282409668,1.006983757019043,9.921148300170898,-0.017098546028137207,1.00807523727417,16.840646743774414,-0.017203211784362793,40,622,-0.01669013500213623
SLIM*MIX_ms0.01_pat5_fn-full_extended_const-small_ints_raw,dd1681e3-7f95-11f1-88f9-2c7ba0e6fa90,synthetic_prior,0,66,1.0073000192642212,0.12590718269348145,113808.0,1.0042322874069214,31.193471908569336,-0.01624000072479248,1.006016492843628,2035.96044921875,-0.01641261577606201,1.006974697113037,163.76193237304688,-0.0167311429977417,1.0077780485153198,0.021286217495799065,-0.017515063285827637,1.0069386959075928,9.920703887939453,-0.01700747013092041,1.0080726146697998,16.840600967407227,-0.01719808578491211,41,633,-0.016686677932739258
SLIM*MIX_ms0.01_pat5_fn-full_extended_const-small_ints_raw,dd1681e3-7f95-11f1-88f9-2c7ba0e6fa90,synthetic_prior,0,67,1.0072987079620361,0.09378337860107422,115177.0,1.0042613744735718,31.19437599182129,-0.016299009323120117,1.0059739351272583,2035.87451171875,-0.01632678508758545,1.0070250034332275,163.77011108398438,-0.016832709312438965,1.0078656673431396,0.0212880689650774,-0.017692089080810547,1.0070688724517822,9.921984672546387,-0.017270326614379883,1.0082981586456299,16.84436798095703,-0.01765310764312744,39,606,-0.01668417453765869
SLIM*MIX_ms0.01_pat5_fn-full_extended_const-small_ints_raw,dd1681e3-7f95-11f1-88f9-2c7ba0e6fa90,synthetic_prior,0,68,1.0072879791259766,0.11842489242553711,116168.0,1.0042716264724731,31.194692611694336,-0.016319632530212402,1.0059882402420044,2035.9034423828125,-0.016355514526367188,1.0070369243621826,163.7720489501953,-0.016856908798217773,1.0077871084213257,0.021286407485604286,-0.017533302307128906,1.0072518587112427,9.923788070678711,-0.017640113830566406,1.0083509683609009,16.845251083374023,-0.01775991916656494,40,627,-0.01666247844696045
SLIM*MIX_ms0.01_pat5_fn-full_extended_const-small_ints_raw,dd1681e3-7f95-11f1-88f9-2c7ba0e6fa90,synthetic_prior,0,69,1.0072555541992188,0.09534049034118652,118158.0,1.0041930675506592,31.19225311279297,-0.01616060733795166,1.0059269666671753,2035.7794189453125,-0.016231894493103027,1.0069433450698853,163.7568359375,-0.016667842864990234,1.0076336860656738,0.021283166483044624,-0.017223477363586426,1.0069514513015747,9.920827865600586,-0.017033100128173828,1.0080682039260864,16.840526580810547,-0.0171891450881958,42,655,-0.01659679412841797
SLIM*MIX_ms0.01_pat5_fn-full_extended_const-small_ints_raw,dd1681e3-7f95-11f1-88f9-2c7ba0e6fa90,synthetic_prior,0,70,1.007247805595398,0.08101630210876465,120428.0,1.0042282342910767,31.19334602355957,-0.016231775283813477,1.005947232246399,2035.8204345703125,-0.016272783279418945,1.0069407224655151,163.75640869140625,-0.01666271686553955,1.0077433586120605,0.021285483613610268,-0.017444968223571777,1.0069502592086792,9.920816421508789,-0.017030835151672363,1.0079325437545776,16.838260650634766,-0.016915202140808105,43,660,-0.016581296920776367
SLIM*MIX_ms0.01_pat5_fn-full_extended_const-small_ints_raw,dd1681e3-7f95-11f1-88f9-2c7ba0e6fa90,synthetic_prior,0,71,1.0072203874588013,1.2671453952789307,123600.0,1.0041459798812866,31.1907901763916,-0.016065359115600586,1.0058916807174683,2035.7078857421875,-0.01616048812866211,1.0069060325622559,163.7507781982422,-0.01659262180328369,1.007581353187561,0.02128206379711628,-0.017117977142333984,1.0069637298583984,9.920949935913086,-0.01705789566040039,1.0080808401107788,16.84073829650879,-0.017214417457580566,43,669,-0.016526103019714355
SLIM*MIX_ms0.01_pat5_fn-full_extended_const-small_ints_raw,dd1681e3-7f95-11f1-88f9-2c7ba0e6fa90,synthetic_prior,0,72,1.0072203874588013,0.11606836318969727,125355.0,1.0041459798812866,31.1907901763916,-0.016065359115600586,1.0058916807174683,2035.7078857421875,-0.01616048812866211,1.0069060325622559,163.7507781982422,-0.01659262180328369,1.007581353187561,0.02128206379711628,-0.017117977142333984,1.0069637298583984,9.920949935913086,-0.01705789566040039,1.0080808401107788,16.84073829650879,-0.017214417457580566,43,669,-0.016526103019714355
SLIM*MIX_ms0.01_pat5_fn-full_extended_const-small_ints_raw,dd1681e3-7f95-11f1-88f9-2c7ba0e6fa90,synthetic_prior,0,73,1.0071948766708374,0.12382674217224121,127314.0,1.0041086673736572,31.189632415771484,-0.01598989963531494,1.0058494806289673,2035.6226806640625,-0.01607537269592285,1.0068365335464478,163.73948669433594,-0.016452312469482422,1.0076897144317627,0.021284351125359535,-0.017336726188659668,1.0070902109146118,9.922195434570312,-0.017313361167907715,1.008162021636963,16.842092514038086,-0.01737833023071289,40,630,-0.016474604606628418
SLIM*MIX_ms0.01_pat5_fn-full_extended_const-small_ints_raw,dd1681e3-7f95-11f1-88f9-2c7ba0e6fa90,synthetic_prior,0,74,1.0071837902069092,0.10076379776000977,129921.0,1.004141926765442,31.190662384033203,-0.01605701446533203,1.005852222442627,2035.628173828125,-0.016080856323242188,1.0068626403808594,163.74371337890625,-0.016504883766174316,1.0075608491897583,0.02128162980079651,-0.017076492309570312,1.006852626800537,9.919855117797852,-0.01683354377746582,1.0079594850540161,16.838708877563477,-0.01696956157684326,46,713,-0.01645195484161377
SLIM*MIX_ms0.01_pat5_fn-full_extended_const-small_ints_raw,dd1681e3-7f95-11f1-88f9-2c7ba0e6fa90,synthetic_prior,0,75,1.0071384906768799,0.11785078048706055,130416.0,1.0040786266326904,31.188697814941406,-0.015929102897644043,1.005807876586914,2035.538330078125,-0.0159912109375,1.0068395137786865,163.7399444580078,-0.01645815372467041,1.0074824094772339,0.021279972046613693,-0.016918182373046875,1.0069206953048706,9.920524597167969,-0.01697087287902832,1.0079461336135864,16.83848762512207,-0.016942739486694336,45,697,-0.01636064052581787
SLIM*MIX_ms0.01_pat5_fn-full_extended_const-small_ints_raw,dd1681e3-7f95-11f1-88f9-2c7ba0e6fa90,synthetic_prior,0,76,1.0070724487304688,0.10906815528869629,132727.0,1.0039373636245728,31.184310913085938,-0.01564335823059082,1.0057238340377808,2035.3682861328125,-0.015821456909179688,1.0067816972732544,163.73052978515625,-0.016341447830200195,1.0073472261428833,0.02127711847424507,-0.016645312309265137,1.0067839622497559,9.919178009033203,-0.01669490337371826,1.0080124139785767,16.839595794677734,-0.017076611518859863,46,724,-0.01622748374938965
SLIM*MIX_ms0.01_pat5_fn-full_extended_const-small_ints_raw,dd1681e3-7f95-11f1-88f9-2c7ba0e6fa90,synthetic_prior,0,77,1.0070724487304688,1.2878468036651611,135221.0,1.0039373636245728,31.184310913085938,-0.01564335823059082,1.0057238340377808,2035.3682861328125,-0.015821456909179688,1.0067816972732544,163.73052978515625,-0.016341447830200195,1.0073472261428833,0.02127711847424507,-0.016645312309265137,1.0067839622497559,9.919178009033203,-0.01669490337371826,1.0080124139785767,16.839595794677734,-0.017076611518859863,46,724,-0.01622748374938965
SLIM*MIX_ms0.01_pat5_fn-full_extended_const-small_ints_raw,dd1681e3-7f95-11f1-88f9-2c7ba0e6fa90,synthetic_prior,0,78,1.0070724487304688,0.11110568046569824,137241.0,1.0039373636245728,31.184310913085938,-0.01564335823059082,1.0057238340377808,2035.3682861328125,-0.015821456909179688,1.0067816972732544,163.73052978515625,-0.016341447830200195,1.0073472261428833,0.02127711847424507,-0.016645312309265137,1.0067839622497559,9.919178009033203,-0.01669490337371826,1.0080124139785767,16.839595794677734,-0.017076611518859863,46,724,-0.01622748374938965
SLIM*MIX_ms0.01_pat5_fn-full_extended_const-small_ints_raw,dd1681e3-7f95-11f1-88f9-2c7ba0e6fa90,synthetic_prior,0,79,1.007066249847412,0.09937858581542969,139431.0,1.0040241479873657,31.187007904052734,-0.01581895351409912,1.0056592226028442,2035.2376708984375,-0.015690922737121582,1.006717562675476,163.72010803222656,-0.016211867332458496,1.0074621438980103,0.02127954550087452,-0.016877293586730957,1.0068283081054688,9.919615745544434,-0.0167844295501709,1.0078846216201782,16.837459564208984,-0.016818642616271973,47,711,-0.016214728355407715
SLIM*MIX_ms0.01_pat5_fn-full_extended_const-small_ints_raw,dd1681e3-7f95-11f1-88f9-2c7ba0e6fa90,synthetic_prior,0,80,1.0069947242736816,0.09590911865234375,140801.0,1.0039101839065552,31.183467864990234,-0.01558828353881836,1.0057052373886108,2035.33056640625,-0.01578378677368164,1.0066931247711182,163.7161407470703,-0.016162633895874023,1.0071089267730713,0.02127208560705185,-0.016164422035217285,1.0066924095153809,9.918275833129883,-0.01650989055633545,1.0080690383911133,16.84054183959961,-0.01719081401824951,49,769,-0.01607048511505127
SLIM*MIX_ms0.01_pat5_fn-full_extended_const-small_ints_raw,dd1681e3-7f95-11f1-88f9-2c7ba0e6fa90,synthetic_prior,0,81,1.0069947242736816,0.09528446197509766,142244.0,1.0039101839065552,31.183467864990234,-0.01558828353881836,1.0057052373886108,2035.33056640625,-0.01578378677368164,1.0066931247711182,163.7161407470703,-0.016162633895874023,1.0071089267730713,0.02127208560705185,-0.016164422035217285,1.0066924095153809,9.918275833129883,-0.01650989055633545,1.0080690383911133,16.84054183959961,-0.01719081401824951,49,769,-0.01607048511505127
SLIM*MIX_ms0.01_pat5_fn-full_extended_const-small_ints_raw,dd1681e3-7f95-11f1-88f9-2c7ba0e6fa90,synthetic_prior,0,82,1.0069553852081299,0.1111142635345459,143087.0,1.0038517713546753,31.181652069091797,-0.015470027923583984,1.0056891441345215,2035.2982177734375,-0.01575148105621338,1.0066938400268555,163.71624755859375,-0.016163945198059082,1.0069973468780518,0.021269729360938072,-0.01593923568725586,1.0065903663635254,9.91727066040039,-0.01630377769470215,1.008130669593811,16.841571807861328,-0.017315149307250977,49,752,-0.0159912109375
SLIM*MIX_ms0.01_pat5_fn-full_extended_const-small_ints_raw,dd1681e3-7f95-11f1-88f9-2c7ba0e6fa90,synthetic_prior,0,83,1.0069553852081299,1.3201727867126465,145254.0,1.0038517713546753,31.181652069091797,-0.015470027923583984,1.0056891441345215,2035.2982177734375,-0.01575148105621338,1.0066938400268555,163.71624755859375,-0.016163945198059082,1.0069973468780518,0.021269729360938072,-0.01593923568725586,1.0065903663635254,9.91727066040039,-0.01630377769470215,1.008130669593811,16.841571807861328,-0.017315149307250977,49,752,-0.0159912109375
SLIM*MIX_ms0.01_pat5_fn-full_extended_const-small_ints_raw,dd1681e3-7f95-11f1-88f9-2c7ba0e6fa90,synthetic_prior,0,84,1.0068954229354858,0.09540224075317383,147676.0,1.0037726163864136,31.17919158935547,-0.015309810638427734,1.0055484771728516,2035.0135498046875,-0.015467286109924316,1.0065677165985107,163.69573974609375,-0.015909433364868164,1.007204532623291,0.021274102851748466,-0.01635730266571045,1.0067161321640015,9.918510437011719,-0.016557812690734863,1.0079565048217773,16.838661193847656,-0.016963601112365723,49,767,-0.015870094299316406
SLIM*MIX_ms0.01_pat5_fn-full_extended_const-small_ints_raw,dd1681e3-7f95-11f1-88f9-2c7ba0e6fa90,synthetic_prior,0,85,1.0068886280059814,0.09534740447998047,149413.0,1.0037577152252197,31.178730010986328,-0.015279650688171387,1.0055367946624756,2034.9898681640625,-0.015443682670593262,1.0065600872039795,163.69448852539062,-0.015893936157226562,1.007203221321106,0.021274076774716377,-0.016354680061340332,1.0067189931869507,9.918538093566895,-0.01656365394592285,1.0079710483551025,16.838903427124023,-0.016992926597595215,50,781,-0.015856385231018066
SLIM*MIX_ms0.01_pat5_fn-full_extended_const-small_ints_raw,dd1681e3-7f95-11f1-88f9-2c7ba0e6fa90,synthetic_prior,0,86,1.0068886280059814,0.10657048225402832,150772.0,1.0037577152252197,31.178730010986328,-0.015279650688171387,1.0055367946624756,2034.9898681640625,-0.015443682670593262,1.0065600872039795,163.69448852539062,-0.015893936157226562,1.007203221321106,0.021274076774716377,-0.016354680061340332,1.0067189931869507,9.918538093566895,-0.01656365394592285,1.0079710483551025,16.838903427124023,-0.016992926597595215,50,781,-0.015856385231018066
SLIM*MIX_ms0.01_pat5_fn-full_extended_const-small_ints_raw,dd1681e3-7f95-11f1-88f9-2c7ba0e6fa90,synthetic_prior,0,87,1.0068426132202148,0.11133551597595215,152622.0,1.0037355422973633,31.178043365478516,-0.015235066413879395,1.005293369293213,2034.4971923828125,-0.01495206356048584,1.0064785480499268,163.68125915527344,-0.015729665756225586,1.006952166557312,0.021268775686621666,-0.015848159790039062,1.006778597831726,9.9191255569458,-0.01668405532836914,1.0084320306777954,16.846603393554688,-0.017923355102539062,55,824,-0.01576364040374756
SLIM*MIX_ms0.01_pat5_fn-full_extended_const-small_ints_raw,dd1681e3-7f95-11f1-88f9-2c7ba0e6fa90,synthetic_prior,0,88,1.0068426132202148,0.12606525421142578,154340.0,1.0037355422973633,31.178043365478516,-0.015235066413879395,1.005293369293213,2034.4971923828125,-0.01495206356048584,1.0064785480499268,163.68125915527344,-0.015729665756225586,1.006952166557312,0.021268775686621666,-0.015848159790039062,1.006778597831726,9.9191255569458,-0.01668405532836914,1.0084320306777954,16.846603393554688,-0.017923355102539062,55,824,-0.01576364040374756
SLIM*MIX_ms0.01_pat5_fn-full_extended_const-small_ints_raw,dd1681e3-7f95-11f1-88f9-2c7ba0e6fa90,synthetic_prior,0,89,1.0068373680114746,1.2759809494018555,155913.0,1.0037152767181396,31.177413940429688,-0.015193939208984375,1.005486011505127,2034.886962890625,-0.015340924263000488,1.0064594745635986,163.6781463623047,-0.015691161155700684,1.0070987939834595,0.021271871402859688,-0.01614391803741455,1.006663203239441,9.917989730834961,-0.016451120376586914,1.0079265832901,16.83816146850586,-0.016903281211853027,51,792,-0.01575314998626709
SLIM*MIX_ms0.01_pat5_fn-full_extended_const-small_ints_raw,dd1681e3-7f95-11f1-88f9-2c7ba0e6fa90,synthetic_prior,0,90,1.0068140029907227,0.12780547142028809,158110.0,1.0037109851837158,31.17728042602539,-0.015185356140136719,1.005270004272461,2034.4498291015625,-0.01490485668182373,1.0064597129821777,163.6781768798828,-0.015691518783569336,1.0069612264633179,0.021268965676426888,-0.01586627960205078,1.006719946861267,9.918548583984375,-0.016565561294555664,1.0083956718444824,16.845996856689453,-0.017850041389465332,58,875,-0.01570582389831543
SLIM*MIX_ms0.01_pat5_fn-full_extended_const-small_ints_raw,dd1681e3-7f95-11f1-88f9-2c7ba0e6fa90,synthetic_prior,0,91,1.006760597229004,0.12575268745422363,160721.0,1.0037606954574585,31.178823471069336,-0.015285730361938477,1.0052393674850464,2034.387939453125,-0.014843106269836426,1.006433129310608,163.6738739013672,-0.015637874603271484,1.0069655179977417,0.0212690532207489,-0.01587498188018799,1.0073474645614624,9.92473030090332,-0.017833352088928223,1.0081532001495361,16.841947555541992,-0.017360687255859375,59,888,-0.015598177909851074
SLIM*MIX_ms0.01_pat5_fn-full_extended_const-small_ints_raw,dd1681e3-7f95-11f1-88f9-2c7ba0e6fa90,synthetic_prior,0,92,1.0067594051361084,0.11141490936279297,164099.0,1.003759503364563,31.17878532409668,-0.015283465385437012,1.0052381753921509,2034.3856201171875,-0.01484072208404541,1.0064319372177124,163.67367553710938,-0.01563549041748047,1.0069643259048462,0.02126902900636196,-0.015872478485107422,1.0073461532592773,9.92471694946289,-0.017830491065979004,1.0081520080566406,16.84192657470703,-0.017358064651489258,58,872,-0.015595793724060059
SLIM*MIX_ms0.01_pat5_fn-full_extended_const-small_ints_raw,dd1681e3-7f95-11f1-88f9-2c7ba0e6fa90,synthetic_prior,0,93,1.0066922903060913,0.09583878517150879,165913.0,1.0034624338150024,31.169557571411133,-0.014682531356811523,1.0053056478500366,2034.5220947265625,-0.014976978302001953,1.0063046216964722,163.6529541015625,-0.015378594398498535,1.0068928003311157,0.021267518401145935,-0.015728235244750977,1.0067301988601685,9.918648719787598,-0.0165863037109375,1.0078824758529663,16.837425231933594,-0.016814231872558594,54,840,-0.01546025276184082
SLIM*MIX_ms0.01_pat5_fn-full_extended_const-small_ints_raw,dd1681e3-7f95-11f1-88f9-2c7ba0e6fa90,synthetic_prior,0,94,1.0066920518875122,0.09717988967895508,168060.0,1.0034624338150024,31.169557571411133,-0.014682531356811523,1.0053056478500366,2034.5220947265625,-0.014976978302001953,1.0063047409057617,163.65298461914062,-0.015378713607788086,1.0068974494934082,0.021267618983983994,-0.01573765277862549,1.006729245185852,9.918639183044434,-0.016584277153015137,1.007881999015808,16.837417602539062,-0.01681339740753174,55,860,-0.015459775924682617
SLIM*MIX_ms0.01_pat5_fn-full_extended_const-small_ints_raw,dd1681e3-7f95-11f1-88f9-2c7ba0e6fa90,synthetic_prior,0,95,1.0066617727279663,1.2799196243286133,170569.0,1.0034246444702148,31.168384552001953,-0.014606237411499023,1.005266547203064,2034.442626953125,-0.014897704124450684,1.0062681436538696,163.64703369140625,-0.015304923057556152,1.006901502609253,0.021267704665660858,-0.01574575901031494,1.0067658424377441,9.918999671936035,-0.01665818691253662,1.0078727006912231,16.83725929260254,-0.016794443130493164,56,872,-0.015398740768432617
SLIM*MIX_ms0.01_pat5_fn-full_extended_const-small_ints_raw,dd1681e3-7f95-11f1-88f9-2c7ba0e6fa90,synthetic_prior,0,96,1.0066617727279663,0.09585857391357422,172410.0,1.0034246444702148,31.168384552001953,-0.014606237411499023,1.005266547203064,2034.442626953125,-0.014897704124450684,1.0062681436538696,163.64703369140625,-0.015304923057556152,1.006901502609253,0.021267704665660858,-0.01574575901031494,1.0067658424377441,9.918999671936035,-0.01665818691253662,1.0078727006912231,16.83725929260254,-0.016794443130493164,56,872,-0.015398740768432617
SLIM*MIX_ms0.01_pat5_fn-full_extended_const-small_ints_raw,dd1681e3-7f95-11f1-88f9-2c7ba0e6fa90,synthetic_prior,0,97,1.0066455602645874,0.10392594337463379,172725.0,1.003392219543457,31.167375564575195,-0.014540553092956543,1.0053117275238037,2034.534423828125,-0.014989137649536133,1.0062668323516846,163.6468048095703,-0.015302181243896484,1.0068295001983643,0.021266182884573936,-0.015600442886352539,1.0067802667617798,9.919142723083496,-0.016687512397766113,1.0078985691070557,16.837692260742188,-0.016846776008605957,57,885,-0.015365958213806152
SLIM*MIX_ms0.01_pat5_fn-full_extended_const-small_ints_raw,dd1681e3-7f95-11f1-88f9-2c7ba0e6fa90,synthetic_prior,0,98,1.0066455602645874,0.09536862373352051,173933.0,1.003392219543457,31.167375564575195,-0.014540553092956543,1.0053117275238037,2034.534423828125,-0.014989137649536133,1.0062668323516846,163.6468048095703,-0.015302181243896484,1.0068295001983643,0.021266182884573936,-0.015600442886352539,1.0067802667617798,9.919142723083496,-0.016687512397766113,1.0078985691070557,16.837692260742188,-0.016846776008605957,57,885,-0.015365958213806152
SLIM*MIX_ms0.01_pat5_fn-full_extended_const-small_ints_raw,dd1681e3-7f95-11f1-88f9-2c7ba0e6fa90,synthetic_prior,0,99,1.006636381149292,0.09598278999328613,176052.0,1.0033214092254639,31.165176391601562,-0.014397263526916504,1.0052173137664795,2034.3433837890625,-0.014798641204833984,1.006203532218933,163.63653564453125,-0.015174508094787598,1.006648302078247,0.021262355148792267,-0.015234947204589844,1.0066555738449097,9.917913436889648,-0.016435623168945312,1.007917881011963,16.838016510009766,-0.01688563823699951,58,903,-0.015347599983215332
SLIM*MIX_ms0.01_pat5_fn-full_extended_const-small_ints_raw,dd1681e3-7f95-11f1-88f9-2c7ba0e6fa90,synthetic_prior,0,100,1.006595492362976,0.12288951873779297,177145.0,1.0033504962921143,31.16608238220215,-0.01445627212524414,1.0052199363708496,2034.3486328125,-0.014803886413574219,1.006237268447876,163.6420135498047,-0.015242695808410645,1.006846308708191,0.02126653864979744,-0.01563441753387451,1.0067476034164429,9.91882038116455,-0.01662147045135498,1.0078481435775757,16.836851119995117,-0.01674497127532959,59,926,-0.01526498794555664
SLIM*MIX_ms0.01_pat5_fn-full_extended_const-small_ints_raw,dd1681e3-7f95-11f1-88f9-2c7ba0e6fa90,synthetic_prior,0,101,1.006577968597412,0.13555622100830078,177665.0,1.003255844116211,31.16313934326172,-0.014264583587646484,1.0051660537719727,2034.239501953125,-0.014694929122924805,1.006150484085083,163.6278839111328,-0.015067458152770996,1.0067236423492432,0.02126394771039486,-0.015387177467346191,1.0066579580307007,9.917936325073242,-0.016440272331237793,1.007852554321289,16.836925506591797,-0.0167539119720459,58,905,-0.01522970199584961
SLIM*MIX_ms0.01_pat5_fn-full_extended_const-small_ints_raw,dd1681e3-7f95-11f1-88f9-2c7ba0e6fa90,synthetic_prior,0,102,1.0065691471099854,0.14258599281311035,178852.0,1.0033551454544067,31.16622543334961,-0.014465570449829102,1.005174160003662,2034.255859375,-0.014711380004882812,1.0062280893325806,163.64051818847656,-0.015224099159240723,1.0068578720092773,0.02126678079366684,-0.015657782554626465,1.0066999197006226,9.918350219726562,-0.01652514934539795,1.0077768564224243,16.835660934448242,-0.016601204872131348,60,938,-0.015212059020996094
SLIM*MIX_ms0.01_pat5_fn-full_extended_const-small_ints_raw,dd1681e3-7f95-11f1-88f9-2c7ba0e6fa90,synthetic_prior,0,103,1.0065568685531616,0.13750028610229492,180339.0,1.0032474994659424,31.16288185119629,-0.014247894287109375,1.0051586627960205,2034.224365234375,-0.014680027961730957,1.0061219930648804,163.62326049804688,-0.01500999927520752,1.0065300464630127,0.021259857341647148,-0.014996528625488281,1.0065398216247559,9.916772842407227,-0.01620185375213623,1.0078750848770142,16.83730125427246,-0.016799330711364746,59,917,-0.01518702507019043
SLIM*MIX_ms0.01_pat5_fn-full_extended_const-small_ints_raw,dd1681e3-7f95-11f1-88f9-2c7ba0e6fa90,synthetic_prior,0,104,1.0064947605133057,0.09541559219360352,182655.0,1.0032594203948975,31.163251876831055,-0.014272093772888184,1.005114197731018,2034.1346435546875,-0.01459038257598877,1.0061131715774536,163.62184143066406,-0.014992237091064453,1.0067532062530518,0.021264569833874702,-0.01544654369354248,1.0066149234771729,9.917512893676758,-0.016353487968444824,1.0077117681503296,16.83457374572754,-0.016469836235046387,62,972,-0.01506185531616211
SLIM*MIX_ms0.01_pat5_fn-full_extended_const-small_ints_raw,dd1681e3-7f95-11f1-88f9-2c7ba0e6fa90,synthetic_prior,0,105,1.0064834356307983,0.12776780128479004,185312.0,1.0032649040222168,31.163421630859375,-0.014283061027526855,1.005089282989502,2034.0841064453125,-0.01454007625579834,1.0061626434326172,163.6298828125,-0.015092015266418457,1.0067476034164429,0.0212644524872303,-0.015435338020324707,1.0066783428192139,9.91813850402832,-0.016481637954711914,1.0077612400054932,16.835399627685547,-0.01656973361968994,60,930,-0.01503896713256836
SLIM*MIX_ms0.01_pat5_fn-full_extended_const-small_ints_raw,dd1681e3-7f95-11f1-88f9-2c7ba0e6fa90,synthetic_prior,0,106,1.0064834356307983,0.10188865661621094,187909.0,1.0032649040222168,31.163421630859375,-0.014283061027526855,1.005089282989502,2034.0841064453125,-0.01454007625579834,1.0061626434326172,163.6298828125,-0.015092015266418457,1.0067476034164429,0.0212644524872303,-0.015435338020324707,1.0066783428192139,9.91813850402832,-0.016481637954711914,1.0077612400054932,16.835399627685547,-0.01656973361968994,60,930,-0.01503896713256836
SLIM*MIX_ms0.01_pat5_fn-full_extended_const-small_ints_raw,dd1681e3-7f95-11f1-88f9-2c7ba0e6fa90,synthetic_prior,0,107,1.0064579248428345,0.09384346008300781,189599.0,1.0031651258468628,31.160324096679688,-0.014081358909606934,1.005030870437622,2033.966064453125,-0.014422178268432617,1.006014347076416,163.6057586669922,-0.014792919158935547,1.0066092014312744,0.02126152813434601,-0.015156149864196777,1.0066343545913696,9.917705535888672,-0.016392827033996582,1.0076934099197388,16.834266662597656,-0.016432881355285645,63,990,-0.014987468719482422
SLIM*MIX_ms0.01_pat5_fn-full_extended_const-small_ints_raw,dd1681e3-7f95-11f1-88f9-2c7ba0e6fa90,synthetic_prior,0,108,1.0064347982406616,0.11231756210327148,191899.0,1.0031436681747437,31.15965461730957,-0.014037847518920898,1.0050489902496338,2034.002685546875,-0.014458775520324707,1.0059508085250854,163.59542846679688,-0.014664769172668457,1.0064798593521118,0.021258799359202385,-0.014895439147949219,1.0067665576934814,9.919008255004883,-0.016659855842590332,1.0077788829803467,16.835695266723633,-0.016605257987976074,64,1005,-0.014940977096557617
SLIM*MIX_ms0.01_pat5_fn-full_extended_const-small_ints_raw,dd1681e3-7f95-11f1-88f9-2c7ba0e6fa90,synthetic_prior,0,109,1.0064096450805664,0.10089802742004395,192399.0,1.0031263828277588,31.159120559692383,-0.01400303840637207,1.004961609840393,2033.825927734375,-0.01428234577178955,1.0060151815414429,163.60589599609375,-0.014794468879699707,1.006626844406128,0.021261902526021004,-0.01519167423248291,1.0065613985061646,9.916986465454102,-0.016245603561401367,1.0077203512191772,16.834716796875,-0.0164872407913208,63,989,-0.014890193939208984
SLIM*MIX_ms0.01_pat5_fn-full_extended_const-small_ints_raw,dd1681e3-7f95-11f1-88f9-2c7ba0e6fa90,synthetic_prior,0,110,1.0063844919204712,0.11140894889831543,194194.0,1.0031052827835083,31.158464431762695,-0.01396036148071289,1.0049200057983398,2033.7415771484375,-0.01419830322265625,1.0059776306152344,163.5997772216797,-0.01471865177154541,1.006723403930664,0.021263940259814262,-0.015386462211608887,1.0067048072814941,9.918397903442383,-0.016534924507141113,1.0077528953552246,16.83526039123535,-0.01655292510986328,64,1004,-0.014839410781860352
SLIM*MIX_ms0.01_pat5_fn-full_extended_const-small_ints_raw,dd1681e3-7f95-11f1-88f9-2c7ba0e6fa90,synthetic_prior,0,111,1.0063343048095703,0.12832283973693848,195441.0,1.002982258796692,31.15464210510254,-0.013711690902709961,1.00493323802948,2033.768310546875,-0.014225006103515625,1.0058664083480835,163.58169555664062,-0.01449441909790039,1.006447434425354,0.02125811204314232,-0.014829874038696289,1.0064208507537842,9.915600776672363,-0.015961527824401855,1.0077978372573853,16.83601188659668,-0.016643524169921875,67,1063,-0.014738202095031738
SLIM*MIX_ms0.01_pat5_fn-full_extended_const-small_ints_raw,dd1681e3-7f95-11f1-88f9-2c7ba0e6fa90,synthetic_prior,0,112,1.0063343048095703,0.09641480445861816,196874.0,1.002982258796692,31.15464210510254,-0.013711690902709961,1.00493323802948,2033.768310546875,-0.014225006103515625,1.0058664083480835,163.58169555664062,-0.01449441909790039,1.006447434425354,0.02125811204314232,-0.014829874038696289,1.0064208507537842,9.915600776672363,-0.015961527824401855,1.0077978372573853,16.83601188659668,-0.016643524169921875,67,1063,-0.014738202095031738
SLIM*MIX_ms0.01_pat5_fn-full_extended_const-small_ints_raw,dd1681e3-7f95-11f1-88f9-2c7ba0e6fa90,synthetic_prior,0,113,1.0063343048095703,0.09990668296813965,198104.0,1.002982258796692,31.15464210510254,-0.013711690902709961,1.00493323802948,2033.768310546875,-0.014225006103515625,1.0058664083480835,163.58169555664062,-0.01449441909790039,1.006447434425354,0.02125811204314232,-0.014829874038696289,1.0064208507537842,9.915600776672363,-0.015961527824401855,1.0077978372573853,16.83601188659668,-0.016643524169921875,67,1063,-0.014738202095031738
SLIM*MIX_ms0.01_pat5_fn-full_extended_const-small_ints_raw,dd1681e3-7f95-11f1-88f9-2c7ba0e6fa90,synthetic_prior,0,114,1.0063343048095703,0.0952155590057373,200706.0,1.002982258796692,31.15464210510254,-0.013711690902709961,1.00493323802948,2033.768310546875,-0.014225006103515625,1.0058664083480835,163.58169555664062,-0.01449441909790039,1.006447434425354,0.02125811204314232,-0.014829874038696289,1.0064208507537842,9.915600776672363,-0.015961527824401855,1.0077978372573853,16.83601188659668,-0.016643524169921875,67,1063,-0.014738202095031738
SLIM*MIX_ms0.01_pat5_fn-full_extended_const-small_ints_raw,dd1681e3-7f95-11f1-88f9-2c7ba0e6fa90,synthetic_prior,0,115,1.0063247680664062,0.11248373985290527,203162.0,1.002955675125122,31.15381622314453,-0.013657927513122559,1.0049185752868652,2033.738525390625,-0.01419520378112793,1.005888819694519,163.58534240722656,-0.014539599418640137,1.0062977075576782,0.021254949271678925,-0.01452779769897461,1.006522297859192,9.916601181030273,-0.0161665678024292,1.0078108310699463,16.836227416992188,-0.016669631004333496,67,1053,-0.014718890190124512
SLIM*MIX_ms0.01_pat5_fn-full_extended_const-small_ints_raw,dd1681e3-7f95-11f1-88f9-2c7ba0e6fa90,synthetic_prior,0,116,1.006308913230896,1.3168895244598389,206138.0,1.0029683113098145,31.15420913696289,-0.013683438301086426,1.004855990409851,2033.61181640625,-0.014068961143493652,1.0057915449142456,163.56951904296875,-0.01434338092803955,1.0067399740219116,0.021264292299747467,-0.015419960021972656,1.0066405534744263,9.917765617370605,-0.016405224800109863,1.0079249143600464,16.838134765625,-0.016899943351745605,67,1044,-0.014686822891235352
SLIM*MIX_ms0.01_pat5_fn-full_extended_const-small_ints_raw,dd1681e3-7f95-11f1-88f9-2c7ba0e6fa90,synthetic_prior,0,117,1.0062625408172607,0.1494767665863037,208459.0,1.0029380321502686,31.153270721435547,-0.013622283935546875,1.004794955253601,2033.4884033203125,-0.013945817947387695,1.0058059692382812,163.5718536376953,-0.01437234878540039,1.0063954591751099,0.02125701494514942,-0.014725089073181152,1.006611704826355,9.917481422424316,-0.016347050666809082,1.007847547531128,16.83683967590332,-0.01674365997314453,69,1093,-0.014593362808227539
SLIM*MIX_ms0.01_pat5_fn-full_extended_const-small_ints_raw,dd1681e3-7f95-11f1-88f9-2c7ba0e6fa90,synthetic_prior,0,118,1.0062625408172607,0.13384556770324707,210136.0,1.0029380321502686,31.153270721435547,-0.013622283935546875,1.004794955253601,2033.4884033203125,-0.013945817947387695,1.0058059692382812,163.5718536376953,-0.01437234878540039,1.0063954591751099,0.02125701494514942,-0.014725089073181152,1.006611704826355,9.917481422424316,-0.016347050666809082,1.007847547531128,16.83683967590332,-0.01674365997314453,69,1093,-0.014593362808227539
SLIM*MIX_ms0.01_pat5_fn-full_extended_const-small_ints_raw,dd1681e3-7f95-11f1-88f9-2c7ba0e6fa90,synthetic_prior,0,119,1.0062625408172607,0.11110401153564453,210553.0,1.0029380321502686,31.153270721435547,-0.013622283935546875,1.004794955253601,2033.4884033203125,-0.013945817947387695,1.0058059692382812,163.5718536376953,-0.01437234878540039,1.0063954591751099,0.02125701494514942,-0.014725089073181152,1.006611704826355,9.917481422424316,-0.016347050666809082,1.007847547531128,16.83683967590332,-0.01674365997314453,69,1093,-0.014593362808227539
SLIM*MIX_ms0.01_pat5_fn-full_extended_const-small_ints_raw,dd1681e3-7f95-11f1-88f9-2c7ba0e6fa90,synthetic_prior,0,120,1.0061956644058228,1.3037190437316895,211074.0,1.0028889179229736,31.151744842529297,-0.013523101806640625,1.0046812295913696,2033.25830078125,-0.013716340065002441,1.0058026313781738,163.5713348388672,-0.014365673065185547,1.0064741373062134,0.021258674561977386,-0.014883637428283691,1.0063616037368774,9.915017127990723,-0.015842080116271973,1.0077500343322754,16.8352108001709,-0.016546964645385742,70,1120,-0.014458656311035156
SLIM*MIX_ms0.01_pat5_fn-full_extended_const-small_ints_raw,dd1681e3-7f95-11f1-88f9-2c7ba0e6fa90,synthetic_prior,0,121,1.0061956644058228,0.14333462715148926,213284.0,1.0028889179229736,31.151744842529297,-0.013523101806640625,1.0046812295913696,2033.25830078125,-0.013716340065002441,1.0058026313781738,163.5713348388672,-0.014365673065185547,1.0064741373062134,0.021258674561977386,-0.014883637428283691,1.0063616037368774,9.915017127990723,-0.015842080116271973,1.0077500343322754,16.8352108001709,-0.016546964645385742,70,1120,-0.014458656311035156
SLIM*MIX_ms0.01_pat5_fn-full_extended_const-small_ints_raw,dd1681e3-7f95-11f1-88f9-2c7ba0e6fa90,synthetic_prior,0,122,1.0061813592910767,0.1112816333770752,215513.0,1.0028622150421143,31.15091323852539,-0.013469099998474121,1.0046181678771973,2033.130615234375,-0.013589024543762207,1.0057783126831055,163.56736755371094,-0.014316558837890625,1.006526231765747,0.02125977724790573,-0.014988899230957031,1.006326675415039,9.914671897888184,-0.01577138900756836,1.007705569267273,16.834468841552734,-0.016457319259643555,72,1150,-0.014429807662963867
SLIM*MIX_ms0.01_pat5_fn-full_extended_const-small_ints_raw,dd1681e3-7f95-11f1-88f9-2c7ba0e6fa90,synthetic_prior,0,123,1.0060889720916748,0.12129521369934082,217363.0,1.002762794494629,31.147829055786133,-0.013268232345581055,1.0045948028564453,2033.08349609375,-0.01354217529296875,1.005656123161316,163.54750061035156,-0.014070272445678711,1.0063477754592896,0.021256009116768837,-0.014629006385803223,1.0063587427139282,9.914989471435547,-0.015836238861083984,1.007694959640503,16.834293365478516,-0.016435980796813965,71,1152,-0.014243602752685547
SLIM*MIX_ms0.01_pat5_fn-full_extended_const-small_ints_raw,dd1681e3-7f95-11f1-88f9-2c7ba0e6fa90,synthetic_prior,0,124,1.0060889720916748,0.11159920692443848,218922.0,1.002762794494629,31.147829055786133,-0.013268232345581055,1.0045948028564453,2033.08349609375,-0.01354217529296875,1.005656123161316,163.54750061035156,-0.014070272445678711,1.0063477754592896,0.021256009116768837,-0.014629006385803223,1.0063587427139282,9.914989471435547,-0.015836238861083984,1.007694959640503,16.834293365478516,-0.016435980796813965,71,1152,-0.014243602752685547
SLIM*MIX_ms0.01_pat5_fn-full_extended_const-small_ints_raw,dd1681e3-7f95-11f1-88f9-2c7ba0e6fa90,synthetic_prior,0,125,1.0060889720916748,0.14258909225463867,219762.0,1.002762794494629,31.147829055786133,-0.013268232345581055,1.0045948028564453,2033.08349609375,-0.01354217529296875,1.005656123161316,163.54750061035156,-0.014070272445678711,1.0063477754592896,0.021256009116768837,-0.014629006385803223,1.0063587427139282,9.914989471435547,-0.015836238861083984,1.007694959640503,16.834293365478516,-0.016435980796813965,71,1152,-0.014243602752685547
SLIM*MIX_ms0.01_pat5_fn-full_extended_const-small_ints_raw,dd1681e3-7f95-11f1-88f9-2c7ba0e6fa90,synthetic_prior,0,126,1.0060760974884033,0.11065936088562012,221397.0,1.0027294158935547,31.14678955078125,-0.013200640678405762,1.0045870542526245,2033.06787109375,-0.013526320457458496,1.005638599395752,163.54464721679688,-0.014034748077392578,1.0063226222991943,0.021255476400256157,-0.01457822322845459,1.0063194036483765,9.914602279663086,-0.015756845474243164,1.0076942443847656,16.834280014038086,-0.016434431076049805,72,1167,-0.014217376708984375
SLIM*MIX_ms0.01_pat5_fn-full_extended_const-small_ints_raw,dd1681e3-7f95-11f1-88f9-2c7ba0e6fa90,synthetic_prior,0,127,1.006066083908081,0.11193990707397461,224792.0,1.0027406215667725,31.147138595581055,-0.013223409652709961,1.0045766830444336,2033.046630859375,-0.01350545883178711,1.0056276321411133,163.54286193847656,-0.014012694358825684,1.0063050985336304,0.02125510573387146,-0.014542937278747559,1.0062860250473022,9.914274215698242,-0.015689611434936523,1.0076841115951538,16.8341121673584,-0.016414165496826172,73,1181,-0.014197468757629395
SLIM*MIX_ms0.01_pat5_fn-full_extended_const-small_ints_raw,dd1681e3-7f95-11f1-88f9-2c7ba0e6fa90,synthetic_prior,0,128,1.0060569047927856,0.12667417526245117,225842.0,1.0027241706848145,31.14662742614746,-0.013190031051635742,1.0045698881149292,2033.0328369140625,-0.013491630554199219,1.0056196451187134,163.54156494140625,-0.013996601104736328,1.0063233375549316,0.02125549130141735,-0.0145796537399292,1.0063096284866333,9.914505004882812,-0.015737056732177734,1.0076501369476318,16.83354377746582,-0.016345500946044922,74,1196,-0.014178752899169922
SLIM*MIX_ms0.01_pat5_fn-full_extended_const-small_ints_raw,dd1681e3-7f95-11f1-88f9-2c7ba0e6fa90,synthetic_prior,0,129,1.006038784980774,0.12681365013122559,227418.0,1.0027838945388794,31.148483276367188,-0.013310790061950684,1.0045686960220337,2033.0306396484375,-0.013489365577697754,1.0056354999542236,163.5441436767578,-0.014028668403625488,1.0064729452133179,0.021258650347590446,-0.014881253242492676,1.0063039064407349,9.914448738098145,-0.01572561264038086,1.0076758861541748,16.833974838256836,-0.016397476196289062,75,1189,-0.014142155647277832
SLIM*MIX_ms0.01_pat5_fn-full_extended_const-small_ints_raw,dd1681e3-7f95-11f1-88f9-2c7ba0e6fa90,synthetic_prior,0,130,1.006038784980774,0.0960850715637207,230771.0,1.0027838945388794,31.148483276367188,-0.013310790061950684,1.0045686960220337,2033.0306396484375,-0.013489365577697754,1.0056354999542236,163.5441436767578,-0.014028668403625488,1.0064729452133179,0.021258650347590446,-0.014881253242492676,1.0063039064407349,9.914448738098145,-0.01572561264038086,1.0076758861541748,16.833974838256836,-0.016397476196289062,75,1189,-0.014142155647277832
SLIM*MIX_ms0.01_pat5_fn-full_extended_const-small_ints_raw,dd1681e3-7f95-11f1-88f9-2c7ba0e6fa90,synthetic_prior,0,131,1.0060235261917114,0.14492273330688477,233193.0,1.0027726888656616,31.148134231567383,-0.013288140296936035,1.0045523643493652,2032.9974365234375,-0.013456225395202637,1.0056164264678955,163.54104614257812,-0.013990163803100586,1.0064761638641357,0.021258719265460968,-0.014887809753417969,1.0062990188598633,9.914401054382324,-0.015715718269348145,1.0076590776443481,16.833694458007812,-0.01636373996734619,76,1203,-0.014111518859863281
SLIM*MIX_ms0.01_pat5_fn-full_extended_const-small_ints_raw,dd1681e3-7f95-11f1-88f9-2c7ba0e6fa90,synthetic_prior,0,132,1.0060091018676758,0.1123054027557373,236354.0,1.0027495622634888,31.14741325378418,-0.013241291046142578,1.00454580783844,2032.984375,-0.013443231582641602,1.0055698156356812,163.53346252441406,-0.01389622688293457,1.0063600540161133,0.02125626802444458,-0.014653801918029785,1.006259799003601,9.91401481628418,-0.015636563301086426,1.0076806545257568,16.83405303955078,-0.016407012939453125,76,1212,-0.01408243179321289
SLIM*MIX_ms0.01_pat5_fn-full_extended_const-small_ints_raw,dd1681e3-7f95-11f1-88f9-2c7ba0e6fa90,synthetic_prior,0,133,1.0059560537338257,1.3015859127044678,238192.0,1.0026233196258545,31.14349365234375,-0.012986183166503906,1.0044845342636108,2032.8602294921875,-0.01331937313079834,1.0055079460144043,163.5233917236328,-0.013771414756774902,1.0061596632003784,0.021252034232020378,-0.014249563217163086,1.0061842203140259,9.91326904296875,-0.015483975410461426,1.0076278448104858,16.833171844482422,-0.016300678253173828,76,1228,-0.01397550106048584
SLIM*MIX_ms0.01_pat5_fn-full_extended_const-small_ints_raw,dd1681e3-7f95-11f1-88f9-2c7ba0e6fa90,synthetic_prior,0,134,1.0059549808502197,0.11998653411865234,239631.0,1.002622365951538,31.143463134765625,-0.012984275817871094,1.0044834613800049,2032.858154296875,-0.013317346572875977,1.0055068731307983,163.5232391357422,-0.013769388198852539,1.0061585903167725,0.021252010017633438,-0.014247536659240723,1.00618314743042,9.91325855255127,-0.015481710433959961,1.0076268911361694,16.833152770996094,-0.016298413276672363,77,1242,-0.013973355293273926
SLIM*MIX_ms0.01_pat5_fn-full_extended_const-small_ints_raw,dd1681e3-7f95-11f1-88f9-2c7ba0e6fa90,synthetic_prior,0,135,1.0059397220611572,0.1307971477508545,241762.0,1.002605676651001,31.142942428588867,-0.012950539588928223,1.0044679641723633,2032.82666015625,-0.013285994529724121,1.0054895877838135,163.52041625976562,-0.01373434066772461,1.0061485767364502,0.021251801401376724,-0.01422739028930664,1.006181240081787,9.913240432739258,-0.015477895736694336,1.007624626159668,16.83311653137207,-0.016294121742248535,77,1239,-0.013942599296569824
SLIM*MIX_ms0.01_pat5_fn-full_extended_const-small_ints_raw,dd1681e3-7f95-11f1-88f9-2c7ba0e6fa90,synthetic_prior,0,136,1.0059162378311157,0.12828969955444336,242846.0,1.0025765895843506,31.142040252685547,-0.012891769409179688,1.004456639289856,2032.8038330078125,-0.013263344764709473,1.0054502487182617,163.51402282714844,-0.01365506649017334,1.0061311721801758,0.021251432597637177,-0.01419222354888916,1.0061837434768677,9.913264274597168,-0.015482902526855469,1.0076208114624023,16.833053588867188,-0.016286373138427734,78,1253,-0.013895273208618164
SLIM*MIX_ms0.01_pat5_fn-full_extended_const-small_ints_raw,dd1681e3-7f95-11f1-88f9-2c7ba0e6fa90,synthetic_prior,0,137,1.0058655738830566,0.1411435604095459,244216.0,1.0024741888046265,31.13886070251465,-0.012684941291809082,1.0044105052947998,2032.71044921875,-0.013170123100280762,1.0054081678390503,163.50718688964844,-0.013570427894592285,1.0060430765151978,0.021249571815133095,-0.014014601707458496,1.0061235427856445,9.912672996520996,-0.015361547470092773,1.0075808763504028,16.832386016845703,-0.016205787658691406,77,1242,-0.013793110847473145
SLIM*MIX_ms0.01_pat5_fn-full_extended_const-small_ints_raw,dd1681e3-7f95-11f1-88f9-2c7ba0e6fa90,synthetic_prior,0,138,1.0058655738830566,0.1261000633239746,245490.0,1.0024741888046265,31.13886070251465,-0.012684941291809082,1.0044105052947998,2032.71044921875,-0.013170123100280762,1.0054081678390503,163.50718688964844,-0.013570427894592285,1.0060430765151978,0.021249571815133095,-0.014014601707458496,1.0061235427856445,9.912672996520996,-0.015361547470092773,1.0075808763504028,16.832386016845703,-0.016205787658691406,77,1242,-0.013793110847473145
SLIM*MIX_ms0.01_pat5_fn-full_extended_const-small_ints_raw,dd1681e3-7f95-11f1-88f9-2c7ba0e6fa90,synthetic_prior,0,139,1.0058467388153076,0.1275317668914795,247283.0,1.002508521080017,31.139930725097656,-0.012754321098327637,1.0043816566467285,2032.652099609375,-0.013112068176269531,1.00540030002594,163.5059051513672,-0.01355445384979248,1.0060484409332275,0.021249685436487198,-0.014025449752807617,1.0060418844223022,9.911867141723633,-0.015196681022644043,1.007532000541687,16.831567764282227,-0.01610708236694336,78,1264,-0.013755202293395996
SLIM*MIX_ms0.01_pat5_fn-full_extended_const-small_ints_raw,dd1681e3-7f95-11f1-88f9-2c7ba0e6fa90,synthetic_prior,0,140,1.0058403015136719,0.1259932518005371,248426.0,1.0023993253707886,31.13653564453125,-0.01253366470336914,1.0044020414352417,2032.6932373046875,-0.01315319538116455,1.0054116249084473,163.50775146484375,-0.01357722282409668,1.0060019493103027,0.021248701959848404,-0.013931751251220703,1.006070852279663,9.912152290344238,-0.015255093574523926,1.0075567960739136,16.83198356628418,-0.016157150268554688,78,1256,-0.013742208480834961
SLIM*MIX_ms0.01_pat5_fn-full_extended_const-small_ints_raw,dd1681e3-7f95-11f1-88f9-2c7ba0e6fa90,synthetic_prior,0,141,1.0058369636535645,0.1213381290435791,249577.0,1.0025181770324707,31.140226364135742,-0.012773871421813965,1.004372000694275,2032.632568359375,-0.013092517852783203,1.0053844451904297,163.50332641601562,-0.013522505760192871,1.0059765577316284,0.021248167380690575,-0.013880491256713867,1.0060374736785889,9.911824226379395,-0.015187859535217285,1.0075469017028809,16.831819534301758,-0.016137361526489258,79,1278,-0.013735413551330566
SLIM*MIX_ms0.01_pat5_fn-full_extended_const-small_ints_raw,dd1681e3-7f95-11f1-88f9-2c7ba0e6fa90,synthetic_prior,0,142,1.0058023929595947,0.1564652919769287,250558.0,1.0024062395095825,31.136751174926758,-0.012547612190246582,1.004319667816162,2032.5264892578125,-0.01298677921295166,1.0053255558013916,163.4937286376953,-0.013403534889221191,1.005920648574829,0.021246986463665962,-0.013767838478088379,1.0059970617294312,9.911425590515137,-0.01510608196258545,1.0075198411941528,16.83136749267578,-0.01608264446258545,80,1292,-0.01366579532623291
SLIM*MIX_ms0.01_pat5_fn-full_extended_const-small_ints_raw,dd1681e3-7f95-11f1-88f9-2c7ba0e6fa90,synthetic_prior,0,143,1.0057872533798218,0.11066675186157227,251531.0,1.0024551153182983,31.138269424438477,-0.01264643669128418,1.0044318437576294,2032.753662109375,-0.013213276863098145,1.0053309202194214,163.49461364746094,-0.013414621353149414,1.0056763887405396,0.021241825073957443,-0.013275504112243652,1.0057448148727417,9.908940315246582,-0.014597177505493164,1.0072262287139893,16.826461791992188,-0.01549077033996582,79,1254,-0.01363515853881836
SLIM*MIX_ms0.01_pat5_fn-full_extended_const-small_ints_raw,dd1681e3-7f95-11f1-88f9-2c7ba0e6fa90,synthetic_prior,0,144,1.0057740211486816,0.1099550724029541,252538.0,1.0024380683898926,31.137741088867188,-0.012611985206604004,1.0043002367019653,2032.4873046875,-0.012947797775268555,1.0053200721740723,163.49285888671875,-0.01339268684387207,1.0059322118759155,0.02124723233282566,-0.013791203498840332,1.0059667825698853,9.911127090454102,-0.015044927597045898,1.007500410079956,16.83104133605957,-0.016043424606323242,78,1261,-0.013608455657958984
SLIM*MIX_ms0.01_pat5_fn-full_extended_const-small_ints_raw,dd1681e3-7f95-11f1-88f9-2c7ba0e6fa90,synthetic_prior,0,145,1.0057297945022583,0.12733960151672363,253314.0,1.0024220943450928,31.137243270874023,-0.012579679489135742,1.004256010055542,2032.3974609375,-0.012858271598815918,1.005272388458252,163.48507690429688,-0.01329648494720459,1.0059293508529663,0.021247169002890587,-0.013785362243652344,1.0058468580245972,9.909944534301758,-0.014802932739257812,1.0073955059051514,16.829288482666016,-0.015831947326660156,81,1320,-0.013519525527954102
SLIM*MIX_ms0.01_pat5_fn-full_extended_const-small_ints_raw,dd1681e3-7f95-11f1-88f9-2c7ba0e6fa90,synthetic_prior,0,146,1.005722165107727,1.2746641635894775,255111.0,1.0024067163467407,31.136764526367188,-0.012548565864562988,1.0042438507080078,2032.373291015625,-0.01283407211303711,1.0052663087844849,163.48411560058594,-0.01328432559967041,1.0059466361999512,0.021247535943984985,-0.013820290565490723,1.0058653354644775,9.910127639770508,-0.014840245246887207,1.0074148178100586,16.82961082458496,-0.01587080955505371,82,1331,-0.0135040283203125
SLIM*MIX_ms0.01_pat5_fn-full_extended_const-small_ints_raw,dd1681e3-7f95-11f1-88f9-2c7ba0e6fa90,synthetic_prior,0,147,1.0057220458984375,0.11283040046691895,257961.0,1.0024393796920776,31.13777732849121,-0.012614607810974121,1.004278540611267,2032.443359375,-0.012903928756713867,1.0052622556686401,163.48342895507812,-0.013276100158691406,1.0057933330535889,0.021244296804070473,-0.013511300086975098,1.0058763027191162,9.910236358642578,-0.014862537384033203,1.0075304508209229,16.83154296875,-0.01610410213470459,81,1305,-0.013503789901733398
SLIM*MIX_ms0.01_pat5_fn-full_extended_const-small_ints_raw,dd1681e3-7f95-11f1-88f9-2c7ba0e6fa90,synthetic_prior,0,148,1.0057218074798584,0.12703895568847656,259584.0,1.002437710762024,31.13772964477539,-0.0126112699508667,1.0042833089828491,2032.453125,-0.01291346549987793,1.0052591562271118,163.4829559326172,-0.013270020484924316,1.0058022737503052,0.021244484931230545,-0.013529181480407715,1.0059432983398438,9.910896301269531,-0.014997720718383789,1.0075582265853882,16.832008361816406,-0.016160249710083008,82,1317,-0.013503432273864746
SLIM*MIX_ms0.01_pat5_fn-full_extended_const-small_ints_raw,dd1681e3-7f95-11f1-88f9-2c7ba0e6fa90,synthetic_prior,0,149,1.0056977272033691,0.11606884002685547,261345.0,1.0024129152297974,31.13695526123047,-0.01256108283996582,1.0042126178741455,2032.31005859375,-0.012771010398864746,1.0052229166030884,163.47705078125,-0.013196706771850586,1.0059490203857422,0.021247586235404015,-0.013825058937072754,1.0058544874191284,9.910021781921387,-0.014818549156188965,1.0074626207351685,16.83041000366211,-0.015967249870300293,82,1332,-0.013454914093017578
SLIM*MIX_ms0.01_pat5_fn-full_extended_const-small_ints_raw,dd1681e3-7f95-11f1-88f9-2c7ba0e6fa90,synthetic_prior,0,150,1.0056631565093994,0.11865425109863281,262405.0,1.0023573637008667,31.13523292541504,-0.012448906898498535,1.0041922330856323,2032.2686767578125,-0.012729883193969727,1.0051312446594238,163.46214294433594,-0.013012051582336426,1.0057843923568726,0.02124410681426525,-0.013493180274963379,1.0057904720306396,9.909390449523926,-0.014689445495605469,1.007347583770752,16.828489303588867,-0.015735149383544922,83,1346,-0.013385176658630371
SLIM*MIX_ms0.01_pat5_fn-full_extended_const-small_ints_raw,dd1681e3-7f95-11f1-88f9-2c7ba0e6fa90,synthetic_prior,0,151,1.0056617259979248,0.11319112777709961,262508.0,1.0023021697998047,31.13351821899414,-0.012337327003479004,1.0041918754577637,2032.2679443359375,-0.012729048728942871,1.0052030086517334,163.4738006591797,-0.013156652450561523,1.0055967569351196,0.021240143105387688,-0.0131150484085083,1.0058443546295166,9.909920692443848,-0.01479804515838623,1.0074830055236816,16.830751419067383,-0.016008377075195312,84,1359,-0.013382315635681152
SLIM*MIX_ms0.01_pat5_fn-full_extended_const-small_ints_raw,dd1681e3-7f95-11f1-88f9-2c7ba0e6fa90,synthetic_prior,0,152,1.0056407451629639,0.11203193664550781,263077.0,1.0023678541183472,31.13555908203125,-0.012470126152038574,1.004180908203125,2032.245849609375,-0.012706995010375977,1.005151391029358,163.4654083251953,-0.013052582740783691,1.0058233737945557,0.02124493010342121,-0.013571858406066895,1.0058537721633911,9.910013198852539,-0.014816999435424805,1.0072282552719116,16.826496124267578,-0.015494585037231445,85,1378,-0.013339877128601074
SLIM*MIX_ms0.01_pat5_fn-full_extended_const-small_ints_raw,dd1681e3-7f95-11f1-88f9-2c7ba0e6fa90,synthetic_prior,0,153,1.0056401491165161,0.09581947326660156,263608.0,1.0023685693740845,31.135578155517578,-0.012471437454223633,1.0041807889938354,2032.2454833984375,-0.012706637382507324,1.0051517486572266,163.4654541015625,-0.013053178787231445,1.0058202743530273,0.021244866773486137,-0.013565540313720703,1.0058491230010986,9.909968376159668,-0.014807701110839844,1.0072201490402222,16.82636070251465,-0.015478372573852539,84,1366,-0.013338685035705566
SLIM*MIX_ms0.01_pat5_fn-full_extended_const-small_ints_raw,dd1681e3-7f95-11f1-88f9-2c7ba0e6fa90,synthetic_prior,0,154,1.005621075630188,0.11119866371154785,266799.0,1.002302646636963,31.13353157043457,-0.01233828067779541,1.0041433572769165,2032.1697998046875,-0.01263129711151123,1.005145788192749,163.46449279785156,-0.013041257858276367,1.005802035331726,0.021244479343295097,-0.013528704643249512,1.005735993385315,9.908852577209473,-0.014579296112060547,1.0072249174118042,16.826438903808594,-0.015487909317016602,85,1371,-0.013300418853759766
SLIM*MIX_ms0.01_pat5_fn-full_extended_const-small_ints_raw,dd1681e3-7f95-11f1-88f9-2c7ba0e6fa90,synthetic_prior,0,155,1.0055932998657227,0.11170387268066406,269275.0,1.0021947622299194,31.13018226623535,-0.012120366096496582,1.0042234659194946,2032.33203125,-0.01279294490814209,1.005098819732666,163.45687866210938,-0.012946724891662598,1.0059382915496826,0.02124735713005066,-0.013803243637084961,1.0064784288406372,9.916169166564941,-0.01607799530029297,1.0075747966766357,16.832284927368164,-0.016193509101867676,89,1437,-0.013244390487670898
SLIM*MIX_ms0.01_pat5_fn-full_extended_const-small_ints_raw,dd1681e3-7f95-11f1-88f9-2c7ba0e6fa90,synthetic_prior,0,156,1.0055464506149292,0.11369490623474121,272783.0,1.0022311210632324,31.131311416625977,-0.012193918228149414,1.0042393207550049,2032.364013671875,-0.0128248929977417,1.0050678253173828,163.4518280029297,-0.012884140014648438,1.0054283142089844,0.021236585453152657,-0.012775778770446777,1.0057512521743774,9.909004211425781,-0.0146101713180542,1.0071479082107544,16.825153350830078,-0.015332698822021484,85,1352,-0.01314997673034668
SLIM*MIX_ms0.01_pat5_fn-full_extended_const-small_ints_raw,dd1681e3-7f95-11f1-88f9-2c7ba0e6fa90,synthetic_prior,0,157,1.0055460929870605,0.11230921745300293,276056.0,1.002273678779602,31.132631301879883,-0.012279748916625977,1.0040571689605713,2031.9954833984375,-0.012457489967346191,1.0050039291381836,163.44143676757812,-0.012755393981933594,1.0057259798049927,0.02124287188053131,-0.013375520706176758,1.0057350397109985,9.908843994140625,-0.014577507972717285,1.0071237087249756,16.82474708557129,-0.015283823013305664,88,1431,-0.013149261474609375
SLIM*MIX_ms0.01_pat5_fn-full_extended_const-small_ints_raw,dd1681e3-7f95-11f1-88f9-2c7ba0e6fa90,synthetic_prior,0,158,1.0054991245269775,0.09372615814208984,278333.0,1.0021694898605347,31.129398345947266,-0.012069463729858398,1.0041890144348145,2032.2620849609375,-0.012723326683044434,1.0050153732299805,163.4432830810547,-0.012778401374816895,1.0053682327270508,0.02123531699180603,-0.012654542922973633,1.0057244300842285,9.90873908996582,-0.014555931091308594,1.0070890188217163,16.824167251586914,-0.015213847160339355,86,1367,-0.013054609298706055
SLIM*MIX_ms0.01_pat5_fn-full_extended_const-small_ints_raw,dd1681e3-7f95-11f1-88f9-2c7ba0e6fa90,synthetic_prior,0,159,1.005495548248291,0.1030886173248291,280429.0,1.0021675825119019,31.129337310791016,-0.012065529823303223,1.0041770935058594,2032.238037109375,-0.012699365615844727,1.0050013065338135,163.4409942626953,-0.012749910354614258,1.005469799041748,0.021237462759017944,-0.012859344482421875,1.0056606531143188,9.908110618591309,-0.0144273042678833,1.00709867477417,16.824331283569336,-0.015233397483825684,87,1384,-0.013047456741333008
SLIM*MIX_ms0.01_pat5_fn-full_extended_const-small_ints_raw,dd1681e3-7f95-11f1-88f9-2c7ba0e6fa90,synthetic_prior,0,160,1.0054932832717896,0.11170554161071777,282805.0,1.0021625757217407,31.129179000854492,-0.012055397033691406,1.0041733980178833,2032.2305908203125,-0.012691855430603027,1.004997968673706,163.44046020507812,-0.012743353843688965,1.0054709911346436,0.021237488836050034,-0.01286172866821289,1.0056712627410889,9.908215522766113,-0.014448761940002441,1.007102608680725,16.824398040771484,-0.015241503715515137,88,1397,-0.013042807579040527
SLIM*MIX_ms0.01_pat5_fn-full_extended_const-small_ints_raw,dd1681e3-7f95-11f1-88f9-2c7ba0e6fa90,synthetic_prior,0,161,1.0054528713226318,0.12654542922973633,284439.0,1.002208948135376,31.130619049072266,-0.01214897632598877,1.0039618015289307,2031.8023681640625,-0.012265205383300781,1.004868984222412,163.4194793701172,-0.012483358383178711,1.0057374238967896,0.02124311588704586,-0.01339864730834961,1.0059235095977783,9.910701751708984,-0.014957904815673828,1.0070865154266357,16.824127197265625,-0.015208959579467773,91,1474,-0.012961387634277344
SLIM*MIX_ms0.01_pat5_fn-full_extended_const-small_ints_raw,dd1681e3-7f95-11f1-88f9-2c7ba0e6fa90,synthetic_prior,0,162,1.0054528713226318,0.1276862621307373,284357.0,1.002208948135376,31.130619049072266,-0.01214897632598877,1.0039618015289307,2031.8023681640625,-0.012265205383300781,1.004868984222412,163.4194793701172,-0.012483358383178711,1.0057374238967896,0.02124311588704586,-0.01339864730834961,1.0059235095977783,9.910701751708984,-0.014957904815673828,1.0070865154266357,16.824127197265625,-0.015208959579467773,91,1474,-0.012961387634277344
SLIM*MIX_ms0.01_pat5_fn-full_extended_const-small_ints_raw,dd1681e3-7f95-11f1-88f9-2c7ba0e6fa90,synthetic_prior,0,163,1.0053513050079346,0.12252187728881836,285118.0,1.001975417137146,31.123369216918945,-0.01167750358581543,1.00400710105896,2031.89404296875,-0.01235651969909668,1.0048409700393677,163.41493225097656,-0.012426972389221191,1.005325198173523,0.021234408020973206,-0.012567877769470215,1.0055524110794067,9.907044410705566,-0.01420891284942627,1.0070102214813232,16.822853088378906,-0.015055060386657715,90,1424,-0.012756943702697754
SLIM*MIX_ms0.01_pat5_fn-full_extended_const-small_ints_raw,dd1681e3-7f95-11f1-88f9-2c7ba0e6fa90,synthetic_prior,0,164,1.0053513050079346,0.12775468826293945,286382.0,1.001975417137146,31.123369216918945,-0.01167750358581543,1.00400710105896,2031.89404296875,-0.01235651969909668,1.0048409700393677,163.41493225097656,-0.012426972389221191,1.005325198173523,0.021234408020973206,-0.012567877769470215,1.0055524110794067,9.907044410705566,-0.01420891284942627,1.0070102214813232,16.822853088378906,-0.015055060386657715,90,1424,-0.012756943702697754
SLIM*MIX_ms0.01_pat5_fn-full_extended_const-small_ints_raw,dd1681e3-7f95-11f1-88f9-2c7ba0e6fa90,synthetic_prior,0,165,1.0053462982177734,1.3249993324279785,288780.0,1.0019742250442505,31.12333106994629,-0.011675000190734863,1.0039969682693481,2031.8736572265625,-0.012336134910583496,1.0048391819000244,163.41464233398438,-0.012423276901245117,1.005314826965332,0.021234190091490746,-0.012547135353088379,1.0055370330810547,9.906893730163574,-0.014177918434143066,1.0069993734359741,16.822669982910156,-0.01503300666809082,91,1442,-0.012746691703796387
SLIM*MIX_ms0.01_pat5_fn-full_extended_const-small_ints_raw,dd1681e3-7f95-11f1-88f9-2c7ba0e6fa90,synthetic_prior,0,166,1.005316972732544,0.15898942947387695,289494.0,1.00192391872406,31.121767044067383,-0.011573433876037598,1.003940463066101,2031.7591552734375,-0.01222217082977295,1.0047813653945923,163.4052276611328,-0.012306690216064453,1.005251407623291,0.0212328489869833,-0.012419342994689941,1.0054981708526611,9.906510353088379,-0.014099597930908203,1.0070518255233765,16.823549270629883,-0.015138983726501465,92,1456,-0.01268768310546875
SLIM*MIX_ms0.01_pat5_fn-full_extended_const-small_ints_raw,dd1681e3-7f95-11f1-88f9-2c7ba0e6fa90,synthetic_prior,0,167,1.005316972732544,0.09531831741333008,289262.0,1.00192391872406,31.121767044067383,-0.011573433876037598,1.003940463066101,2031.7591552734375,-0.01222217082977295,1.0047813653945923,163.4052276611328,-0.012306690216064453,1.005251407623291,0.0212328489869833,-0.012419342994689941,1.0054981708526611,9.906510353088379,-0.014099597930908203,1.0070518255233765,16.823549270629883,-0.015138983726501465,92,1456,-0.01268768310546875
SLIM*MIX_ms0.01_pat5_fn-full_extended_const-small_ints_raw,dd1681e3-7f95-11f1-88f9-2c7ba0e6fa90,synthetic_prior,0,168,1.0052956342697144,0.1279141902923584,288952.0,1.0019537210464478,31.122695922851562,-0.011633753776550293,1.003919243812561,2031.71630859375,-0.012179374694824219,1.0047314167022705,163.39712524414062,-0.012206196784973145,1.0054736137390137,0.02123754285275936,-0.012866973876953125,1.0054492950439453,9.906028747558594,-0.014001131057739258,1.0070469379425049,16.823467254638672,-0.01512908935546875,93,1470,-0.012644648551940918
SLIM*MIX_ms0.01_pat5_fn-full_extended_const-small_ints_raw,dd1681e3-7f95-11f1-88f9-2c7ba0e6fa90,synthetic_prior,0,169,1.005272388458252,1.3303117752075195,289291.0,1.0019289255142212,31.121923446655273,-0.011583566665649414,1.00385320186615,2031.58251953125,-0.012046098709106445,1.0046964883804321,163.39144897460938,-0.012135982513427734,1.005460500717163,0.021237265318632126,-0.012840509414672852,1.0054633617401123,9.906168937683105,-0.014029502868652344,1.0070539712905884,16.823583602905273,-0.015143275260925293,94,1484,-0.012597799301147461
SLIM*MIX_ms0.01_pat5_fn-full_extended_const-small_ints_raw,dd1681e3-7f95-11f1-88f9-2c7ba0e6fa90,synthetic_prior,0,170,1.0052542686462402,0.11220216751098633,289874.0,1.001720666885376,31.115455627441406,-0.011163115501403809,1.003937840461731,2031.7540283203125,-0.012216925621032715,1.0047556161880493,163.4010467529297,-0.012254953384399414,1.0050129890441895,0.021227814257144928,-0.011939167976379395,1.0055441856384277,9.906964302062988,-0.014192461967468262,1.0069912672042847,16.82253646850586,-0.015016913414001465,93,1465,-0.012561202049255371
SLIM*MIX_ms0.01_pat5_fn-full_extended_const-small_ints_raw,dd1681e3-7f95-11f1-88f9-2c7ba0e6fa90,synthetic_prior,0,171,1.0051621198654175,0.1318352222442627,290259.0,1.0018857717514038,31.120586395263672,-0.011496424674987793,1.0038119554519653,2031.4991455078125,-0.01196300983428955,1.0046312808990479,163.38082885742188,-0.012004375457763672,1.004969596862793,0.021226897835731506,-0.011851787567138672,1.0051610469818115,9.903188705444336,-0.013419747352600098,1.007002830505371,16.822729110717773,-0.015040278434753418,94,1488,-0.012375712394714355
SLIM*MIX_ms0.01_pat5_fn-full_extended_const-small_ints_raw,dd1681e3-7f95-11f1-88f9-2c7ba0e6fa90,synthetic_prior,0,172,1.0051621198654175,0.1113584041595459,292341.0,1.0018857717514038,31.120586395263672,-0.011496424674987793,1.0038119554519653,2031.4991455078125,-0.01196300983428955,1.0046312808990479,163.38082885742188,-0.012004375457763672,1.004969596862793,0.021226897835731506,-0.011851787567138672,1.0051610469818115,9.903188705444336,-0.013419747352600098,1.007002830505371,16.822729110717773,-0.015040278434753418,94,1488,-0.012375712394714355
SLIM*MIX_ms0.01_pat5_fn-full_extended_const-small_ints_raw,dd1681e3-7f95-11f1-88f9-2c7ba0e6fa90,synthetic_prior,0,173,1.0051482915878296,1.3167691230773926,294380.0,1.0018714666366577,31.12013816833496,-0.011467576026916504,1.0038188695907593,2031.5130615234375,-0.011976838111877441,1.0046499967575073,163.38388061523438,-0.012042045593261719,1.0049866437911987,0.021227259188890457,-0.011886239051818848,1.0052306652069092,9.903874397277832,-0.013560056686401367,1.0070209503173828,16.823030471801758,-0.015076518058776855,95,1502,-0.012347817420959473
SLIM*MIX_ms0.01_pat5_fn-full_extended_const-small_ints_raw,dd1681e3-7f95-11f1-88f9-2c7ba0e6fa90,synthetic_prior,0,174,1.0051482915878296,0.11124587059020996,296901.0,1.0018714666366577,31.12013816833496,-0.011467576026916504,1.0038188695907593,2031.5130615234375,-0.011976838111877441,1.0046499967575073,163.38388061523438,-0.012042045593261719,1.0049866437911987,0.021227259188890457,-0.011886239051818848,1.0052306652069092,9.903874397277832,-0.013560056686401367,1.0070209503173828,16.823030471801758,-0.015076518058776855,95,1502,-0.012347817420959473
SLIM*MIX_ms0.01_pat5_fn-full_extended_const-small_ints_raw,dd1681e3-7f95-11f1-88f9-2c7ba0e6fa90,synthetic_prior,0,175,1.0051190853118896,0.13194918632507324,298593.0,1.0018423795700073,31.119237899780273,-0.01140892505645752,1.003760814666748,2031.3956298828125,-0.011859774589538574,1.0046111345291138,163.3775634765625,-0.011963963508605957,1.0048096179962158,0.0212235189974308,-0.011529684066772461,1.0052584409713745,9.90414810180664,-0.013616085052490234,1.007119059562683,16.82467269897461,-0.015274524688720703,96,1516,-0.012288808822631836
SLIM*MIX_ms0.01_pat5_fn-full_extended_const-small_ints_raw,dd1681e3-7f95-11f1-88f9-2c7ba0e6fa90,synthetic_prior,0,176,1.0050445795059204,0.11022162437438965,299864.0,1.0017499923706055,31.116365432739258,-0.011222243309020996,1.0036565065383911,2031.1845703125,-0.011649608612060547,1.004561185836792,163.3694305419922,-0.011863231658935547,1.0047975778579712,0.021223263815045357,-0.011505484580993652,1.0049654245376587,9.901260375976562,-0.013025164604187012,1.0068057775497437,16.81943702697754,-0.014642834663391113,98,1566,-0.012138724327087402
SLIM*MIX_ms0.01_pat5_fn-full_extended_const-small_ints_raw,dd1681e3-7f95-11f1-88f9-2c7ba0e6fa90,synthetic_prior,0,177,1.0050445795059204,0.11190652847290039,300862.0,1.0017499923706055,31.116365432739258,-0.011222243309020996,1.0036565065383911,2031.1845703125,-0.011649608612060547,1.004561185836792,163.3694305419922,-0.011863231658935547,1.0047975778579712,0.021223263815045357,-0.011505484580993652,1.0049654245376587,9.901260375976562,-0.013025164604187012,1.0068057775497437,16.81943702697754,-0.014642834663391113,98,1566,-0.012138724327087402
SLIM*MIX_ms0.01_pat5_fn-full_extended_const-small_ints_raw,dd1681e3-7f95-11f1-88f9-2c7ba0e6fa90,synthetic_prior,0,178,1.0050321817398071,0.13237833976745605,302646.0,1.001760721206665,31.116701126098633,-0.011244058609008789,1.0036494731903076,2031.1702880859375,-0.011635422706604004,1.0045506954193115,163.36770629882812,-0.011842012405395508,1.0046368837356567,0.021219870075583458,-0.011181950569152832,1.0050328969955444,9.90192699432373,-0.013161420822143555,1.0068906545639038,16.82085418701172,-0.014814019203186035,97,1551,-0.01211404800415039
SLIM*MIX_ms0.01_pat5_fn-full_extended_const-small_ints_raw,dd1681e3-7f95-11f1-88f9-2c7ba0e6fa90,synthetic_prior,0,179,1.0050216913223267,0.17406010627746582,303873.0,1.001806616783142,31.11812400817871,-0.011336565017700195,1.0037078857421875,2031.28857421875,-0.011753201484680176,1.004537582397461,163.36558532714844,-0.011815547943115234,1.0050967931747437,0.021229583770036697,-0.0121079683303833,1.0051500797271729,9.903081893920898,-0.013397693634033203,1.006748914718628,16.81848907470703,-0.014528512954711914,95,1501,-0.012092828750610352
SLIM*MIX_ms0.01_pat5_fn-full_extended_const-small_ints_raw,dd1681e3-7f95-11f1-88f9-2c7ba0e6fa90,synthetic_prior,0,180,1.00499427318573,1.3617959022521973,306378.0,1.0017863512039185,31.11749267578125,-0.011295557022094727,1.0036697387695312,2031.2113037109375,-0.011676192283630371,1.0045024156570435,163.35987854003906,-0.011744976043701172,1.0050859451293945,0.021229354664683342,-0.012086153030395508,1.005125641822815,9.902840614318848,-0.01334834098815918,1.0067224502563477,16.81804656982422,-0.014475107192993164,96,1512,-0.01203763484954834
SLIM*MIX_ms0.01_pat5_fn-full_extended_const-small_ints_raw,dd1681e3-7f95-11f1-88f9-2c7ba0e6fa90,synthetic_prior,0,181,1.0049935579299927,0.12815117835998535,308143.0,1.0017842054367065,31.1174259185791,-0.011291265487670898,1.0036554336547852,2031.182373046875,-0.011647462844848633,1.004511833190918,163.36141967773438,-0.011763811111450195,1.0048855543136597,0.02122512273490429,-0.011682629585266113,1.0051658153533936,9.903236389160156,-0.013429403305053711,1.006754994392395,16.818588256835938,-0.014540433883666992,97,1524,-0.01203620433807373
SLIM*MIX_ms0.01_pat5_fn-full_extended_const-small_ints_raw,dd1681e3-7f95-11f1-88f9-2c7ba0e6fa90,synthetic_prior,0,182,1.004982829093933,0.1597762107849121,307133.0,1.001776099205017,31.11717987060547,-0.011275053024291992,1.0036425590515137,2031.1561279296875,-0.011621356010437012,1.0044946670532227,163.35861206054688,-0.01172935962677002,1.0051299333572388,0.021230285987257957,-0.012174725532531738,1.005210280418396,9.90367317199707,-0.013518929481506348,1.0068039894104004,16.819408416748047,-0.01463937759399414,97,1524,-0.012014508247375488
SLIM*MIX_ms0.01_pat5_fn-full_extended_const-small_ints_raw,dd1681e3-7f95-11f1-88f9-2c7ba0e6fa90,synthetic_prior,0,183,1.0049645900726318,0.13104748725891113,308499.0,1.0016791820526123,31.114168167114258,-0.01107943058013916,1.0035456418991089,2030.9600830078125,-0.011426091194152832,1.0045359134674072,163.36532592773438,-0.011812329292297363,1.0046875476837158,0.021220941096544266,-0.0112839937210083,1.0048896074295044,9.900513648986816,-0.01287233829498291,1.0067521333694458,16.818540573120117,-0.014534831047058105,98,1568,-0.011977672576904297
SLIM*MIX_ms0.01_pat5_fn-full_extended_const-small_ints_raw,dd1681e3-7f95-11f1-88f9-2c7ba0e6fa90,synthetic_prior,0,184,1.004951000213623,0.1265277862548828,308211.0,1.0016820430755615,31.1142578125,-0.011085152626037598,1.003695011138916,2031.2623291015625,-0.011727094650268555,1.004392147064209,163.34194946289062,-0.011522769927978516,1.0050983428955078,0.021229617297649384,-0.012111067771911621,1.005294919013977,9.904508590698242,-0.013689756393432617,1.0066726207733154,16.81721305847168,-0.014374613761901855,96,1523,-0.011950373649597168
SLIM*MIX_ms0.01_pat5_fn-full_extended_const-small_ints_raw,dd1681e3-7f95-11f1-88f9-2c7ba0e6fa90,synthetic_prior,0,185,1.0049383640289307,0.09585881233215332,308839.0,1.001760482788086,31.1166934967041,-0.011243462562561035,1.0035945177078247,2031.0589599609375,-0.011524558067321777,1.004447340965271,163.3509063720703,-0.011633872985839844,1.004870891571045,0.021224815398454666,-0.01165318489074707,1.0050969123840332,9.902556419372559,-0.0132904052734375,1.0067089796066284,16.817819595336914,-0.014447927474975586,99,1558,-0.0119248628616333
SLIM*MIX_ms0.01_pat5_fn-full_extended_const-small_ints_raw,dd1681e3-7f95-11f1-88f9-2c7ba0e6fa90,synthetic_prior,0,186,1.0048738718032837,0.1818838119506836,309224.0,1.001678705215454,31.114152908325195,-0.011078357696533203,1.003563642501831,2030.9964599609375,-0.01146233081817627,1.0043962001800537,163.3426055908203,-0.01153099536895752,1.005062460899353,0.021228859201073647,-0.012038707733154297,1.0049033164978027,9.900649070739746,-0.012899994850158691,1.006547451019287,16.815122604370117,-0.014122486114501953,100,1574,-0.01179516315460205
SLIM*MIX_ms0.01_pat5_fn-full_extended_const-small_ints_raw,dd1681e3-7f95-11f1-88f9-2c7ba0e6fa90,synthetic_prior,0,187,1.0048738718032837,0.10612130165100098,309909.0,1.001678705215454,31.114152908325195,-0.011078357696533203,1.003563642501831,2030.9964599609375,-0.01146233081817627,1.0043962001800537,163.3426055908203,-0.01153099536895752,1.005062460899353,0.021228859201073647,-0.012038707733154297,1.0049033164978027,9.900649070739746,-0.012899994850158691,1.006547451019287,16.815122604370117,-0.014122486114501953,100,1574,-0.01179516315460205
SLIM*MIX_ms0.01_pat5_fn-full_extended_const-small_ints_raw,dd1681e3-7f95-11f1-88f9-2c7ba0e6fa90,synthetic_prior,0,188,1.0048738718032837,0.1169893741607666,311274.0,1.001678705215454,31.114152908325195,-0.011078357696533203,1.003563642501831,2030.9964599609375,-0.01146233081817627,1.0043962001800537,163.3426055908203,-0.01153099536895752,1.005062460899353,0.021228859201073647,-0.012038707733154297,1.0049033164978027,9.900649070739746,-0.012899994850158691,1.006547451019287,16.815122604370117,-0.014122486114501953,100,1574,-0.01179516315460205
SLIM*MIX_ms0.01_pat5_fn-full_extended_const-small_ints_raw,dd1681e3-7f95-11f1-88f9-2c7ba0e6fa90,synthetic_prior,0,189,1.004856824874878,0.11012864112854004,313427.0,1.0016493797302246,31.11324119567871,-0.011019229888916016,1.0035381317138672,2030.9449462890625,-0.011411070823669434,1.0043872594833374,163.3411407470703,-0.01151275634765625,1.005023717880249,0.021228041499853134,-0.011960864067077637,1.0049195289611816,9.900809288024902,-0.012932777404785156,1.0065568685531616,16.815279006958008,-0.014141440391540527,101,1596,-0.011760830879211426
SLIM*MIX_ms0.01_pat5_fn-full_extended_const-small_ints_raw,dd1681e3-7f95-11f1-88f9-2c7ba0e6fa90,synthetic_prior,0,190,1.0048494338989258,0.14391016960144043,313823.0,1.001680850982666,31.114215850830078,-0.01108253002166748,1.0035523176193237,2030.9735107421875,-0.01143944263458252,1.004338026046753,163.3331298828125,-0.01141369342803955,1.0050129890441895,0.02122781239449978,-0.011939048767089844,1.0047839879989624,9.899474143981934,-0.012659549713134766,1.0064996480941772,16.8143253326416,-0.014026045799255371,101,1589,-0.011746048927307129
SLIM*MIX_ms0.01_pat5_fn-full_extended_const-small_ints_raw,dd1681e3-7f95-11f1-88f9-2c7ba0e6fa90,synthetic_prior,0,191,1.0048168897628784,1.3208370208740234,315710.0,1.0015292167663574,31.109506607055664,-0.010776519775390625,1.0035367012023926,2030.942138671875,-0.011408090591430664,1.004186749458313,163.3085479736328,-0.011109232902526855,1.0051530599594116,0.021230772137641907,-0.012221217155456543,1.00526762008667,9.904239654541016,-0.013634562492370605,1.0065267086029053,16.814777374267578,-0.014080643653869629,100,1596,-0.011680245399475098
SLIM*MIX_ms0.01_pat5_fn-full_extended_const-small_ints_raw,dd1681e3-7f95-11f1-88f9-2c7ba0e6fa90,synthetic_prior,0,192,1.004783272743225,0.11107254028320312,317145.0,1.001591444015503,31.111438751220703,-0.010902166366577148,1.0034734010696411,2030.8140869140625,-0.011280536651611328,1.004304051399231,163.32760620117188,-0.011345267295837402,1.0047489404678345,0.02122223936021328,-0.011407613754272461,1.0049822330474854,9.901426315307617,-0.013059139251708984,1.006356120109558,16.811925888061523,-0.013736724853515625,102,1610,-0.011612653732299805
SLIM*MIX_ms0.01_pat5_fn-full_extended_const-small_ints_raw,dd1681e3-7f95-11f1-88f9-2c7ba0e6fa90,synthetic_prior,0,193,1.0047810077667236,0.1735975742340088,318111.0,1.001567006111145,31.110681533813477,-0.010852932929992676,1.0034421682357788,2030.750732421875,-0.011217594146728516,1.0043026208877563,163.32737731933594,-0.011342406272888184,1.0048714876174927,0.02122482657432556,-0.011654376983642578,1.0047056674957275,9.898702621459961,-0.01250159740447998,1.0064176321029663,16.812952041625977,-0.013860702514648438,103,1640,-0.011608004570007324
SLIM*MIX_ms0.01_pat5_fn-full_extended_const-small_ints_raw,dd1681e3-7f95-11f1-88f9-2c7ba0e6fa90,synthetic_prior,0,194,1.004759669303894,1.335994005203247,319401.0,1.0015747547149658,31.11092185974121,-0.010868430137634277,1.0034533739089966,2030.7735595703125,-0.011240124702453613,1.0042861700057983,163.32470703125,-0.011309266090393066,1.0047156810760498,0.02122153528034687,-0.011340618133544922,1.0049422979354858,9.901033401489258,-0.012978672981262207,1.006343126296997,16.811708450317383,-0.013710498809814453,104,1661,-0.011565089225769043
SLIM*MIX_ms0.01_pat5_fn-full_extended_const-small_ints_raw,dd1681e3-7f95-11f1-88f9-2c7ba0e6fa90,synthetic_prior,0,195,1.0047496557235718,0.11159825325012207,320960.0,1.0015584230422974,31.110414505004883,-0.010835528373718262,1.0034394264221191,2030.7451171875,-0.011211991310119629,1.0042707920074463,163.32220458984375,-0.011278390884399414,1.0047149658203125,0.021221520379185677,-0.011339187622070312,1.0049420595169067,9.901031494140625,-0.012978196144104004,1.006319284439087,16.811309814453125,-0.013662576675415039,104,1654,-0.011545062065124512
SLIM*MIX_ms0.01_pat5_fn-full_extended_const-small_ints_raw,dd1681e3-7f95-11f1-88f9-2c7ba0e6fa90,synthetic_prior,0,196,1.0047184228897095,0.1264657974243164,322356.0,1.0015456676483154,31.11001968383789,-0.010809779167175293,1.0034115314483643,2030.6888427734375,-0.011155843734741211,1.0042469501495361,163.31832885742188,-0.01123034954071045,1.0046547651290894,0.021220246329903603,-0.011217832565307617,1.0049031972885132,9.90064811706543,-0.01289987564086914,1.0062965154647827,16.810930252075195,-0.013616681098937988,105,1680,-0.011482000350952148
SLIM*MIX_ms0.01_pat5_fn-full_extended_const-small_ints_raw,dd1681e3-7f95-11f1-88f9-2c7ba0e6fa90,synthetic_prior,0,197,1.0047184228897095,0.11055803298950195,325504.0,1.0015456676483154,31.11001968383789,-0.010809779167175293,1.0034115314483643,2030.6888427734375,-0.011155843734741211,1.0042469501495361,163.31832885742188,-0.01123034954071045,1.0046547651290894,0.021220246329903603,-0.011217832565307617,1.0049031972885132,9.90064811706543,-0.01289987564086914,1.0062965154647827,16.810930252075195,-0.013616681098937988,105,1680,-0.011482000350952148
SLIM*MIX_ms0.01_pat5_fn-full_extended_const-small_ints_raw,dd1681e3-7f95-11f1-88f9-2c7ba0e6fa90,synthetic_prior,0,198,1.0047004222869873,0.1263887882232666,328495.0,1.0015300512313843,31.109535217285156,-0.010778307914733887,1.0034009218215942,2030.6673583984375,-0.011134505271911621,1.004228949546814,163.31539916992188,-0.011193990707397461,1.0046508312225342,0.021220164373517036,-0.011210083961486816,1.0048655271530151,9.900278091430664,-0.012823939323425293,1.0062321424484253,16.809856414794922,-0.013487100601196289,106,1692,-0.011445760726928711
SLIM*MIX_ms0.01_pat5_fn-full_extended_const-small_ints_raw,dd1681e3-7f95-11f1-88f9-2c7ba0e6fa90,synthetic_prior,0,199,1.0046806335449219,0.12946414947509766,330867.0,1.001394271850586,31.10531997680664,-0.010504364967346191,1.0033453702926636,2030.5546875,-0.011022329330444336,1.0040843486785889,163.29188537597656,-0.010902881622314453,1.0045504570007324,0.021218042820692062,-0.011007905006408691,1.0050793886184692,9.902385711669922,-0.01325523853302002,1.006463646888733,16.813720703125,-0.013953328132629395,107,1677,-0.0114060640335083
SLIM*MIX_ms0.01_pat5_fn-full_extended_const-small_ints_raw,dd1681e3-7f95-11f1-88f9-2c7ba0e6fa90,synthetic_prior,0,200,1.0046547651290894,0.11089873313903809,333354.0,1.00148606300354,31.108169555664062,-0.010689616203308105,1.003322958946228,2030.5093994140625,-0.01097714900970459,1.004154086112976,163.30322265625,-0.011043310165405273,1.0046321153640747,0.02121976763010025,-0.011172175407409668,1.0048402547836304,9.900028228759766,-0.012772917747497559,1.0062143802642822,16.80955696105957,-0.013451218605041504,108,1730,-0.01135396957397461
SLIM*MIX_ms0.01_pat5_fn-full_extended_const-small_ints_ls,dd1681e3-7f95-11f1-88f9-2c7ba0e6fa90,synthetic_prior,0,0,0.9986851215362549,0.126051664352417,889.0,0.996112048625946,30.941240310668945,0.00012814998626708984,0.9978750944137573,2019.484130859375,-2.8133392333984375e-05,0.9985600709915161,162.3934783935547,0.00019019842147827148,1.0130341053009033,0.021397234871983528,-0.028156399726867676,1.004136323928833,9.89309310913086,-0.011354446411132812,1.0078970193862915,16.83766746520996,-0.016843557357788086,1,3,0.0006291866302490234
SLIM*MIX_ms0.01_pat5_fn-full_extended_const-small_ints_ls,dd1681e3-7f95-11f1-88f9-2c7ba0e6fa90,synthetic_prior,0,1,0.9986851215362549,0.12820768356323242,2559.0,0.996112048625946,30.941240310668945,0.00012814998626708984,0.9978750944137573,2019.484130859375,-2.8133392333984375e-05,0.9985600709915161,162.3934783935547,0.00019019842147827148,1.0130341053009033,0.021397234871983528,-0.028156399726867676,1.004136323928833,9.89309310913086,-0.011354446411132812,1.0078970193862915,16.83766746520996,-0.016843557357788086,1,3,0.0006291866302490234
SLIM*MIX_ms0.01_pat5_fn-full_extended_const-small_ints_ls,dd1681e3-7f95-11f1-88f9-2c7ba0e6fa90,synthetic_prior,0,2,0.9986849427223206,0.13593506813049316,3222.0,0.9961122870445251,30.94124984741211,0.0001277327537536621,0.9978753924369812,2019.484619140625,-2.872943878173828e-05,0.9985598921775818,162.39346313476562,0.00019049644470214844,1.0130211114883423,0.02139696106314659,-0.028130173683166504,1.0041378736495972,9.893109321594238,-0.011357665061950684,1.0078928470611572,16.837596893310547,-0.01683509349822998,2,16,0.0006295442581176758
SLIM*MIX_ms0.01_pat5_fn-full_extended_const-small_ints_ls,dd1681e3-7f95-11f1-88f9-2c7ba0e6fa90,synthetic_prior,0,3,0.9986849427223206,0.12720274925231934,3809.0,0.9961122870445251,30.94124984741211,0.0001277327537536621,0.9978753924369812,2019.484619140625,-2.872943878173828e-05,0.9985598921775818,162.39346313476562,0.00019049644470214844,1.0130211114883423,0.02139696106314659,-0.028130173683166504,1.0041378736495972,9.893109321594238,-0.011357665061950684,1.0078928470611572,16.837596893310547,-0.01683509349822998,2,16,0.0006295442581176758
SLIM*MIX_ms0.01_pat5_fn-full_extended_const-small_ints_ls,dd1681e3-7f95-11f1-88f9-2c7ba0e6fa90,synthetic_prior,0,4,0.9986842274665833,0.15826153755187988,4224.0,0.9961122870445251,30.94124984741211,0.0001277327537536621,0.997873842716217,2019.4815673828125,-2.562999725341797e-05,0.9985633492469788,162.39401245117188,0.00018358230590820312,1.01301908493042,0.02139691635966301,-0.028125762939453125,1.004123330116272,9.892964363098145,-0.01132822036743164,1.0079344511032104,16.838293075561523,-0.01691913604736328,2,15,0.0006310343742370605
SLIM*MIX_ms0.01_pat5_fn-full_extended_const-small_ints_ls,dd1681e3-7f95-11f1-88f9-2c7ba0e6fa90,synthetic_prior,0,5,0.9986832737922668,1.3184304237365723,4102.0,0.9961106777191162,30.941198348999023,0.0001310110092163086,0.9978750348091125,2019.484130859375,-2.8133392333984375e-05,0.998563826084137,162.39410400390625,0.00018262863159179688,1.012969732284546,0.02139587700366974,-0.02802574634552002,1.0041141510009766,9.892874717712402,-0.01130986213684082,1.0079724788665771,16.83892822265625,-0.016995906829833984,3,26,0.000632941722869873
SLIM*MIX_ms0.01_pat5_fn-full_extended_const-small_ints_ls,dd1681e3-7f95-11f1-88f9-2c7ba0e6fa90,synthetic_prior,0,6,0.9986832737922668,0.1079719066619873,4624.0,0.9961106777191162,30.941198348999023,0.0001310110092163086,0.9978750348091125,2019.484130859375,-2.8133392333984375e-05,0.998563826084137,162.39410400390625,0.00018262863159179688,1.012969732284546,0.02139587700366974,-0.02802574634552002,1.0041141510009766,9.892874717712402,-0.01130986213684082,1.0079724788665771,16.83892822265625,-0.016995906829833984,3,26,0.000632941722869873
SLIM*MIX_ms0.01_pat5_fn-full_extended_const-small_ints_ls,dd1681e3-7f95-11f1-88f9-2c7ba0e6fa90,synthetic_prior,0,7,0.9986831545829773,0.15662503242492676,5408.0,0.9961110353469849,30.941205978393555,0.0001302957534790039,0.9978748559951782,2019.4835205078125,-2.765655517578125e-05,0.9985637664794922,162.3940887451172,0.00018274784088134766,1.012971043586731,0.021395904943346977,-0.028028488159179688,1.004115104675293,9.89288330078125,-0.011311769485473633,1.0079745054244995,16.83896255493164,-0.01700007915496826,4,39,0.0006331205368041992
SLIM*MIX_ms0.01_pat5_fn-full_extended_const-small_ints_ls,dd1681e3-7f95-11f1-88f9-2c7ba0e6fa90,synthetic_prior,0,8,0.998682975769043,0.12629222869873047,6990.0,0.9961082935333252,30.94112205505371,0.00013566017150878906,0.9978764653205872,2019.4869384765625,-3.0875205993652344e-05,0.9985607862472534,162.39358520507812,0.00018870830535888672,1.0131169557571411,0.021398983895778656,-0.028324484825134277,1.0041699409484863,9.893423080444336,-0.011422157287597656,1.0079500675201416,16.83855438232422,-0.01695072650909424,4,42,0.0006335973739624023
SLIM*MIX_ms0.01_pat5_fn-full_extended_const-small_ints_ls,dd1681e3-7f95-11f1-88f9-2c7ba0e6fa90,synthetic_prior,0,9,0.9986820816993713,0.1390378475189209,7838.0,0.996117353439331,30.941404342651367,0.0001175999641418457,0.9978760480880737,2019.4859619140625,-3.0040740966796875e-05,0.9985597729682922,162.3934326171875,0.00019073486328125,1.0131614208221436,0.021399926394224167,-0.02841496467590332,1.0041381120681763,9.893110275268555,-0.011358141899108887,1.007917881011963,16.838016510009766,-0.01688563823699951,7,91,0.0006353855133056641
SLIM*MIX_ms0.01_pat5_fn-full_extended_const-small_ints_ls,dd1681e3-7f95-11f1-88f9-2c7ba0e6fa90,synthetic_prior,0,10,0.9986820816993713,0.13813257217407227,9537.0,0.996117353439331,30.941404342651367,0.0001175999641418457,0.9978760480880737,2019.4859619140625,-3.0040740966796875e-05,0.9985597729682922,162.3934326171875,0.00019073486328125,1.0131614208221436,0.021399926394224167,-0.02841496467590332,1.0041381120681763,9.893110275268555,-0.011358141899108887,1.007917881011963,16.838016510009766,-0.01688563823699951,7,91,0.0006353855133056641
SLIM*MIX_ms0.01_pat5_fn-full_extended_const-small_ints_ls,dd1681e3-7f95-11f1-88f9-2c7ba0e6fa90,synthetic_prior,0,11,0.9986816644668579,0.12968969345092773,11550.0,0.9961191415786743,30.94145965576172,0.00011396408081054688,0.9978762865066528,2019.486572265625,-3.063678741455078e-05,0.9985592365264893,162.39334106445312,0.00019180774688720703,1.0131782293319702,0.02140028029680252,-0.028448939323425293,1.0041364431381226,9.893094062805176,-0.011354684829711914,1.0079206228256226,16.838062286376953,-0.01689136028289795,8,113,0.0006361603736877441
SLIM*MIX_ms0.01_pat5_fn-full_extended_const-small_ints_ls,dd1681e3-7f95-11f1-88f9-2c7ba0e6fa90,synthetic_prior,0,12,0.9986816644668579,1.2813482284545898,13394.0,0.9961191415786743,30.94145965576172,0.00011396408081054688,0.9978762865066528,2019.486572265625,-3.063678741455078e-05,0.9985592365264893,162.39334106445312,0.00019180774688720703,1.0131782293319702,0.02140028029680252,-0.028448939323425293,1.0041364431381226,9.893094062805176,-0.011354684829711914,1.0079206228256226,16.838062286376953,-0.01689136028289795,8,113,0.0006361603736877441
SLIM*MIX_ms0.01_pat5_fn-full_extended_const-small_ints_ls,dd1681e3-7f95-11f1-88f9-2c7ba0e6fa90,synthetic_prior,0,13,0.9986812472343445,0.12108540534973145,15095.0,0.9961183071136475,30.941434860229492,0.00011563301086425781,0.9978770017623901,2019.488037109375,-3.2067298889160156e-05,0.9985581636428833,162.39317321777344,0.0001939535140991211,1.0131809711456299,0.021400338038802147,-0.02845454216003418,1.0041263103485107,9.892993927001953,-0.01133430004119873,1.0079275369644165,16.838178634643555,-0.01690530776977539,9,127,0.0006369948387145996
SLIM*MIX_ms0.01_pat5_fn-full_extended_const-small_ints_ls,dd1681e3-7f95-11f1-88f9-2c7ba0e6fa90,synthetic_prior,0,14,0.9986811876296997,0.14252257347106934,16508.0,0.996117115020752,30.941396713256836,0.00011807680130004883,0.9978753924369812,2019.4847412109375,-2.8848648071289062e-05,0.9985567927360535,162.3929443359375,0.00019675493240356445,1.0131583213806152,0.021399859338998795,-0.028408527374267578,1.0041173696517944,9.892906188964844,-0.011316299438476562,1.0079295635223389,16.838211059570312,-0.016909241676330566,10,140,0.0006371736526489258
SLIM*MIX_ms0.01_pat5_fn-full_extended_const-small_ints_ls,dd1681e3-7f95-11f1-88f9-2c7ba0e6fa90,synthetic_prior,0,15,0.998680830001831,0.15846681594848633,17905.0,0.9961106777191162,30.94119644165039,0.0001310110092163086,0.9978750348091125,2019.484130859375,-2.8133392333984375e-05,0.9985637664794922,162.3940887451172,0.00018274784088134766,1.0131018161773682,0.02139866352081299,-0.028293728828430176,1.004118800163269,9.892921447753906,-0.011319279670715332,1.007964849472046,16.83880043029785,-0.016980409622192383,7,80,0.0006378889083862305
SLIM*MIX_ms0.01_pat5_fn-full_extended_const-small_ints_ls,dd1681e3-7f95-11f1-88f9-2c7ba0e6fa90,synthetic_prior,0,16,0.9986797571182251,0.1243901252746582,19111.0,0.9961168169975281,30.941389083862305,0.00011867284774780273,0.9978763461112976,2019.4866943359375,-3.075599670410156e-05,0.998561680316925,162.39373779296875,0.0001868605613708496,1.0132217407226562,0.02140119858086109,-0.028537273406982422,1.0041202306747437,9.89293384552002,-0.011322021484375,1.0079196691513062,16.83804702758789,-0.016889333724975586,10,139,0.0006400346755981445
SLIM*MIX_ms0.01_pat5_fn-full_extended_const-small_ints_ls,dd1681e3-7f95-11f1-88f9-2c7ba0e6fa90,synthetic_prior,0,17,0.9986797571182251,0.12035965919494629,21343.0,0.9961168169975281,30.941389083862305,0.00011867284774780273,0.9978763461112976,2019.4866943359375,-3.075599670410156e-05,0.998561680316925,162.39373779296875,0.0001868605613708496,1.0132217407226562,0.02140119858086109,-0.028537273406982422,1.0041202306747437,9.89293384552002,-0.011322021484375,1.0079196691513062,16.83804702758789,-0.016889333724975586,10,139,0.0006400346755981445
SLIM*MIX_ms0.01_pat5_fn-full_extended_const-small_ints_ls,dd1681e3-7f95-11f1-88f9-2c7ba0e6fa90,synthetic_prior,0,18,0.9986797571182251,0.11992669105529785,24373.0,0.9961168169975281,30.941389083862305,0.00011867284774780273,0.9978763461112976,2019.4866943359375,-3.075599670410156e-05,0.998561680316925,162.39373779296875,0.0001868605613708496,1.0132217407226562,0.02140119858086109,-0.028537273406982422,1.0041202306747437,9.89293384552002,-0.011322021484375,1.0079196691513062,16.83804702758789,-0.016889333724975586,10,139,0.0006400346755981445
SLIM*MIX_ms0.01_pat5_fn-full_extended_const-small_ints_ls,dd1681e3-7f95-11f1-88f9-2c7ba0e6fa90,synthetic_prior,0,19,0.9986797571182251,1.321495532989502,26540.0,0.996113657951355,30.9412899017334,0.00012487173080444336,0.9978758096694946,2019.485595703125,-2.956390380859375e-05,0.9985604882240295,162.39353942871094,0.00018936395645141602,1.0130869150161743,0.021398350596427917,-0.028263568878173828,1.004151463508606,9.893241882324219,-0.011384963989257812,1.0079712867736816,16.838909149169922,-0.01699352264404297,9,118,0.0006400346755981445
SLIM*MIX_ms0.01_pat5_fn-full_extended_const-small_ints_ls,dd1681e3-7f95-11f1-88f9-2c7ba0e6fa90,synthetic_prior,0,20,0.9986792206764221,0.1584160327911377,27600.0,0.9961195588111877,30.94147300720215,0.0001131296157836914,0.9978755712509155,2019.485107421875,-2.9087066650390625e-05,0.9985581636428833,162.39317321777344,0.0001939535140991211,1.0131458044052124,0.021399592980742455,-0.02838301658630371,1.0041327476501465,9.893057823181152,-0.011347293853759766,1.0079282522201538,16.83819007873535,-0.01690673828125,15,219,0.0006410479545593262
SLIM*MIX_ms0.01_pat5_fn-full_extended_const-small_ints_ls,dd1681e3-7f95-11f1-88f9-2c7ba0e6fa90,synthetic_prior,0,21,0.9986792206764221,0.12525582313537598,30553.0,0.9961195588111877,30.94147300720215,0.0001131296157836914,0.9978755712509155,2019.485107421875,-2.9087066650390625e-05,0.9985581636428833,162.39317321777344,0.0001939535140991211,1.0131458044052124,0.021399592980742455,-0.02838301658630371,1.0041327476501465,9.893057823181152,-0.011347293853759766,1.0079282522201538,16.83819007873535,-0.01690673828125,15,219,0.0006410479545593262
SLIM*MIX_ms0.01_pat5_fn-full_extended_const-small_ints_ls,dd1681e3-7f95-11f1-88f9-2c7ba0e6fa90,synthetic_prior,0,22,0.9986786842346191,0.14281129837036133,33105.0,0.9961159229278564,30.941360473632812,0.00012040138244628906,0.9978765845298767,2019.4871826171875,-3.123283386230469e-05,0.9985525608062744,162.39227294921875,0.00020515918731689453,1.013145089149475,0.02139957994222641,-0.028381824493408203,1.0041637420654297,9.893362998962402,-0.011409640312194824,1.007960319519043,16.838726043701172,-0.016971349716186523,12,161,0.0006421804428100586
SLIM*MIX_ms0.01_pat5_fn-full_extended_const-small_ints_ls,dd1681e3-7f95-11f1-88f9-2c7ba0e6fa90,synthetic_prior,0,23,0.9986782670021057,0.13892221450805664,35220.0,0.996116578578949,30.94137954711914,0.00011903047561645508,0.9978762269020081,2019.4864501953125,-3.039836883544922e-05,0.9985594153404236,162.39337158203125,0.00019150972366333008,1.0131686925888062,0.021400079131126404,-0.028429746627807617,1.0041221380233765,9.892952919006348,-0.011325836181640625,1.0079596042633057,16.838712692260742,-0.016969799995422363,16,236,0.0006429553031921387
SLIM*MIX_ms0.01_pat5_fn-full_extended_const-small_ints_ls,dd1681e3-7f95-11f1-88f9-2c7ba0e6fa90,synthetic_prior,0,24,0.9986780285835266,0.1900792121887207,36631.0,0.9961190819740295,30.941457748413086,0.00011408329010009766,0.9978720545768738,2019.477783203125,-2.205371856689453e-05,0.9985545873641968,162.39259338378906,0.00020104646682739258,1.0132007598876953,0.021400755271315575,-0.028494715690612793,1.0041335821151733,9.89306640625,-0.011348962783813477,1.0079783201217651,16.83902359008789,-0.01700758934020996,17,251,0.0006434917449951172
SLIM*MIX_ms0.01_pat5_fn-full_extended_const-small_ints_ls,dd1681e3-7f95-11f1-88f9-2c7ba0e6fa90,synthetic_prior,0,25,0.9986775517463684,1.287914752960205,39137.0,0.9961103200912476,30.94118309020996,0.0001316666603088379,0.9978765845298767,2019.4871826171875,-3.123283386230469e-05,0.9985535144805908,162.3924102783203,0.00020325183868408203,1.0132607221603394,0.0214020237326622,-0.02861654758453369,1.0041030645370483,9.892765045166016,-0.011287450790405273,1.0080580711364746,16.84035873413086,-0.017168641090393066,13,180,0.000644385814666748
SLIM*MIX_ms0.01_pat5_fn-full_extended_const-small_ints_ls,dd1681e3-7f95-11f1-88f9-2c7ba0e6fa90,synthetic_prior,0,26,0.9986773729324341,0.12274479866027832,41199.0,0.996116042137146,30.941364288330078,0.0001201629638671875,0.9978764653205872,2019.4869384765625,-3.0994415283203125e-05,0.9985648393630981,162.39425659179688,0.0001805424690246582,1.0131819248199463,0.02140035666525364,-0.028456449508666992,1.0041683912277222,9.89340877532959,-0.011418938636779785,1.0080833435058594,16.840782165527344,-0.01721978187561035,14,206,0.0006448030471801758
SLIM*MIX_ms0.01_pat5_fn-full_extended_const-small_ints_ls,dd1681e3-7f95-11f1-88f9-2c7ba0e6fa90,synthetic_prior,0,27,0.9986770153045654,0.1324293613433838,42135.0,0.9961085319519043,30.941129684448242,0.00013524293899536133,0.9978774189949036,2019.48876953125,-3.2782554626464844e-05,0.9985545873641968,162.39260864257812,0.00020104646682739258,1.0132126808166504,0.02140100859105587,-0.028519034385681152,1.0041207075119019,9.892939567565918,-0.011323094367980957,1.0081480741500854,16.841861724853516,-0.017350196838378906,15,230,0.0006454586982727051
SLIM*MIX_ms0.01_pat5_fn-full_extended_const-small_ints_ls,dd1681e3-7f95-11f1-88f9-2c7ba0e6fa90,synthetic_prior,0,28,0.9986761808395386,0.1105186939239502,44182.0,0.9961155652999878,30.941349029541016,0.00012111663818359375,0.9978744387626648,2019.48291015625,-2.6941299438476562e-05,0.9985637664794922,162.3940887451172,0.00018268823623657227,1.0132057666778564,0.02140086144208908,-0.02850484848022461,1.0041680335998535,9.893404960632324,-0.011418342590332031,1.0080960988998413,16.840993881225586,-0.01724541187286377,16,234,0.0006471872329711914
SLIM*MIX_ms0.01_pat5_fn-full_extended_const-small_ints_ls,dd1681e3-7f95-11f1-88f9-2c7ba0e6fa90,synthetic_prior,0,29,0.9986758232116699,0.20684099197387695,45566.0,0.9961199760437012,30.94148826599121,0.00011223554611206055,0.9978805780410767,2019.4952392578125,-3.921985626220703e-05,0.9985541105270386,162.39251708984375,0.00020200014114379883,1.0132317543029785,0.021401410922408104,-0.028557777404785156,1.00421142578125,9.893834114074707,-0.011505842208862305,1.007951021194458,16.83856964111328,-0.0169527530670166,19,272,0.0006478428840637207
SLIM*MIX_ms0.01_pat5_fn-full_extended_const-small_ints_ls,dd1681e3-7f95-11f1-88f9-2c7ba0e6fa90,synthetic_prior,0,30,0.9986758232116699,0.14972949028015137,47745.0,0.9961199760437012,30.94148826599121,0.00011223554611206055,0.9978805780410767,2019.4952392578125,-3.921985626220703e-05,0.9985541105270386,162.39251708984375,0.00020200014114379883,1.0132317543029785,0.021401410922408104,-0.028557777404785156,1.00421142578125,9.893834114074707,-0.011505842208862305,1.007951021194458,16.83856964111328,-0.0169527530670166,19,272,0.0006478428840637207
SLIM*MIX_ms0.01_pat5_fn-full_extended_const-small_ints_ls,dd1681e3-7f95-11f1-88f9-2c7ba0e6fa90,synthetic_prior,0,31,0.9986757040023804,1.335240364074707,50469.0,0.9961203932762146,30.94150161743164,0.00011140108108520508,0.9978811144828796,2019.4964599609375,-4.029273986816406e-05,0.9985544681549072,162.392578125,0.00020134449005126953,1.0132038593292236,0.021400820463895798,-0.028501033782958984,1.0042158365249634,9.893876075744629,-0.011514663696289062,1.0079554319381714,16.838642120361328,-0.01696145534515381,21,298,0.000648200511932373
SLIM*MIX_ms0.01_pat5_fn-full_extended_const-small_ints_ls,dd1681e3-7f95-11f1-88f9-2c7ba0e6fa90,synthetic_prior,0,32,0.9986756443977356,0.1585831642150879,51843.0,0.9961159229278564,30.941360473632812,0.00012040138244628906,0.9978746175765991,2019.4832763671875,-2.7298927307128906e-05,0.9985634684562683,162.39404296875,0.00018328428268432617,1.0132092237472534,0.02140093222260475,-0.028511881828308105,1.004167914390564,9.893404960632324,-0.01141822338104248,1.0081177949905396,16.841354370117188,-0.017289042472839355,18,260,0.0006482601165771484
SLIM*MIX_ms0.01_pat5_fn-full_extended_const-small_ints_ls,dd1681e3-7f95-11f1-88f9-2c7ba0e6fa90,synthetic_prior,0,33,0.9986751675605774,0.14328646659851074,51756.0,0.9961203932762146,30.94150161743164,0.00011140108108520508,0.997878909111023,2019.4918212890625,-3.5762786865234375e-05,0.9985553622245789,162.39273071289062,0.0001995563507080078,1.0132449865341187,0.02140168845653534,-0.02858448028564453,1.004187822341919,9.893600463867188,-0.011458396911621094,1.0079094171524048,16.837875366210938,-0.01686859130859375,20,286,0.0006491541862487793
SLIM*MIX_ms0.01_pat5_fn-full_extended_const-small_ints_ls,dd1681e3-7f95-11f1-88f9-2c7ba0e6fa90,synthetic_prior,0,34,0.9986751675605774,0.13599181175231934,54459.0,0.9961203932762146,30.94150161743164,0.00011140108108520508,0.997878909111023,2019.4918212890625,-3.5762786865234375e-05,0.9985553622245789,162.39273071289062,0.0001995563507080078,1.0132449865341187,0.02140168845653534,-0.02858448028564453,1.004187822341919,9.893600463867188,-0.011458396911621094,1.0079094171524048,16.837875366210938,-0.01686859130859375,20,286,0.0006491541862487793
SLIM*MIX_ms0.01_pat5_fn-full_extended_const-small_ints_ls,dd1681e3-7f95-11f1-88f9-2c7ba0e6fa90,synthetic_prior,0,35,0.9986748695373535,0.14586281776428223,55273.0,0.996116578578949,30.941381454467773,0.00011903047561645508,0.9978855848312378,2019.50537109375,-4.935264587402344e-05,0.9985549449920654,162.3926544189453,0.00020039081573486328,1.0131281614303589,0.021399222314357758,-0.028347373008728027,1.0042318105697632,9.894033432006836,-0.011546730995178223,1.0079478025436401,16.83851432800293,-0.016945958137512207,23,329,0.0006498098373413086
SLIM*MIX_ms0.01_pat5_fn-full_extended_const-small_ints_ls,dd1681e3-7f95-11f1-88f9-2c7ba0e6fa90,synthetic_prior,0,36,0.9986741542816162,0.14361166954040527,56737.0,0.9961069226264954,30.94108009338379,0.0001385211944580078,0.9978762269020081,2019.486328125,-3.039836883544922e-05,0.9985549449920654,162.39263916015625,0.00020039081573486328,1.0131937265396118,0.021400609984993935,-0.0284806489944458,1.004029631614685,9.89204216003418,-0.011139512062072754,1.0082229375839233,16.843111038208008,-0.017501235008239746,18,270,0.0006511807441711426
SLIM*MIX_ms0.01_pat5_fn-full_extended_const-small_ints_ls,dd1681e3-7f95-11f1-88f9-2c7ba0e6fa90,synthetic_prior,0,37,0.9986734986305237,1.334425926208496,57829.0,0.9961099624633789,30.94117546081543,0.00013238191604614258,0.9978774189949036,2019.4886474609375,-3.2782554626464844e-05,0.9985531568527222,162.39236450195312,0.00020390748977661133,1.0132468938827515,0.021401729434728622,-0.028588414192199707,1.0041040182113647,9.89277458190918,-0.011289477348327637,1.0082567930221558,16.843677520751953,-0.017569541931152344,19,320,0.0006525516510009766
SLIM*MIX_ms0.01_pat5_fn-full_extended_const-small_ints_ls,dd1681e3-7f95-11f1-88f9-2c7ba0e6fa90,synthetic_prior,0,38,0.9986730813980103,0.12601208686828613,60003.0,0.9961094856262207,30.941160202026367,0.00013333559036254883,0.9978761076927185,2019.4862060546875,-3.0159950256347656e-05,0.9985533952713013,162.39239501953125,0.0002034902572631836,1.013314127922058,0.021403150632977486,-0.028725028038024902,1.0040675401687622,9.892415046691895,-0.011215806007385254,1.0082827806472778,16.844112396240234,-0.01762211322784424,20,334,0.000653386116027832
SLIM*MIX_ms0.01_pat5_fn-full_extended_const-small_ints_ls,dd1681e3-7f95-11f1-88f9-2c7ba0e6fa90,synthetic_prior,0,39,0.9986729025840759,0.15249013900756836,62150.0,0.996110200881958,30.941181182861328,0.00013190507888793945,0.99787437915802,2019.48291015625,-2.682209014892578e-05,0.9985536336898804,162.39242553710938,0.00020301342010498047,1.0133124589920044,0.0214031171053648,-0.02872157096862793,1.0040757656097412,9.892496109008789,-0.011232495307922363,1.0082844495773315,16.844139099121094,-0.01762545108795166,19,321,0.000653684139251709
SLIM*MIX_ms0.01_pat5_fn-full_extended_const-small_ints_ls,dd1681e3-7f95-11f1-88f9-2c7ba0e6fa90,synthetic_prior,0,40,0.99867182970047,0.14524316787719727,62998.0,0.9961100816726685,30.941177368164062,0.00013214349746704102,0.9978768229484558,2019.48779296875,-3.170967102050781e-05,0.9985522031784058,162.3922119140625,0.00020581483840942383,1.0133177042007446,0.021403227001428604,-0.02873218059539795,1.004117488861084,9.892908096313477,-0.011316657066345215,1.0082061290740967,16.84282875061035,-0.017467379570007324,20,319,0.0006559491157531738
SLIM*MIX_ms0.01_pat5_fn-full_extended_const-small_ints_ls,dd1681e3-7f95-11f1-88f9-2c7ba0e6fa90,synthetic_prior,0,41,0.99867182970047,0.17487859725952148,64573.0,0.9961100816726685,30.941177368164062,0.00013214349746704102,0.9978768229484558,2019.48779296875,-3.170967102050781e-05,0.9985522031784058,162.3922119140625,0.00020581483840942383,1.0133177042007446,0.021403227001428604,-0.02873218059539795,1.004117488861084,9.892908096313477,-0.011316657066345215,1.0082061290740967,16.84282875061035,-0.017467379570007324,20,319,0.0006559491157531738
SLIM*MIX_ms0.01_pat5_fn-full_extended_const-small_ints_ls,dd1681e3-7f95-11f1-88f9-2c7ba0e6fa90,synthetic_prior,0,42,0.9986714720726013,0.16608119010925293,66363.0,0.9961075782775879,30.941102981567383,0.00013709068298339844,0.9978755712509155,2019.485107421875,-2.9206275939941406e-05,0.9985536932945251,162.3924560546875,0.0002028346061706543,1.013319492340088,0.02140326239168644,-0.028735876083374023,1.0041254758834839,9.892986297607422,-0.01133263111114502,1.0082184076309204,16.843034744262695,-0.017492175102233887,20,320,0.0006565451622009277
SLIM*MIX_ms0.01_pat5_fn-full_extended_const-small_ints_ls,dd1681e3-7f95-11f1-88f9-2c7ba0e6fa90,synthetic_prior,0,43,0.9986708760261536,1.3297004699707031,66987.0,0.9961081743240356,30.941120147705078,0.00013589859008789062,0.9978755712509155,2019.485107421875,-2.9087066650390625e-05,0.9985523223876953,162.39222717285156,0.00020557641983032227,1.0132635831832886,0.021402081474661827,-0.02862226963043213,1.0041155815124512,9.892889976501465,-0.01131284236907959,1.0082262754440308,16.843168258666992,-0.01750814914703369,21,332,0.0006577968597412109
SLIM*MIX_ms0.01_pat5_fn-full_extended_const-small_ints_ls,dd1681e3-7f95-11f1-88f9-2c7ba0e6fa90,synthetic_prior,0,44,0.9986708164215088,0.18715548515319824,67197.0,0.9961081147193909,30.941118240356445,0.0001360177993774414,0.9978755712509155,2019.485107421875,-2.9087066650390625e-05,0.9985522031784058,162.3922119140625,0.00020581483840942383,1.013260841369629,0.02140202559530735,-0.028616666793823242,1.0041154623031616,9.892887115478516,-0.011312484741210938,1.008225679397583,16.843158721923828,-0.017506957054138184,22,346,0.0006578564643859863
SLIM*MIX_ms0.01_pat5_fn-full_extended_const-small_ints_ls,dd1681e3-7f95-11f1-88f9-2c7ba0e6fa90,synthetic_prior,0,45,0.9986703395843506,0.1671295166015625,67770.0,0.9961205124855042,30.941503524780273,0.00011116266250610352,0.9978830814361572,2019.50048828125,-4.4226646423339844e-05,0.9985458850860596,162.39117431640625,0.00021845102310180664,1.0134469270706177,0.021405955776572227,-0.028994441032409668,1.004206657409668,9.893786430358887,-0.011496186256408691,1.0080173015594482,16.839675903320312,-0.017086267471313477,25,363,0.000658869743347168
SLIM*MIX_ms0.01_pat5_fn-full_extended_const-small_ints_ls,dd1681e3-7f95-11f1-88f9-2c7ba0e6fa90,synthetic_prior,0,46,0.9986702799797058,0.12806105613708496,68834.0,0.9961200952529907,30.941490173339844,0.00011199712753295898,0.9978826642036438,2019.49951171875,-4.3392181396484375e-05,0.9985461235046387,162.39122009277344,0.0002180933952331543,1.0134433507919312,0.021405881270766258,-0.028987407684326172,1.004205584526062,9.893775939941406,-0.011494040489196777,1.008018136024475,16.839691162109375,-0.017087936401367188,26,393,0.0006589293479919434
SLIM*MIX_ms0.01_pat5_fn-full_extended_const-small_ints_ls,dd1681e3-7f95-11f1-88f9-2c7ba0e6fa90,synthetic_prior,0,47,0.9986700415611267,0.19340229034423828,69122.0,0.9961063265800476,30.941062927246094,0.00013965368270874023,0.9978737831115723,2019.4814453125,-2.562999725341797e-05,0.9985511898994446,162.3920440673828,0.0002079606056213379,1.0134085416793823,0.021405143663287163,-0.028916597366333008,1.0041178464889526,9.892911911010742,-0.01131737232208252,1.0082488059997559,16.843544006347656,-0.01755344867706299,22,345,0.0006594657897949219
SLIM*MIX_ms0.01_pat5_fn-full_extended_const-small_ints_ls,dd1681e3-7f95-11f1-88f9-2c7ba0e6fa90,synthetic_prior,0,48,0.9986686706542969,1.3293282985687256,70904.0,0.9961153268814087,30.941341400146484,0.00012159347534179688,0.9978838562965393,2019.501953125,-4.57763671875e-05,0.9985443353652954,162.39093017578125,0.00022166967391967773,1.0134305953979492,0.02140561118721962,-0.02896130084991455,1.0041650533676147,9.893376350402832,-0.011412382125854492,1.00802743434906,16.839847564697266,-0.01710677146911621,26,395,0.0006622672080993652
SLIM*MIX_ms0.01_pat5_fn-full_extended_const-small_ints_ls,dd1681e3-7f95-11f1-88f9-2c7ba0e6fa90,synthetic_prior,0,49,0.9986686110496521,0.19022202491760254,73286.0,0.9961153268814087,30.941343307495117,0.00012159347534179688,0.997883677482605,2019.50146484375,-4.5418739318847656e-05,0.9985442757606506,162.39093017578125,0.00022178888320922852,1.0134203433990479,0.02140539512038231,-0.028940558433532715,1.0041686296463013,9.893411636352539,-0.011419534683227539,1.0080353021621704,16.839977264404297,-0.017122745513916016,25,377,0.0006623268127441406
SLIM*MIX_ms0.01_pat5_fn-full_extended_const-small_ints_ls,dd1681e3-7f95-11f1-88f9-2c7ba0e6fa90,synthetic_prior,0,50,0.9986680746078491,0.1538548469543457,74043.0,0.9961065649986267,30.941068649291992,0.0001392364501953125,0.9978770613670349,2019.4881591796875,-3.218650817871094e-05,0.9985499978065491,162.391845703125,0.00021022558212280273,1.0132148265838623,0.021401051431894302,-0.02852332592010498,1.004072666168213,9.892465591430664,-0.011226177215576172,1.0082380771636963,16.843364715576172,-0.017531871795654297,26,409,0.000663459300994873
SLIM*MIX_ms0.01_pat5_fn-full_extended_const-small_ints_ls,dd1681e3-7f95-11f1-88f9-2c7ba0e6fa90,synthetic_prior,0,51,0.9986674189567566,0.15938401222229004,74903.0,0.9961065053939819,30.941068649291992,0.0001392960548400879,0.9978811740875244,2019.4964599609375,-4.0411949157714844e-05,0.9985558986663818,162.39280700683594,0.00019848346710205078,1.0132402181625366,0.02140158973634243,-0.028574824333190918,1.0041475296020508,9.893203735351562,-0.011377215385437012,1.0082422494888306,16.843433380126953,-0.01754021644592285,23,388,0.0006647109985351562
SLIM*MIX_ms0.01_pat5_fn-full_extended_const-small_ints_ls,dd1681e3-7f95-11f1-88f9-2c7ba0e6fa90,synthetic_prior,0,52,0.9986674189567566,0.13533568382263184,76661.0,0.9961065053939819,30.941068649291992,0.0001392960548400879,0.9978811740875244,2019.4964599609375,-4.0411949157714844e-05,0.9985558986663818,162.39280700683594,0.00019848346710205078,1.0132402181625366,0.02140158973634243,-0.028574824333190918,1.0041475296020508,9.893203735351562,-0.011377215385437012,1.0082422494888306,16.843433380126953,-0.01754021644592285,23,388,0.0006647109985351562
SLIM*MIX_ms0.01_pat5_fn-full_extended_const-small_ints_ls,dd1681e3-7f95-11f1-88f9-2c7ba0e6fa90,synthetic_prior,0,53,0.9986674189567566,1.3131165504455566,77750.0,0.9961065053939819,30.941068649291992,0.0001392960548400879,0.9978811740875244,2019.4964599609375,-4.0411949157714844e-05,0.9985558986663818,162.39280700683594,0.00019848346710205078,1.0132402181625366,0.02140158973634243,-0.028574824333190918,1.0041475296020508,9.893203735351562,-0.011377215385437012,1.0082422494888306,16.843433380126953,-0.01754021644592285,23,388,0.0006647109985351562
SLIM*MIX_ms0.01_pat5_fn-full_extended_const-small_ints_ls,dd1681e3-7f95-11f1-88f9-2c7ba0e6fa90,synthetic_prior,0,54,0.9986665844917297,0.15789341926574707,79116.0,0.9961076974868774,30.94110679626465,0.00013685226440429688,0.9978750944137573,2019.4842529296875,-2.8252601623535156e-05,0.9985535740852356,162.39242553710938,0.00020307302474975586,1.0132901668548584,0.021402645856142044,-0.028676390647888184,1.0040761232376099,9.892499923706055,-0.011233210563659668,1.008202075958252,16.842761993408203,-0.01745915412902832,28,440,0.0006664395332336426
SLIM*MIX_ms0.01_pat5_fn-full_extended_const-small_ints_ls,dd1681e3-7f95-11f1-88f9-2c7ba0e6fa90,synthetic_prior,0,55,0.9986665844917297,0.12920808792114258,80573.0,0.9961076974868774,30.94110679626465,0.00013685226440429688,0.9978750944137573,2019.4842529296875,-2.8252601623535156e-05,0.9985535740852356,162.39242553710938,0.00020307302474975586,1.0132901668548584,0.021402645856142044,-0.028676390647888184,1.0040761232376099,9.892499923706055,-0.011233210563659668,1.008202075958252,16.842761993408203,-0.01745915412902832,28,440,0.0006664395332336426
SLIM*MIX_ms0.01_pat5_fn-full_extended_const-small_ints_ls,dd1681e3-7f95-11f1-88f9-2c7ba0e6fa90,synthetic_prior,0,56,0.9986665844917297,0.13284540176391602,82367.0,0.9961076974868774,30.94110679626465,0.00013685226440429688,0.9978750944137573,2019.4842529296875,-2.8252601623535156e-05,0.9985535740852356,162.39242553710938,0.00020307302474975586,1.0132901668548584,0.021402645856142044,-0.028676390647888184,1.0040761232376099,9.892499923706055,-0.011233210563659668,1.008202075958252,16.842761993408203,-0.01745915412902832,28,440,0.0006664395332336426
SLIM*MIX_ms0.01_pat5_fn-full_extended_const-small_ints_ls,dd1681e3-7f95-11f1-88f9-2c7ba0e6fa90,synthetic_prior,0,57,0.9986661076545715,0.13232636451721191,83419.0,0.9961047768592834,30.941015243530273,0.00014275312423706055,0.9978877305984497,2019.5096435546875,-5.352497100830078e-05,0.998551070690155,162.3920135498047,0.00020813941955566406,1.0133774280548096,0.021404486149549484,-0.028853416442871094,1.0042048692703247,9.893768310546875,-0.011492609977722168,1.0081685781478882,16.842205047607422,-0.017391681671142578,28,459,0.0006673336029052734
SLIM*MIX_ms0.01_pat5_fn-full_extended_const-small_ints_ls,dd1681e3-7f95-11f1-88f9-2c7ba0e6fa90,synthetic_prior,0,58,0.9986661076545715,0.13320398330688477,85801.0,0.9961048364639282,30.941017150878906,0.00014263391494750977,0.9978877902030945,2019.5098876953125,-5.364418029785156e-05,0.9985510110855103,162.3920135498047,0.00020825862884521484,1.0133775472640991,0.021404489874839783,-0.028853654861450195,1.0042046308517456,9.893767356872559,-0.011492252349853516,1.0081685781478882,16.84220314025879,-0.017391562461853027,27,445,0.0006673336029052734
SLIM*MIX_ms0.01_pat5_fn-full_extended_const-small_ints_ls,dd1681e3-7f95-11f1-88f9-2c7ba0e6fa90,synthetic_prior,0,59,0.9986653923988342,1.2863743305206299,89419.0,0.9961121678352356,30.941246032714844,0.00012791156768798828,0.9978703260421753,2019.474609375,-1.8715858459472656e-05,0.9985562562942505,162.3928680419922,0.0001977682113647461,1.0134011507034302,0.021404987201094627,-0.02890157699584961,1.0040837526321411,9.89257526397705,-0.011248588562011719,1.0081969499588013,16.84267807006836,-0.017448782920837402,32,509,0.0006688237190246582
SLIM*MIX_ms0.01_pat5_fn-full_extended_const-small_ints_ls,dd1681e3-7f95-11f1-88f9-2c7ba0e6fa90,synthetic_prior,0,60,0.9986652731895447,0.1558997631072998,91778.0,0.9961031675338745,30.940963745117188,0.00014603137969970703,0.9978914260864258,2019.5172119140625,-6.091594696044922e-05,0.9985541105270386,162.39251708984375,0.00020200014114379883,1.0133618116378784,0.02140415832400322,-0.028821706771850586,1.0042601823806763,9.89431381225586,-0.011604070663452148,1.008183240890503,16.842449188232422,-0.017421245574951172,29,474,0.0006690621376037598
SLIM*MIX_ms0.01_pat5_fn-full_extended_const-small_ints_ls,dd1681e3-7f95-11f1-88f9-2c7ba0e6fa90,synthetic_prior,0,61,0.9986645579338074,0.13380026817321777,94713.0,0.9961059093475342,30.941049575805664,0.0001404881477355957,0.997873067855835,2019.4801025390625,-2.4199485778808594e-05,0.9985512495040894,162.3920440673828,0.00020778179168701172,1.0132951736450195,0.021402748301625252,-0.02868640422821045,1.0040879249572754,9.892616271972656,-0.011257052421569824,1.0082193613052368,16.843050003051758,-0.01749396324157715,32,486,0.0006704926490783691
SLIM*MIX_ms0.01_pat5_fn-full_extended_const-small_ints_ls,dd1681e3-7f95-11f1-88f9-2c7ba0e6fa90,synthetic_prior,0,62,0.998663604259491,0.126237154006958,96755.0,0.9961089491844177,30.941144943237305,0.00013440847396850586,0.9978694915771484,2019.4727783203125,-1.6927719116210938e-05,0.9985543489456177,162.39254760742188,0.0002015233039855957,1.0132688283920288,0.02140219323337078,-0.028632760047912598,1.0040850639343262,9.89258861541748,-0.011251211166381836,1.0082576274871826,16.843690872192383,-0.017571210861206055,33,499,0.0006723403930664062
SLIM*MIX_ms0.01_pat5_fn-full_extended_const-small_ints_ls,dd1681e3-7f95-11f1-88f9-2c7ba0e6fa90,synthetic_prior,0,63,0.9986628293991089,0.1734015941619873,98616.0,0.9961122870445251,30.941247940063477,0.0001277327537536621,0.9978728294372559,2019.4796142578125,-2.3603439331054688e-05,0.9985540509223938,162.39251708984375,0.000202178955078125,1.0135374069213867,0.02140786685049534,-0.029178380966186523,1.004055142402649,9.892292976379395,-0.011191010475158691,1.0082409381866455,16.843412399291992,-0.017537593841552734,34,541,0.0006739497184753418
SLIM*MIX_ms0.01_pat5_fn-full_extended_const-small_ints_ls,dd1681e3-7f95-11f1-88f9-2c7ba0e6fa90,synthetic_prior,0,64,0.9986627101898193,0.15891003608703613,100301.0,0.9961123466491699,30.94124984741211,0.00012761354446411133,0.9978726506233215,2019.479248046875,-2.3365020751953125e-05,0.9985540509223938,162.3925018310547,0.000202178955078125,1.0135273933410645,0.021407656371593475,-0.02915799617767334,1.004058599472046,9.892327308654785,-0.011198043823242188,1.008249044418335,16.843547821044922,-0.01755392551422119,33,523,0.0006740689277648926
SLIM*MIX_ms0.01_pat5_fn-full_extended_const-small_ints_ls,dd1681e3-7f95-11f1-88f9-2c7ba0e6fa90,synthetic_prior,0,65,0.9986626505851746,0.11757469177246094,101308.0,0.9961050748825073,30.941024780273438,0.00014215707778930664,0.9978688359260559,2019.471435546875,-1.5616416931152344e-05,0.9985552430152893,162.3927001953125,0.00019973516464233398,1.0131843090057373,0.021400408819317818,-0.028461456298828125,1.0040706396102905,9.892446517944336,-0.011222362518310547,1.0082448720932007,16.84347915649414,-0.017545580863952637,35,527,0.0006742477416992188
SLIM*MIX_ms0.01_pat5_fn-full_extended_const-small_ints_ls,dd1681e3-7f95-11f1-88f9-2c7ba0e6fa90,synthetic_prior,0,66,0.9986618757247925,0.15782737731933594,101797.0,0.996110737323761,30.941198348999023,0.0001308917999267578,0.9978753924369812,2019.484619140625,-2.872943878173828e-05,0.9985554814338684,162.3927459716797,0.00019919872283935547,1.0134377479553223,0.021405760198831558,-0.028975844383239746,1.0040512084960938,9.892254829406738,-0.011183023452758789,1.0082002878189087,16.842735290527344,-0.017455697059631348,35,540,0.0006757378578186035
SLIM*MIX_ms0.01_pat5_fn-full_extended_const-small_ints_ls,dd1681e3-7f95-11f1-88f9-2c7ba0e6fa90,synthetic_prior,0,67,0.9986618161201477,0.13801121711730957,103192.0,0.996110737323761,30.941200256347656,0.0001308917999267578,0.997875452041626,2019.48486328125,-2.8848648071289062e-05,0.9985551834106445,162.3927001953125,0.00019991397857666016,1.0134327411651611,0.0214056558907032,-0.02896571159362793,1.0040528774261475,9.892271041870117,-0.011186361312866211,1.00819993019104,16.842729568481445,-0.017454981803894043,34,520,0.0006758570671081543
SLIM*MIX_ms0.01_pat5_fn-full_extended_const-small_ints_ls,dd1681e3-7f95-11f1-88f9-2c7ba0e6fa90,synthetic_prior,0,68,0.9986613392829895,0.13341593742370605,103642.0,0.9961121082305908,30.94124412536621,0.00012803077697753906,0.9978765845298767,2019.4871826171875,-3.123283386230469e-05,0.9985532760620117,162.3923797607422,0.00020372867584228516,1.013393759727478,0.02140483260154724,-0.02888667583465576,1.004021167755127,9.891959190368652,-0.011122465133666992,1.008223056793213,16.843114852905273,-0.017501473426818848,35,548,0.0006768703460693359
SLIM*MIX_ms0.01_pat5_fn-full_extended_const-small_ints_ls,dd1681e3-7f95-11f1-88f9-2c7ba0e6fa90,synthetic_prior,0,69,0.9986609816551208,0.13490867614746094,102914.0,0.9961113929748535,30.941219329833984,0.00012946128845214844,0.9978770613670349,2019.4881591796875,-3.218650817871094e-05,0.9985551238059998,162.39266967773438,0.00019997358322143555,1.0134398937225342,0.02140580676496029,-0.028980255126953125,1.0040297508239746,9.892044067382812,-0.011139988899230957,1.0082365274429321,16.843339920043945,-0.017528772354125977,36,566,0.0006775856018066406
SLIM*MIX_ms0.01_pat5_fn-full_extended_const-small_ints_ls,dd1681e3-7f95-11f1-88f9-2c7ba0e6fa90,synthetic_prior,0,70,0.9986609816551208,1.3147902488708496,103461.0,0.9961113929748535,30.941219329833984,0.00012946128845214844,0.9978770613670349,2019.4881591796875,-3.218650817871094e-05,0.9985551238059998,162.39266967773438,0.00019997358322143555,1.0134398937225342,0.02140580676496029,-0.028980255126953125,1.0040297508239746,9.892044067382812,-0.011139988899230957,1.0082365274429321,16.843339920043945,-0.017528772354125977,36,566,0.0006775856018066406
SLIM*MIX_ms0.01_pat5_fn-full_extended_const-small_ints_ls,dd1681e3-7f95-11f1-88f9-2c7ba0e6fa90,synthetic_prior,0,71,0.9986606240272522,0.14339780807495117,105091.0,0.996112048625946,30.941240310668945,0.00012814998626708984,0.9978758692741394,2019.4857177734375,-2.9802322387695312e-05,0.9985583424568176,162.3931884765625,0.00019365549087524414,1.0133413076400757,0.021403726190328598,-0.028780221939086914,1.0041011571884155,9.892746925354004,-0.0112837553024292,1.008154273033142,16.841962814331055,-0.01736271381378174,36,550,0.0006782412528991699
SLIM*MIX_ms0.01_pat5_fn-full_extended_const-small_ints_ls,dd1681e3-7f95-11f1-88f9-2c7ba0e6fa90,synthetic_prior,0,72,0.9986606240272522,0.1268908977508545,106564.0,0.9961075782775879,30.941102981567383,0.00013709068298339844,0.9978781342506409,2019.490234375,-3.421306610107422e-05,0.9985539317131042,162.3925018310547,0.00020235776901245117,1.0133697986602783,0.02140432596206665,-0.028837919235229492,1.0040459632873535,9.892202377319336,-0.01117241382598877,1.0082457065582275,16.843494415283203,-0.017547249794006348,35,544,0.0006783008575439453
SLIM*MIX_ms0.01_pat5_fn-full_extended_const-small_ints_ls,dd1681e3-7f95-11f1-88f9-2c7ba0e6fa90,synthetic_prior,0,73,0.9986596703529358,0.1270618438720703,108118.0,0.996109664440155,30.941165924072266,0.00013297796249389648,0.9978793263435364,2019.4927978515625,-3.6716461181640625e-05,0.9985554218292236,162.39273071289062,0.00019937753677368164,1.0134135484695435,0.021405251696705818,-0.028926849365234375,1.004017949104309,9.891927719116211,-0.0111161470413208,1.0082333087921143,16.843286514282227,-0.017522335052490234,35,559,0.0006802082061767578
SLIM*MIX_ms0.01_pat5_fn-full_extended_const-small_ints_ls,dd1681e3-7f95-11f1-88f9-2c7ba0e6fa90,synthetic_prior,0,74,0.9986596703529358,0.12625932693481445,109839.0,0.996109664440155,30.941165924072266,0.00013297796249389648,0.9978793263435364,2019.4927978515625,-3.6716461181640625e-05,0.9985554218292236,162.39273071289062,0.00019937753677368164,1.0134135484695435,0.021405251696705818,-0.028926849365234375,1.004017949104309,9.891927719116211,-0.0111161470413208,1.0082333087921143,16.843286514282227,-0.017522335052490234,35,559,0.0006802082061767578
SLIM*MIX_ms0.01_pat5_fn-full_extended_const-small_ints_ls,dd1681e3-7f95-11f1-88f9-2c7ba0e6fa90,synthetic_prior,0,75,0.9986593127250671,0.12168574333190918,112463.0,0.9961071014404297,30.941085815429688,0.00013816356658935547,0.9978774785995483,2019.489013671875,-3.3020973205566406e-05,0.9985536932945251,162.39244079589844,0.0002028346061706543,1.0134567022323608,0.021406162530183792,-0.0290144681930542,1.0040336847305298,9.892081260681152,-0.011147737503051758,1.0082322359085083,16.843265533447266,-0.01751995086669922,36,557,0.0006808638572692871
SLIM*MIX_ms0.01_pat5_fn-full_extended_const-small_ints_ls,dd1681e3-7f95-11f1-88f9-2c7ba0e6fa90,synthetic_prior,0,76,0.9986591339111328,1.3042628765106201,113390.0,0.9961071610450745,30.941089630126953,0.0001380443572998047,0.9978764057159424,2019.4869384765625,-3.0875205993652344e-05,0.9985530376434326,162.392333984375,0.0002041459083557129,1.0134670734405518,0.0214063823223114,-0.029035568237304688,1.0040336847305298,9.892081260681152,-0.011147737503051758,1.0082342624664307,16.843299865722656,-0.017524123191833496,37,575,0.0006812214851379395
SLIM*MIX_ms0.01_pat5_fn-full_extended_const-small_ints_ls,dd1681e3-7f95-11f1-88f9-2c7ba0e6fa90,synthetic_prior,0,77,0.9986589550971985,0.1286482810974121,113950.0,0.9961065649986267,30.941070556640625,0.0001392364501953125,0.9978777170181274,2019.489501953125,-3.349781036376953e-05,0.9985539317131042,162.3925018310547,0.00020235776901245117,1.0134625434875488,0.02140628732740879,-0.029026389122009277,1.0040374994277954,9.892119407653809,-0.011155486106872559,1.0082391500473022,16.8433837890625,-0.01753413677215576,38,592,0.0006816983222961426
SLIM*MIX_ms0.01_pat5_fn-full_extended_const-small_ints_ls,dd1681e3-7f95-11f1-88f9-2c7ba0e6fa90,synthetic_prior,0,78,0.9986581206321716,0.1275162696838379,114635.0,0.9961123466491699,30.94124984741211,0.00012761354446411133,0.9978793859481812,2019.492919921875,-3.6835670471191406e-05,0.998559296131134,162.3933563232422,0.00019168853759765625,1.0134810209274292,0.02140667662024498,-0.029063820838928223,1.0040313005447388,9.892059326171875,-0.011143088340759277,1.0082166194915771,16.843008041381836,-0.017488718032836914,35,560,0.0006833076477050781
SLIM*MIX_ms0.01_pat5_fn-full_extended_const-small_ints_ls,dd1681e3-7f95-11f1-88f9-2c7ba0e6fa90,synthetic_prior,0,79,0.998657763004303,0.1267704963684082,115845.0,0.9961133599281311,30.941280364990234,0.00012558698654174805,0.9978788495063782,2019.49169921875,-3.5643577575683594e-05,0.9985579252243042,162.39312744140625,0.00019443035125732422,1.0134685039520264,0.02140641212463379,-0.029038429260253906,1.0040220022201538,9.891966819763184,-0.011124134063720703,1.008228063583374,16.843196868896484,-0.017511725425720215,36,574,0.0006839632987976074
SLIM*MIX_ms0.01_pat5_fn-full_extended_const-small_ints_ls,dd1681e3-7f95-11f1-88f9-2c7ba0e6fa90,synthetic_prior,0,80,0.9986575245857239,0.1275622844696045,117377.0,0.9961109161376953,30.941204071044922,0.00013053417205810547,0.9978770613670349,2019.4881591796875,-3.218650817871094e-05,0.998558521270752,162.39321899414062,0.0001932978630065918,1.0134695768356323,0.02140643261373043,-0.02904045581817627,1.0040315389633179,9.892061233520508,-0.01114356517791748,1.0081721544265747,16.84226417541504,-0.017398834228515625,37,590,0.0006844997406005859
SLIM*MIX_ms0.01_pat5_fn-full_extended_const-small_ints_ls,dd1681e3-7f95-11f1-88f9-2c7ba0e6fa90,synthetic_prior,0,81,0.9986562132835388,0.1440272331237793,117746.0,0.9961099028587341,30.941171646118164,0.00013250112533569336,0.9978821873664856,2019.4986572265625,-4.2557716369628906e-05,0.9985588788986206,162.39329528808594,0.00019246339797973633,1.0135849714279175,0.021408870816230774,-0.029274940490722656,1.0039902925491333,9.891654968261719,-0.011060476303100586,1.008229374885559,16.843219757080078,-0.017514467239379883,36,583,0.0006871223449707031
SLIM*MIX_ms0.01_pat5_fn-full_extended_const-small_ints_ls,dd1681e3-7f95-11f1-88f9-2c7ba0e6fa90,synthetic_prior,0,82,0.9986560344696045,1.3016009330749512,117935.0,0.9961096048355103,30.941164016723633,0.00013309717178344727,0.9978818297386169,2019.4979248046875,-4.172325134277344e-05,0.998558521270752,162.3932342529297,0.0001932382583618164,1.0135822296142578,0.021408813074231148,-0.02926921844482422,1.0039868354797363,9.891620635986328,-0.01105344295501709,1.008239507675171,16.843387603759766,-0.017534732818603516,37,596,0.0006874799728393555
SLIM*MIX_ms0.01_pat5_fn-full_extended_const-small_ints_ls,dd1681e3-7f95-11f1-88f9-2c7ba0e6fa90,synthetic_prior,0,83,0.9986560344696045,0.12006878852844238,118133.0,0.9961096048355103,30.941164016723633,0.00013309717178344727,0.9978818297386169,2019.4979248046875,-4.172325134277344e-05,0.998558521270752,162.3932342529297,0.0001932382583618164,1.0135822296142578,0.021408813074231148,-0.02926921844482422,1.0039868354797363,9.891620635986328,-0.01105344295501709,1.008239507675171,16.843387603759766,-0.017534732818603516,37,596,0.0006874799728393555
SLIM*MIX_ms0.01_pat5_fn-full_extended_const-small_ints_ls,dd1681e3-7f95-11f1-88f9-2c7ba0e6fa90,synthetic_prior,0,84,0.9986553192138672,0.1438593864440918,118604.0,0.9961118698120117,30.941234588623047,0.0001285076141357422,0.9978818893432617,2019.4979248046875,-4.184246063232422e-05,0.9985557198524475,162.3927764892578,0.00019890069961547852,1.0135780572891235,0.021408725529909134,-0.029260993003845215,1.0039865970611572,9.891618728637695,-0.011052966117858887,1.008241057395935,16.843414306640625,-0.017537951469421387,38,609,0.0006889700889587402
SLIM*MIX_ms0.01_pat5_fn-full_extended_const-small_ints_ls,dd1681e3-7f95-11f1-88f9-2c7ba0e6fa90,synthetic_prior,0,85,0.9986551403999329,0.15886950492858887,119524.0,0.996112048625946,30.941242218017578,0.00012814998626708984,0.9978816509246826,2019.497314453125,-4.1365623474121094e-05,0.9985564351081848,162.3928985595703,0.00019741058349609375,1.0135830640792847,0.02140883170068264,-0.02927100658416748,1.0039857625961304,9.891610145568848,-0.011051297187805176,1.0082414150238037,16.843420028686523,-0.01753866672515869,39,621,0.0006892681121826172
SLIM*MIX_ms0.01_pat5_fn-full_extended_const-small_ints_ls,dd1681e3-7f95-11f1-88f9-2c7ba0e6fa90,synthetic_prior,0,86,0.9986541867256165,0.12099790573120117,121699.0,0.996112585067749,30.941255569458008,0.0001271367073059082,0.9978818297386169,2019.497802734375,-4.172325134277344e-05,0.9985561370849609,162.39283752441406,0.00019800662994384766,1.0136704444885254,0.02141067571938038,-0.029448509216308594,1.0039650201797485,9.89140510559082,-0.011009573936462402,1.008259654045105,16.843725204467773,-0.017575383186340332,40,634,0.0006911754608154297
SLIM*MIX_ms0.01_pat5_fn-full_extended_const-small_ints_ls,dd1681e3-7f95-11f1-88f9-2c7ba0e6fa90,synthetic_prior,0,87,0.9986539483070374,0.1270582675933838,122751.0,0.996112585067749,30.94125747680664,0.0001271367073059082,0.997882068157196,2019.498291015625,-4.220008850097656e-05,0.9985552430152893,162.3927001953125,0.00019973516464233398,1.0136793851852417,0.0214108657091856,-0.029466748237609863,1.0039798021316528,9.89155101776123,-0.011039257049560547,1.0082533359527588,16.84362030029297,-0.01756274700164795,41,645,0.0006916522979736328
SLIM*MIX_ms0.01_pat5_fn-full_extended_const-small_ints_ls,dd1681e3-7f95-11f1-88f9-2c7ba0e6fa90,synthetic_prior,0,88,0.9986538290977478,0.14365291595458984,123807.0,0.9961124062538147,30.941251754760742,0.00012749433517456055,0.997881293296814,2019.4967041015625,-4.0650367736816406e-05,0.9985561370849609,162.39283752441406,0.00019806623458862305,1.013695478439331,0.02141120471060276,-0.029499292373657227,1.003960132598877,9.891357421875,-0.010999679565429688,1.0082581043243408,16.843700408935547,-0.017572402954101562,41,649,0.0006918907165527344
SLIM*MIX_ms0.01_pat5_fn-full_extended_const-small_ints_ls,dd1681e3-7f95-11f1-88f9-2c7ba0e6fa90,synthetic_prior,0,89,0.9986536502838135,0.12128090858459473,124289.0,0.9961092472076416,30.9411563873291,0.00013381242752075195,0.9978847503662109,2019.503662109375,-4.756450653076172e-05,0.9985572695732117,162.3930206298828,0.0001958012580871582,1.0136786699295044,0.021410848945379257,-0.029465198516845703,1.0039738416671753,9.89149284362793,-0.011027336120605469,1.0082541704177856,16.8436336517334,-0.01756441593170166,41,641,0.0006922483444213867
SLIM*MIX_ms0.01_pat5_fn-full_extended_const-small_ints_ls,dd1681e3-7f95-11f1-88f9-2c7ba0e6fa90,synthetic_prior,0,90,0.9986531138420105,0.1430516242980957,126077.0,0.9961125254631042,30.941255569458008,0.00012725591659545898,0.9978827834129333,2019.499755859375,-4.363059997558594e-05,0.9985581040382385,162.3931427001953,0.00019413232803344727,1.0136913061141968,0.021411117166280746,-0.029490947723388672,1.0039523839950562,9.891281127929688,-0.010984063148498535,1.008271336555481,16.843917846679688,-0.017598867416381836,42,661,0.0006933212280273438
SLIM*MIX_ms0.01_pat5_fn-full_extended_const-small_ints_ls,dd1681e3-7f95-11f1-88f9-2c7ba0e6fa90,synthetic_prior,0,91,0.9986526966094971,0.12648463249206543,128541.0,0.9961152076721191,30.94133758544922,0.00012183189392089844,0.9978766441345215,2019.4873046875,-3.135204315185547e-05,0.9985564947128296,162.3928985595703,0.00019735097885131836,1.0138012170791626,0.021413438022136688,-0.029714107513427734,1.0040249824523926,9.891996383666992,-0.011130332946777344,1.0082193613052368,16.84305191040039,-0.0174940824508667,44,702,0.0006941556930541992
SLIM*MIX_ms0.01_pat5_fn-full_extended_const-small_ints_ls,dd1681e3-7f95-11f1-88f9-2c7ba0e6fa90,synthetic_prior,0,92,0.9986526966094971,0.1499924659729004,130423.0,0.9961152076721191,30.94133758544922,0.00012183189392089844,0.9978766441345215,2019.4873046875,-3.135204315185547e-05,0.9985564947128296,162.3928985595703,0.00019735097885131836,1.0138012170791626,0.021413438022136688,-0.029714107513427734,1.0040249824523926,9.891996383666992,-0.011130332946777344,1.0082193613052368,16.84305191040039,-0.0174940824508667,44,702,0.0006941556930541992
SLIM*MIX_ms0.01_pat5_fn-full_extended_const-small_ints_ls,dd1681e3-7f95-11f1-88f9-2c7ba0e6fa90,synthetic_prior,0,93,0.9986522793769836,1.2846062183380127,133071.0,0.9961099028587341,30.941173553466797,0.00013250112533569336,0.9978801012039185,2019.4942626953125,-3.826618194580078e-05,0.9985548257827759,162.3926239013672,0.00020056962966918945,1.0137637853622437,0.021412648260593414,-0.029638171195983887,1.003946304321289,9.891220092773438,-0.010971665382385254,1.0082613229751587,16.843751907348633,-0.017578721046447754,45,703,0.0006949901580810547
SLIM*MIX_ms0.01_pat5_fn-full_extended_const-small_ints_ls,dd1681e3-7f95-11f1-88f9-2c7ba0e6fa90,synthetic_prior,0,94,0.998651921749115,0.1589970588684082,134785.0,0.9961107969284058,30.941200256347656,0.00013077259063720703,0.9978784918785095,2019.490966796875,-3.4928321838378906e-05,0.998555600643158,162.39276123046875,0.0001990795135498047,1.013845682144165,0.0214143767952919,-0.029804468154907227,1.0039796829223633,9.891550064086914,-0.011039018630981445,1.008266568183899,16.843841552734375,-0.017589569091796875,46,723,0.0006957054138183594
SLIM*MIX_ms0.01_pat5_fn-full_extended_const-small_ints_ls,dd1681e3-7f95-11f1-88f9-2c7ba0e6fa90,synthetic_prior,0,95,0.9986509680747986,0.15836572647094727,137907.0,0.9961050152778625,30.941022872924805,0.00014227628707885742,0.9978817105293274,2019.4974365234375,-4.1484832763671875e-05,0.9985522627830505,162.3922119140625,0.00020575523376464844,1.0138750076293945,0.021414998918771744,-0.029864072799682617,1.0039401054382324,9.89116096496582,-0.010959386825561523,1.0082554817199707,16.84365463256836,-0.017566919326782227,45,708,0.0006976723670959473
SLIM*MIX_ms0.01_pat5_fn-full_extended_const-small_ints_ls,dd1681e3-7f95-11f1-88f9-2c7ba0e6fa90,synthetic_prior,0,96,0.9986498355865479,0.17202043533325195,138892.0,0.9961066842079163,30.94107437133789,0.00013899803161621094,0.9978752732276917,2019.4844970703125,-2.86102294921875e-05,0.9985536336898804,162.39244079589844,0.00020301342010498047,1.013902187347412,0.021415572613477707,-0.02991926670074463,1.0039303302764893,9.891063690185547,-0.010939598083496094,1.0082942247390747,16.844303131103516,-0.01764523983001709,44,692,0.0006998777389526367
SLIM*MIX_ms0.01_pat5_fn-full_extended_const-small_ints_ls,dd1681e3-7f95-11f1-88f9-2c7ba0e6fa90,synthetic_prior,0,97,0.9986498355865479,0.14274001121520996,140802.0,0.9961066842079163,30.94107437133789,0.00013899803161621094,0.9978752732276917,2019.4844970703125,-2.86102294921875e-05,0.9985536336898804,162.39244079589844,0.00020301342010498047,1.013902187347412,0.021415572613477707,-0.02991926670074463,1.0039303302764893,9.891063690185547,-0.010939598083496094,1.0082942247390747,16.844303131103516,-0.01764523983001709,44,692,0.0006998777389526367
SLIM*MIX_ms0.01_pat5_fn-full_extended_const-small_ints_ls,dd1681e3-7f95-11f1-88f9-2c7ba0e6fa90,synthetic_prior,0,98,0.9986498355865479,0.14181089401245117,141647.0,0.9961066842079163,30.94107437133789,0.00013899803161621094,0.9978752732276917,2019.4844970703125,-2.86102294921875e-05,0.9985536336898804,162.39244079589844,0.00020301342010498047,1.013902187347412,0.021415572613477707,-0.02991926670074463,1.0039303302764893,9.891063690185547,-0.010939598083496094,1.0082942247390747,16.844303131103516,-0.01764523983001709,44,692,0.0006998777389526367
SLIM*MIX_ms0.01_pat5_fn-full_extended_const-small_ints_ls,dd1681e3-7f95-11f1-88f9-2c7ba0e6fa90,synthetic_prior,0,99,0.9986496567726135,0.13087773323059082,141279.0,0.9961085319519043,30.941131591796875,0.00013524293899536133,0.997877299785614,2019.4886474609375,-3.266334533691406e-05,0.9985495209693909,162.3917694091797,0.00021123886108398438,1.0139451026916504,0.021416477859020233,-0.0300065279006958,1.0038502216339111,9.890275001525879,-0.010778307914733887,1.0082975625991821,16.844358444213867,-0.017651915550231934,45,704,0.0007002949714660645
SLIM*MIX_ms0.01_pat5_fn-full_extended_const-small_ints_ls,dd1681e3-7f95-11f1-88f9-2c7ba0e6fa90,synthetic_prior,0,100,0.9986483454704285,0.16675257682800293,142063.0,0.9961073398590088,30.94109535217285,0.00013756752014160156,0.9978756904602051,2019.4853515625,-2.944469451904297e-05,0.9985536932945251,162.39244079589844,0.0002028346061706543,1.0139342546463013,0.021416248753666878,-0.029984474182128906,1.0039211511611938,9.890973091125488,-0.010921001434326172,1.008315086364746,16.844654083251953,-0.017687559127807617,46,723,0.0007028579711914062
SLIM*MIX_ms0.01_pat5_fn-full_extended_const-small_ints_ls,dd1681e3-7f95-11f1-88f9-2c7ba0e6fa90,synthetic_prior,0,101,0.9986481666564941,0.13390803337097168,142032.0,0.9961073994636536,30.941097259521484,0.00013744831085205078,0.9978829026222229,2019.5001220703125,-4.38690185546875e-05,0.998548150062561,162.3915252685547,0.00021404027938842773,1.0140726566314697,0.021419169381260872,-0.03026556968688965,1.0039833784103394,9.891586303710938,-0.011046409606933594,1.0083106756210327,16.84457778930664,-0.017678380012512207,49,763,0.0007032155990600586
SLIM*MIX_ms0.01_pat5_fn-full_extended_const-small_ints_ls,dd1681e3-7f95-11f1-88f9-2c7ba0e6fa90,synthetic_prior,0,102,0.9986481666564941,0.17933225631713867,142462.0,0.9961073994636536,30.941097259521484,0.00013744831085205078,0.9978829026222229,2019.5001220703125,-4.38690185546875e-05,0.998548150062561,162.3915252685547,0.00021404027938842773,1.0140726566314697,0.021419169381260872,-0.03026556968688965,1.0039833784103394,9.891586303710938,-0.011046409606933594,1.0083106756210327,16.84457778930664,-0.017678380012512207,49,763,0.0007032155990600586
SLIM*MIX_ms0.01_pat5_fn-full_extended_const-small_ints_ls,dd1681e3-7f95-11f1-88f9-2c7ba0e6fa90,synthetic_prior,0,103,0.9986481666564941,1.3225743770599365,143562.0,0.9961073994636536,30.941097259521484,0.00013744831085205078,0.9978829026222229,2019.5001220703125,-4.38690185546875e-05,0.998548150062561,162.3915252685547,0.00021404027938842773,1.0140726566314697,0.021419169381260872,-0.03026556968688965,1.0039833784103394,9.891586303710938,-0.011046409606933594,1.0083106756210327,16.84457778930664,-0.017678380012512207,49,763,0.0007032155990600586
SLIM*MIX_ms0.01_pat5_fn-full_extended_const-small_ints_ls,dd1681e3-7f95-11f1-88f9-2c7ba0e6fa90,synthetic_prior,0,104,0.9986475110054016,0.16366910934448242,144874.0,0.9961069226264954,30.94108009338379,0.0001385211944580078,0.99787437915802,2019.4827880859375,-2.682209014892578e-05,0.9985519051551819,162.39215087890625,0.00020647048950195312,1.0139398574829102,0.02141636796295643,-0.02999591827392578,1.0039113759994507,9.890876770019531,-0.010901451110839844,1.008318305015564,16.844707489013672,-0.01769387722015381,50,772,0.0007045269012451172
SLIM*MIX_ms0.01_pat5_fn-full_extended_const-small_ints_ls,dd1681e3-7f95-11f1-88f9-2c7ba0e6fa90,synthetic_prior,0,105,0.9986473321914673,0.15305161476135254,147809.0,0.9961031675338745,30.940963745117188,0.00014603137969970703,0.9978852272033691,2019.504638671875,-4.851818084716797e-05,0.9985514879226685,162.39208984375,0.0002073049545288086,1.0140763521194458,0.021419251337647438,-0.0302731990814209,1.0039417743682861,9.8911771774292,-0.010962724685668945,1.008321762084961,16.844762802124023,-0.017700791358947754,48,746,0.0007048845291137695
SLIM*MIX_ms0.01_pat5_fn-full_extended_const-small_ints_ls,dd1681e3-7f95-11f1-88f9-2c7ba0e6fa90,synthetic_prior,0,106,0.9986468553543091,0.2073972225189209,149755.0,0.9961095452308655,30.941164016723633,0.00013321638107299805,0.9978750348091125,2019.484130859375,-2.8133392333984375e-05,0.9985511898994446,162.3920440673828,0.0002079606056213379,1.0139374732971191,0.02141631580889225,-0.02999091148376465,1.0038889646530151,9.890655517578125,-0.010856151580810547,1.0083245038986206,16.844810485839844,-0.01770651340484619,48,752,0.0007058382034301758
SLIM*MIX_ms0.01_pat5_fn-full_extended_const-small_ints_ls,dd1681e3-7f95-11f1-88f9-2c7ba0e6fa90,synthetic_prior,0,107,0.9986467957496643,1.357818841934204,150912.0,0.9961102604866028,30.941186904907227,0.00013178586959838867,0.9978753328323364,2019.484619140625,-2.872943878173828e-05,0.9985520839691162,162.39218139648438,0.00020611286163330078,1.0139425992965698,0.021416425704956055,-0.030001401901245117,1.0038855075836182,9.890623092651367,-0.010849475860595703,1.0083229541778564,16.84478187561035,-0.01770317554473877,49,769,0.000706017017364502
SLIM*MIX_ms0.01_pat5_fn-full_extended_const-small_ints_ls,dd1681e3-7f95-11f1-88f9-2c7ba0e6fa90,synthetic_prior,0,108,0.99864661693573,0.13985204696655273,151749.0,0.9961057305335999,30.941043853759766,0.00014084577560424805,0.9978755712509155,2019.485107421875,-2.9087066650390625e-05,0.998552680015564,162.39227294921875,0.00020492076873779297,1.014058232307434,0.021418867632746696,-0.030236363410949707,1.0039002895355225,9.890767097473145,-0.010879039764404297,1.008273959159851,16.843965530395508,-0.017604351043701172,51,785,0.0007064342498779297
SLIM*MIX_ms0.01_pat5_fn-full_extended_const-small_ints_ls,dd1681e3-7f95-11f1-88f9-2c7ba0e6fa90,synthetic_prior,0,109,0.9986462593078613,0.1340162754058838,154219.0,0.9961059093475342,30.941051483154297,0.0001404881477355957,0.9978727698326111,2019.4794921875,-2.3603439331054688e-05,0.9985490441322327,162.39169311523438,0.00021213293075561523,1.0140432119369507,0.021418549120426178,-0.030205845832824707,1.003925085067749,9.891012191772461,-0.010928988456726074,1.0083510875701904,16.845252990722656,-0.017760157585144043,52,803,0.0007070302963256836
SLIM*MIX_ms0.01_pat5_fn-full_extended_const-small_ints_ls,dd1681e3-7f95-11f1-88f9-2c7ba0e6fa90,synthetic_prior,0,110,0.9986444115638733,0.13336801528930664,154983.0,0.9961126446723938,30.941261291503906,0.00012701749801635742,0.9978744387626648,2019.4827880859375,-2.682209014892578e-05,0.9985535144805908,162.39242553710938,0.00020319223403930664,1.0138726234436035,0.021414946764707565,-0.029859185218811035,1.0038882493972778,9.89064884185791,-0.010854840278625488,1.0084015130996704,16.846094131469727,-0.01786172389984131,50,782,0.0007107853889465332
SLIM*MIX_ms0.01_pat5_fn-full_extended_const-small_ints_ls,dd1681e3-7f95-11f1-88f9-2c7ba0e6fa90,synthetic_prior,0,111,0.998644232749939,0.14690732955932617,156165.0,0.9961130023002625,30.94127082824707,0.00012630224227905273,0.9978745579719543,2019.483154296875,-2.7179718017578125e-05,0.9985532164573669,162.3923797607422,0.00020384788513183594,1.0138883590698242,0.021415280178189278,-0.029891252517700195,1.0038846731185913,9.890612602233887,-0.01084756851196289,1.0084030628204346,16.846120834350586,-0.01786482334136963,51,794,0.0007111430168151855
SLIM*MIX_ms0.01_pat5_fn-full_extended_const-small_ints_ls,dd1681e3-7f95-11f1-88f9-2c7ba0e6fa90,synthetic_prior,0,112,0.998644232749939,1.3600091934204102,156726.0,0.9961130023002625,30.94127082824707,0.00012630224227905273,0.9978745579719543,2019.483154296875,-2.7179718017578125e-05,0.9985532164573669,162.3923797607422,0.00020384788513183594,1.0138883590698242,0.021415280178189278,-0.029891252517700195,1.0038846731185913,9.890612602233887,-0.01084756851196289,1.0084030628204346,16.846120834350586,-0.01786482334136963,51,794,0.0007111430168151855
SLIM*MIX_ms0.01_pat5_fn-full_extended_const-small_ints_ls,dd1681e3-7f95-11f1-88f9-2c7ba0e6fa90,synthetic_prior,0,113,0.9986440539360046,0.18787813186645508,157884.0,0.9961145520210266,30.94131851196289,0.00012314319610595703,0.9978755116462708,2019.4849853515625,-2.9087066650390625e-05,0.9985532760620117,162.3923797607422,0.00020372867584228516,1.0138369798660278,0.021414194256067276,-0.02978670597076416,1.0038527250289917,9.890297889709473,-0.010783195495605469,1.008395791053772,16.845998764038086,-0.017850279808044434,51,794,0.0007115602493286133
SLIM*MIX_ms0.01_pat5_fn-full_extended_const-small_ints_ls,dd1681e3-7f95-11f1-88f9-2c7ba0e6fa90,synthetic_prior,0,114,0.9986439347267151,0.14226627349853516,159470.0,0.996110200881958,30.941184997558594,0.00013190507888793945,0.997870147228241,2019.47412109375,-1.823902130126953e-05,0.998542308807373,162.39059448242188,0.0002257227897644043,1.0141531229019165,0.02142087183892727,-0.03042912483215332,1.003822922706604,9.890005111694336,-0.010723233222961426,1.0084648132324219,16.847152709960938,-0.017989516258239746,56,858,0.0007117390632629395
SLIM*MIX_ms0.01_pat5_fn-full_extended_const-small_ints_ls,dd1681e3-7f95-11f1-88f9-2c7ba0e6fa90,synthetic_prior,0,115,0.9986414313316345,0.1580185890197754,160102.0,0.9961050152778625,30.941022872924805,0.00014227628707885742,0.997870147228241,2019.47412109375,-1.823902130126953e-05,0.9985488057136536,162.3916473388672,0.00021272897720336914,1.0142157077789307,0.021422190591692924,-0.030556201934814453,1.003915548324585,9.89091682434082,-0.010909676551818848,1.0083743333816528,16.845640182495117,-0.01780688762664795,57,870,0.0007167458534240723
SLIM*MIX_ms0.01_pat5_fn-full_extended_const-small_ints_ls,dd1681e3-7f95-11f1-88f9-2c7ba0e6fa90,synthetic_prior,0,116,0.9986414313316345,0.14302778244018555,161199.0,0.9961050152778625,30.941022872924805,0.00014227628707885742,0.997870147228241,2019.47412109375,-1.823902130126953e-05,0.9985488057136536,162.3916473388672,0.00021272897720336914,1.0142157077789307,0.021422190591692924,-0.030556201934814453,1.003915548324585,9.89091682434082,-0.010909676551818848,1.0083743333816528,16.845640182495117,-0.01780688762664795,57,870,0.0007167458534240723
SLIM*MIX_ms0.01_pat5_fn-full_extended_const-small_ints_ls,dd1681e3-7f95-11f1-88f9-2c7ba0e6fa90,synthetic_prior,0,117,0.9986414313316345,1.3399429321289062,162660.0,0.9961050152778625,30.941022872924805,0.00014227628707885742,0.997870147228241,2019.47412109375,-1.823902130126953e-05,0.9985488057136536,162.3916473388672,0.00021272897720336914,1.0142157077789307,0.021422190591692924,-0.030556201934814453,1.003915548324585,9.89091682434082,-0.010909676551818848,1.0083743333816528,16.845640182495117,-0.01780688762664795,57,870,0.0007167458534240723
SLIM*MIX_ms0.01_pat5_fn-full_extended_const-small_ints_ls,dd1681e3-7f95-11f1-88f9-2c7ba0e6fa90,synthetic_prior,0,118,0.9986411929130554,0.14237141609191895,165312.0,0.9961065649986267,30.941070556640625,0.0001392364501953125,0.9978685975074768,2019.470947265625,-1.5139579772949219e-05,0.9985499382019043,162.39183044433594,0.0002104043960571289,1.0142450332641602,0.021422814577817917,-0.030616044998168945,1.0038979053497314,9.890743255615234,-0.010874152183532715,1.008368968963623,16.845550537109375,-0.017796039581298828,59,899,0.0007172226905822754
SLIM*MIX_ms0.01_pat5_fn-full_extended_const-small_ints_ls,dd1681e3-7f95-11f1-88f9-2c7ba0e6fa90,synthetic_prior,0,119,0.9986409544944763,0.14389920234680176,168168.0,0.9961113929748535,30.941221237182617,0.00012946128845214844,0.9978716373443604,2019.47705078125,-2.1338462829589844e-05,0.9985495805740356,162.3917694091797,0.00021117925643920898,1.0140659809112549,0.02141903154551983,-0.03025209903717041,1.0039269924163818,9.891030311584473,-0.01093292236328125,1.0084294080734253,16.8465633392334,-0.01791822910308838,52,815,0.0007177591323852539
SLIM*MIX_ms0.01_pat5_fn-full_extended_const-small_ints_ls,dd1681e3-7f95-11f1-88f9-2c7ba0e6fa90,synthetic_prior,0,120,0.9986405372619629,0.12854266166687012,170742.0,0.9961032271385193,30.940967559814453,0.00014591217041015625,0.99786776304245,2019.4693603515625,-1.3589859008789062e-05,0.9985514283180237,162.39207458496094,0.00020742416381835938,1.0143005847930908,0.021423986181616783,-0.030728697776794434,1.0038996934890747,9.890762329101562,-0.01087796688079834,1.0083810091018677,16.845752716064453,-0.017820358276367188,61,928,0.0007184743881225586
SLIM*MIX_ms0.01_pat5_fn-full_extended_const-small_ints_ls,dd1681e3-7f95-11f1-88f9-2c7ba0e6fa90,synthetic_prior,0,121,0.9986405372619629,0.13727116584777832,173839.0,0.9961032271385193,30.940967559814453,0.00014591217041015625,0.99786776304245,2019.4693603515625,-1.3589859008789062e-05,0.9985514283180237,162.39207458496094,0.00020742416381835938,1.0143005847930908,0.021423986181616783,-0.030728697776794434,1.0038996934890747,9.890762329101562,-0.01087796688079834,1.0083810091018677,16.845752716064453,-0.017820358276367188,61,928,0.0007184743881225586
SLIM*MIX_ms0.01_pat5_fn-full_extended_const-small_ints_ls,dd1681e3-7f95-11f1-88f9-2c7ba0e6fa90,synthetic_prior,0,122,0.998640239238739,1.3079636096954346,175728.0,0.9961101412773132,30.941179275512695,0.00013202428817749023,0.9978726506233215,2019.479248046875,-2.3365020751953125e-05,0.9985507726669312,162.3919677734375,0.00020879507064819336,1.0140284299850464,0.021418236196041107,-0.03017568588256836,1.0039043426513672,9.890807151794434,-0.0108872652053833,1.008454442024231,16.84697914123535,-0.01796853542327881,53,829,0.0007190704345703125
SLIM*MIX_ms0.01_pat5_fn-full_extended_const-small_ints_ls,dd1681e3-7f95-11f1-88f9-2c7ba0e6fa90,synthetic_prior,0,123,0.9986400008201599,0.1394822597503662,175386.0,0.9961113333702087,30.94121742248535,0.00012958049774169922,0.9978721737861633,2019.478271484375,-2.2292137145996094e-05,0.9985480308532715,162.3915252685547,0.0002142786979675293,1.0139750242233276,0.021417109295725822,-0.0300673246383667,1.0039111375808716,9.890873908996582,-0.01090085506439209,1.0084147453308105,16.846315383911133,-0.017888426780700684,55,870,0.0007194876670837402
SLIM*MIX_ms0.01_pat5_fn-full_extended_const-small_ints_ls,dd1681e3-7f95-11f1-88f9-2c7ba0e6fa90,synthetic_prior,0,124,0.9986400008201599,0.1263432502746582,176489.0,0.9961113333702087,30.94121742248535,0.00012958049774169922,0.9978721737861633,2019.478271484375,-2.2292137145996094e-05,0.9985480308532715,162.3915252685547,0.0002142786979675293,1.0139750242233276,0.021417109295725822,-0.0300673246383667,1.0039111375808716,9.890873908996582,-0.01090085506439209,1.0084147453308105,16.846315383911133,-0.017888426780700684,55,870,0.0007194876670837402
SLIM*MIX_ms0.01_pat5_fn-full_extended_const-small_ints_ls,dd1681e3-7f95-11f1-88f9-2c7ba0e6fa90,synthetic_prior,0,125,0.9986388683319092,0.12802457809448242,177457.0,0.9961056113243103,30.9410400390625,0.0001410841941833496,0.9978678226470947,2019.469482421875,-1.3589859008789062e-05,0.9985522031784058,162.3922119140625,0.00020581483840942383,1.0143431425094604,0.021424883976578712,-0.0308152437210083,1.0038799047470093,9.8905668258667,-0.010838150978088379,1.0084106922149658,16.846248626708984,-0.01788043975830078,61,937,0.0007218122482299805
SLIM*MIX_ms0.01_pat5_fn-full_extended_const-small_ints_ls,dd1681e3-7f95-11f1-88f9-2c7ba0e6fa90,synthetic_prior,0,126,0.9986388683319092,0.14232873916625977,179213.0,0.9961056113243103,30.9410400390625,0.0001410841941833496,0.9978678226470947,2019.469482421875,-1.3589859008789062e-05,0.9985522031784058,162.3922119140625,0.00020581483840942383,1.0143431425094604,0.021424883976578712,-0.0308152437210083,1.0038799047470093,9.8905668258667,-0.010838150978088379,1.0084106922149658,16.846248626708984,-0.01788043975830078,61,937,0.0007218122482299805
SLIM*MIX_ms0.01_pat5_fn-full_extended_const-small_ints_ls,dd1681e3-7f95-11f1-88f9-2c7ba0e6fa90,synthetic_prior,0,127,0.9986386895179749,1.284745693206787,180255.0,0.9961110949516296,30.94120979309082,0.00013005733489990234,0.9978697896003723,2019.473388671875,-1.7523765563964844e-05,0.9985503554344177,162.39190673828125,0.00020956993103027344,1.0139652490615845,0.021416904404759407,-0.03004753589630127,1.003898024559021,9.890745162963867,-0.010874509811401367,1.0084341764450073,16.84663963317871,-0.01792764663696289,55,856,0.0007221102714538574
SLIM*MIX_ms0.01_pat5_fn-full_extended_const-small_ints_ls,dd1681e3-7f95-11f1-88f9-2c7ba0e6fa90,synthetic_prior,0,128,0.9986384510993958,0.1275653839111328,181551.0,0.9961105585098267,30.941194534301758,0.00013124942779541016,0.9978734254837036,2019.480712890625,-2.47955322265625e-05,0.9985432624816895,162.39073181152344,0.0002237558364868164,1.0139931440353394,0.021417491137981415,-0.03010404109954834,1.003957748413086,9.89133358001709,-0.010994911193847656,1.0083881616592407,16.84587287902832,-0.017834901809692383,57,889,0.0007226467132568359
SLIM*MIX_ms0.01_pat5_fn-full_extended_const-small_ints_ls,dd1681e3-7f95-11f1-88f9-2c7ba0e6fa90,synthetic_prior,0,129,0.9986380934715271,0.15839409828186035,181827.0,0.9961089491844177,30.941143035888672,0.00013440847396850586,0.9978671073913574,2019.468017578125,-1.2278556823730469e-05,0.9985499978065491,162.39183044433594,0.00021034479141235352,1.0142748355865479,0.021423442289233208,-0.03067648410797119,1.0039020776748657,9.89078426361084,-0.01088261604309082,1.0085080862045288,16.847875595092773,-0.01807701587677002,63,968,0.0007233023643493652
SLIM*MIX_ms0.01_pat5_fn-full_extended_const-small_ints_ls,dd1681e3-7f95-11f1-88f9-2c7ba0e6fa90,synthetic_prior,0,130,0.9986379146575928,0.13742804527282715,182672.0,0.9961079359054565,30.941112518310547,0.00013637542724609375,0.9978674054145813,2019.468505859375,-1.2755393981933594e-05,0.9985502362251282,162.3918914794922,0.0002097487449645996,1.0142569541931152,0.021423064172267914,-0.030640125274658203,1.0039101839065552,9.890865325927734,-0.010898947715759277,1.0085235834121704,16.848133087158203,-0.018108129501342773,62,953,0.000723719596862793
SLIM*MIX_ms0.01_pat5_fn-full_extended_const-small_ints_ls,dd1681e3-7f95-11f1-88f9-2c7ba0e6fa90,synthetic_prior,0,131,0.9986377358436584,0.15134191513061523,183012.0,0.9961143732070923,30.941314697265625,0.00012350082397460938,0.9978681802749634,2019.4703369140625,-1.430511474609375e-05,0.998548150062561,162.3915252685547,0.00021404027938842773,1.0140339136123657,0.021418355405330658,-0.030187010765075684,1.0038774013519287,9.890542030334473,-0.010833144187927246,1.0084614753723145,16.847097396850586,-0.017982840538024902,57,883,0.0007240772247314453
SLIM*MIX_ms0.01_pat5_fn-full_extended_const-small_ints_ls,dd1681e3-7f95-11f1-88f9-2c7ba0e6fa90,synthetic_prior,0,132,0.998636782169342,1.302595853805542,184501.0,0.9961115717887878,30.941225051879883,0.0001291036605834961,0.9978676438331604,2019.468994140625,-1.33514404296875e-05,0.9985482096672058,162.3915557861328,0.00021386146545410156,1.014351487159729,0.02142506279051304,-0.030832290649414062,1.0039055347442627,9.890819549560547,-0.010889649391174316,1.0084707736968994,16.847251892089844,-0.018001675605773926,63,966,0.0007260441780090332
SLIM*MIX_ms0.01_pat5_fn-full_extended_const-small_ints_ls,dd1681e3-7f95-11f1-88f9-2c7ba0e6fa90,synthetic_prior,0,133,0.9986361265182495,0.1423633098602295,185967.0,0.9961121678352356,30.94124412536621,0.00012791156768798828,0.9978682398796082,2019.470458984375,-1.4543533325195312e-05,0.9985494017601013,162.39175415039062,0.00021147727966308594,1.0144115686416626,0.021426331251859665,-0.030954480171203613,1.0039050579071045,9.890814781188965,-0.01088869571685791,1.008484959602356,16.84748649597168,-0.01803004741668701,64,996,0.0007273554801940918
SLIM*MIX_ms0.01_pat5_fn-full_extended_const-small_ints_ls,dd1681e3-7f95-11f1-88f9-2c7ba0e6fa90,synthetic_prior,0,134,0.9986361265182495,0.14251470565795898,187679.0,0.9961121678352356,30.94124412536621,0.00012791156768798828,0.9978682398796082,2019.470458984375,-1.4543533325195312e-05,0.9985494017601013,162.39175415039062,0.00021147727966308594,1.0144115686416626,0.021426331251859665,-0.030954480171203613,1.0039050579071045,9.890814781188965,-0.01088869571685791,1.008484959602356,16.84748649597168,-0.01803004741668701,64,996,0.0007273554801940918
SLIM*MIX_ms0.01_pat5_fn-full_extended_const-small_ints_ls,dd1681e3-7f95-11f1-88f9-2c7ba0e6fa90,synthetic_prior,0,135,0.9986352324485779,0.12966036796569824,189576.0,0.9961108565330505,30.941204071044922,0.00013065338134765625,0.9978659749031067,2019.4656982421875,-1.0013580322265625e-05,0.9985485076904297,162.39161682128906,0.00021320581436157227,1.0142830610275269,0.021423617377877235,-0.03069329261779785,1.0038745403289795,9.890514373779297,-0.010827183723449707,1.0084863901138306,16.84751319885254,-0.018033146858215332,65,989,0.0007290840148925781
SLIM*MIX_ms0.01_pat5_fn-full_extended_const-small_ints_ls,dd1681e3-7f95-11f1-88f9-2c7ba0e6fa90,synthetic_prior,0,136,0.9986352324485779,0.13491344451904297,191621.0,0.9961108565330505,30.941204071044922,0.00013065338134765625,0.9978659749031067,2019.4656982421875,-1.0013580322265625e-05,0.9985485076904297,162.39161682128906,0.00021320581436157227,1.0142830610275269,0.021423617377877235,-0.03069329261779785,1.0038745403289795,9.890514373779297,-0.010827183723449707,1.0084863901138306,16.84751319885254,-0.018033146858215332,65,989,0.0007290840148925781
SLIM*MIX_ms0.01_pat5_fn-full_extended_const-small_ints_ls,dd1681e3-7f95-11f1-88f9-2c7ba0e6fa90,synthetic_prior,0,137,0.9986352324485779,1.2774171829223633,194169.0,0.9961108565330505,30.941204071044922,0.00013065338134765625,0.9978659749031067,2019.4656982421875,-1.0013580322265625e-05,0.9985485076904297,162.39161682128906,0.00021320581436157227,1.0142830610275269,0.021423617377877235,-0.03069329261779785,1.0038745403289795,9.890514373779297,-0.010827183723449707,1.0084863901138306,16.84751319885254,-0.018033146858215332,65,989,0.0007290840148925781
SLIM*MIX_ms0.01_pat5_fn-full_extended_const-small_ints_ls,dd1681e3-7f95-11f1-88f9-2c7ba0e6fa90,synthetic_prior,0,138,0.9986352324485779,0.1452188491821289,196133.0,0.9961109161376953,30.94120216369629,0.00013053417205810547,0.9978659152984619,2019.4656982421875,-9.775161743164062e-06,0.9985480308532715,162.3915252685547,0.0002142190933227539,1.0142484903335571,0.021422887220978737,-0.03062307834625244,1.0038721561431885,9.890490531921387,-0.010822534561157227,1.0085034370422363,16.847797393798828,-0.018067598342895508,63,955,0.0007290840148925781
SLIM*MIX_ms0.01_pat5_fn-full_extended_const-small_ints_ls,dd1681e3-7f95-11f1-88f9-2c7ba0e6fa90,synthetic_prior,0,139,0.9986348152160645,0.13661599159240723,198427.0,0.9961126446723938,30.941255569458008,0.00012701749801635742,0.9978660941123962,2019.466064453125,-1.0132789611816406e-05,0.9985493421554565,162.39173889160156,0.0002116560935974121,1.0142531394958496,0.021422984078526497,-0.030632376670837402,1.0039024353027344,9.890789031982422,-0.010883450508117676,1.0084831714630127,16.84745979309082,-0.01802659034729004,67,1027,0.000729978084564209
SLIM*MIX_ms0.01_pat5_fn-full_extended_const-small_ints_ls,dd1681e3-7f95-11f1-88f9-2c7ba0e6fa90,synthetic_prior,0,140,0.9986346960067749,0.1435844898223877,200541.0,0.9961097240447998,30.9411678314209,0.0001328587532043457,0.9978663921356201,2019.4666748046875,-1.0848045349121094e-05,0.9985488057136536,162.3916473388672,0.00021272897720336914,1.0143604278564453,0.02142524905502796,-0.03085041046142578,1.003878116607666,9.890549659729004,-0.010834574699401855,1.008513331413269,16.84796142578125,-0.018087387084960938,66,1005,0.0007302165031433105
SLIM*MIX_ms0.01_pat5_fn-full_extended_const-small_ints_ls,dd1681e3-7f95-11f1-88f9-2c7ba0e6fa90,synthetic_prior,0,141,0.9986346364021301,0.14241981506347656,202980.0,0.9961074590682983,30.941097259521484,0.0001373291015625,0.9978728294372559,2019.4796142578125,-2.3603439331054688e-05,0.9985522031784058,162.3922119140625,0.00020581483840942383,1.0144221782684326,0.021426552906632423,-0.030975818634033203,1.0038988590240479,9.890753746032715,-0.010876297950744629,1.0085387229919434,16.848386764526367,-0.018138766288757324,67,1032,0.0007303357124328613
SLIM*MIX_ms0.01_pat5_fn-full_extended_const-small_ints_ls,dd1681e3-7f95-11f1-88f9-2c7ba0e6fa90,synthetic_prior,0,142,0.9986340403556824,1.3043615818023682,203801.0,0.9961092472076416,30.941152572631836,0.00013381242752075195,0.9978689551353455,2019.4718017578125,-1.5854835510253906e-05,0.9985511898994446,162.3920440673828,0.0002078413963317871,1.014420747756958,0.021426524966955185,-0.030973076820373535,1.0039173364639282,9.890935897827148,-0.010913372039794922,1.0085217952728271,16.84810447692871,-0.0181046724319458,69,1082,0.0007314682006835938
SLIM*MIX_ms0.01_pat5_fn-full_extended_const-small_ints_ls,dd1681e3-7f95-11f1-88f9-2c7ba0e6fa90,synthetic_prior,0,143,0.998633861541748,0.13732004165649414,204719.0,0.9961057305335999,30.9410457611084,0.00014084577560424805,0.9978728294372559,2019.4794921875,-2.3603439331054688e-05,0.9985527992248535,162.39231872558594,0.0002046823501586914,1.014572024345398,0.021429719403386116,-0.03128063678741455,1.0039039850234985,9.890803337097168,-0.010886430740356445,1.0084867477416992,16.84752082824707,-0.018033862113952637,67,1030,0.0007318258285522461
SLIM*MIX_ms0.01_pat5_fn-full_extended_const-small_ints_ls,dd1681e3-7f95-11f1-88f9-2c7ba0e6fa90,synthetic_prior,0,144,0.9986334443092346,0.13839340209960938,206696.0,0.9961056709289551,30.941041946411133,0.00014096498489379883,0.9978724718093872,2019.47900390625,-2.300739288330078e-05,0.9985519647598267,162.3921661376953,0.00020629167556762695,1.014551043510437,0.02142927795648575,-0.03123795986175537,1.003908395767212,9.890848159790039,-0.010895371437072754,1.0085382461547852,16.84838104248047,-0.018137812614440918,68,1047,0.000732719898223877
SLIM*MIX_ms0.01_pat5_fn-full_extended_const-small_ints_ls,dd1681e3-7f95-11f1-88f9-2c7ba0e6fa90,synthetic_prior,0,145,0.9986334443092346,0.13462352752685547,207956.0,0.996105968952179,30.941051483154297,0.00014036893844604492,0.9978733062744141,2019.48046875,-2.4557113647460938e-05,0.9985523819923401,162.39224243164062,0.00020545721054077148,1.0145602226257324,0.02142946980893612,-0.03125655651092529,1.003947138786316,9.891229629516602,-0.010973572731018066,1.0084854364395142,16.847497940063477,-0.01803123950958252,67,1030,0.0007326602935791016
SLIM*MIX_ms0.01_pat5_fn-full_extended_const-small_ints_ls,dd1681e3-7f95-11f1-88f9-2c7ba0e6fa90,synthetic_prior,0,146,0.998632550239563,0.13944077491760254,209923.0,0.9961057305335999,30.9410457611084,0.00014084577560424805,0.9978753924369812,2019.484619140625,-2.872943878173828e-05,0.9985543489456177,162.39256286621094,0.0002015233039855957,1.0145995616912842,0.021430300548672676,-0.031336426734924316,1.003940224647522,9.89116096496582,-0.010959625244140625,1.0085203647613525,16.848079681396484,-0.01810169219970703,68,1050,0.0007344484329223633
SLIM*MIX_ms0.01_pat5_fn-full_extended_const-small_ints_ls,dd1681e3-7f95-11f1-88f9-2c7ba0e6fa90,synthetic_prior,0,147,0.9986319541931152,0.14196538925170898,211828.0,0.9961060881614685,30.94105339050293,0.00014013051986694336,0.9978747367858887,2019.4833984375,-2.7418136596679688e-05,0.9985525608062744,162.39227294921875,0.00020515918731689453,1.0144624710083008,0.021427404135465622,-0.03105771541595459,1.0038388967514038,9.890162467956543,-0.010755300521850586,1.00859797000885,16.849376678466797,-0.01825857162475586,69,1060,0.0007357001304626465
SLIM*MIX_ms0.01_pat5_fn-full_extended_const-small_ints_ls,dd1681e3-7f95-11f1-88f9-2c7ba0e6fa90,synthetic_prior,0,148,0.9986316561698914,0.12710237503051758,212508.0,0.9961063265800476,30.94106101989746,0.00013965368270874023,0.997874915599823,2019.4837646484375,-2.7894973754882812e-05,0.9985518455505371,162.39215087890625,0.0002066493034362793,1.0144578218460083,0.021427305415272713,-0.031048297882080078,1.0038385391235352,9.890159606933594,-0.010754823684692383,1.0085978507995605,16.849374771118164,-0.018258213996887207,70,1075,0.0007362961769104004
SLIM*MIX_ms0.01_pat5_fn-full_extended_const-small_ints_ls,dd1681e3-7f95-11f1-88f9-2c7ba0e6fa90,synthetic_prior,0,149,0.9986316561698914,0.13845181465148926,212119.0,0.9961063265800476,30.94106101989746,0.00013965368270874023,0.997874915599823,2019.4837646484375,-2.7894973754882812e-05,0.9985518455505371,162.39215087890625,0.0002066493034362793,1.0144578218460083,0.021427305415272713,-0.031048297882080078,1.0038385391235352,9.890159606933594,-0.010754823684692383,1.0085978507995605,16.849374771118164,-0.018258213996887207,70,1075,0.0007362961769104004
SLIM*MIX_ms0.01_pat5_fn-full_extended_const-small_ints_ls,dd1681e3-7f95-11f1-88f9-2c7ba0e6fa90,synthetic_prior,0,150,0.9986314177513123,0.14960741996765137,212134.0,0.9961054921150208,30.941036224365234,0.00014132261276245117,0.9978734254837036,2019.4808349609375,-2.491474151611328e-05,0.9985524415969849,162.39224243164062,0.0002053976058959961,1.0144786834716797,0.02142774872481823,-0.031090855598449707,1.0038294792175293,9.890069961547852,-0.010736584663391113,1.008609414100647,16.84956932067871,-0.01828157901763916,71,1089,0.0007367134094238281
SLIM*MIX_ms0.01_pat5_fn-full_extended_const-small_ints_ls,dd1681e3-7f95-11f1-88f9-2c7ba0e6fa90,synthetic_prior,0,151,0.9986314177513123,1.3310565948486328,214198.0,0.9961054921150208,30.941036224365234,0.00014132261276245117,0.9978734254837036,2019.4808349609375,-2.491474151611328e-05,0.9985524415969849,162.39224243164062,0.0002053976058959961,1.0144786834716797,0.02142774872481823,-0.031090855598449707,1.0038294792175293,9.890069961547852,-0.010736584663391113,1.008609414100647,16.84956932067871,-0.01828157901763916,71,1089,0.0007367134094238281
SLIM*MIX_ms0.01_pat5_fn-full_extended_const-small_ints_ls,dd1681e3-7f95-11f1-88f9-2c7ba0e6fa90,synthetic_prior,0,152,0.9986310005187988,0.15898823738098145,214748.0,0.9961081147193909,30.941118240356445,0.0001360177993774414,0.9978746771812439,2019.4832763671875,-2.7298927307128906e-05,0.9985483884811401,162.39158630371094,0.0002135634422302246,1.0146613121032715,0.021431604400277138,-0.03146207332611084,1.0037940740585327,9.889720916748047,-0.010665178298950195,1.0086688995361328,16.850563049316406,-0.018401741981506348,72,1100,0.0007375478744506836
SLIM*MIX_ms0.01_pat5_fn-full_extended_const-small_ints_ls,dd1681e3-7f95-11f1-88f9-2c7ba0e6fa90,synthetic_prior,0,153,0.998630702495575,0.13843226432800293,216178.0,0.9961046576499939,30.941011428833008,0.0001429915428161621,0.9978765249252319,2019.487060546875,-3.1113624572753906e-05,0.9985554814338684,162.3927459716797,0.00019931793212890625,1.0143661499023438,0.02142537198960781,-0.030862092971801758,1.0038117170333862,9.889894485473633,-0.010700702667236328,1.0084807872772217,16.84741973876953,-0.018021821975708008,72,1105,0.0007382035255432129
SLIM*MIX_ms0.01_pat5_fn-full_extended_const-small_ints_ls,dd1681e3-7f95-11f1-88f9-2c7ba0e6fa90,synthetic_prior,0,154,0.9986302256584167,0.15703988075256348,217785.0,0.9961055517196655,30.941036224365234,0.0001412034034729004,0.9978757500648499,2019.4854736328125,-2.944469451904297e-05,0.9985495209693909,162.3917694091797,0.00021123886108398438,1.0144822597503662,0.021427825093269348,-0.031098127365112305,1.0039033889770508,9.890798568725586,-0.010885357856750488,1.00858736038208,16.849201202392578,-0.01823711395263672,73,1113,0.0007390975952148438
SLIM*MIX_ms0.01_pat5_fn-full_extended_const-small_ints_ls,dd1681e3-7f95-11f1-88f9-2c7ba0e6fa90,synthetic_prior,0,155,0.9986298084259033,0.15773510932922363,219272.0,0.9961116909980774,30.94123077392578,0.00012886524200439453,0.9978747963905334,2019.483642578125,-2.765655517578125e-05,0.9985495805740356,162.39178466796875,0.0002110600471496582,1.0144881010055542,0.021427946165204048,-0.031110048294067383,1.0039091110229492,9.890854835510254,-0.010896921157836914,1.0084178447723389,16.84636878967285,-0.017894864082336426,74,1116,0.0007399916648864746
SLIM*MIX_ms0.01_pat5_fn-full_extended_const-small_ints_ls,dd1681e3-7f95-11f1-88f9-2c7ba0e6fa90,synthetic_prior,0,156,0.9986294507980347,0.13982272148132324,220812.0,0.9961110949516296,30.941213607788086,0.00013005733489990234,0.9978730082511902,2019.4798583984375,-2.396106719970703e-05,0.9985524415969849,162.39224243164062,0.0002053976058959961,1.0144239664077759,0.021426590159535408,-0.030979514122009277,1.0038965940475464,9.890731811523438,-0.010871648788452148,1.0084348917007446,16.84665298461914,-0.0179290771484375,75,1134,0.0007406473159790039
SLIM*MIX_ms0.01_pat5_fn-full_extended_const-small_ints_ls,dd1681e3-7f95-11f1-88f9-2c7ba0e6fa90,synthetic_prior,0,157,0.9986292719841003,0.15816974639892578,221643.0,0.9961110949516296,30.94120979309082,0.00013005733489990234,0.9978728890419006,2019.4796142578125,-2.372264862060547e-05,0.9985525012016296,162.3922576904297,0.0002053380012512207,1.014432430267334,0.021426770836114883,-0.03099668025970459,1.0038946866989136,9.89071273803711,-0.010867834091186523,1.008439540863037,16.846729278564453,-0.01793849468231201,76,1148,0.000741124153137207
SLIM*MIX_ms0.01_pat5_fn-full_extended_const-small_ints_ls,dd1681e3-7f95-11f1-88f9-2c7ba0e6fa90,synthetic_prior,0,158,0.9986287951469421,0.13872528076171875,222514.0,0.9961134791374207,30.9412841796875,0.00012534856796264648,0.9978745579719543,2019.483154296875,-2.7179718017578125e-05,0.9985451698303223,162.3910675048828,0.0002199411392211914,1.0144366025924683,0.021426858380436897,-0.031005263328552246,1.0038580894470215,9.890352249145508,-0.01079416275024414,1.0083580017089844,16.845369338989258,-0.017774105072021484,76,1149,0.0007419586181640625
SLIM*MIX_ms0.01_pat5_fn-full_extended_const-small_ints_ls,dd1681e3-7f95-11f1-88f9-2c7ba0e6fa90,synthetic_prior,0,159,0.9986287951469421,0.14205622673034668,223841.0,0.9961134791374207,30.9412841796875,0.00012534856796264648,0.9978745579719543,2019.483154296875,-2.7179718017578125e-05,0.9985451698303223,162.3910675048828,0.0002199411392211914,1.0144366025924683,0.021426858380436897,-0.031005263328552246,1.0038580894470215,9.890352249145508,-0.01079416275024414,1.0083580017089844,16.845369338989258,-0.017774105072021484,76,1149,0.0007419586181640625
SLIM*MIX_ms0.01_pat5_fn-full_extended_const-small_ints_ls,dd1681e3-7f95-11f1-88f9-2c7ba0e6fa90,synthetic_prior,0,160,0.9986287951469421,1.3162946701049805,225788.0,0.9961134791374207,30.9412841796875,0.00012534856796264648,0.9978745579719543,2019.483154296875,-2.7179718017578125e-05,0.9985451698303223,162.3910675048828,0.0002199411392211914,1.0144366025924683,0.021426858380436897,-0.031005263328552246,1.0038580894470215,9.890352249145508,-0.01079416275024414,1.0083580017089844,16.845369338989258,-0.017774105072021484,76,1149,0.0007419586181640625
SLIM*MIX_ms0.01_pat5_fn-full_extended_const-small_ints_ls,dd1681e3-7f95-11f1-88f9-2c7ba0e6fa90,synthetic_prior,0,161,0.9986273050308228,0.14933347702026367,227056.0,0.9961140155792236,30.941301345825195,0.00012415647506713867,0.9978756904602051,2019.4853515625,-2.944469451904297e-05,0.9985518455505371,162.39215087890625,0.0002066493034362793,1.0146558284759521,0.021431487053632736,-0.031450748443603516,1.0038847923278809,9.89061450958252,-0.010847926139831543,1.0083041191101074,16.84446907043457,-0.01766514778137207,74,1147,0.0007449984550476074
SLIM*MIX_ms0.01_pat5_fn-full_extended_const-small_ints_ls,dd1681e3-7f95-11f1-88f9-2c7ba0e6fa90,synthetic_prior,0,162,0.9986273050308228,0.1915426254272461,228464.0,0.9961140155792236,30.941301345825195,0.00012415647506713867,0.9978756904602051,2019.4853515625,-2.944469451904297e-05,0.9985518455505371,162.39215087890625,0.0002066493034362793,1.0146558284759521,0.021431487053632736,-0.031450748443603516,1.0038847923278809,9.89061450958252,-0.010847926139831543,1.0083041191101074,16.84446907043457,-0.01766514778137207,74,1147,0.0007449984550476074
SLIM*MIX_ms0.01_pat5_fn-full_extended_const-small_ints_ls,dd1681e3-7f95-11f1-88f9-2c7ba0e6fa90,synthetic_prior,0,163,0.9986273050308228,0.1754002571105957,230224.0,0.9961140155792236,30.941301345825195,0.00012415647506713867,0.9978756904602051,2019.4853515625,-2.944469451904297e-05,0.9985518455505371,162.39215087890625,0.0002066493034362793,1.0146558284759521,0.021431487053632736,-0.031450748443603516,1.0038847923278809,9.89061450958252,-0.010847926139831543,1.0083041191101074,16.84446907043457,-0.01766514778137207,74,1147,0.0007449984550476074
SLIM*MIX_ms0.01_pat5_fn-full_extended_const-small_ints_ls,dd1681e3-7f95-11f1-88f9-2c7ba0e6fa90,synthetic_prior,0,164,0.9986273050308228,1.3492958545684814,232440.0,0.9961140155792236,30.941301345825195,0.00012415647506713867,0.9978756904602051,2019.4853515625,-2.944469451904297e-05,0.9985518455505371,162.39215087890625,0.0002066493034362793,1.0146558284759521,0.021431487053632736,-0.031450748443603516,1.0038847923278809,9.89061450958252,-0.010847926139831543,1.0083041191101074,16.84446907043457,-0.01766514778137207,74,1147,0.0007449984550476074
SLIM*MIX_ms0.01_pat5_fn-full_extended_const-small_ints_ls,dd1681e3-7f95-11f1-88f9-2c7ba0e6fa90,synthetic_prior,0,165,0.9986268281936646,0.23879384994506836,233736.0,0.996121346950531,30.941530227661133,0.00010949373245239258,0.9978742003440857,2019.4822998046875,-2.6345252990722656e-05,0.9985558390617371,162.39279174804688,0.00019854307174682617,1.0146414041519165,0.02143118530511856,-0.031421661376953125,1.0038214921951294,9.889991760253906,-0.010720491409301758,1.0084795951843262,16.847400665283203,-0.018019437789916992,77,1190,0.0007460117340087891
SLIM*MIX_ms0.01_pat5_fn-full_extended_const-small_ints_ls,dd1681e3-7f95-11f1-88f9-2c7ba0e6fa90,synthetic_prior,0,166,0.9986268281936646,0.2390456199645996,235359.0,0.996121346950531,30.941530227661133,0.00010949373245239258,0.9978742003440857,2019.4822998046875,-2.6345252990722656e-05,0.9985558390617371,162.39279174804688,0.00019854307174682617,1.0146414041519165,0.02143118530511856,-0.031421661376953125,1.0038214921951294,9.889991760253906,-0.010720491409301758,1.0084795951843262,16.847400665283203,-0.018019437789916992,77,1190,0.0007460117340087891
SLIM*MIX_ms0.01_pat5_fn-full_extended_const-small_ints_ls,dd1681e3-7f95-11f1-88f9-2c7ba0e6fa90,synthetic_prior,0,167,0.9986264109611511,0.18978500366210938,237148.0,0.9961169958114624,30.941394805908203,0.00011831521987915039,0.9978705048561096,2019.474853515625,-1.895427703857422e-05,0.9985468983650208,162.39132690429688,0.00021648406982421875,1.014503836631775,0.02142827957868576,-0.031141996383666992,1.0037693977355957,9.88947868347168,-0.01061558723449707,1.0083905458450317,16.84591293334961,-0.017839670181274414,80,1207,0.0007467269897460938
SLIM*MIX_ms0.01_pat5_fn-full_extended_const-small_ints_ls,dd1681e3-7f95-11f1-88f9-2c7ba0e6fa90,synthetic_prior,0,168,0.9986264109611511,0.13982391357421875,237843.0,0.9961169958114624,30.941394805908203,0.00011831521987915039,0.9978705048561096,2019.474853515625,-1.895427703857422e-05,0.9985468983650208,162.39132690429688,0.00021648406982421875,1.014503836631775,0.02142827957868576,-0.031141996383666992,1.0037693977355957,9.88947868347168,-0.01061558723449707,1.0083905458450317,16.84591293334961,-0.017839670181274414,80,1207,0.0007467269897460938
SLIM*MIX_ms0.01_pat5_fn-full_extended_const-small_ints_ls,dd1681e3-7f95-11f1-88f9-2c7ba0e6fa90,synthetic_prior,0,169,0.9986253380775452,0.15825295448303223,239350.0,0.9961175322532654,30.9414119720459,0.00011712312698364258,0.9978698492050171,2019.4736328125,-1.7762184143066406e-05,0.9985469579696655,162.391357421875,0.00021636486053466797,1.0144765377044678,0.02142770029604435,-0.031086325645446777,1.0037670135498047,9.88945484161377,-0.010610699653625488,1.008446216583252,16.846843719482422,-0.01795220375061035,82,1234,0.0007489919662475586
SLIM*MIX_ms0.01_pat5_fn-full_extended_const-small_ints_ls,dd1681e3-7f95-11f1-88f9-2c7ba0e6fa90,synthetic_prior,0,170,0.9986253380775452,0.14261198043823242,240453.0,0.9961175322532654,30.9414119720459,0.00011712312698364258,0.9978698492050171,2019.4736328125,-1.7762184143066406e-05,0.9985469579696655,162.391357421875,0.00021636486053466797,1.0144765377044678,0.02142770029604435,-0.031086325645446777,1.0037670135498047,9.88945484161377,-0.010610699653625488,1.008446216583252,16.846843719482422,-0.01795220375061035,82,1234,0.0007489919662475586
SLIM*MIX_ms0.01_pat5_fn-full_extended_const-small_ints_ls,dd1681e3-7f95-11f1-88f9-2c7ba0e6fa90,synthetic_prior,0,171,0.9986253380775452,0.18127202987670898,241575.0,0.9961175322532654,30.9414119720459,0.00011712312698364258,0.9978698492050171,2019.4736328125,-1.7762184143066406e-05,0.9985469579696655,162.391357421875,0.00021636486053466797,1.0144765377044678,0.02142770029604435,-0.031086325645446777,1.0037670135498047,9.88945484161377,-0.010610699653625488,1.008446216583252,16.846843719482422,-0.01795220375061035,82,1234,0.0007489919662475586
SLIM*MIX_ms0.01_pat5_fn-full_extended_const-small_ints_ls,dd1681e3-7f95-11f1-88f9-2c7ba0e6fa90,synthetic_prior,0,172,0.9986246824264526,0.15956616401672363,243108.0,0.996116578578949,30.94137954711914,0.00011903047561645508,0.9978712201118469,2019.476318359375,-2.0503997802734375e-05,0.9985461831092834,162.39122009277344,0.00021791458129882812,1.0145307779312134,0.021428847685456276,-0.0311967134475708,1.0037959814071655,9.889739990234375,-0.010669112205505371,1.0084317922592163,16.846599578857422,-0.01792287826538086,83,1251,0.0007503032684326172
SLIM*MIX_ms0.01_pat5_fn-full_extended_const-small_ints_ls,dd1681e3-7f95-11f1-88f9-2c7ba0e6fa90,synthetic_prior,0,173,0.9986245036125183,0.13853096961975098,245053.0,0.9961138367652893,30.94129753112793,0.00012451410293579102,0.9978721141815186,2019.478271484375,-2.2172927856445312e-05,0.9985447525978088,162.3909912109375,0.00022077560424804688,1.0146132707595825,0.021430591121315956,-0.0313645601272583,1.003767728805542,9.889461517333984,-0.010612130165100098,1.0084878206253052,16.847536087036133,-0.01803600788116455,82,1231,0.0007505416870117188
SLIM*MIX_ms0.01_pat5_fn-full_extended_const-small_ints_ls,dd1681e3-7f95-11f1-88f9-2c7ba0e6fa90,synthetic_prior,0,174,0.9986243844032288,0.14234685897827148,246828.0,0.9961161613464355,30.941368103027344,0.00011998414993286133,0.99787437915802,2019.482666015625,-2.682209014892578e-05,0.9985474944114685,162.3914337158203,0.00021535158157348633,1.0149449110031128,0.021437594667077065,-0.03203868865966797,1.0038613080978394,9.89038372039795,-0.010800600051879883,1.0083752870559692,16.845659255981445,-0.017809033393859863,78,1201,0.0007508397102355957
SLIM*MIX_ms0.01_pat5_fn-full_extended_const-small_ints_ls,dd1681e3-7f95-11f1-88f9-2c7ba0e6fa90,synthetic_prior,0,175,0.9986237287521362,0.16836333274841309,247974.0,0.9961142539978027,30.941308975219727,0.00012373924255371094,0.997871994972229,2019.4779052734375,-2.193450927734375e-05,0.9985471963882446,162.39138793945312,0.00021582841873168945,1.0146809816360474,0.021432023495435715,-0.03150224685668945,1.0037627220153809,9.889411926269531,-0.010601997375488281,1.008457064628601,16.847023010253906,-0.017974019050598145,83,1243,0.0007522106170654297
SLIM*MIX_ms0.01_pat5_fn-full_extended_const-small_ints_ls,dd1681e3-7f95-11f1-88f9-2c7ba0e6fa90,synthetic_prior,0,176,0.9986237287521362,0.15770578384399414,249382.0,0.9961142539978027,30.941308975219727,0.00012373924255371094,0.997871994972229,2019.4779052734375,-2.193450927734375e-05,0.9985471963882446,162.39138793945312,0.00021582841873168945,1.0146809816360474,0.021432023495435715,-0.03150224685668945,1.0037627220153809,9.889411926269531,-0.010601997375488281,1.008457064628601,16.847023010253906,-0.017974019050598145,83,1243,0.0007522106170654297
SLIM*MIX_ms0.01_pat5_fn-full_extended_const-small_ints_ls,dd1681e3-7f95-11f1-88f9-2c7ba0e6fa90,synthetic_prior,0,177,0.9986230731010437,0.12897944450378418,250789.0,0.9961142539978027,30.941308975219727,0.00012373924255371094,0.9978760480880737,2019.486083984375,-3.0040740966796875e-05,0.9985448718070984,162.39102172851562,0.0002205371856689453,1.0145248174667358,0.021428722888231277,-0.031184673309326172,1.003770112991333,9.889484405517578,-0.01061701774597168,1.0084208250045776,16.846416473388672,-0.017900824546813965,86,1296,0.0007535219192504883
SLIM*MIX_ms0.01_pat5_fn-full_extended_const-small_ints_ls,dd1681e3-7f95-11f1-88f9-2c7ba0e6fa90,synthetic_prior,0,178,0.9986228346824646,0.14212656021118164,252273.0,0.9961142539978027,30.94131088256836,0.00012373924255371094,0.9978757500648499,2019.4854736328125,-2.956390380859375e-05,0.9985440373420715,162.390869140625,0.00022226572036743164,1.0145210027694702,0.02142864279448986,-0.03117692470550537,1.003772497177124,9.889509201049805,-0.010621786117553711,1.0084139108657837,16.846302032470703,-0.017886757850646973,87,1324,0.0007539987564086914
SLIM*MIX_ms0.01_pat5_fn-full_extended_const-small_ints_ls,dd1681e3-7f95-11f1-88f9-2c7ba0e6fa90,synthetic_prior,0,179,0.9986228346824646,0.14211559295654297,254416.0,0.9961140751838684,30.94130516052246,0.0001240372657775879,0.9978758692741394,2019.48583984375,-2.9802322387695312e-05,0.9985448718070984,162.39100646972656,0.0002205967903137207,1.0145171880722046,0.021428562700748444,-0.03116917610168457,1.0037623643875122,9.889409065246582,-0.010601401329040527,1.0084242820739746,16.84647560119629,-0.01790773868560791,87,1316,0.0007539987564086914
SLIM*MIX_ms0.01_pat5_fn-full_extended_const-small_ints_ls,dd1681e3-7f95-11f1-88f9-2c7ba0e6fa90,synthetic_prior,0,180,0.9986225962638855,0.18102550506591797,256087.0,0.9961140155792236,30.94130516052246,0.00012415647506713867,0.9978741407394409,2019.482177734375,-2.6345252990722656e-05,0.9985485672950745,162.39161682128906,0.00021314620971679688,1.0146273374557495,0.021430887281894684,-0.03139293193817139,1.0037500858306885,9.889287948608398,-0.010576605796813965,1.0084912776947021,16.84759521484375,-0.018042922019958496,89,1337,0.0007543563842773438
SLIM*MIX_ms0.01_pat5_fn-full_extended_const-small_ints_ls,dd1681e3-7f95-11f1-88f9-2c7ba0e6fa90,synthetic_prior,0,181,0.9986220002174377,0.16080355644226074,258518.0,0.9961135983467102,30.9412899017334,0.00012511014938354492,0.9978783130645752,2019.4906005859375,-3.4689903259277344e-05,0.9985431432723999,162.39073181152344,0.00022405385971069336,1.0145655870437622,0.021429583430290222,-0.03126728534698486,1.0037904977798462,9.889686584472656,-0.010658025741577148,1.0084394216537476,16.846729278564453,-0.01793825626373291,88,1323,0.000755608081817627
SLIM*MIX_ms0.01_pat5_fn-full_extended_const-small_ints_ls,dd1681e3-7f95-11f1-88f9-2c7ba0e6fa90,synthetic_prior,0,182,0.9986220002174377,0.1597120761871338,261225.0,0.9961135983467102,30.9412899017334,0.00012511014938354492,0.9978783130645752,2019.4906005859375,-3.4689903259277344e-05,0.9985431432723999,162.39073181152344,0.00022405385971069336,1.0145655870437622,0.021429583430290222,-0.03126728534698486,1.0037904977798462,9.889686584472656,-0.010658025741577148,1.0084394216537476,16.846729278564453,-0.01793825626373291,88,1323,0.000755608081817627
SLIM*MIX_ms0.01_pat5_fn-full_extended_const-small_ints_ls,dd1681e3-7f95-11f1-88f9-2c7ba0e6fa90,synthetic_prior,0,183,0.9986210465431213,0.15752768516540527,263363.0,0.99611496925354,30.941329956054688,0.00012230873107910156,0.9978733658790588,2019.4805908203125,-2.467632293701172e-05,0.998541533946991,162.39047241210938,0.00022721290588378906,1.0145615339279175,0.021429497748613358,-0.03125917911529541,1.003727912902832,9.889068603515625,-0.010531902313232422,1.0084253549575806,16.846494674682617,-0.017910003662109375,92,1406,0.0007575154304504395
SLIM*MIX_ms0.01_pat5_fn-full_extended_const-small_ints_ls,dd1681e3-7f95-11f1-88f9-2c7ba0e6fa90,synthetic_prior,0,184,0.9986210465431213,0.14233732223510742,264984.0,0.99611496925354,30.941329956054688,0.00012230873107910156,0.9978733658790588,2019.4805908203125,-2.467632293701172e-05,0.998541533946991,162.39047241210938,0.00022721290588378906,1.0145615339279175,0.021429497748613358,-0.03125917911529541,1.003727912902832,9.889068603515625,-0.010531902313232422,1.0084253549575806,16.846494674682617,-0.017910003662109375,92,1406,0.0007575154304504395
SLIM*MIX_ms0.01_pat5_fn-full_extended_const-small_ints_ls,dd1681e3-7f95-11f1-88f9-2c7ba0e6fa90,synthetic_prior,0,185,0.9986204504966736,0.15799570083618164,266428.0,0.9961124062538147,30.94124984741211,0.00012749433517456055,0.9978725910186768,2019.47900390625,-2.3126602172851562e-05,0.9985476732254028,162.39146423339844,0.0002149343490600586,1.0144879817962646,0.02142794243991375,-0.03110957145690918,1.0037362575531006,9.889151573181152,-0.010548830032348633,1.0084739923477173,16.847305297851562,-0.018007993698120117,90,1366,0.0007587671279907227
SLIM*MIX_ms0.01_pat5_fn-full_extended_const-small_ints_ls,dd1681e3-7f95-11f1-88f9-2c7ba0e6fa90,synthetic_prior,0,186,0.998620331287384,0.17640256881713867,268579.0,0.9961163401603699,30.941373825073242,0.0001195073127746582,0.9978763461112976,2019.48681640625,-3.075599670410156e-05,0.998545229434967,162.3910675048828,0.00021982192993164062,1.0145387649536133,0.021429017186164856,-0.031212925910949707,1.0037282705307007,9.88907241821289,-0.010532617568969727,1.0084037780761719,16.846132278442383,-0.01786625385284424,93,1418,0.0007590055465698242
SLIM*MIX_ms0.01_pat5_fn-full_extended_const-small_ints_ls,dd1681e3-7f95-11f1-88f9-2c7ba0e6fa90,synthetic_prior,0,187,0.998619019985199,0.23790311813354492,269514.0,0.9961143732070923,30.941312789916992,0.00012350082397460938,0.9978761076927185,2019.4862060546875,-3.0279159545898438e-05,0.9985437393188477,162.3908233642578,0.00022286176681518555,1.0146493911743164,0.02143135294318199,-0.03143787384033203,1.0037286281585693,9.889077186584473,-0.010533452033996582,1.0084139108657837,16.84630012512207,-0.017886638641357422,94,1431,0.0007616281509399414
SLIM*MIX_ms0.01_pat5_fn-full_extended_const-small_ints_ls,dd1681e3-7f95-11f1-88f9-2c7ba0e6fa90,synthetic_prior,0,188,0.998619019985199,0.23797297477722168,272364.0,0.9961115717887878,30.941225051879883,0.0001291036605834961,0.9978788495063782,2019.4918212890625,-3.5643577575683594e-05,0.9985445141792297,162.39096069335938,0.00022125244140625,1.014585018157959,0.021429995074868202,-0.03130698204040527,1.0037263631820679,9.889053344726562,-0.010528802871704102,1.0084199905395508,16.846405029296875,-0.017899155616760254,93,1420,0.0007616281509399414
SLIM*MIX_ms0.01_pat5_fn-full_extended_const-small_ints_ls,dd1681e3-7f95-11f1-88f9-2c7ba0e6fa90,synthetic_prior,0,189,0.9986189007759094,0.18981170654296875,275387.0,0.9961133599281311,30.941280364990234,0.00012558698654174805,0.9978759288787842,2019.48583984375,-2.9921531677246094e-05,0.9985432028770447,162.39073181152344,0.00022393465042114258,1.0146485567092896,0.021431338042020798,-0.03143632411956787,1.0037124156951904,9.888916015625,-0.010500669479370117,1.0083945989608765,16.84598159790039,-0.01784801483154297,95,1446,0.0007617473602294922
SLIM*MIX_ms0.01_pat5_fn-full_extended_const-small_ints_ls,dd1681e3-7f95-11f1-88f9-2c7ba0e6fa90,synthetic_prior,0,190,0.9986189007759094,0.15765595436096191,278071.0,0.9961133599281311,30.941280364990234,0.00012558698654174805,0.9978759288787842,2019.48583984375,-2.9921531677246094e-05,0.9985432028770447,162.39073181152344,0.00022393465042114258,1.0146485567092896,0.021431338042020798,-0.03143632411956787,1.0037124156951904,9.888916015625,-0.010500669479370117,1.0083945989608765,16.84598159790039,-0.01784801483154297,95,1446,0.0007617473602294922
SLIM*MIX_ms0.01_pat5_fn-full_extended_const-small_ints_ls,dd1681e3-7f95-11f1-88f9-2c7ba0e6fa90,synthetic_prior,0,191,0.9986186623573303,0.21742558479309082,281324.0,0.9961140751838684,30.94130516052246,0.0001240372657775879,0.9978753328323364,2019.484619140625,-2.872943878173828e-05,0.9985430836677551,162.39073181152344,0.00022417306900024414,1.0146467685699463,0.021431297063827515,-0.031432390213012695,1.0037142038345337,9.888934135437012,-0.010504364967346191,1.0084006786346436,16.846078872680664,-0.017859935760498047,96,1468,0.0007622838020324707
SLIM*MIX_ms0.01_pat5_fn-full_extended_const-small_ints_ls,dd1681e3-7f95-11f1-88f9-2c7ba0e6fa90,synthetic_prior,0,192,0.9986186623573303,0.15729022026062012,283570.0,0.9961137771606445,30.941293716430664,0.0001246333122253418,0.9978761076927185,2019.4862060546875,-3.0279159545898438e-05,0.998543918132782,162.39085388183594,0.0002225041389465332,1.0146442651748657,0.021431244909763336,-0.03142738342285156,1.0037331581115723,9.889121055603027,-0.01054239273071289,1.0084165334701538,16.846349716186523,-0.01789224147796631,95,1465,0.0007622838020324707
SLIM*MIX_ms0.01_pat5_fn-full_extended_const-small_ints_ls,dd1681e3-7f95-11f1-88f9-2c7ba0e6fa90,synthetic_prior,0,193,0.9986178874969482,0.15750861167907715,285588.0,0.9961147308349609,30.941322326660156,0.0001227855682373047,0.9978790879249573,2019.4921875,-3.62396240234375e-05,0.9985436201095581,162.39080810546875,0.0002231001853942871,1.0146334171295166,0.02143101766705513,-0.03140532970428467,1.003692626953125,9.888721466064453,-0.010460972785949707,1.0084283351898193,16.846542358398438,-0.017915964126586914,98,1490,0.0007638335227966309
SLIM*MIX_ms0.01_pat5_fn-full_extended_const-small_ints_ls,dd1681e3-7f95-11f1-88f9-2c7ba0e6fa90,synthetic_prior,0,194,0.9986178874969482,0.18955564498901367,288007.0,0.9961147308349609,30.941322326660156,0.0001227855682373047,0.9978790879249573,2019.4921875,-3.62396240234375e-05,0.9985436201095581,162.39080810546875,0.0002231001853942871,1.0146334171295166,0.02143101766705513,-0.03140532970428467,1.003692626953125,9.888721466064453,-0.010460972785949707,1.0084283351898193,16.846542358398438,-0.017915964126586914,98,1490,0.0007638335227966309
SLIM*MIX_ms0.01_pat5_fn-full_extended_const-small_ints_ls,dd1681e3-7f95-11f1-88f9-2c7ba0e6fa90,synthetic_prior,0,195,0.998616635799408,0.1739640235900879,289628.0,0.9961104989051819,30.941192626953125,0.00013136863708496094,0.9978775382041931,2019.4891357421875,-3.3020973205566406e-05,0.9985395669937134,162.39016723632812,0.00023114681243896484,1.0145550966262817,0.021429361775517464,-0.031246185302734375,1.0036524534225464,9.888324737548828,-0.010379910469055176,1.0084891319274902,16.847558975219727,-0.018038630485534668,97,1491,0.0007663369178771973
SLIM*MIX_ms0.01_pat5_fn-full_extended_const-small_ints_ls,dd1681e3-7f95-11f1-88f9-2c7ba0e6fa90,synthetic_prior,0,196,0.998616635799408,1.3459506034851074,291914.0,0.9961104989051819,30.941192626953125,0.00013136863708496094,0.9978775382041931,2019.4891357421875,-3.3020973205566406e-05,0.9985395669937134,162.39016723632812,0.00023114681243896484,1.0145550966262817,0.021429361775517464,-0.031246185302734375,1.0036524534225464,9.888324737548828,-0.010379910469055176,1.0084891319274902,16.847558975219727,-0.018038630485534668,97,1491,0.0007663369178771973
SLIM*MIX_ms0.01_pat5_fn-full_extended_const-small_ints_ls,dd1681e3-7f95-11f1-88f9-2c7ba0e6fa90,synthetic_prior,0,197,0.9986163377761841,0.17674708366394043,295366.0,0.9961099624633789,30.94117546081543,0.00013238191604614258,0.9978758692741394,2019.4857177734375,-2.9802322387695312e-05,0.9985397458076477,162.3901824951172,0.0002307891845703125,1.0146278142929077,0.02143089659512043,-0.03139388561248779,1.0036567449569702,9.888367652893066,-0.010388731956481934,1.0084121227264404,16.84627342224121,-0.01788330078125,99,1516,0.0007669329643249512
SLIM*MIX_ms0.01_pat5_fn-full_extended_const-small_ints_ls,dd1681e3-7f95-11f1-88f9-2c7ba0e6fa90,synthetic_prior,0,198,0.9986163377761841,0.141371488571167,297884.0,0.9961099624633789,30.94117546081543,0.00013238191604614258,0.9978758692741394,2019.4857177734375,-2.9802322387695312e-05,0.9985397458076477,162.3901824951172,0.0002307891845703125,1.0146278142929077,0.02143089659512043,-0.03139388561248779,1.0036567449569702,9.888367652893066,-0.010388731956481934,1.0084121227264404,16.84627342224121,-0.01788330078125,99,1516,0.0007669329643249512
SLIM*MIX_ms0.01_pat5_fn-full_extended_const-small_ints_ls,dd1681e3-7f95-11f1-88f9-2c7ba0e6fa90,synthetic_prior,0,199,0.9986152648925781,0.14894652366638184,299993.0,0.9961104393005371,30.941190719604492,0.00013148784637451172,0.9978825449943542,2019.499267578125,-4.315376281738281e-05,0.9985397458076477,162.3901824951172,0.0002307891845703125,1.0146476030349731,0.021431315690279007,-0.03143429756164551,1.0037060976028442,9.88885498046875,-0.010488033294677734,1.0084929466247559,16.847623825073242,-0.01804649829864502,101,1534,0.0007690787315368652
SLIM*MIX_ms0.01_pat5_fn-full_extended_const-small_ints_ls,dd1681e3-7f95-11f1-88f9-2c7ba0e6fa90,synthetic_prior,0,200,0.9986149072647095,0.14171814918518066,301730.0,0.9961096048355103,30.941164016723633,0.00013309717178344727,0.9978765249252319,2019.487060546875,-3.1113624572753906e-05,0.9985436201095581,162.39080810546875,0.0002231001853942871,1.0147664546966553,0.02143382839858532,-0.03167593479156494,1.003656268119812,9.888362884521484,-0.010387659072875977,1.0085608959197998,16.848758697509766,-0.018183588981628418,102,1564,0.0007697939872741699
